"../../../Engine/Plugins/Animation/ACLPlugin/Content/ACLAnimCurveCompressionSettings.uasset" 0
"../../../Engine/Plugins/Animation/ACLPlugin/Content/ACLAnimCurveCompressionSettings.uexp" 1
"../../../Engine/Plugins/Animation/ACLPlugin/Content/ACLAnimBoneCompressionSettings.uasset" 2
"../../../Engine/Plugins/Animation/ACLPlugin/Content/ACLAnimBoneCompressionSettings.uexp" 3
"../../../Engine/Plugins/2D/Paper2D/Content/PlaceholderTextures/DummySpriteTexture.ubulk" 4
"../../../Engine/Plugins/2D/Paper2D/Content/PlaceholderTextures/DummySpriteTexture.uasset" 5
"../../../Engine/Plugins/2D/Paper2D/Content/PlaceholderTextures/DummySpriteTexture.uexp" 6
"../../../Engine/Plugins/2D/Paper2D/Content/DummySprite.uasset" 7
"../../../Engine/Plugins/2D/Paper2D/Content/DummySprite.uexp" 8
"../../../Engine/Plugins/2D/Paper2D/Content/DefaultPaperTerrainMaterial.uasset" 9
"../../../Engine/Plugins/2D/Paper2D/Content/DefaultPaperTerrainMaterial.uexp" 10
"../../../Engine/Content/EngineMaterials/DefaultDestructiblePhysicalMaterial.uasset" 11
"../../../Engine/Content/EngineMaterials/DefaultDestructiblePhysicalMaterial.uexp" 12
"../../../Engine/Plugins/Interchange/Runtime/Content/Pipelines/DefaultTexturePipeline.uasset" 13
"../../../Engine/Plugins/Interchange/Runtime/Content/Pipelines/DefaultTexturePipeline.uexp" 14
"../../../Engine/Plugins/Interchange/Runtime/Content/Pipelines/DefaultSceneLevelPipeline.uasset" 15
"../../../Engine/Plugins/Interchange/Runtime/Content/Pipelines/DefaultSceneLevelPipeline.uexp" 16
"../../../Engine/Plugins/Interchange/Runtime/Content/Pipelines/DefaultSceneAssetsPipeline.uasset" 17
"../../../Engine/Plugins/Interchange/Runtime/Content/Pipelines/DefaultSceneAssetsPipeline.uexp" 18
"../../../Engine/Plugins/Interchange/Runtime/Content/Pipelines/DefaultMaterialXPipeline.uasset" 19
"../../../Engine/Plugins/Interchange/Runtime/Content/Pipelines/DefaultMaterialXPipeline.uexp" 20
"../../../Engine/Plugins/Interchange/Runtime/Content/Pipelines/DefaultMaterialPipeline.uasset" 21
"../../../Engine/Plugins/Interchange/Runtime/Content/Pipelines/DefaultMaterialPipeline.uexp" 22
"../../../Engine/Plugins/Interchange/Runtime/Content/Pipelines/DefaultGLTFSceneAssetsPipeline.uasset" 23
"../../../Engine/Plugins/Interchange/Runtime/Content/Pipelines/DefaultGLTFSceneAssetsPipeline.uexp" 24
"../../../Engine/Plugins/Interchange/Runtime/Content/Pipelines/DefaultGLTFPipeline.uasset" 25
"../../../Engine/Plugins/Interchange/Runtime/Content/Pipelines/DefaultGLTFPipeline.uexp" 26
"../../../Engine/Plugins/Interchange/Runtime/Content/Pipelines/DefaultGLTFAssetsPipeline.uasset" 27
"../../../Engine/Plugins/Interchange/Runtime/Content/Pipelines/DefaultGLTFAssetsPipeline.uexp" 28
"../../../Engine/Plugins/Interchange/Runtime/Content/Pipelines/DefaultAssetsPipeline.uasset" 29
"../../../Engine/Plugins/Interchange/Runtime/Content/Pipelines/DefaultAssetsPipeline.uexp" 30
"../../../Engine/Plugins/Animation/ControlRig/Content/Controls/DefaultGizmoLibraryNormalized.uasset" 31
"../../../Engine/Plugins/Animation/ControlRig/Content/Controls/DefaultGizmoLibraryNormalized.uexp" 32
"../../../Engine/Content/MobileResources/HUD/VirtualJoystick_Background.uasset" 33
"../../../Engine/Content/MobileResources/HUD/VirtualJoystick_Background.uexp" 34
"../../../Engine/Content/MobileResources/HUD/VirtualJoystick_Thumb.uasset" 35
"../../../Engine/Content/MobileResources/HUD/VirtualJoystick_Thumb.uexp" 36
"../../../Engine/Content/MobileResources/HUD/DefaultVirtualJoysticks.uasset" 37
"../../../Engine/Content/MobileResources/HUD/DefaultVirtualJoysticks.uexp" 38
"../../../Engine/Content/EditorResources/S_Actor.ubulk" 39
"../../../Engine/Content/EditorResources/S_Actor.uasset" 40
"../../../Engine/Content/EditorResources/S_Actor.uexp" 41
"../../../Engine/Content/EditorLandscapeResources/DefaultAlphaTexture.uasset" 42
"../../../Engine/Content/EditorLandscapeResources/DefaultAlphaTexture.uexp" 43
"../../../Engine/Content/EngineMaterials/PreintegratedSkinBRDF.uasset" 44
"../../../Engine/Content/EngineMaterials/PreintegratedSkinBRDF.uexp" 45
"../../../Engine/Content/EngineMaterials/MiniFont.uasset" 46
"../../../Engine/Content/EngineMaterials/MiniFont.uexp" 47
"../../../Engine/Content/EngineMaterials/FastBlueNoise_vec2_128x128x64.uasset" 48
"../../../Engine/Content/EngineMaterials/FastBlueNoise_vec2_128x128x64.uexp" 49
"../../../Engine/Content/EngineMaterials/FastBlueNoise_scalar_128x128x64.uasset" 50
"../../../Engine/Content/EngineMaterials/FastBlueNoise_scalar_128x128x64.uexp" 51
"../../../Engine/Content/EngineMaterials/DefaultBokeh.uasset" 52
"../../../Engine/Content/EngineMaterials/DefaultBokeh.uexp" 53
"../../../Engine/Content/EngineMaterials/DefaultBloomKernel.uasset" 54
"../../../Engine/Content/EngineMaterials/DefaultBloomKernel.uexp" 55
"../../../Engine/Content/EngineDamageTypes/DmgTypeBP_Environmental.uasset" 56
"../../../Engine/Content/EngineDamageTypes/DmgTypeBP_Environmental.uexp" 57
"../../../Engine/Content/EditorResources/S_TriggerSphere.uasset" 58
"../../../Engine/Content/EditorResources/S_TriggerSphere.uexp" 59
"../../../Engine/Content/EditorResources/S_TriggerCapsule.uasset" 60
"../../../Engine/Content/EditorResources/S_TriggerCapsule.uexp" 61
"../../../Engine/Content/EditorResources/S_TriggerBox.uasset" 62
"../../../Engine/Content/EditorResources/S_TriggerBox.uexp" 63
"../../../Engine/Content/EditorResources/S_Trigger.ubulk" 64
"../../../Engine/Content/EditorResources/S_Trigger.uasset" 65
"../../../Engine/Content/EditorResources/S_Trigger.uexp" 66
"../../../Engine/Content/EditorResources/S_Terrain.ubulk" 67
"../../../Engine/Content/EditorResources/S_Terrain.uasset" 68
"../../../Engine/Content/EditorResources/S_Terrain.uexp" 69
"../../../Engine/Content/EditorResources/S_Solver.ubulk" 70
"../../../Engine/Content/EditorResources/S_Solver.uasset" 71
"../../../Engine/Content/EditorResources/S_Solver.uexp" 72
"../../../Engine/Content/EditorResources/S_BoxReflectionCapture.uasset" 73
"../../../Engine/Content/EditorResources/S_BoxReflectionCapture.uexp" 74
"../../../Engine/Content/EditorResources/EmptyActor.uasset" 75
"../../../Engine/Content/EditorResources/EmptyActor.uexp" 76
"../../../Engine/Content/EditorResources/BSPVertex.uasset" 77
"../../../Engine/Content/EditorResources/BSPVertex.uexp" 78
"../../../Engine/Plugins/Runtime/AudioWidgets/Content/Resources/ScrubHandleDown_Clamped.uasset" 79
"../../../Engine/Plugins/Runtime/AudioWidgets/Content/Resources/ScrubHandleDown_Clamped.uexp" 80
"../../../Engine/Content/EngineResources/GradientTexture0.uasset" 81
"../../../Engine/Content/EngineResources/GradientTexture0.uexp" 82
"../../../Engine/Content/EngineResources/Black.uasset" 83
"../../../Engine/Content/EngineResources/Black.uexp" 84
"C:/Users/Admin/Desktop/MainProject/Mutants/Content/MainMenu/Icons/ShopItems/Goblin/LegRightUpper_Goblin.ubulk" 85
"C:/Users/Admin/Desktop/MainProject/Mutants/Content/MainMenu/Icons/ShopItems/Goblin/LegRightUpper_Goblin.uasset" 86
"C:/Users/Admin/Desktop/MainProject/Mutants/Content/MainMenu/Icons/ShopItems/Goblin/LegRightUpper_Goblin.uexp" 87
"../../../Engine/Plugins/Interchange/Assets/Content/Functions/MF_PhongToMetalRoughness.uasset" 88
"../../../Engine/Plugins/Interchange/Assets/Content/Functions/MF_PhongToMetalRoughness.uexp" 89
"C:/Users/Admin/Desktop/MainProject/Mutants/Content/Characters/Goblin/MouthGoblinTex.ubulk" 90
"C:/Users/Admin/Desktop/MainProject/Mutants/Content/Characters/Goblin/MouthGoblinTex.uasset" 91
"C:/Users/Admin/Desktop/MainProject/Mutants/Content/Characters/Goblin/MouthGoblinTex.uexp" 92
"C:/Users/Admin/Desktop/MainProject/Mutants/Content/Characters/Goblin/MouthGoblin.uasset" 93
"C:/Users/Admin/Desktop/MainProject/Mutants/Content/Characters/Goblin/MouthGoblin.uexp" 94
"C:/Users/Admin/Desktop/MainProject/Mutants/Content/Characters/Goblin/HeadGoblinTex.ubulk" 95
"C:/Users/Admin/Desktop/MainProject/Mutants/Content/Characters/Goblin/HeadGoblinTex.uasset" 96
"C:/Users/Admin/Desktop/MainProject/Mutants/Content/Characters/Goblin/HeadGoblinTex.uexp" 97
"C:/Users/Admin/Desktop/MainProject/Mutants/Content/Characters/Goblin/HeadGoblin_001.uasset" 98
"C:/Users/Admin/Desktop/MainProject/Mutants/Content/Characters/Goblin/HeadGoblin_001.uexp" 99
"C:/Users/Admin/Desktop/MainProject/Mutants/Content/Characters/Goblin/EyeGoblinTex.ubulk" 100
"C:/Users/Admin/Desktop/MainProject/Mutants/Content/Characters/Goblin/EyeGoblinTex.uasset" 101
"C:/Users/Admin/Desktop/MainProject/Mutants/Content/Characters/Goblin/EyeGoblinTex.uexp" 102
"C:/Users/Admin/Desktop/MainProject/Mutants/Content/Characters/Goblin/EyeGoblin.uasset" 103
"C:/Users/Admin/Desktop/MainProject/Mutants/Content/Characters/Goblin/EyeGoblin.uexp" 104
"C:/Users/Admin/Desktop/MainProject/Mutants/Content/Characters/Goblin/HeadGoblinM.ubulk" 105
"C:/Users/Admin/Desktop/MainProject/Mutants/Content/Characters/Goblin/HeadGoblinM.uasset" 106
"C:/Users/Admin/Desktop/MainProject/Mutants/Content/Characters/Goblin/HeadGoblinM.uexp" 107
"C:/Users/Admin/Desktop/MainProject/Mutants/Content/MainMenu/Icons/ShopItems/Goblin/HandRightUpper_Goblin.ubulk" 108
"C:/Users/Admin/Desktop/MainProject/Mutants/Content/MainMenu/Icons/ShopItems/Goblin/HandRightUpper_Goblin.uasset" 109
"C:/Users/Admin/Desktop/MainProject/Mutants/Content/MainMenu/Icons/ShopItems/Goblin/HandRightUpper_Goblin.uexp" 110
"C:/Users/Admin/Desktop/MainProject/Mutants/Content/HUD/Interaction/Interfaces/BPI_Interaction.uasset" 111
"C:/Users/Admin/Desktop/MainProject/Mutants/Content/HUD/Interaction/Interfaces/BPI_Interaction.uexp" 112
"C:/Users/Admin/Desktop/MainProject/Mutants/Content/Weapons/BP_Weapon.uasset" 113
"C:/Users/Admin/Desktop/MainProject/Mutants/Content/Weapons/BP_Weapon.uexp" 114
"C:/Users/Admin/Desktop/MainProject/Mutants/Content/Characters/Goblin/TorsoGoblinTex.ubulk" 115
"C:/Users/Admin/Desktop/MainProject/Mutants/Content/Characters/Goblin/TorsoGoblinTex.uasset" 116
"C:/Users/Admin/Desktop/MainProject/Mutants/Content/Characters/Goblin/TorsoGoblinTex.uexp" 117
"C:/Users/Admin/Desktop/MainProject/Mutants/Content/Characters/Goblin/TorsoGoblin.uasset" 118
"C:/Users/Admin/Desktop/MainProject/Mutants/Content/Characters/Goblin/TorsoGoblin.uexp" 119
"C:/Users/Admin/Desktop/MainProject/Mutants/Content/Characters/Goblin/TorsoGoblin1.ubulk" 120
"C:/Users/Admin/Desktop/MainProject/Mutants/Content/Characters/Goblin/TorsoGoblin1.uasset" 121
"C:/Users/Admin/Desktop/MainProject/Mutants/Content/Characters/Goblin/TorsoGoblin1.uexp" 122
"C:/Users/Admin/Desktop/MainProject/Mutants/Content/Characters/Goblin/HandRightUpper_GoblinTex.ubulk" 123
"C:/Users/Admin/Desktop/MainProject/Mutants/Content/Characters/Goblin/HandRightUpper_GoblinTex.uasset" 124
"C:/Users/Admin/Desktop/MainProject/Mutants/Content/Characters/Goblin/HandRightUpper_GoblinTex.uexp" 125
"C:/Users/Admin/Desktop/MainProject/Mutants/Content/Characters/Goblin/HandRU.uasset" 126
"C:/Users/Admin/Desktop/MainProject/Mutants/Content/Characters/Goblin/HandRU.uexp" 127
"C:/Users/Admin/Desktop/MainProject/Mutants/Content/Characters/Goblin/HandRightUpper_Goblin.ubulk" 128
"C:/Users/Admin/Desktop/MainProject/Mutants/Content/Characters/Goblin/HandRightUpper_Goblin.uasset" 129
"C:/Users/Admin/Desktop/MainProject/Mutants/Content/Characters/Goblin/HandRightUpper_Goblin.uexp" 130
"C:/Users/Admin/Desktop/MainProject/Mutants/Content/MainMenu/Icons/ShopItems/Goblin/HeadGoblin.ubulk" 131
"C:/Users/Admin/Desktop/MainProject/Mutants/Content/MainMenu/Icons/ShopItems/Goblin/HeadGoblin.uasset" 132
"C:/Users/Admin/Desktop/MainProject/Mutants/Content/MainMenu/Icons/ShopItems/Goblin/HeadGoblin.uexp" 133
"C:/Users/Admin/Desktop/MainProject/Mutants/Content/MainMenu/Icons/ShopItems/Goblin/LegRightLower_Goblin.ubulk" 134
"C:/Users/Admin/Desktop/MainProject/Mutants/Content/MainMenu/Icons/ShopItems/Goblin/LegRightLower_Goblin.uasset" 135
"C:/Users/Admin/Desktop/MainProject/Mutants/Content/MainMenu/Icons/ShopItems/Goblin/LegRightLower_Goblin.uexp" 136
"C:/Users/Admin/Desktop/MainProject/Mutants/Content/Characters/Mannequins/Meshes/SK_Mannequin.uasset" 137
"C:/Users/Admin/Desktop/MainProject/Mutants/Content/Characters/Mannequins/Meshes/SK_Mannequin.uexp" 138
"C:/Users/Admin/Desktop/MainProject/Mutants/Content/Characters/Mannequins/Rigs/Poses/Manny/Manny_foot_l_pose.uasset" 139
"C:/Users/Admin/Desktop/MainProject/Mutants/Content/Characters/Mannequins/Rigs/Poses/Manny/Manny_foot_l_pose.uexp" 140
"C:/Users/Admin/Desktop/MainProject/Mutants/Content/Characters/Mannequins/Rigs/Poses/Manny/Manny_thigh_r_pose.uasset" 141
"C:/Users/Admin/Desktop/MainProject/Mutants/Content/Characters/Mannequins/Rigs/Poses/Manny/Manny_thigh_r_pose.uexp" 142
"C:/Users/Admin/Desktop/MainProject/Mutants/Content/Characters/Mannequins/Rigs/Poses/Manny/Manny_hand_r_pose.uasset" 143
"C:/Users/Admin/Desktop/MainProject/Mutants/Content/Characters/Mannequins/Rigs/Poses/Manny/Manny_hand_r_pose.uexp" 144
"C:/Users/Admin/Desktop/MainProject/Mutants/Content/Characters/Mannequins/Rigs/Poses/Manny/Manny_clavicle_l_pose.uasset" 145
"C:/Users/Admin/Desktop/MainProject/Mutants/Content/Characters/Mannequins/Rigs/Poses/Manny/Manny_clavicle_l_pose.uexp" 146
"C:/Users/Admin/Desktop/MainProject/Mutants/Content/Characters/Mannequins/Rigs/Poses/Manny/Manny_calf_l_pose.uasset" 147
"C:/Users/Admin/Desktop/MainProject/Mutants/Content/Characters/Mannequins/Rigs/Poses/Manny/Manny_calf_l_pose.uexp" 148
"C:/Users/Admin/Desktop/MainProject/Mutants/Content/Characters/Mannequins/Rigs/Poses/Manny/Manny_hand_l_pose.uasset" 149
"C:/Users/Admin/Desktop/MainProject/Mutants/Content/Characters/Mannequins/Rigs/Poses/Manny/Manny_hand_l_pose.uexp" 150
"../../../Engine/Plugins/Animation/ControlRig/Content/Controls/DefaultGizmoLibrary.uasset" 151
"../../../Engine/Plugins/Animation/ControlRig/Content/Controls/DefaultGizmoLibrary.uexp" 152
"C:/Users/Admin/Desktop/MainProject/Mutants/Content/Characters/Mannequins/Rigs/CR_Mannequin_Procedural.uasset" 153
"C:/Users/Admin/Desktop/MainProject/Mutants/Content/Characters/Mannequins/Rigs/CR_Mannequin_Procedural.uexp" 154
"C:/Users/Admin/Desktop/MainProject/Mutants/Content/Characters/Mannequins/Rigs/Poses/Manny/Manny_upperarm_r_pose.uasset" 155
"C:/Users/Admin/Desktop/MainProject/Mutants/Content/Characters/Mannequins/Rigs/Poses/Manny/Manny_upperarm_r_pose.uexp" 156
"C:/Users/Admin/Desktop/MainProject/Mutants/Content/Characters/Mannequins/Rigs/Poses/Manny/Manny_lowerarm_r_pose.uasset" 157
"C:/Users/Admin/Desktop/MainProject/Mutants/Content/Characters/Mannequins/Rigs/Poses/Manny/Manny_lowerarm_r_pose.uexp" 158
"C:/Users/Admin/Desktop/MainProject/Mutants/Content/Characters/Mannequins/Rigs/Poses/Manny/Manny_calf_r_pose.uasset" 159
"C:/Users/Admin/Desktop/MainProject/Mutants/Content/Characters/Mannequins/Rigs/Poses/Manny/Manny_calf_r_pose.uexp" 160
"C:/Users/Admin/Desktop/MainProject/Mutants/Content/Characters/Mannequins/Rigs/Poses/Manny/Manny_foot_r_pose.uasset" 161
"C:/Users/Admin/Desktop/MainProject/Mutants/Content/Characters/Mannequins/Rigs/Poses/Manny/Manny_foot_r_pose.uexp" 162
"C:/Users/Admin/Desktop/MainProject/Mutants/Content/Characters/Mannequins/Rigs/Poses/Manny/Manny_lowerarm_l_pose.uasset" 163
"C:/Users/Admin/Desktop/MainProject/Mutants/Content/Characters/Mannequins/Rigs/Poses/Manny/Manny_lowerarm_l_pose.uexp" 164
"C:/Users/Admin/Desktop/MainProject/Mutants/Content/Characters/Mannequins/Rigs/Poses/Manny/Manny_clavicle_r_pose.uasset" 165
"C:/Users/Admin/Desktop/MainProject/Mutants/Content/Characters/Mannequins/Rigs/Poses/Manny/Manny_clavicle_r_pose.uexp" 166
"C:/Users/Admin/Desktop/MainProject/Mutants/Content/Characters/Mannequins/Rigs/Poses/Manny/Manny_thigh_l_pose.uasset" 167
"C:/Users/Admin/Desktop/MainProject/Mutants/Content/Characters/Mannequins/Rigs/Poses/Manny/Manny_thigh_l_pose.uexp" 168
"C:/Users/Admin/Desktop/MainProject/Mutants/Content/Characters/Mannequins/Rigs/Poses/Manny/Manny_upperarm_l_pose.uasset" 169
"C:/Users/Admin/Desktop/MainProject/Mutants/Content/Characters/Mannequins/Rigs/Poses/Manny/Manny_upperarm_l_pose.uexp" 170
"C:/Users/Admin/Desktop/MainProject/Mutants/Content/Characters/Mannequins/Rigs/ABP_Manny_PostProcess.uasset" 171
"C:/Users/Admin/Desktop/MainProject/Mutants/Content/Characters/Mannequins/Rigs/ABP_Manny_PostProcess.uexp" 172
"C:/Users/Admin/Desktop/MainProject/Mutants/Content/Characters/Mannequins/Textures/Manny/T_Manny_02_MSR_MSK.ubulk" 173
"C:/Users/Admin/Desktop/MainProject/Mutants/Content/Characters/Mannequins/Textures/Manny/T_Manny_02_MSR_MSK.uasset" 174
"C:/Users/Admin/Desktop/MainProject/Mutants/Content/Characters/Mannequins/Textures/Manny/T_Manny_02_MSR_MSK.uexp" 175
"C:/Users/Admin/Desktop/MainProject/Mutants/Content/Characters/Mannequins/Textures/Manny/T_Manny_02_CCRCCPlastic_MSK.ubulk" 176
"C:/Users/Admin/Desktop/MainProject/Mutants/Content/Characters/Mannequins/Textures/Manny/T_Manny_02_CCRCCPlastic_MSK.uasset" 177
"C:/Users/Admin/Desktop/MainProject/Mutants/Content/Characters/Mannequins/Textures/Manny/T_Manny_02_CCRCCPlastic_MSK.uexp" 178
"C:/Users/Admin/Desktop/MainProject/Mutants/Content/Characters/Mannequins/Textures/Manny/T_Manny_02_Tan.ubulk" 179
"C:/Users/Admin/Desktop/MainProject/Mutants/Content/Characters/Mannequins/Textures/Manny/T_Manny_02_Tan.uasset" 180
"C:/Users/Admin/Desktop/MainProject/Mutants/Content/Characters/Mannequins/Textures/Manny/T_Manny_02_Tan.uexp" 181
"C:/Users/Admin/Desktop/MainProject/Mutants/Content/Characters/Mannequins/Textures/Manny/T_Manny_02_N.ubulk" 182
"C:/Users/Admin/Desktop/MainProject/Mutants/Content/Characters/Mannequins/Textures/Manny/T_Manny_02_N.uasset" 183
"C:/Users/Admin/Desktop/MainProject/Mutants/Content/Characters/Mannequins/Textures/Manny/T_Manny_02_N.uexp" 184
"C:/Users/Admin/Desktop/MainProject/Mutants/Content/Characters/Mannequins/Textures/Manny/T_Manny_01_N.ubulk" 185
"C:/Users/Admin/Desktop/MainProject/Mutants/Content/Characters/Mannequins/Textures/Manny/T_Manny_01_N.uasset" 186
"C:/Users/Admin/Desktop/MainProject/Mutants/Content/Characters/Mannequins/Textures/Manny/T_Manny_01_N.uexp" 187
"C:/Users/Admin/Desktop/MainProject/Mutants/Content/Characters/Mannequins/Materials/Functions/ChromaticCurve.uasset" 188
"C:/Users/Admin/Desktop/MainProject/Mutants/Content/Characters/Mannequins/Materials/Functions/ChromaticCurve.uexp" 189
"C:/Users/Admin/Desktop/MainProject/Mutants/Content/Characters/Mannequins/Materials/Functions/CA_Mannequin.uasset" 190
"C:/Users/Admin/Desktop/MainProject/Mutants/Content/Characters/Mannequins/Materials/Functions/CA_Mannequin.uexp" 191
"C:/Users/Admin/Desktop/MainProject/Mutants/Content/Characters/Mannequins/Materials/Functions/MF_Diffraction.uasset" 192
"C:/Users/Admin/Desktop/MainProject/Mutants/Content/Characters/Mannequins/Materials/Functions/MF_Diffraction.uexp" 193
"C:/Users/Admin/Desktop/MainProject/Mutants/Content/Characters/Mannequins/Materials/Functions/ML_BaseColorFallOff.uasset" 194
"C:/Users/Admin/Desktop/MainProject/Mutants/Content/Characters/Mannequins/Materials/Functions/ML_BaseColorFallOff.uexp" 195
"../../../Engine/Content/Functions/Engine_MaterialFunctions02/Utility/BreakOutFloat2Components.uasset" 196
"../../../Engine/Content/Functions/Engine_MaterialFunctions02/Utility/BreakOutFloat2Components.uexp" 197
"../../../Engine/Content/Functions/Engine_MaterialFunctions01/Texturing/ScaleUVsByCenter.uasset" 198
"../../../Engine/Content/Functions/Engine_MaterialFunctions01/Texturing/ScaleUVsByCenter.uexp" 199
"C:/Users/Admin/Desktop/MainProject/Mutants/Content/Characters/Mannequins/Textures/Shared/T_UE_Logo_M.uasset" 200
"C:/Users/Admin/Desktop/MainProject/Mutants/Content/Characters/Mannequins/Textures/Shared/T_UE_Logo_M.uexp" 201
"C:/Users/Admin/Desktop/MainProject/Mutants/Content/Characters/Mannequins/Materials/Functions/MF_logo3layers.uasset" 202
"C:/Users/Admin/Desktop/MainProject/Mutants/Content/Characters/Mannequins/Materials/Functions/MF_logo3layers.uexp" 203
"C:/Users/Admin/Desktop/MainProject/Mutants/Content/Characters/Mannequins/Textures/Manny/T_Manny_01_CCRCCPlastic_MSK.ubulk" 204
"C:/Users/Admin/Desktop/MainProject/Mutants/Content/Characters/Mannequins/Textures/Manny/T_Manny_01_CCRCCPlastic_MSK.uasset" 205
"C:/Users/Admin/Desktop/MainProject/Mutants/Content/Characters/Mannequins/Textures/Manny/T_Manny_01_CCRCCPlastic_MSK.uexp" 206
"C:/Users/Admin/Desktop/MainProject/Mutants/Content/Characters/Mannequins/Textures/Manny/T_Manny_01_ASAOPMASK_MSK.ubulk" 207
"C:/Users/Admin/Desktop/MainProject/Mutants/Content/Characters/Mannequins/Textures/Manny/T_Manny_01_ASAOPMASK_MSK.uasset" 208
"C:/Users/Admin/Desktop/MainProject/Mutants/Content/Characters/Mannequins/Textures/Manny/T_Manny_01_ASAOPMASK_MSK.uexp" 209
"C:/Users/Admin/Desktop/MainProject/Mutants/Content/Characters/Mannequins/Textures/Manny/T_Manny_01_MSR_MSK.ubulk" 210
"C:/Users/Admin/Desktop/MainProject/Mutants/Content/Characters/Mannequins/Textures/Manny/T_Manny_01_MSR_MSK.uasset" 211
"C:/Users/Admin/Desktop/MainProject/Mutants/Content/Characters/Mannequins/Textures/Manny/T_Manny_01_MSR_MSK.uexp" 212
"C:/Users/Admin/Desktop/MainProject/Mutants/Content/Characters/Mannequins/Textures/Manny/T_Manny_01_BN.ubulk" 213
"C:/Users/Admin/Desktop/MainProject/Mutants/Content/Characters/Mannequins/Textures/Manny/T_Manny_01_BN.uasset" 214
"C:/Users/Admin/Desktop/MainProject/Mutants/Content/Characters/Mannequins/Textures/Manny/T_Manny_01_BN.uexp" 215
"C:/Users/Admin/Desktop/MainProject/Mutants/Content/Characters/Mannequins/Textures/Manny/T_Manny_01_D.ubulk" 216
"C:/Users/Admin/Desktop/MainProject/Mutants/Content/Characters/Mannequins/Textures/Manny/T_Manny_01_D.uasset" 217
"C:/Users/Admin/Desktop/MainProject/Mutants/Content/Characters/Mannequins/Textures/Manny/T_Manny_01_D.uexp" 218
"C:/Users/Admin/Desktop/MainProject/Mutants/Content/Characters/Mannequins/Textures/Manny/T_Manny_01_Tan.ubulk" 219
"C:/Users/Admin/Desktop/MainProject/Mutants/Content/Characters/Mannequins/Textures/Manny/T_Manny_01_Tan.uasset" 220
"C:/Users/Admin/Desktop/MainProject/Mutants/Content/Characters/Mannequins/Textures/Manny/T_Manny_01_Tan.uexp" 221
"C:/Users/Admin/Desktop/MainProject/Mutants/Content/Characters/Mannequins/Materials/M_Mannequin.uasset" 222
"C:/Users/Admin/Desktop/MainProject/Mutants/Content/Characters/Mannequins/Materials/M_Mannequin.uexp" 223
"C:/Users/Admin/Desktop/MainProject/Mutants/Content/Characters/Mannequins/Materials/Instances/Manny/MI_Manny_01.uasset" 224
"C:/Users/Admin/Desktop/MainProject/Mutants/Content/Characters/Mannequins/Materials/Instances/Manny/MI_Manny_01.uexp" 225
"C:/Users/Admin/Desktop/MainProject/Mutants/Content/Characters/Mannequins/Textures/Manny/T_Manny_02_BN.ubulk" 226
"C:/Users/Admin/Desktop/MainProject/Mutants/Content/Characters/Mannequins/Textures/Manny/T_Manny_02_BN.uasset" 227
"C:/Users/Admin/Desktop/MainProject/Mutants/Content/Characters/Mannequins/Textures/Manny/T_Manny_02_BN.uexp" 228
"C:/Users/Admin/Desktop/MainProject/Mutants/Content/Characters/Mannequins/Textures/Manny/T_Manny_02_ASAOPMASK_MSK.ubulk" 229
"C:/Users/Admin/Desktop/MainProject/Mutants/Content/Characters/Mannequins/Textures/Manny/T_Manny_02_ASAOPMASK_MSK.uasset" 230
"C:/Users/Admin/Desktop/MainProject/Mutants/Content/Characters/Mannequins/Textures/Manny/T_Manny_02_ASAOPMASK_MSK.uexp" 231
"C:/Users/Admin/Desktop/MainProject/Mutants/Content/Characters/Mannequins/Textures/Manny/T_Manny_02_D.ubulk" 232
"C:/Users/Admin/Desktop/MainProject/Mutants/Content/Characters/Mannequins/Textures/Manny/T_Manny_02_D.uasset" 233
"C:/Users/Admin/Desktop/MainProject/Mutants/Content/Characters/Mannequins/Textures/Manny/T_Manny_02_D.uexp" 234
"C:/Users/Admin/Desktop/MainProject/Mutants/Content/Characters/Mannequins/Materials/Instances/Manny/MI_Manny_02.uasset" 235
"C:/Users/Admin/Desktop/MainProject/Mutants/Content/Characters/Mannequins/Materials/Instances/Manny/MI_Manny_02.uexp" 236
"C:/Users/Admin/Desktop/MainProject/Mutants/Content/Characters/Mannequins/Rigs/PA_Mannequin.uasset" 237
"C:/Users/Admin/Desktop/MainProject/Mutants/Content/Characters/Mannequins/Rigs/PA_Mannequin.uexp" 238
"C:/Users/Admin/Desktop/MainProject/Mutants/Content/Characters/Mannequins/Meshes/SKM_Manny.uasset" 239
"C:/Users/Admin/Desktop/MainProject/Mutants/Content/Characters/Mannequins/Meshes/SKM_Manny.uexp" 240
"C:/Users/Admin/Desktop/MainProject/Mutants/Content/ThirdPerson/Input/Actions/IA_Jump.uasset" 241
"C:/Users/Admin/Desktop/MainProject/Mutants/Content/ThirdPerson/Input/Actions/IA_Jump.uexp" 242
"../../../Engine/Content/Animation/DefaultAnimCurveCompressionSettings.uasset" 243
"../../../Engine/Content/Animation/DefaultAnimCurveCompressionSettings.uexp" 244
"../../../Engine/Content/Animation/DefaultVariableFrameStrippingSettings.uasset" 245
"../../../Engine/Content/Animation/DefaultVariableFrameStrippingSettings.uexp" 246
"../../../Engine/Content/Animation/DefaultAnimBoneCompressionSettings.uasset" 247
"../../../Engine/Content/Animation/DefaultAnimBoneCompressionSettings.uexp" 248
"C:/Users/Admin/Desktop/MainProject/Mutants/Content/Characters/Mannequins/Animations/Manny/MM_Fall_Loop.uasset" 249
"C:/Users/Admin/Desktop/MainProject/Mutants/Content/Characters/Mannequins/Animations/Manny/MM_Fall_Loop.uexp" 250
"C:/Users/Admin/Desktop/MainProject/Mutants/Content/Characters/Mannequins/Animations/Manny/MM_Jump.uasset" 251
"C:/Users/Admin/Desktop/MainProject/Mutants/Content/Characters/Mannequins/Animations/Manny/MM_Jump.uexp" 252
"C:/Users/Admin/Desktop/MainProject/Mutants/Content/Characters/Mannequins/Rigs/CR_Mannequin_BasicFootIK.uasset" 253
"C:/Users/Admin/Desktop/MainProject/Mutants/Content/Characters/Mannequins/Rigs/CR_Mannequin_BasicFootIK.uexp" 254
"C:/Users/Admin/Desktop/MainProject/Mutants/Content/Characters/Mannequins/Animations/Manny/MM_Run_Fwd.uasset" 255
"C:/Users/Admin/Desktop/MainProject/Mutants/Content/Characters/Mannequins/Animations/Manny/MM_Run_Fwd.uexp" 256
"C:/Users/Admin/Desktop/MainProject/Mutants/Content/Characters/Mannequins/Animations/Manny/MM_Walk_Fwd.uasset" 257
"C:/Users/Admin/Desktop/MainProject/Mutants/Content/Characters/Mannequins/Animations/Manny/MM_Walk_Fwd.uexp" 258
"../../../Engine/Content/Animation/DefaultRecorderBoneCompression.uasset" 259
"../../../Engine/Content/Animation/DefaultRecorderBoneCompression.uexp" 260
"C:/Users/Admin/Desktop/MainProject/Mutants/Content/Characters/Mannequins/Animations/Manny/MM_Walk_InPlace.uasset" 261
"C:/Users/Admin/Desktop/MainProject/Mutants/Content/Characters/Mannequins/Animations/Manny/MM_Walk_InPlace.uexp" 262
"C:/Users/Admin/Desktop/MainProject/Mutants/Content/Characters/Mannequins/Animations/Manny/BS_MM_WalkRun.uasset" 263
"C:/Users/Admin/Desktop/MainProject/Mutants/Content/Characters/Mannequins/Animations/Manny/BS_MM_WalkRun.uexp" 264
"C:/Users/Admin/Desktop/MainProject/Mutants/Content/Characters/Mannequins/Animations/Manny/MM_Land.uasset" 265
"C:/Users/Admin/Desktop/MainProject/Mutants/Content/Characters/Mannequins/Animations/Manny/MM_Land.uexp" 266
"C:/Users/Admin/Desktop/MainProject/Mutants/Content/Characters/Mannequins/Animations/Manny/MM_Idle.uasset" 267
"C:/Users/Admin/Desktop/MainProject/Mutants/Content/Characters/Mannequins/Animations/Manny/MM_Idle.uexp" 268
"C:/Users/Admin/Desktop/MainProject/Mutants/Content/Characters/Mannequins/Animations/ABP_Manny.uasset" 269
"C:/Users/Admin/Desktop/MainProject/Mutants/Content/Characters/Mannequins/Animations/ABP_Manny.uexp" 270
"C:/Users/Admin/Desktop/MainProject/Mutants/Content/ThirdPerson/Input/Actions/IA_Look.uasset" 271
"C:/Users/Admin/Desktop/MainProject/Mutants/Content/ThirdPerson/Input/Actions/IA_Look.uexp" 272
"C:/Users/Admin/Desktop/MainProject/Mutants/Content/ThirdPerson/Input/Actions/IA_Move.uasset" 273
"C:/Users/Admin/Desktop/MainProject/Mutants/Content/ThirdPerson/Input/Actions/IA_Move.uexp" 274
"C:/Users/Admin/Desktop/MainProject/Mutants/Content/ThirdPerson/Input/IMC_Default.uasset" 275
"C:/Users/Admin/Desktop/MainProject/Mutants/Content/ThirdPerson/Input/IMC_Default.uexp" 276
"C:/Users/Admin/Desktop/MainProject/Mutants/Content/ThirdPerson/Blueprints/BP_ThirdPersonCharacter.uasset" 277
"C:/Users/Admin/Desktop/MainProject/Mutants/Content/ThirdPerson/Blueprints/BP_ThirdPersonCharacter.uexp" 278
"C:/Users/Admin/Desktop/MainProject/Mutants/Content/MainMenu/Icons/ShopItems/Goblin/HandRightLower_Goblin.ubulk" 279
"C:/Users/Admin/Desktop/MainProject/Mutants/Content/MainMenu/Icons/ShopItems/Goblin/HandRightLower_Goblin.uasset" 280
"C:/Users/Admin/Desktop/MainProject/Mutants/Content/MainMenu/Icons/ShopItems/Goblin/HandRightLower_Goblin.uexp" 281
"C:/Users/Admin/Desktop/MainProject/Mutants/Content/Characters/Goblin/LegLeftUpper_GoblinTex.ubulk" 282
"C:/Users/Admin/Desktop/MainProject/Mutants/Content/Characters/Goblin/LegLeftUpper_GoblinTex.uasset" 283
"C:/Users/Admin/Desktop/MainProject/Mutants/Content/Characters/Goblin/LegLeftUpper_GoblinTex.uexp" 284
"C:/Users/Admin/Desktop/MainProject/Mutants/Content/Characters/Goblin/LegLU.uasset" 285
"C:/Users/Admin/Desktop/MainProject/Mutants/Content/Characters/Goblin/LegLU.uexp" 286
"C:/Users/Admin/Desktop/MainProject/Mutants/Content/Characters/Goblin/LegLeftUpper_Goblin.ubulk" 287
"C:/Users/Admin/Desktop/MainProject/Mutants/Content/Characters/Goblin/LegLeftUpper_Goblin.uasset" 288
"C:/Users/Admin/Desktop/MainProject/Mutants/Content/Characters/Goblin/LegLeftUpper_Goblin.uexp" 289
"C:/Users/Admin/Desktop/MainProject/Mutants/Content/MainMenu/Icons/ShopItems/Goblin/LegLeftLower_Goblin.ubulk" 290
"C:/Users/Admin/Desktop/MainProject/Mutants/Content/MainMenu/Icons/ShopItems/Goblin/LegLeftLower_Goblin.uasset" 291
"C:/Users/Admin/Desktop/MainProject/Mutants/Content/MainMenu/Icons/ShopItems/Goblin/LegLeftLower_Goblin.uexp" 292
"C:/Users/Admin/Desktop/MainProject/Mutants/Content/Lobby/Widgets/BP_NotEnoughPlayers.uasset" 293
"C:/Users/Admin/Desktop/MainProject/Mutants/Content/Lobby/Widgets/BP_NotEnoughPlayers.uexp" 294
"C:/Users/Admin/Desktop/MainProject/Mutants/Content/MainMenu/Icons/ShopItems/Loh/HandRightLower_Loh.ubulk" 295
"C:/Users/Admin/Desktop/MainProject/Mutants/Content/MainMenu/Icons/ShopItems/Loh/HandRightLower_Loh.uasset" 296
"C:/Users/Admin/Desktop/MainProject/Mutants/Content/MainMenu/Icons/ShopItems/Loh/HandRightLower_Loh.uexp" 297
"C:/Users/Admin/Desktop/MainProject/Mutants/Content/Characters/CableMan/Legs/30ab0998-3494-4784-a612-53e600aab983.ubulk" 298
"C:/Users/Admin/Desktop/MainProject/Mutants/Content/Characters/CableMan/Legs/30ab0998-3494-4784-a612-53e600aab983.uasset" 299
"C:/Users/Admin/Desktop/MainProject/Mutants/Content/Characters/CableMan/Legs/30ab0998-3494-4784-a612-53e600aab983.uexp" 300
"C:/Users/Admin/Desktop/MainProject/Mutants/Content/Characters/CableMan/Legs/Material_029.uasset" 301
"C:/Users/Admin/Desktop/MainProject/Mutants/Content/Characters/CableMan/Legs/Material_029.uexp" 302
"C:/Users/Admin/Desktop/MainProject/Mutants/Content/Characters/CableMan/Legs/LegRightLower_CableM.ubulk" 303
"C:/Users/Admin/Desktop/MainProject/Mutants/Content/Characters/CableMan/Legs/LegRightLower_CableM.uasset" 304
"C:/Users/Admin/Desktop/MainProject/Mutants/Content/Characters/CableMan/Legs/LegRightLower_CableM.uexp" 305
"C:/Users/Admin/Desktop/MainProject/Mutants/Content/Characters/Loh/FBX/LegLeftLowerLohTex.ubulk" 306
"C:/Users/Admin/Desktop/MainProject/Mutants/Content/Characters/Loh/FBX/LegLeftLowerLohTex.uasset" 307
"C:/Users/Admin/Desktop/MainProject/Mutants/Content/Characters/Loh/FBX/LegLeftLowerLohTex.uexp" 308
"C:/Users/Admin/Desktop/MainProject/Mutants/Content/Characters/Loh/FBX/LegLLLoh_001.uasset" 309
"C:/Users/Admin/Desktop/MainProject/Mutants/Content/Characters/Loh/FBX/LegLLLoh_001.uexp" 310
"C:/Users/Admin/Desktop/MainProject/Mutants/Content/Characters/Loh/FBX/LegLeftLowerLohM.ubulk" 311
"C:/Users/Admin/Desktop/MainProject/Mutants/Content/Characters/Loh/FBX/LegLeftLowerLohM.uasset" 312
"C:/Users/Admin/Desktop/MainProject/Mutants/Content/Characters/Loh/FBX/LegLeftLowerLohM.uexp" 313
"C:/Users/Admin/Desktop/MainProject/Mutants/Content/MainMenu/Icons/ShopItems/ForSaleStuff/Head/CatHead.ubulk" 314
"C:/Users/Admin/Desktop/MainProject/Mutants/Content/MainMenu/Icons/ShopItems/ForSaleStuff/Head/CatHead.uasset" 315
"C:/Users/Admin/Desktop/MainProject/Mutants/Content/MainMenu/Icons/ShopItems/ForSaleStuff/Head/CatHead.uexp" 316
"C:/Users/Admin/Desktop/MainProject/Mutants/Content/MainMenu/Icons/ShopItems/Uzbek/HandRightLower_Uzbek.ubulk" 317
"C:/Users/Admin/Desktop/MainProject/Mutants/Content/MainMenu/Icons/ShopItems/Uzbek/HandRightLower_Uzbek.uasset" 318
"C:/Users/Admin/Desktop/MainProject/Mutants/Content/MainMenu/Icons/ShopItems/Uzbek/HandRightLower_Uzbek.uexp" 319
"C:/Users/Admin/Desktop/MainProject/Mutants/Content/Characters/Spok/HandLeftLowerSpokTex.ubulk" 320
"C:/Users/Admin/Desktop/MainProject/Mutants/Content/Characters/Spok/HandLeftLowerSpokTex.uasset" 321
"C:/Users/Admin/Desktop/MainProject/Mutants/Content/Characters/Spok/HandLeftLowerSpokTex.uexp" 322
"C:/Users/Admin/Desktop/MainProject/Mutants/Content/Characters/Spok/HandLLSpok.uasset" 323
"C:/Users/Admin/Desktop/MainProject/Mutants/Content/Characters/Spok/HandLLSpok.uexp" 324
"C:/Users/Admin/Desktop/MainProject/Mutants/Content/Characters/Spok/HandLeftLowerSpokM.ubulk" 325
"C:/Users/Admin/Desktop/MainProject/Mutants/Content/Characters/Spok/HandLeftLowerSpokM.uasset" 326
"C:/Users/Admin/Desktop/MainProject/Mutants/Content/Characters/Spok/HandLeftLowerSpokM.uexp" 327
"C:/Users/Admin/Desktop/MainProject/Mutants/Content/Characters/Spok/Asphalt008.ubulk" 328
"C:/Users/Admin/Desktop/MainProject/Mutants/Content/Characters/Spok/Asphalt008.uasset" 329
"C:/Users/Admin/Desktop/MainProject/Mutants/Content/Characters/Spok/Asphalt008.uexp" 330
"C:/Users/Admin/Desktop/MainProject/Mutants/Content/Characters/Spok/Material_038.uasset" 331
"C:/Users/Admin/Desktop/MainProject/Mutants/Content/Characters/Spok/Material_038.uexp" 332
"C:/Users/Admin/Desktop/MainProject/Mutants/Content/Characters/Spok/LegLeftUpperSpokM.ubulk" 333
"C:/Users/Admin/Desktop/MainProject/Mutants/Content/Characters/Spok/LegLeftUpperSpokM.uasset" 334
"C:/Users/Admin/Desktop/MainProject/Mutants/Content/Characters/Spok/LegLeftUpperSpokM.uexp" 335
"C:/Users/Admin/Desktop/MainProject/Mutants/Content/MainMenu/Icons/ShopItems/Spok/LegRightUpper_Spok.ubulk" 336
"C:/Users/Admin/Desktop/MainProject/Mutants/Content/MainMenu/Icons/ShopItems/Spok/LegRightUpper_Spok.uasset" 337
"C:/Users/Admin/Desktop/MainProject/Mutants/Content/MainMenu/Icons/ShopItems/Spok/LegRightUpper_Spok.uexp" 338
"C:/Users/Admin/Desktop/MainProject/Mutants/Content/MainMenu/Icons/ShopItems/ForSaleStuff/Hand/HandLower_Shovel.ubulk" 339
"C:/Users/Admin/Desktop/MainProject/Mutants/Content/MainMenu/Icons/ShopItems/ForSaleStuff/Hand/HandLower_Shovel.uasset" 340
"C:/Users/Admin/Desktop/MainProject/Mutants/Content/MainMenu/Icons/ShopItems/ForSaleStuff/Hand/HandLower_Shovel.uexp" 341
"C:/Users/Admin/Desktop/MainProject/Mutants/Content/Characters/Store/Heads/RoboHeadTex.ubulk" 342
"C:/Users/Admin/Desktop/MainProject/Mutants/Content/Characters/Store/Heads/RoboHeadTex.uasset" 343
"C:/Users/Admin/Desktop/MainProject/Mutants/Content/Characters/Store/Heads/RoboHeadTex.uexp" 344
"C:/Users/Admin/Desktop/MainProject/Mutants/Content/Characters/Store/Heads/RoboHead.uasset" 345
"C:/Users/Admin/Desktop/MainProject/Mutants/Content/Characters/Store/Heads/RoboHead.uexp" 346
"C:/Users/Admin/Desktop/MainProject/Mutants/Content/Characters/Store/Heads/RoboHeadM.ubulk" 347
"C:/Users/Admin/Desktop/MainProject/Mutants/Content/Characters/Store/Heads/RoboHeadM.uasset" 348
"C:/Users/Admin/Desktop/MainProject/Mutants/Content/Characters/Store/Heads/RoboHeadM.uexp" 349
"C:/Users/Admin/Desktop/MainProject/Mutants/Content/MainMenu/Icons/ShopItems/Uzbek/HandLeftLower_Uzbek.ubulk" 350
"C:/Users/Admin/Desktop/MainProject/Mutants/Content/MainMenu/Icons/ShopItems/Uzbek/HandLeftLower_Uzbek.uasset" 351
"C:/Users/Admin/Desktop/MainProject/Mutants/Content/MainMenu/Icons/ShopItems/Uzbek/HandLeftLower_Uzbek.uexp" 352
"C:/Users/Admin/Desktop/MainProject/Mutants/Content/MainMenu/Icons/ShopItems/ForSaleStuff/Head/RoboHead.ubulk" 353
"C:/Users/Admin/Desktop/MainProject/Mutants/Content/MainMenu/Icons/ShopItems/ForSaleStuff/Head/RoboHead.uasset" 354
"C:/Users/Admin/Desktop/MainProject/Mutants/Content/MainMenu/Icons/ShopItems/ForSaleStuff/Head/RoboHead.uexp" 355
"C:/Users/Admin/Desktop/MainProject/Mutants/Content/MainMenu/Icons/ShopItems/ForSaleStuff/Leg/LegLeftUpper_Cable.uasset" 356
"C:/Users/Admin/Desktop/MainProject/Mutants/Content/MainMenu/Icons/ShopItems/ForSaleStuff/Leg/LegLeftUpper_Cable.uexp" 357
"C:/Users/Admin/Desktop/MainProject/Mutants/Content/MainMenu/Icons/ShopItems/Uzbek/LegRightLower_Uzbek.uasset" 358
"C:/Users/Admin/Desktop/MainProject/Mutants/Content/MainMenu/Icons/ShopItems/Uzbek/LegRightLower_Uzbek.uexp" 359
"C:/Users/Admin/Desktop/MainProject/Mutants/Content/MainMenu/Icons/ShopItems/Uzbek/HandRightUpper_Uzbek.ubulk" 360
"C:/Users/Admin/Desktop/MainProject/Mutants/Content/MainMenu/Icons/ShopItems/Uzbek/HandRightUpper_Uzbek.uasset" 361
"C:/Users/Admin/Desktop/MainProject/Mutants/Content/MainMenu/Icons/ShopItems/Uzbek/HandRightUpper_Uzbek.uexp" 362
"C:/Users/Admin/Desktop/MainProject/Mutants/Content/Characters/CableMan/TorsoUpdate/c7e704ac-f7e1-4cef-8915-f6d86afdc3f4.ubulk" 363
"C:/Users/Admin/Desktop/MainProject/Mutants/Content/Characters/CableMan/TorsoUpdate/c7e704ac-f7e1-4cef-8915-f6d86afdc3f4.uasset" 364
"C:/Users/Admin/Desktop/MainProject/Mutants/Content/Characters/CableMan/TorsoUpdate/c7e704ac-f7e1-4cef-8915-f6d86afdc3f4.uexp" 365
"C:/Users/Admin/Desktop/MainProject/Mutants/Content/Characters/CableMan/TorsoUpdate/Torso_Cable8.uasset" 366
"C:/Users/Admin/Desktop/MainProject/Mutants/Content/Characters/CableMan/TorsoUpdate/Torso_Cable8.uexp" 367
"C:/Users/Admin/Desktop/MainProject/Mutants/Content/Characters/CableMan/TorsoUpdate/PaintedMetal002.ubulk" 368
"C:/Users/Admin/Desktop/MainProject/Mutants/Content/Characters/CableMan/TorsoUpdate/PaintedMetal002.uasset" 369
"C:/Users/Admin/Desktop/MainProject/Mutants/Content/Characters/CableMan/TorsoUpdate/PaintedMetal002.uexp" 370
"C:/Users/Admin/Desktop/MainProject/Mutants/Content/Characters/CableMan/TorsoUpdate/Torso_Cable6.uasset" 371
"C:/Users/Admin/Desktop/MainProject/Mutants/Content/Characters/CableMan/TorsoUpdate/Torso_Cable6.uexp" 372
"C:/Users/Admin/Desktop/MainProject/Mutants/Content/Characters/CableMan/TorsoUpdate/18469ad3-c934-4df5-9b6a-440e102baea0.ubulk" 373
"C:/Users/Admin/Desktop/MainProject/Mutants/Content/Characters/CableMan/TorsoUpdate/18469ad3-c934-4df5-9b6a-440e102baea0.uasset" 374
"C:/Users/Admin/Desktop/MainProject/Mutants/Content/Characters/CableMan/TorsoUpdate/18469ad3-c934-4df5-9b6a-440e102baea0.uexp" 375
"C:/Users/Admin/Desktop/MainProject/Mutants/Content/Characters/CableMan/TorsoUpdate/Torso_Cable1.uasset" 376
"C:/Users/Admin/Desktop/MainProject/Mutants/Content/Characters/CableMan/TorsoUpdate/Torso_Cable1.uexp" 377
"C:/Users/Admin/Desktop/MainProject/Mutants/Content/Characters/CableMan/TorsoUpdate/PaintedMetal004.ubulk" 378
"C:/Users/Admin/Desktop/MainProject/Mutants/Content/Characters/CableMan/TorsoUpdate/PaintedMetal004.uasset" 379
"C:/Users/Admin/Desktop/MainProject/Mutants/Content/Characters/CableMan/TorsoUpdate/PaintedMetal004.uexp" 380
"C:/Users/Admin/Desktop/MainProject/Mutants/Content/Characters/CableMan/TorsoUpdate/Torso_Cable2.uasset" 381
"C:/Users/Admin/Desktop/MainProject/Mutants/Content/Characters/CableMan/TorsoUpdate/Torso_Cable2.uexp" 382
"C:/Users/Admin/Desktop/MainProject/Mutants/Content/Characters/CableMan/TorsoUpdate/SheetMetal004.ubulk" 383
"C:/Users/Admin/Desktop/MainProject/Mutants/Content/Characters/CableMan/TorsoUpdate/SheetMetal004.uasset" 384
"C:/Users/Admin/Desktop/MainProject/Mutants/Content/Characters/CableMan/TorsoUpdate/SheetMetal004.uexp" 385
"C:/Users/Admin/Desktop/MainProject/Mutants/Content/Characters/CableMan/TorsoUpdate/Torso_Cable4.uasset" 386
"C:/Users/Admin/Desktop/MainProject/Mutants/Content/Characters/CableMan/TorsoUpdate/Torso_Cable4.uexp" 387
"C:/Users/Admin/Desktop/MainProject/Mutants/Content/Characters/CableMan/TorsoUpdate/18acdf09-b370-4c91-ab7b-5a2d9cf4c2af.uasset" 388
"C:/Users/Admin/Desktop/MainProject/Mutants/Content/Characters/CableMan/TorsoUpdate/18acdf09-b370-4c91-ab7b-5a2d9cf4c2af.uexp" 389
"C:/Users/Admin/Desktop/MainProject/Mutants/Content/Characters/CableMan/TorsoUpdate/Torso_Cable7.uasset" 390
"C:/Users/Admin/Desktop/MainProject/Mutants/Content/Characters/CableMan/TorsoUpdate/Torso_Cable7.uexp" 391
"C:/Users/Admin/Desktop/MainProject/Mutants/Content/Characters/CableMan/TorsoUpdate/Metal007.ubulk" 392
"C:/Users/Admin/Desktop/MainProject/Mutants/Content/Characters/CableMan/TorsoUpdate/Metal007.uasset" 393
"C:/Users/Admin/Desktop/MainProject/Mutants/Content/Characters/CableMan/TorsoUpdate/Metal007.uexp" 394
"C:/Users/Admin/Desktop/MainProject/Mutants/Content/Characters/CableMan/TorsoUpdate/Torso_Cable5.uasset" 395
"C:/Users/Admin/Desktop/MainProject/Mutants/Content/Characters/CableMan/TorsoUpdate/Torso_Cable5.uexp" 396
"C:/Users/Admin/Desktop/MainProject/Mutants/Content/Characters/CableMan/TorsoUpdate/Torso_CableM.ubulk" 397
"C:/Users/Admin/Desktop/MainProject/Mutants/Content/Characters/CableMan/TorsoUpdate/Torso_CableM.uasset" 398
"C:/Users/Admin/Desktop/MainProject/Mutants/Content/Characters/CableMan/TorsoUpdate/Torso_CableM.uexp" 399
"C:/Users/Admin/Desktop/MainProject/Mutants/Content/Characters/Loh/FBX/HandLeftLowerLohTex.ubulk" 400
"C:/Users/Admin/Desktop/MainProject/Mutants/Content/Characters/Loh/FBX/HandLeftLowerLohTex.uasset" 401
"C:/Users/Admin/Desktop/MainProject/Mutants/Content/Characters/Loh/FBX/HandLeftLowerLohTex.uexp" 402
"C:/Users/Admin/Desktop/MainProject/Mutants/Content/Characters/Loh/FBX/HandLLLoh.uasset" 403
"C:/Users/Admin/Desktop/MainProject/Mutants/Content/Characters/Loh/FBX/HandLLLoh.uexp" 404
"C:/Users/Admin/Desktop/MainProject/Mutants/Content/Characters/Loh/FBX/HandLeftLowerLohM.ubulk" 405
"C:/Users/Admin/Desktop/MainProject/Mutants/Content/Characters/Loh/FBX/HandLeftLowerLohM.uasset" 406
"C:/Users/Admin/Desktop/MainProject/Mutants/Content/Characters/Loh/FBX/HandLeftLowerLohM.uexp" 407
"C:/Users/Admin/Desktop/MainProject/Mutants/Content/MainMenu/Icons/ShopItems/Uzbek/Head_Uzbek.ubulk" 408
"C:/Users/Admin/Desktop/MainProject/Mutants/Content/MainMenu/Icons/ShopItems/Uzbek/Head_Uzbek.uasset" 409
"C:/Users/Admin/Desktop/MainProject/Mutants/Content/MainMenu/Icons/ShopItems/Uzbek/Head_Uzbek.uexp" 410
"C:/Users/Admin/Desktop/MainProject/Mutants/Content/MainMenu/Icons/ShopItems/Spok/HandRightUpper_Spok.ubulk" 411
"C:/Users/Admin/Desktop/MainProject/Mutants/Content/MainMenu/Icons/ShopItems/Spok/HandRightUpper_Spok.uasset" 412
"C:/Users/Admin/Desktop/MainProject/Mutants/Content/MainMenu/Icons/ShopItems/Spok/HandRightUpper_Spok.uexp" 413
"C:/Users/Admin/Desktop/MainProject/Mutants/Content/MainMenu/Icons/ShopItems/ForSaleStuff/Hand/HandRightLower_Cable.uasset" 414
"C:/Users/Admin/Desktop/MainProject/Mutants/Content/MainMenu/Icons/ShopItems/ForSaleStuff/Hand/HandRightLower_Cable.uexp" 415
"C:/Users/Admin/Desktop/MainProject/Mutants/Content/Characters/Store/Torsos/pavement_02_diff_4k.ubulk" 416
"C:/Users/Admin/Desktop/MainProject/Mutants/Content/Characters/Store/Torsos/pavement_02_diff_4k.uasset" 417
"C:/Users/Admin/Desktop/MainProject/Mutants/Content/Characters/Store/Torsos/pavement_02_diff_4k.uexp" 418
"C:/Users/Admin/Desktop/MainProject/Mutants/Content/Characters/Store/Torsos/Material.uasset" 419
"C:/Users/Admin/Desktop/MainProject/Mutants/Content/Characters/Store/Torsos/Material.uexp" 420
"C:/Users/Admin/Desktop/MainProject/Mutants/Content/Characters/Store/Torsos/Ahlus_Torso.ubulk" 421
"C:/Users/Admin/Desktop/MainProject/Mutants/Content/Characters/Store/Torsos/Ahlus_Torso.uasset" 422
"C:/Users/Admin/Desktop/MainProject/Mutants/Content/Characters/Store/Torsos/Ahlus_Torso.uexp" 423
"C:/Users/Admin/Desktop/MainProject/Mutants/Content/Characters/Uzbek/HandRightLowerUzbekTex.ubulk" 424
"C:/Users/Admin/Desktop/MainProject/Mutants/Content/Characters/Uzbek/HandRightLowerUzbekTex.uasset" 425
"C:/Users/Admin/Desktop/MainProject/Mutants/Content/Characters/Uzbek/HandRightLowerUzbekTex.uexp" 426
"C:/Users/Admin/Desktop/MainProject/Mutants/Content/Characters/Uzbek/HandRLUzbek.uasset" 427
"C:/Users/Admin/Desktop/MainProject/Mutants/Content/Characters/Uzbek/HandRLUzbek.uexp" 428
"C:/Users/Admin/Desktop/MainProject/Mutants/Content/Characters/Uzbek/HandRightLower_UzbekM.ubulk" 429
"C:/Users/Admin/Desktop/MainProject/Mutants/Content/Characters/Uzbek/HandRightLower_UzbekM.uasset" 430
"C:/Users/Admin/Desktop/MainProject/Mutants/Content/Characters/Uzbek/HandRightLower_UzbekM.uexp" 431
"C:/Users/Admin/Desktop/MainProject/Mutants/Content/Characters/CableMan/Legs/Plastic016A.ubulk" 432
"C:/Users/Admin/Desktop/MainProject/Mutants/Content/Characters/CableMan/Legs/Plastic016A.uasset" 433
"C:/Users/Admin/Desktop/MainProject/Mutants/Content/Characters/CableMan/Legs/Plastic016A.uexp" 434
"C:/Users/Admin/Desktop/MainProject/Mutants/Content/Characters/CableMan/Legs/LegLeftUpper_Cable9.uasset" 435
"C:/Users/Admin/Desktop/MainProject/Mutants/Content/Characters/CableMan/Legs/LegLeftUpper_Cable9.uexp" 436
"C:/Users/Admin/Desktop/MainProject/Mutants/Content/Characters/CableMan/Legs/MetalPlates006.ubulk" 437
"C:/Users/Admin/Desktop/MainProject/Mutants/Content/Characters/CableMan/Legs/MetalPlates006.uasset" 438
"C:/Users/Admin/Desktop/MainProject/Mutants/Content/Characters/CableMan/Legs/MetalPlates006.uexp" 439
"C:/Users/Admin/Desktop/MainProject/Mutants/Content/Characters/CableMan/Legs/LegLeftUpper_Cable2.uasset" 440
"C:/Users/Admin/Desktop/MainProject/Mutants/Content/Characters/CableMan/Legs/LegLeftUpper_Cable2.uexp" 441
"C:/Users/Admin/Desktop/MainProject/Mutants/Content/Characters/CableMan/Legs/LegLeftUpper_Cable3.uasset" 442
"C:/Users/Admin/Desktop/MainProject/Mutants/Content/Characters/CableMan/Legs/LegLeftUpper_Cable3.uexp" 443
"C:/Users/Admin/Desktop/MainProject/Mutants/Content/Characters/CableMan/Legs/Metal047A.ubulk" 444
"C:/Users/Admin/Desktop/MainProject/Mutants/Content/Characters/CableMan/Legs/Metal047A.uasset" 445
"C:/Users/Admin/Desktop/MainProject/Mutants/Content/Characters/CableMan/Legs/Metal047A.uexp" 446
"C:/Users/Admin/Desktop/MainProject/Mutants/Content/Characters/CableMan/Legs/LegLeftUpper_Cable11.uasset" 447
"C:/Users/Admin/Desktop/MainProject/Mutants/Content/Characters/CableMan/Legs/LegLeftUpper_Cable11.uexp" 448
"C:/Users/Admin/Desktop/MainProject/Mutants/Content/Characters/CableMan/Legs/LegLeftUpper_Cable4.uasset" 449
"C:/Users/Admin/Desktop/MainProject/Mutants/Content/Characters/CableMan/Legs/LegLeftUpper_Cable4.uexp" 450
"C:/Users/Admin/Desktop/MainProject/Mutants/Content/Characters/CableMan/Legs/Plastic006.ubulk" 451
"C:/Users/Admin/Desktop/MainProject/Mutants/Content/Characters/CableMan/Legs/Plastic006.uasset" 452
"C:/Users/Admin/Desktop/MainProject/Mutants/Content/Characters/CableMan/Legs/Plastic006.uexp" 453
"C:/Users/Admin/Desktop/MainProject/Mutants/Content/Characters/CableMan/Legs/LegLeftUpper_Cable10.uasset" 454
"C:/Users/Admin/Desktop/MainProject/Mutants/Content/Characters/CableMan/Legs/LegLeftUpper_Cable10.uexp" 455
"C:/Users/Admin/Desktop/MainProject/Mutants/Content/Characters/CableMan/Legs/LegLeftUpper_Cable6.uasset" 456
"C:/Users/Admin/Desktop/MainProject/Mutants/Content/Characters/CableMan/Legs/LegLeftUpper_Cable6.uexp" 457
"C:/Users/Admin/Desktop/MainProject/Mutants/Content/Characters/CableMan/Legs/Plastic008.ubulk" 458
"C:/Users/Admin/Desktop/MainProject/Mutants/Content/Characters/CableMan/Legs/Plastic008.uasset" 459
"C:/Users/Admin/Desktop/MainProject/Mutants/Content/Characters/CableMan/Legs/Plastic008.uexp" 460
"C:/Users/Admin/Desktop/MainProject/Mutants/Content/Characters/CableMan/Legs/LegLeftUpper_Cable8.uasset" 461
"C:/Users/Admin/Desktop/MainProject/Mutants/Content/Characters/CableMan/Legs/LegLeftUpper_Cable8.uexp" 462
"C:/Users/Admin/Desktop/MainProject/Mutants/Content/Characters/CableMan/Legs/6dda7cd9-9ff1-4c56-a534-d7a4b6cfb3f0.ubulk" 463
"C:/Users/Admin/Desktop/MainProject/Mutants/Content/Characters/CableMan/Legs/6dda7cd9-9ff1-4c56-a534-d7a4b6cfb3f0.uasset" 464
"C:/Users/Admin/Desktop/MainProject/Mutants/Content/Characters/CableMan/Legs/6dda7cd9-9ff1-4c56-a534-d7a4b6cfb3f0.uexp" 465
"C:/Users/Admin/Desktop/MainProject/Mutants/Content/Characters/CableMan/Legs/LegLeftUpper_Cable1.uasset" 466
"C:/Users/Admin/Desktop/MainProject/Mutants/Content/Characters/CableMan/Legs/LegLeftUpper_Cable1.uexp" 467
"C:/Users/Admin/Desktop/MainProject/Mutants/Content/Characters/CableMan/Legs/LegLeftUpper_Cable7.uasset" 468
"C:/Users/Admin/Desktop/MainProject/Mutants/Content/Characters/CableMan/Legs/LegLeftUpper_Cable7.uexp" 469
"C:/Users/Admin/Desktop/MainProject/Mutants/Content/Characters/CableMan/Legs/LegLeftUpper_Cable5.uasset" 470
"C:/Users/Admin/Desktop/MainProject/Mutants/Content/Characters/CableMan/Legs/LegLeftUpper_Cable5.uexp" 471
"C:/Users/Admin/Desktop/MainProject/Mutants/Content/Characters/CableMan/Legs/LegLeftUpper_CableM.ubulk" 472
"C:/Users/Admin/Desktop/MainProject/Mutants/Content/Characters/CableMan/Legs/LegLeftUpper_CableM.uasset" 473
"C:/Users/Admin/Desktop/MainProject/Mutants/Content/Characters/CableMan/Legs/LegLeftUpper_CableM.uexp" 474
"C:/Users/Admin/Desktop/MainProject/Mutants/Content/MainMenu/Icons/ShopItems/Loh/LegRightLower_Loh.ubulk" 475
"C:/Users/Admin/Desktop/MainProject/Mutants/Content/MainMenu/Icons/ShopItems/Loh/LegRightLower_Loh.uasset" 476
"C:/Users/Admin/Desktop/MainProject/Mutants/Content/MainMenu/Icons/ShopItems/Loh/LegRightLower_Loh.uexp" 477
"C:/Users/Admin/Desktop/MainProject/Mutants/Content/MainMenu/Icons/ShopItems/ForSaleStuff/Leg/LegLowerStand.ubulk" 478
"C:/Users/Admin/Desktop/MainProject/Mutants/Content/MainMenu/Icons/ShopItems/ForSaleStuff/Leg/LegLowerStand.uasset" 479
"C:/Users/Admin/Desktop/MainProject/Mutants/Content/MainMenu/Icons/ShopItems/ForSaleStuff/Leg/LegLowerStand.uexp" 480
"C:/Users/Admin/Desktop/MainProject/Mutants/Content/Characters/Loh/FBX/Marble016.ubulk" 481
"C:/Users/Admin/Desktop/MainProject/Mutants/Content/Characters/Loh/FBX/Marble016.uasset" 482
"C:/Users/Admin/Desktop/MainProject/Mutants/Content/Characters/Loh/FBX/Marble016.uexp" 483
"C:/Users/Admin/Desktop/MainProject/Mutants/Content/Characters/Loh/FBX/LegRightUpper_Loh1.uasset" 484
"C:/Users/Admin/Desktop/MainProject/Mutants/Content/Characters/Loh/FBX/LegRightUpper_Loh1.uexp" 485
"C:/Users/Admin/Desktop/MainProject/Mutants/Content/Characters/Loh/FBX/Plastic017A.ubulk" 486
"C:/Users/Admin/Desktop/MainProject/Mutants/Content/Characters/Loh/FBX/Plastic017A.uasset" 487
"C:/Users/Admin/Desktop/MainProject/Mutants/Content/Characters/Loh/FBX/Plastic017A.uexp" 488
"C:/Users/Admin/Desktop/MainProject/Mutants/Content/Characters/Loh/FBX/LegRightUpper_Loh2.uasset" 489
"C:/Users/Admin/Desktop/MainProject/Mutants/Content/Characters/Loh/FBX/LegRightUpper_Loh2.uexp" 490
"C:/Users/Admin/Desktop/MainProject/Mutants/Content/Characters/Loh/FBX/Metal052A.ubulk" 491
"C:/Users/Admin/Desktop/MainProject/Mutants/Content/Characters/Loh/FBX/Metal052A.uasset" 492
"C:/Users/Admin/Desktop/MainProject/Mutants/Content/Characters/Loh/FBX/Metal052A.uexp" 493
"C:/Users/Admin/Desktop/MainProject/Mutants/Content/Characters/Loh/FBX/LegRightUpper_Loh4.uasset" 494
"C:/Users/Admin/Desktop/MainProject/Mutants/Content/Characters/Loh/FBX/LegRightUpper_Loh4.uexp" 495
"C:/Users/Admin/Desktop/MainProject/Mutants/Content/Characters/Loh/FBX/Metal022.ubulk" 496
"C:/Users/Admin/Desktop/MainProject/Mutants/Content/Characters/Loh/FBX/Metal022.uasset" 497
"C:/Users/Admin/Desktop/MainProject/Mutants/Content/Characters/Loh/FBX/Metal022.uexp" 498
"C:/Users/Admin/Desktop/MainProject/Mutants/Content/Characters/Loh/FBX/LegRightUpper_Loh3.uasset" 499
"C:/Users/Admin/Desktop/MainProject/Mutants/Content/Characters/Loh/FBX/LegRightUpper_Loh3.uexp" 500
"C:/Users/Admin/Desktop/MainProject/Mutants/Content/Characters/Loh/FBX/LegRightUpper_LohM.ubulk" 501
"C:/Users/Admin/Desktop/MainProject/Mutants/Content/Characters/Loh/FBX/LegRightUpper_LohM.uasset" 502
"C:/Users/Admin/Desktop/MainProject/Mutants/Content/Characters/Loh/FBX/LegRightUpper_LohM.uexp" 503
"C:/Users/Admin/Desktop/MainProject/Mutants/Content/MainMenu/Icons/ShopItems/Spok/Torso_Spok.ubulk" 504
"C:/Users/Admin/Desktop/MainProject/Mutants/Content/MainMenu/Icons/ShopItems/Spok/Torso_Spok.uasset" 505
"C:/Users/Admin/Desktop/MainProject/Mutants/Content/MainMenu/Icons/ShopItems/Spok/Torso_Spok.uexp" 506
"C:/Users/Admin/Desktop/MainProject/Mutants/Content/MainMenu/Icons/ShopItems/ForSaleStuff/Tors/TorsoCable.ubulk" 507
"C:/Users/Admin/Desktop/MainProject/Mutants/Content/MainMenu/Icons/ShopItems/ForSaleStuff/Tors/TorsoCable.uasset" 508
"C:/Users/Admin/Desktop/MainProject/Mutants/Content/MainMenu/Icons/ShopItems/ForSaleStuff/Tors/TorsoCable.uexp" 509
"C:/Users/Admin/Desktop/MainProject/Mutants/Content/MainMenu/Icons/ShopItems/Loh/HandRightUpper_Loh.ubulk" 510
"C:/Users/Admin/Desktop/MainProject/Mutants/Content/MainMenu/Icons/ShopItems/Loh/HandRightUpper_Loh.uasset" 511
"C:/Users/Admin/Desktop/MainProject/Mutants/Content/MainMenu/Icons/ShopItems/Loh/HandRightUpper_Loh.uexp" 512
"C:/Users/Admin/Desktop/MainProject/Mutants/Content/MainMenu/Icons/ShopItems/Spok/LegLeftLower_Spok.ubulk" 513
"C:/Users/Admin/Desktop/MainProject/Mutants/Content/MainMenu/Icons/ShopItems/Spok/LegLeftLower_Spok.uasset" 514
"C:/Users/Admin/Desktop/MainProject/Mutants/Content/MainMenu/Icons/ShopItems/Spok/LegLeftLower_Spok.uexp" 515
"C:/Users/Admin/Desktop/MainProject/Mutants/Content/Characters/Spok/LegRightUpperSpokTex.ubulk" 516
"C:/Users/Admin/Desktop/MainProject/Mutants/Content/Characters/Spok/LegRightUpperSpokTex.uasset" 517
"C:/Users/Admin/Desktop/MainProject/Mutants/Content/Characters/Spok/LegRightUpperSpokTex.uexp" 518
"C:/Users/Admin/Desktop/MainProject/Mutants/Content/Characters/Spok/LegRUSpok.uasset" 519
"C:/Users/Admin/Desktop/MainProject/Mutants/Content/Characters/Spok/LegRUSpok.uexp" 520
"C:/Users/Admin/Desktop/MainProject/Mutants/Content/Characters/Spok/LegRightUpper_SpokM.ubulk" 521
"C:/Users/Admin/Desktop/MainProject/Mutants/Content/Characters/Spok/LegRightUpper_SpokM.uasset" 522
"C:/Users/Admin/Desktop/MainProject/Mutants/Content/Characters/Spok/LegRightUpper_SpokM.uexp" 523
"C:/Users/Admin/Desktop/MainProject/Mutants/Content/MainMenu/Icons/ShopItems/ForSaleStuff/Tors/Ahlus_Torso.ubulk" 524
"C:/Users/Admin/Desktop/MainProject/Mutants/Content/MainMenu/Icons/ShopItems/ForSaleStuff/Tors/Ahlus_Torso.uasset" 525
"C:/Users/Admin/Desktop/MainProject/Mutants/Content/MainMenu/Icons/ShopItems/ForSaleStuff/Tors/Ahlus_Torso.uexp" 526
"C:/Users/Admin/Desktop/MainProject/Mutants/Content/Characters/Spok/LegRightLowerSpokTex.ubulk" 527
"C:/Users/Admin/Desktop/MainProject/Mutants/Content/Characters/Spok/LegRightLowerSpokTex.uasset" 528
"C:/Users/Admin/Desktop/MainProject/Mutants/Content/Characters/Spok/LegRightLowerSpokTex.uexp" 529
"C:/Users/Admin/Desktop/MainProject/Mutants/Content/Characters/Spok/LegRLSpok.uasset" 530
"C:/Users/Admin/Desktop/MainProject/Mutants/Content/Characters/Spok/LegRLSpok.uexp" 531
"C:/Users/Admin/Desktop/MainProject/Mutants/Content/Characters/Spok/LegRightLower_SpokM.ubulk" 532
"C:/Users/Admin/Desktop/MainProject/Mutants/Content/Characters/Spok/LegRightLower_SpokM.uasset" 533
"C:/Users/Admin/Desktop/MainProject/Mutants/Content/Characters/Spok/LegRightLower_SpokM.uexp" 534
"C:/Users/Admin/Desktop/MainProject/Mutants/Content/Characters/Spok/HandRightLowerSpokTex.ubulk" 535
"C:/Users/Admin/Desktop/MainProject/Mutants/Content/Characters/Spok/HandRightLowerSpokTex.uasset" 536
"C:/Users/Admin/Desktop/MainProject/Mutants/Content/Characters/Spok/HandRightLowerSpokTex.uexp" 537
"C:/Users/Admin/Desktop/MainProject/Mutants/Content/Characters/Spok/HandRLSpok.uasset" 538
"C:/Users/Admin/Desktop/MainProject/Mutants/Content/Characters/Spok/HandRLSpok.uexp" 539
"C:/Users/Admin/Desktop/MainProject/Mutants/Content/Characters/Spok/HandRightLower_SpokM.ubulk" 540
"C:/Users/Admin/Desktop/MainProject/Mutants/Content/Characters/Spok/HandRightLower_SpokM.uasset" 541
"C:/Users/Admin/Desktop/MainProject/Mutants/Content/Characters/Spok/HandRightLower_SpokM.uexp" 542
"C:/Users/Admin/Desktop/MainProject/Mutants/Content/Characters/Spok/LegLeftLowerSpokTex.ubulk" 543
"C:/Users/Admin/Desktop/MainProject/Mutants/Content/Characters/Spok/LegLeftLowerSpokTex.uasset" 544
"C:/Users/Admin/Desktop/MainProject/Mutants/Content/Characters/Spok/LegLeftLowerSpokTex.uexp" 545
"C:/Users/Admin/Desktop/MainProject/Mutants/Content/Characters/Spok/LegLLSpok.uasset" 546
"C:/Users/Admin/Desktop/MainProject/Mutants/Content/Characters/Spok/LegLLSpok.uexp" 547
"C:/Users/Admin/Desktop/MainProject/Mutants/Content/Characters/Spok/LegLeftLower_SpokM.ubulk" 548
"C:/Users/Admin/Desktop/MainProject/Mutants/Content/Characters/Spok/LegLeftLower_SpokM.uasset" 549
"C:/Users/Admin/Desktop/MainProject/Mutants/Content/Characters/Spok/LegLeftLower_SpokM.uexp" 550
"C:/Users/Admin/Desktop/MainProject/Mutants/Content/Characters/Spok/HeadSpokTex.ubulk" 551
"C:/Users/Admin/Desktop/MainProject/Mutants/Content/Characters/Spok/HeadSpokTex.uasset" 552
"C:/Users/Admin/Desktop/MainProject/Mutants/Content/Characters/Spok/HeadSpokTex.uexp" 553
"C:/Users/Admin/Desktop/MainProject/Mutants/Content/Characters/Spok/HeadSpok.uasset" 554
"C:/Users/Admin/Desktop/MainProject/Mutants/Content/Characters/Spok/HeadSpok.uexp" 555
"C:/Users/Admin/Desktop/MainProject/Mutants/Content/Characters/Spok/Head_SpokM.ubulk" 556
"C:/Users/Admin/Desktop/MainProject/Mutants/Content/Characters/Spok/Head_SpokM.uasset" 557
"C:/Users/Admin/Desktop/MainProject/Mutants/Content/Characters/Spok/Head_SpokM.uexp" 558
"C:/Users/Admin/Desktop/MainProject/Mutants/Content/MainMenu/Icons/ShopItems/Loh/HandLeftUpper_Loh.ubulk" 559
"C:/Users/Admin/Desktop/MainProject/Mutants/Content/MainMenu/Icons/ShopItems/Loh/HandLeftUpper_Loh.uasset" 560
"C:/Users/Admin/Desktop/MainProject/Mutants/Content/MainMenu/Icons/ShopItems/Loh/HandLeftUpper_Loh.uexp" 561
"C:/Users/Admin/Desktop/MainProject/Mutants/Content/MainMenu/Icons/ShopItems/ForSaleStuff/Hand/HandLeftLower_Cable.uasset" 562
"C:/Users/Admin/Desktop/MainProject/Mutants/Content/MainMenu/Icons/ShopItems/ForSaleStuff/Hand/HandLeftLower_Cable.uexp" 563
"C:/Users/Admin/Desktop/MainProject/Mutants/Content/Characters/Spok/HandRightUpperSpokTex.ubulk" 564
"C:/Users/Admin/Desktop/MainProject/Mutants/Content/Characters/Spok/HandRightUpperSpokTex.uasset" 565
"C:/Users/Admin/Desktop/MainProject/Mutants/Content/Characters/Spok/HandRightUpperSpokTex.uexp" 566
"C:/Users/Admin/Desktop/MainProject/Mutants/Content/Characters/Spok/HandRUSpok.uasset" 567
"C:/Users/Admin/Desktop/MainProject/Mutants/Content/Characters/Spok/HandRUSpok.uexp" 568
"C:/Users/Admin/Desktop/MainProject/Mutants/Content/Characters/Spok/HandRightUpper_SpokM.ubulk" 569
"C:/Users/Admin/Desktop/MainProject/Mutants/Content/Characters/Spok/HandRightUpper_SpokM.uasset" 570
"C:/Users/Admin/Desktop/MainProject/Mutants/Content/Characters/Spok/HandRightUpper_SpokM.uexp" 571
"C:/Users/Admin/Desktop/MainProject/Mutants/Content/Characters/Loh/FBX/HandRightLowerLohTex.ubulk" 572
"C:/Users/Admin/Desktop/MainProject/Mutants/Content/Characters/Loh/FBX/HandRightLowerLohTex.uasset" 573
"C:/Users/Admin/Desktop/MainProject/Mutants/Content/Characters/Loh/FBX/HandRightLowerLohTex.uexp" 574
"C:/Users/Admin/Desktop/MainProject/Mutants/Content/Characters/Loh/FBX/HandRLLoh_001.uasset" 575
"C:/Users/Admin/Desktop/MainProject/Mutants/Content/Characters/Loh/FBX/HandRLLoh_001.uexp" 576
"C:/Users/Admin/Desktop/MainProject/Mutants/Content/Characters/Loh/FBX/HandRightLowerLohM.ubulk" 577
"C:/Users/Admin/Desktop/MainProject/Mutants/Content/Characters/Loh/FBX/HandRightLowerLohM.uasset" 578
"C:/Users/Admin/Desktop/MainProject/Mutants/Content/Characters/Loh/FBX/HandRightLowerLohM.uexp" 579
"C:/Users/Admin/Desktop/MainProject/Mutants/Content/MainMenu/Icons/ShopItems/ForSaleStuff/Head/MashroomHead.ubulk" 580
"C:/Users/Admin/Desktop/MainProject/Mutants/Content/MainMenu/Icons/ShopItems/ForSaleStuff/Head/MashroomHead.uasset" 581
"C:/Users/Admin/Desktop/MainProject/Mutants/Content/MainMenu/Icons/ShopItems/ForSaleStuff/Head/MashroomHead.uexp" 582
"C:/Users/Admin/Desktop/MainProject/Mutants/Content/MainMenu/Icons/ShopItems/ForSaleStuff/Hand/HandLeftUpper_Cable.uasset" 583
"C:/Users/Admin/Desktop/MainProject/Mutants/Content/MainMenu/Icons/ShopItems/ForSaleStuff/Hand/HandLeftUpper_Cable.uexp" 584
"C:/Users/Admin/Desktop/MainProject/Mutants/Content/Characters/CableMan/Legs/72b1be06-a631-49ef-875c-147738075096.ubulk" 585
"C:/Users/Admin/Desktop/MainProject/Mutants/Content/Characters/CableMan/Legs/72b1be06-a631-49ef-875c-147738075096.uasset" 586
"C:/Users/Admin/Desktop/MainProject/Mutants/Content/Characters/CableMan/Legs/72b1be06-a631-49ef-875c-147738075096.uexp" 587
"C:/Users/Admin/Desktop/MainProject/Mutants/Content/Characters/CableMan/Legs/Material_037.uasset" 588
"C:/Users/Admin/Desktop/MainProject/Mutants/Content/Characters/CableMan/Legs/Material_037.uexp" 589
"C:/Users/Admin/Desktop/MainProject/Mutants/Content/Characters/CableMan/Legs/LegRightUpper_CableM.ubulk" 590
"C:/Users/Admin/Desktop/MainProject/Mutants/Content/Characters/CableMan/Legs/LegRightUpper_CableM.uasset" 591
"C:/Users/Admin/Desktop/MainProject/Mutants/Content/Characters/CableMan/Legs/LegRightUpper_CableM.uexp" 592
"C:/Users/Admin/Desktop/MainProject/Mutants/Content/MainMenu/Icons/ShopItems/Goblin/LegLeftUpper_Goblin.ubulk" 593
"C:/Users/Admin/Desktop/MainProject/Mutants/Content/MainMenu/Icons/ShopItems/Goblin/LegLeftUpper_Goblin.uasset" 594
"C:/Users/Admin/Desktop/MainProject/Mutants/Content/MainMenu/Icons/ShopItems/Goblin/LegLeftUpper_Goblin.uexp" 595
"C:/Users/Admin/Desktop/MainProject/Mutants/Content/MainMenu/Icons/ShopItems/ForSaleStuff/Leg/LegRightUpper_Cables.ubulk" 596
"C:/Users/Admin/Desktop/MainProject/Mutants/Content/MainMenu/Icons/ShopItems/ForSaleStuff/Leg/LegRightUpper_Cables.uasset" 597
"C:/Users/Admin/Desktop/MainProject/Mutants/Content/MainMenu/Icons/ShopItems/ForSaleStuff/Leg/LegRightUpper_Cables.uexp" 598
"C:/Users/Admin/Desktop/MainProject/Mutants/Content/Characters/Goblin/HandLeftLower_GoblinTex.ubulk" 599
"C:/Users/Admin/Desktop/MainProject/Mutants/Content/Characters/Goblin/HandLeftLower_GoblinTex.uasset" 600
"C:/Users/Admin/Desktop/MainProject/Mutants/Content/Characters/Goblin/HandLeftLower_GoblinTex.uexp" 601
"C:/Users/Admin/Desktop/MainProject/Mutants/Content/Characters/Goblin/HandLLGoblin.uasset" 602
"C:/Users/Admin/Desktop/MainProject/Mutants/Content/Characters/Goblin/HandLLGoblin.uexp" 603
"C:/Users/Admin/Desktop/MainProject/Mutants/Content/Characters/Goblin/HandLeftLower_Goblin.ubulk" 604
"C:/Users/Admin/Desktop/MainProject/Mutants/Content/Characters/Goblin/HandLeftLower_Goblin.uasset" 605
"C:/Users/Admin/Desktop/MainProject/Mutants/Content/Characters/Goblin/HandLeftLower_Goblin.uexp" 606
"C:/Users/Admin/Desktop/MainProject/Mutants/Content/MainMenu/Icons/ShopItems/ForSaleStuff/Tors/Mannequin_Torso.ubulk" 607
"C:/Users/Admin/Desktop/MainProject/Mutants/Content/MainMenu/Icons/ShopItems/ForSaleStuff/Tors/Mannequin_Torso.uasset" 608
"C:/Users/Admin/Desktop/MainProject/Mutants/Content/MainMenu/Icons/ShopItems/ForSaleStuff/Tors/Mannequin_Torso.uexp" 609
"C:/Users/Admin/Desktop/MainProject/Mutants/Content/Characters/Loh/FBX/HandRightUpperLohTex.ubulk" 610
"C:/Users/Admin/Desktop/MainProject/Mutants/Content/Characters/Loh/FBX/HandRightUpperLohTex.uasset" 611
"C:/Users/Admin/Desktop/MainProject/Mutants/Content/Characters/Loh/FBX/HandRightUpperLohTex.uexp" 612
"C:/Users/Admin/Desktop/MainProject/Mutants/Content/Characters/Loh/FBX/HandRULoh_001.uasset" 613
"C:/Users/Admin/Desktop/MainProject/Mutants/Content/Characters/Loh/FBX/HandRULoh_001.uexp" 614
"C:/Users/Admin/Desktop/MainProject/Mutants/Content/Characters/Loh/FBX/HandRightUpperLoh.ubulk" 615
"C:/Users/Admin/Desktop/MainProject/Mutants/Content/Characters/Loh/FBX/HandRightUpperLoh.uasset" 616
"C:/Users/Admin/Desktop/MainProject/Mutants/Content/Characters/Loh/FBX/HandRightUpperLoh.uexp" 617
"C:/Users/Admin/Desktop/MainProject/Mutants/Content/Characters/Uzbek/TorsoUzbekTex.ubulk" 618
"C:/Users/Admin/Desktop/MainProject/Mutants/Content/Characters/Uzbek/TorsoUzbekTex.uasset" 619
"C:/Users/Admin/Desktop/MainProject/Mutants/Content/Characters/Uzbek/TorsoUzbekTex.uexp" 620
"C:/Users/Admin/Desktop/MainProject/Mutants/Content/Characters/Uzbek/TorsoUzbek.uasset" 621
"C:/Users/Admin/Desktop/MainProject/Mutants/Content/Characters/Uzbek/TorsoUzbek.uexp" 622
"C:/Users/Admin/Desktop/MainProject/Mutants/Content/Characters/Uzbek/Torso_UzbekM.ubulk" 623
"C:/Users/Admin/Desktop/MainProject/Mutants/Content/Characters/Uzbek/Torso_UzbekM.uasset" 624
"C:/Users/Admin/Desktop/MainProject/Mutants/Content/Characters/Uzbek/Torso_UzbekM.uexp" 625
"C:/Users/Admin/Desktop/MainProject/Mutants/Content/MainMenu/Icons/ShopItems/Goblin/HandLeftLower_Goblin.ubulk" 626
"C:/Users/Admin/Desktop/MainProject/Mutants/Content/MainMenu/Icons/ShopItems/Goblin/HandLeftLower_Goblin.uasset" 627
"C:/Users/Admin/Desktop/MainProject/Mutants/Content/MainMenu/Icons/ShopItems/Goblin/HandLeftLower_Goblin.uexp" 628
"C:/Users/Admin/Desktop/MainProject/Mutants/Content/MainMenu/Icons/ShopItems/Loh/LegRightUpperLoh.ubulk" 629
"C:/Users/Admin/Desktop/MainProject/Mutants/Content/MainMenu/Icons/ShopItems/Loh/LegRightUpperLoh.uasset" 630
"C:/Users/Admin/Desktop/MainProject/Mutants/Content/MainMenu/Icons/ShopItems/Loh/LegRightUpperLoh.uexp" 631
"C:/Users/Admin/Desktop/MainProject/Mutants/Content/MutantParts/Enumerators/E_BodyParts.uasset" 632
"C:/Users/Admin/Desktop/MainProject/Mutants/Content/MutantParts/Enumerators/E_BodyParts.uexp" 633
"C:/Users/Admin/Desktop/MainProject/Mutants/Content/Characters/CableMan/Legs/PaintedMetal008.ubulk" 634
"C:/Users/Admin/Desktop/MainProject/Mutants/Content/Characters/CableMan/Legs/PaintedMetal008.uasset" 635
"C:/Users/Admin/Desktop/MainProject/Mutants/Content/Characters/CableMan/Legs/PaintedMetal008.uexp" 636
"C:/Users/Admin/Desktop/MainProject/Mutants/Content/Characters/CableMan/Legs/LegLeftLower_Cable3.uasset" 637
"C:/Users/Admin/Desktop/MainProject/Mutants/Content/Characters/CableMan/Legs/LegLeftLower_Cable3.uexp" 638
"C:/Users/Admin/Desktop/MainProject/Mutants/Content/Characters/CableMan/Legs/PaintedMetal009.ubulk" 639
"C:/Users/Admin/Desktop/MainProject/Mutants/Content/Characters/CableMan/Legs/PaintedMetal009.uasset" 640
"C:/Users/Admin/Desktop/MainProject/Mutants/Content/Characters/CableMan/Legs/PaintedMetal009.uexp" 641
"C:/Users/Admin/Desktop/MainProject/Mutants/Content/Characters/CableMan/Legs/LegLeftLower_Cable2.uasset" 642
"C:/Users/Admin/Desktop/MainProject/Mutants/Content/Characters/CableMan/Legs/LegLeftLower_Cable2.uexp" 643
"C:/Users/Admin/Desktop/MainProject/Mutants/Content/Characters/CableMan/Legs/27d04dc2-8d8e-4461-9469-864f7a167ac6.ubulk" 644
"C:/Users/Admin/Desktop/MainProject/Mutants/Content/Characters/CableMan/Legs/27d04dc2-8d8e-4461-9469-864f7a167ac6.uasset" 645
"C:/Users/Admin/Desktop/MainProject/Mutants/Content/Characters/CableMan/Legs/27d04dc2-8d8e-4461-9469-864f7a167ac6.uexp" 646
"C:/Users/Admin/Desktop/MainProject/Mutants/Content/Characters/CableMan/Legs/LegLeftLower_Cable5.uasset" 647
"C:/Users/Admin/Desktop/MainProject/Mutants/Content/Characters/CableMan/Legs/LegLeftLower_Cable5.uexp" 648
"C:/Users/Admin/Desktop/MainProject/Mutants/Content/Characters/CableMan/Legs/Metal049C.ubulk" 649
"C:/Users/Admin/Desktop/MainProject/Mutants/Content/Characters/CableMan/Legs/Metal049C.uasset" 650
"C:/Users/Admin/Desktop/MainProject/Mutants/Content/Characters/CableMan/Legs/Metal049C.uexp" 651
"C:/Users/Admin/Desktop/MainProject/Mutants/Content/Characters/CableMan/Legs/LegLeftLower_Cable6.uasset" 652
"C:/Users/Admin/Desktop/MainProject/Mutants/Content/Characters/CableMan/Legs/LegLeftLower_Cable6.uexp" 653
"C:/Users/Admin/Desktop/MainProject/Mutants/Content/Characters/CableMan/Legs/Plastic002.ubulk" 654
"C:/Users/Admin/Desktop/MainProject/Mutants/Content/Characters/CableMan/Legs/Plastic002.uasset" 655
"C:/Users/Admin/Desktop/MainProject/Mutants/Content/Characters/CableMan/Legs/Plastic002.uexp" 656
"C:/Users/Admin/Desktop/MainProject/Mutants/Content/Characters/CableMan/Legs/LegLeftLower_Cable4.uasset" 657
"C:/Users/Admin/Desktop/MainProject/Mutants/Content/Characters/CableMan/Legs/LegLeftLower_Cable4.uexp" 658
"C:/Users/Admin/Desktop/MainProject/Mutants/Content/Characters/CableMan/Legs/LegLeftLower_CableM.ubulk" 659
"C:/Users/Admin/Desktop/MainProject/Mutants/Content/Characters/CableMan/Legs/LegLeftLower_CableM.uasset" 660
"C:/Users/Admin/Desktop/MainProject/Mutants/Content/Characters/CableMan/Legs/LegLeftLower_CableM.uexp" 661
"C:/Users/Admin/Desktop/MainProject/Mutants/Content/MainMenu/Icons/ShopItems/Spok/LegLeftUpperSpok.ubulk" 662
"C:/Users/Admin/Desktop/MainProject/Mutants/Content/MainMenu/Icons/ShopItems/Spok/LegLeftUpperSpok.uasset" 663
"C:/Users/Admin/Desktop/MainProject/Mutants/Content/MainMenu/Icons/ShopItems/Spok/LegLeftUpperSpok.uexp" 664
"C:/Users/Admin/Desktop/MainProject/Mutants/Content/MainMenu/Icons/ShopItems/Loh/LegLeftLower_Loh.ubulk" 665
"C:/Users/Admin/Desktop/MainProject/Mutants/Content/MainMenu/Icons/ShopItems/Loh/LegLeftLower_Loh.uasset" 666
"C:/Users/Admin/Desktop/MainProject/Mutants/Content/MainMenu/Icons/ShopItems/Loh/LegLeftLower_Loh.uexp" 667
"C:/Users/Admin/Desktop/MainProject/Mutants/Content/Characters/CableMan/Head/Metal047A.ubulk" 668
"C:/Users/Admin/Desktop/MainProject/Mutants/Content/Characters/CableMan/Head/Metal047A.uasset" 669
"C:/Users/Admin/Desktop/MainProject/Mutants/Content/Characters/CableMan/Head/Metal047A.uexp" 670
"C:/Users/Admin/Desktop/MainProject/Mutants/Content/Characters/CableMan/Head/Material_017.uasset" 671
"C:/Users/Admin/Desktop/MainProject/Mutants/Content/Characters/CableMan/Head/Material_017.uexp" 672
"C:/Users/Admin/Desktop/MainProject/Mutants/Content/Characters/CableMan/Head/Sponge003.ubulk" 673
"C:/Users/Admin/Desktop/MainProject/Mutants/Content/Characters/CableMan/Head/Sponge003.uasset" 674
"C:/Users/Admin/Desktop/MainProject/Mutants/Content/Characters/CableMan/Head/Sponge003.uexp" 675
"C:/Users/Admin/Desktop/MainProject/Mutants/Content/Characters/CableMan/Head/Material_019.uasset" 676
"C:/Users/Admin/Desktop/MainProject/Mutants/Content/Characters/CableMan/Head/Material_019.uexp" 677
"C:/Users/Admin/Desktop/MainProject/Mutants/Content/Characters/CableMan/Head/Material_020.uasset" 678
"C:/Users/Admin/Desktop/MainProject/Mutants/Content/Characters/CableMan/Head/Material_020.uexp" 679
"C:/Users/Admin/Desktop/MainProject/Mutants/Content/Characters/CableMan/Head/72b1be06-a631-49ef-875c-147738075096.ubulk" 680
"C:/Users/Admin/Desktop/MainProject/Mutants/Content/Characters/CableMan/Head/72b1be06-a631-49ef-875c-147738075096.uasset" 681
"C:/Users/Admin/Desktop/MainProject/Mutants/Content/Characters/CableMan/Head/72b1be06-a631-49ef-875c-147738075096.uexp" 682
"C:/Users/Admin/Desktop/MainProject/Mutants/Content/Characters/CableMan/Head/Material_016.uasset" 683
"C:/Users/Admin/Desktop/MainProject/Mutants/Content/Characters/CableMan/Head/Material_016.uexp" 684
"../../../Engine/Content/EngineResources/DefaultTexture.ubulk" 685
"../../../Engine/Content/EngineResources/DefaultTexture.uasset" 686
"../../../Engine/Content/EngineResources/DefaultTexture.uexp" 687
"C:/Users/Admin/Desktop/MainProject/Mutants/Content/Characters/CableMan/Head/Material_018.uasset" 688
"C:/Users/Admin/Desktop/MainProject/Mutants/Content/Characters/CableMan/Head/Material_018.uexp" 689
"C:/Users/Admin/Desktop/MainProject/Mutants/Content/Characters/CableMan/Head/HeadCableM.ubulk" 690
"C:/Users/Admin/Desktop/MainProject/Mutants/Content/Characters/CableMan/Head/HeadCableM.uasset" 691
"C:/Users/Admin/Desktop/MainProject/Mutants/Content/Characters/CableMan/Head/HeadCableM.uexp" 692
"C:/Users/Admin/Desktop/MainProject/Mutants/Content/MainMenu/Icons/ShopItems/Spok/HandRightLower_Spok.ubulk" 693
"C:/Users/Admin/Desktop/MainProject/Mutants/Content/MainMenu/Icons/ShopItems/Spok/HandRightLower_Spok.uasset" 694
"C:/Users/Admin/Desktop/MainProject/Mutants/Content/MainMenu/Icons/ShopItems/Spok/HandRightLower_Spok.uexp" 695
"C:/Users/Admin/Desktop/MainProject/Mutants/Content/MainMenu/Icons/ShopItems/Spok/LegRightLower_Spok.ubulk" 696
"C:/Users/Admin/Desktop/MainProject/Mutants/Content/MainMenu/Icons/ShopItems/Spok/LegRightLower_Spok.uasset" 697
"C:/Users/Admin/Desktop/MainProject/Mutants/Content/MainMenu/Icons/ShopItems/Spok/LegRightLower_Spok.uexp" 698
"C:/Users/Admin/Desktop/MainProject/Mutants/Content/MainMenu/Icons/ShopItems/Uzbek/HandLeftUpper_Uzbek.ubulk" 699
"C:/Users/Admin/Desktop/MainProject/Mutants/Content/MainMenu/Icons/ShopItems/Uzbek/HandLeftUpper_Uzbek.uasset" 700
"C:/Users/Admin/Desktop/MainProject/Mutants/Content/MainMenu/Icons/ShopItems/Uzbek/HandLeftUpper_Uzbek.uexp" 701
"C:/Users/Admin/Desktop/MainProject/Mutants/Content/MutantParts/Structures/ST_PartConfig.uasset" 702
"C:/Users/Admin/Desktop/MainProject/Mutants/Content/MutantParts/Structures/ST_PartConfig.uexp" 703
"C:/Users/Admin/Desktop/MainProject/Mutants/Content/MainMenu/Icons/ShopItems/ForSaleStuff/Leg/LegRightLower_Cables.uasset" 704
"C:/Users/Admin/Desktop/MainProject/Mutants/Content/MainMenu/Icons/ShopItems/ForSaleStuff/Leg/LegRightLower_Cables.uexp" 705
"C:/Users/Admin/Desktop/MainProject/Mutants/Content/Characters/Goblin/HandRL_GoblinTex.ubulk" 706
"C:/Users/Admin/Desktop/MainProject/Mutants/Content/Characters/Goblin/HandRL_GoblinTex.uasset" 707
"C:/Users/Admin/Desktop/MainProject/Mutants/Content/Characters/Goblin/HandRL_GoblinTex.uexp" 708
"C:/Users/Admin/Desktop/MainProject/Mutants/Content/Characters/Goblin/HandRL.uasset" 709
"C:/Users/Admin/Desktop/MainProject/Mutants/Content/Characters/Goblin/HandRL.uexp" 710
"C:/Users/Admin/Desktop/MainProject/Mutants/Content/Characters/Goblin/HandRightLower_Goblin.ubulk" 711
"C:/Users/Admin/Desktop/MainProject/Mutants/Content/Characters/Goblin/HandRightLower_Goblin.uasset" 712
"C:/Users/Admin/Desktop/MainProject/Mutants/Content/Characters/Goblin/HandRightLower_Goblin.uexp" 713
"C:/Users/Admin/Desktop/MainProject/Mutants/Content/Characters/Uzbek/concrete_floor_painted_diff_1k.ubulk" 714
"C:/Users/Admin/Desktop/MainProject/Mutants/Content/Characters/Uzbek/concrete_floor_painted_diff_1k.uasset" 715
"C:/Users/Admin/Desktop/MainProject/Mutants/Content/Characters/Uzbek/concrete_floor_painted_diff_1k.uexp" 716
"C:/Users/Admin/Desktop/MainProject/Mutants/Content/Characters/Uzbek/Material_015.uasset" 717
"C:/Users/Admin/Desktop/MainProject/Mutants/Content/Characters/Uzbek/Material_015.uexp" 718
"C:/Users/Admin/Desktop/MainProject/Mutants/Content/Characters/Uzbek/Material_014.uasset" 719
"C:/Users/Admin/Desktop/MainProject/Mutants/Content/Characters/Uzbek/Material_014.uexp" 720
"C:/Users/Admin/Desktop/MainProject/Mutants/Content/Characters/Uzbek/Metal050B.ubulk" 721
"C:/Users/Admin/Desktop/MainProject/Mutants/Content/Characters/Uzbek/Metal050B.uasset" 722
"C:/Users/Admin/Desktop/MainProject/Mutants/Content/Characters/Uzbek/Metal050B.uexp" 723
"C:/Users/Admin/Desktop/MainProject/Mutants/Content/Characters/Uzbek/Material_009.uasset" 724
"C:/Users/Admin/Desktop/MainProject/Mutants/Content/Characters/Uzbek/Material_009.uexp" 725
"C:/Users/Admin/Desktop/MainProject/Mutants/Content/Characters/Uzbek/Material_013.uasset" 726
"C:/Users/Admin/Desktop/MainProject/Mutants/Content/Characters/Uzbek/Material_013.uexp" 727
"C:/Users/Admin/Desktop/MainProject/Mutants/Content/Characters/Uzbek/LegRightLower_UzbekM.ubulk" 728
"C:/Users/Admin/Desktop/MainProject/Mutants/Content/Characters/Uzbek/LegRightLower_UzbekM.uasset" 729
"C:/Users/Admin/Desktop/MainProject/Mutants/Content/Characters/Uzbek/LegRightLower_UzbekM.uexp" 730
"C:/Users/Admin/Desktop/MainProject/Mutants/Content/MainMenu/Icons/ShopItems/ForSaleStuff/Hand/HandRightUpper_Cable.uasset" 731
"C:/Users/Admin/Desktop/MainProject/Mutants/Content/MainMenu/Icons/ShopItems/ForSaleStuff/Hand/HandRightUpper_Cable.uexp" 732
"C:/Users/Admin/Desktop/MainProject/Mutants/Content/Characters/Goblin/LegRightUpper_GoblinTex.ubulk" 733
"C:/Users/Admin/Desktop/MainProject/Mutants/Content/Characters/Goblin/LegRightUpper_GoblinTex.uasset" 734
"C:/Users/Admin/Desktop/MainProject/Mutants/Content/Characters/Goblin/LegRightUpper_GoblinTex.uexp" 735
"C:/Users/Admin/Desktop/MainProject/Mutants/Content/Characters/Goblin/LegRU.uasset" 736
"C:/Users/Admin/Desktop/MainProject/Mutants/Content/Characters/Goblin/LegRU.uexp" 737
"C:/Users/Admin/Desktop/MainProject/Mutants/Content/Characters/Goblin/LegRightUpper_Goblin.ubulk" 738
"C:/Users/Admin/Desktop/MainProject/Mutants/Content/Characters/Goblin/LegRightUpper_Goblin.uasset" 739
"C:/Users/Admin/Desktop/MainProject/Mutants/Content/Characters/Goblin/LegRightUpper_Goblin.uexp" 740
"C:/Users/Admin/Desktop/MainProject/Mutants/Content/Characters/Uzbek/HandLeftUpperUzbekTex.ubulk" 741
"C:/Users/Admin/Desktop/MainProject/Mutants/Content/Characters/Uzbek/HandLeftUpperUzbekTex.uasset" 742
"C:/Users/Admin/Desktop/MainProject/Mutants/Content/Characters/Uzbek/HandLeftUpperUzbekTex.uexp" 743
"C:/Users/Admin/Desktop/MainProject/Mutants/Content/Characters/Uzbek/HandLUUzbek.uasset" 744
"C:/Users/Admin/Desktop/MainProject/Mutants/Content/Characters/Uzbek/HandLUUzbek.uexp" 745
"C:/Users/Admin/Desktop/MainProject/Mutants/Content/Characters/Uzbek/HandLeftUpper_UzbekM.ubulk" 746
"C:/Users/Admin/Desktop/MainProject/Mutants/Content/Characters/Uzbek/HandLeftUpper_UzbekM.uasset" 747
"C:/Users/Admin/Desktop/MainProject/Mutants/Content/Characters/Uzbek/HandLeftUpper_UzbekM.uexp" 748
"C:/Users/Admin/Desktop/MainProject/Mutants/Content/Characters/CableMan/Hands/6dda7cd9-9ff1-4c56-a534-d7a4b6cfb3f0.ubulk" 749
"C:/Users/Admin/Desktop/MainProject/Mutants/Content/Characters/CableMan/Hands/6dda7cd9-9ff1-4c56-a534-d7a4b6cfb3f0.uasset" 750
"C:/Users/Admin/Desktop/MainProject/Mutants/Content/Characters/CableMan/Hands/6dda7cd9-9ff1-4c56-a534-d7a4b6cfb3f0.uexp" 751
"C:/Users/Admin/Desktop/MainProject/Mutants/Content/Characters/CableMan/Hands/HandRightUpper_Cable.uasset" 752
"C:/Users/Admin/Desktop/MainProject/Mutants/Content/Characters/CableMan/Hands/HandRightUpper_Cable.uexp" 753
"C:/Users/Admin/Desktop/MainProject/Mutants/Content/Characters/CableMan/Hands/HandRightUpper_CableM.ubulk" 754
"C:/Users/Admin/Desktop/MainProject/Mutants/Content/Characters/CableMan/Hands/HandRightUpper_CableM.uasset" 755
"C:/Users/Admin/Desktop/MainProject/Mutants/Content/Characters/CableMan/Hands/HandRightUpper_CableM.uexp" 756
"C:/Users/Admin/Desktop/MainProject/Mutants/Content/Characters/Loh/FBX/HeadLohTex.ubulk" 757
"C:/Users/Admin/Desktop/MainProject/Mutants/Content/Characters/Loh/FBX/HeadLohTex.uasset" 758
"C:/Users/Admin/Desktop/MainProject/Mutants/Content/Characters/Loh/FBX/HeadLohTex.uexp" 759
"C:/Users/Admin/Desktop/MainProject/Mutants/Content/Characters/Loh/FBX/HeadLoh_001.uasset" 760
"C:/Users/Admin/Desktop/MainProject/Mutants/Content/Characters/Loh/FBX/HeadLoh_001.uexp" 761
"C:/Users/Admin/Desktop/MainProject/Mutants/Content/Characters/Loh/FBX/HeadLoh.ubulk" 762
"C:/Users/Admin/Desktop/MainProject/Mutants/Content/Characters/Loh/FBX/HeadLoh.uasset" 763
"C:/Users/Admin/Desktop/MainProject/Mutants/Content/Characters/Loh/FBX/HeadLoh.uexp" 764
"C:/Users/Admin/Desktop/MainProject/Mutants/Content/Characters/Store/Heads/MartianHeadTex.ubulk" 765
"C:/Users/Admin/Desktop/MainProject/Mutants/Content/Characters/Store/Heads/MartianHeadTex.uasset" 766
"C:/Users/Admin/Desktop/MainProject/Mutants/Content/Characters/Store/Heads/MartianHeadTex.uexp" 767
"C:/Users/Admin/Desktop/MainProject/Mutants/Content/Characters/Store/Heads/MartianHead.uasset" 768
"C:/Users/Admin/Desktop/MainProject/Mutants/Content/Characters/Store/Heads/MartianHead.uexp" 769
"C:/Users/Admin/Desktop/MainProject/Mutants/Content/Characters/Store/Heads/HeadMartianM.ubulk" 770
"C:/Users/Admin/Desktop/MainProject/Mutants/Content/Characters/Store/Heads/HeadMartianM.uasset" 771
"C:/Users/Admin/Desktop/MainProject/Mutants/Content/Characters/Store/Heads/HeadMartianM.uexp" 772
"C:/Users/Admin/Desktop/MainProject/Mutants/Content/Characters/Goblin/LegRightLowerGoblinTex.ubulk" 773
"C:/Users/Admin/Desktop/MainProject/Mutants/Content/Characters/Goblin/LegRightLowerGoblinTex.uasset" 774
"C:/Users/Admin/Desktop/MainProject/Mutants/Content/Characters/Goblin/LegRightLowerGoblinTex.uexp" 775
"C:/Users/Admin/Desktop/MainProject/Mutants/Content/Characters/Goblin/LegRLGoblin.uasset" 776
"C:/Users/Admin/Desktop/MainProject/Mutants/Content/Characters/Goblin/LegRLGoblin.uexp" 777
"C:/Users/Admin/Desktop/MainProject/Mutants/Content/Characters/Goblin/LegRightLowerGoblinM.ubulk" 778
"C:/Users/Admin/Desktop/MainProject/Mutants/Content/Characters/Goblin/LegRightLowerGoblinM.uasset" 779
"C:/Users/Admin/Desktop/MainProject/Mutants/Content/Characters/Goblin/LegRightLowerGoblinM.uexp" 780
"C:/Users/Admin/Desktop/MainProject/Mutants/Content/Characters/Store/Hands/Right/HandLower_ShovelTex.ubulk" 781
"C:/Users/Admin/Desktop/MainProject/Mutants/Content/Characters/Store/Hands/Right/HandLower_ShovelTex.uasset" 782
"C:/Users/Admin/Desktop/MainProject/Mutants/Content/Characters/Store/Hands/Right/HandLower_ShovelTex.uexp" 783
"C:/Users/Admin/Desktop/MainProject/Mutants/Content/Characters/Store/Hands/Right/HandLower_Shovel.uasset" 784
"C:/Users/Admin/Desktop/MainProject/Mutants/Content/Characters/Store/Hands/Right/HandLower_Shovel.uexp" 785
"C:/Users/Admin/Desktop/MainProject/Mutants/Content/Characters/Store/Hands/Right/HandLower_ShovelM.ubulk" 786
"C:/Users/Admin/Desktop/MainProject/Mutants/Content/Characters/Store/Hands/Right/HandLower_ShovelM.uasset" 787
"C:/Users/Admin/Desktop/MainProject/Mutants/Content/Characters/Store/Hands/Right/HandLower_ShovelM.uexp" 788
"C:/Users/Admin/Desktop/MainProject/Mutants/Content/Characters/Spok/TorsoSpokTex.ubulk" 789
"C:/Users/Admin/Desktop/MainProject/Mutants/Content/Characters/Spok/TorsoSpokTex.uasset" 790
"C:/Users/Admin/Desktop/MainProject/Mutants/Content/Characters/Spok/TorsoSpokTex.uexp" 791
"C:/Users/Admin/Desktop/MainProject/Mutants/Content/Characters/Spok/TorsoSpok_001.uasset" 792
"C:/Users/Admin/Desktop/MainProject/Mutants/Content/Characters/Spok/TorsoSpok_001.uexp" 793
"C:/Users/Admin/Desktop/MainProject/Mutants/Content/Characters/Spok/Torso_SpokM.ubulk" 794
"C:/Users/Admin/Desktop/MainProject/Mutants/Content/Characters/Spok/Torso_SpokM.uasset" 795
"C:/Users/Admin/Desktop/MainProject/Mutants/Content/Characters/Spok/Torso_SpokM.uexp" 796
"C:/Users/Admin/Desktop/MainProject/Mutants/Content/Characters/Store/Hands/Right/HandRightUpperRoboTex.ubulk" 797
"C:/Users/Admin/Desktop/MainProject/Mutants/Content/Characters/Store/Hands/Right/HandRightUpperRoboTex.uasset" 798
"C:/Users/Admin/Desktop/MainProject/Mutants/Content/Characters/Store/Hands/Right/HandRightUpperRoboTex.uexp" 799
"C:/Users/Admin/Desktop/MainProject/Mutants/Content/Characters/Store/Hands/Right/HandRightUpperRobo.uasset" 800
"C:/Users/Admin/Desktop/MainProject/Mutants/Content/Characters/Store/Hands/Right/HandRightUpperRobo.uexp" 801
"C:/Users/Admin/Desktop/MainProject/Mutants/Content/Characters/Store/Hands/Right/HandRightUpperRoboM.ubulk" 802
"C:/Users/Admin/Desktop/MainProject/Mutants/Content/Characters/Store/Hands/Right/HandRightUpperRoboM.uasset" 803
"C:/Users/Admin/Desktop/MainProject/Mutants/Content/Characters/Store/Hands/Right/HandRightUpperRoboM.uexp" 804
"C:/Users/Admin/Desktop/MainProject/Mutants/Content/MainMenu/Icons/ShopItems/Loh/LegLeftUpper_Loh.ubulk" 805
"C:/Users/Admin/Desktop/MainProject/Mutants/Content/MainMenu/Icons/ShopItems/Loh/LegLeftUpper_Loh.uasset" 806
"C:/Users/Admin/Desktop/MainProject/Mutants/Content/MainMenu/Icons/ShopItems/Loh/LegLeftUpper_Loh.uexp" 807
"C:/Users/Admin/Desktop/MainProject/Mutants/Content/Characters/Goblin/HandLeftUpper_GoblinTex.ubulk" 808
"C:/Users/Admin/Desktop/MainProject/Mutants/Content/Characters/Goblin/HandLeftUpper_GoblinTex.uasset" 809
"C:/Users/Admin/Desktop/MainProject/Mutants/Content/Characters/Goblin/HandLeftUpper_GoblinTex.uexp" 810
"C:/Users/Admin/Desktop/MainProject/Mutants/Content/Characters/Goblin/HandLU.uasset" 811
"C:/Users/Admin/Desktop/MainProject/Mutants/Content/Characters/Goblin/HandLU.uexp" 812
"C:/Users/Admin/Desktop/MainProject/Mutants/Content/Characters/Goblin/HandLeftUpper_Goblin.ubulk" 813
"C:/Users/Admin/Desktop/MainProject/Mutants/Content/Characters/Goblin/HandLeftUpper_Goblin.uasset" 814
"C:/Users/Admin/Desktop/MainProject/Mutants/Content/Characters/Goblin/HandLeftUpper_Goblin.uexp" 815
"C:/Users/Admin/Desktop/MainProject/Mutants/Content/Characters/CableMan/Hands/HandLeftLower_Cable2.uasset" 816
"C:/Users/Admin/Desktop/MainProject/Mutants/Content/Characters/CableMan/Hands/HandLeftLower_Cable2.uexp" 817
"C:/Users/Admin/Desktop/MainProject/Mutants/Content/Characters/CableMan/Hands/MetalPlates006.ubulk" 818
"C:/Users/Admin/Desktop/MainProject/Mutants/Content/Characters/CableMan/Hands/MetalPlates006.uasset" 819
"C:/Users/Admin/Desktop/MainProject/Mutants/Content/Characters/CableMan/Hands/MetalPlates006.uexp" 820
"C:/Users/Admin/Desktop/MainProject/Mutants/Content/Characters/CableMan/Hands/HandLeftLower_Cable3.uasset" 821
"C:/Users/Admin/Desktop/MainProject/Mutants/Content/Characters/CableMan/Hands/HandLeftLower_Cable3.uexp" 822
"C:/Users/Admin/Desktop/MainProject/Mutants/Content/Characters/CableMan/Hands/HandLeftLower_Cable1.uasset" 823
"C:/Users/Admin/Desktop/MainProject/Mutants/Content/Characters/CableMan/Hands/HandLeftLower_Cable1.uexp" 824
"C:/Users/Admin/Desktop/MainProject/Mutants/Content/Characters/CableMan/Hands/HandLeftLower_CableM.ubulk" 825
"C:/Users/Admin/Desktop/MainProject/Mutants/Content/Characters/CableMan/Hands/HandLeftLower_CableM.uasset" 826
"C:/Users/Admin/Desktop/MainProject/Mutants/Content/Characters/CableMan/Hands/HandLeftLower_CableM.uexp" 827
"C:/Users/Admin/Desktop/MainProject/Mutants/Content/MainMenu/Icons/ShopItems/Loh/Head_Loh.ubulk" 828
"C:/Users/Admin/Desktop/MainProject/Mutants/Content/MainMenu/Icons/ShopItems/Loh/Head_Loh.uasset" 829
"C:/Users/Admin/Desktop/MainProject/Mutants/Content/MainMenu/Icons/ShopItems/Loh/Head_Loh.uexp" 830
"C:/Users/Admin/Desktop/MainProject/Mutants/Content/MainMenu/Icons/ShopItems/Loh/HandLeftLower_Loh.ubulk" 831
"C:/Users/Admin/Desktop/MainProject/Mutants/Content/MainMenu/Icons/ShopItems/Loh/HandLeftLower_Loh.uasset" 832
"C:/Users/Admin/Desktop/MainProject/Mutants/Content/MainMenu/Icons/ShopItems/Loh/HandLeftLower_Loh.uexp" 833
"C:/Users/Admin/Desktop/MainProject/Mutants/Content/Characters/Spok/LegLeftUpperSpokTex.ubulk" 834
"C:/Users/Admin/Desktop/MainProject/Mutants/Content/Characters/Spok/LegLeftUpperSpokTex.uasset" 835
"C:/Users/Admin/Desktop/MainProject/Mutants/Content/Characters/Spok/LegLeftUpperSpokTex.uexp" 836
"C:/Users/Admin/Desktop/MainProject/Mutants/Content/Characters/Spok/HandLeftUpper_Spok.uasset" 837
"C:/Users/Admin/Desktop/MainProject/Mutants/Content/Characters/Spok/HandLeftUpper_Spok.uexp" 838
"C:/Users/Admin/Desktop/MainProject/Mutants/Content/Characters/Spok/HandLeftUpperSpokM.ubulk" 839
"C:/Users/Admin/Desktop/MainProject/Mutants/Content/Characters/Spok/HandLeftUpperSpokM.uasset" 840
"C:/Users/Admin/Desktop/MainProject/Mutants/Content/Characters/Spok/HandLeftUpperSpokM.uexp" 841
"C:/Users/Admin/Desktop/MainProject/Mutants/Content/Characters/Loh/FBX/TorsoLohTex.ubulk" 842
"C:/Users/Admin/Desktop/MainProject/Mutants/Content/Characters/Loh/FBX/TorsoLohTex.uasset" 843
"C:/Users/Admin/Desktop/MainProject/Mutants/Content/Characters/Loh/FBX/TorsoLohTex.uexp" 844
"C:/Users/Admin/Desktop/MainProject/Mutants/Content/Characters/Loh/FBX/TorsoLoh_001.uasset" 845
"C:/Users/Admin/Desktop/MainProject/Mutants/Content/Characters/Loh/FBX/TorsoLoh_001.uexp" 846
"C:/Users/Admin/Desktop/MainProject/Mutants/Content/Characters/Loh/FBX/TorsoLoh.ubulk" 847
"C:/Users/Admin/Desktop/MainProject/Mutants/Content/Characters/Loh/FBX/TorsoLoh.uasset" 848
"C:/Users/Admin/Desktop/MainProject/Mutants/Content/Characters/Loh/FBX/TorsoLoh.uexp" 849
"C:/Users/Admin/Desktop/MainProject/Mutants/Content/MainMenu/Icons/ShopItems/ForSaleStuff/Head/HeadCable.ubulk" 850
"C:/Users/Admin/Desktop/MainProject/Mutants/Content/MainMenu/Icons/ShopItems/ForSaleStuff/Head/HeadCable.uasset" 851
"C:/Users/Admin/Desktop/MainProject/Mutants/Content/MainMenu/Icons/ShopItems/ForSaleStuff/Head/HeadCable.uexp" 852
"C:/Users/Admin/Desktop/MainProject/Mutants/Content/Characters/Store/Torsos/mannequin_color.ubulk" 853
"C:/Users/Admin/Desktop/MainProject/Mutants/Content/Characters/Store/Torsos/mannequin_color.uasset" 854
"C:/Users/Admin/Desktop/MainProject/Mutants/Content/Characters/Store/Torsos/mannequin_color.uexp" 855
"C:/Users/Admin/Desktop/MainProject/Mutants/Content/Characters/Store/Torsos/mannequin.uasset" 856
"C:/Users/Admin/Desktop/MainProject/Mutants/Content/Characters/Store/Torsos/mannequin.uexp" 857
"C:/Users/Admin/Desktop/MainProject/Mutants/Content/Characters/Store/Torsos/Mannequin_Torso.ubulk" 858
"C:/Users/Admin/Desktop/MainProject/Mutants/Content/Characters/Store/Torsos/Mannequin_Torso.uasset" 859
"C:/Users/Admin/Desktop/MainProject/Mutants/Content/Characters/Store/Torsos/Mannequin_Torso.uexp" 860
"C:/Users/Admin/Desktop/MainProject/Mutants/Content/MainMenu/Icons/ShopItems/ForSaleStuff/Leg/LegLeftLower_Cable.ubulk" 861
"C:/Users/Admin/Desktop/MainProject/Mutants/Content/MainMenu/Icons/ShopItems/ForSaleStuff/Leg/LegLeftLower_Cable.uasset" 862
"C:/Users/Admin/Desktop/MainProject/Mutants/Content/MainMenu/Icons/ShopItems/ForSaleStuff/Leg/LegLeftLower_Cable.uexp" 863
"C:/Users/Admin/Desktop/MainProject/Mutants/Content/MainMenu/Icons/ShopItems/Uzbek/LegLeftLower_Uzbek.ubulk" 864
"C:/Users/Admin/Desktop/MainProject/Mutants/Content/MainMenu/Icons/ShopItems/Uzbek/LegLeftLower_Uzbek.uasset" 865
"C:/Users/Admin/Desktop/MainProject/Mutants/Content/MainMenu/Icons/ShopItems/Uzbek/LegLeftLower_Uzbek.uexp" 866
"C:/Users/Admin/Desktop/MainProject/Mutants/Content/Characters/Uzbek/LegLeftUpperUzbekTex.ubulk" 867
"C:/Users/Admin/Desktop/MainProject/Mutants/Content/Characters/Uzbek/LegLeftUpperUzbekTex.uasset" 868
"C:/Users/Admin/Desktop/MainProject/Mutants/Content/Characters/Uzbek/LegLeftUpperUzbekTex.uexp" 869
"C:/Users/Admin/Desktop/MainProject/Mutants/Content/Characters/Uzbek/LegLUUzbek.uasset" 870
"C:/Users/Admin/Desktop/MainProject/Mutants/Content/Characters/Uzbek/LegLUUzbek.uexp" 871
"C:/Users/Admin/Desktop/MainProject/Mutants/Content/Characters/Uzbek/LegLeftUpper_UzbekM.ubulk" 872
"C:/Users/Admin/Desktop/MainProject/Mutants/Content/Characters/Uzbek/LegLeftUpper_UzbekM.uasset" 873
"C:/Users/Admin/Desktop/MainProject/Mutants/Content/Characters/Uzbek/LegLeftUpper_UzbekM.uexp" 874
"C:/Users/Admin/Desktop/MainProject/Mutants/Content/Characters/Uzbek/Metal062C.ubulk" 875
"C:/Users/Admin/Desktop/MainProject/Mutants/Content/Characters/Uzbek/Metal062C.uasset" 876
"C:/Users/Admin/Desktop/MainProject/Mutants/Content/Characters/Uzbek/Metal062C.uexp" 877
"C:/Users/Admin/Desktop/MainProject/Mutants/Content/Characters/Uzbek/Material_001.uasset" 878
"C:/Users/Admin/Desktop/MainProject/Mutants/Content/Characters/Uzbek/Material_001.uexp" 879
"C:/Users/Admin/Desktop/MainProject/Mutants/Content/Characters/Uzbek/LegRightUpper_UzbekM.ubulk" 880
"C:/Users/Admin/Desktop/MainProject/Mutants/Content/Characters/Uzbek/LegRightUpper_UzbekM.uasset" 881
"C:/Users/Admin/Desktop/MainProject/Mutants/Content/Characters/Uzbek/LegRightUpper_UzbekM.uexp" 882
"C:/Users/Admin/Desktop/MainProject/Mutants/Content/MainMenu/Icons/ShopItems/Goblin/Torso_Goblin.ubulk" 883
"C:/Users/Admin/Desktop/MainProject/Mutants/Content/MainMenu/Icons/ShopItems/Goblin/Torso_Goblin.uasset" 884
"C:/Users/Admin/Desktop/MainProject/Mutants/Content/MainMenu/Icons/ShopItems/Goblin/Torso_Goblin.uexp" 885
"C:/Users/Admin/Desktop/MainProject/Mutants/Content/Characters/Store/Legs/LegLowerFormsTex.ubulk" 886
"C:/Users/Admin/Desktop/MainProject/Mutants/Content/Characters/Store/Legs/LegLowerFormsTex.uasset" 887
"C:/Users/Admin/Desktop/MainProject/Mutants/Content/Characters/Store/Legs/LegLowerFormsTex.uexp" 888
"C:/Users/Admin/Desktop/MainProject/Mutants/Content/Characters/Store/Legs/LegLowerForms.uasset" 889
"C:/Users/Admin/Desktop/MainProject/Mutants/Content/Characters/Store/Legs/LegLowerForms.uexp" 890
"C:/Users/Admin/Desktop/MainProject/Mutants/Content/Characters/Store/Legs/LegLowerFormsM.ubulk" 891
"C:/Users/Admin/Desktop/MainProject/Mutants/Content/Characters/Store/Legs/LegLowerFormsM.uasset" 892
"C:/Users/Admin/Desktop/MainProject/Mutants/Content/Characters/Store/Legs/LegLowerFormsM.uexp" 893
"C:/Users/Admin/Desktop/MainProject/Mutants/Content/Characters/Uzbek/Wood075.ubulk" 894
"C:/Users/Admin/Desktop/MainProject/Mutants/Content/Characters/Uzbek/Wood075.uasset" 895
"C:/Users/Admin/Desktop/MainProject/Mutants/Content/Characters/Uzbek/Wood075.uexp" 896
"C:/Users/Admin/Desktop/MainProject/Mutants/Content/Characters/Uzbek/Material_039.uasset" 897
"C:/Users/Admin/Desktop/MainProject/Mutants/Content/Characters/Uzbek/Material_039.uexp" 898
"C:/Users/Admin/Desktop/MainProject/Mutants/Content/Characters/Uzbek/LegLeftLowerUzbekM.ubulk" 899
"C:/Users/Admin/Desktop/MainProject/Mutants/Content/Characters/Uzbek/LegLeftLowerUzbekM.uasset" 900
"C:/Users/Admin/Desktop/MainProject/Mutants/Content/Characters/Uzbek/LegLeftLowerUzbekM.uexp" 901
"C:/Users/Admin/Desktop/MainProject/Mutants/Content/Characters/Store/Heads/CatHeadTex.ubulk" 902
"C:/Users/Admin/Desktop/MainProject/Mutants/Content/Characters/Store/Heads/CatHeadTex.uasset" 903
"C:/Users/Admin/Desktop/MainProject/Mutants/Content/Characters/Store/Heads/CatHeadTex.uexp" 904
"C:/Users/Admin/Desktop/MainProject/Mutants/Content/Characters/Store/Heads/CatHead.uasset" 905
"C:/Users/Admin/Desktop/MainProject/Mutants/Content/Characters/Store/Heads/CatHead.uexp" 906
"C:/Users/Admin/Desktop/MainProject/Mutants/Content/Characters/Store/Heads/CatHeadM.ubulk" 907
"C:/Users/Admin/Desktop/MainProject/Mutants/Content/Characters/Store/Heads/CatHeadM.uasset" 908
"C:/Users/Admin/Desktop/MainProject/Mutants/Content/Characters/Store/Heads/CatHeadM.uexp" 909
"C:/Users/Admin/Desktop/MainProject/Mutants/Content/ThirdPerson/Blueprints/ST_BodyParts.uasset" 910
"C:/Users/Admin/Desktop/MainProject/Mutants/Content/ThirdPerson/Blueprints/ST_BodyParts.uexp" 911
"C:/Users/Admin/Desktop/MainProject/Mutants/Content/MainMenu/Icons/ShopItems/Spok/HandLeftUpper_Spok.ubulk" 912
"C:/Users/Admin/Desktop/MainProject/Mutants/Content/MainMenu/Icons/ShopItems/Spok/HandLeftUpper_Spok.uasset" 913
"C:/Users/Admin/Desktop/MainProject/Mutants/Content/MainMenu/Icons/ShopItems/Spok/HandLeftUpper_Spok.uexp" 914
"C:/Users/Admin/Desktop/MainProject/Mutants/Content/Characters/CableMan/Hands/photo_2025-07-18_15-58-41.uasset" 915
"C:/Users/Admin/Desktop/MainProject/Mutants/Content/Characters/CableMan/Hands/photo_2025-07-18_15-58-41.uexp" 916
"C:/Users/Admin/Desktop/MainProject/Mutants/Content/Characters/CableMan/Hands/HandRightLower_Cable2.uasset" 917
"C:/Users/Admin/Desktop/MainProject/Mutants/Content/Characters/CableMan/Hands/HandRightLower_Cable2.uexp" 918
"C:/Users/Admin/Desktop/MainProject/Mutants/Content/Characters/CableMan/Hands/DiamondPlate008D.ubulk" 919
"C:/Users/Admin/Desktop/MainProject/Mutants/Content/Characters/CableMan/Hands/DiamondPlate008D.uasset" 920
"C:/Users/Admin/Desktop/MainProject/Mutants/Content/Characters/CableMan/Hands/DiamondPlate008D.uexp" 921
"C:/Users/Admin/Desktop/MainProject/Mutants/Content/Characters/CableMan/Hands/HandRightLower_Cable11.uasset" 922
"C:/Users/Admin/Desktop/MainProject/Mutants/Content/Characters/CableMan/Hands/HandRightLower_Cable11.uexp" 923
"C:/Users/Admin/Desktop/MainProject/Mutants/Content/Characters/CableMan/Hands/Metal049C.ubulk" 924
"C:/Users/Admin/Desktop/MainProject/Mutants/Content/Characters/CableMan/Hands/Metal049C.uasset" 925
"C:/Users/Admin/Desktop/MainProject/Mutants/Content/Characters/CableMan/Hands/Metal049C.uexp" 926
"C:/Users/Admin/Desktop/MainProject/Mutants/Content/Characters/CableMan/Hands/HandRightLower_Cable15.uasset" 927
"C:/Users/Admin/Desktop/MainProject/Mutants/Content/Characters/CableMan/Hands/HandRightLower_Cable15.uexp" 928
"C:/Users/Admin/Desktop/MainProject/Mutants/Content/Characters/CableMan/Hands/Metal047A.ubulk" 929
"C:/Users/Admin/Desktop/MainProject/Mutants/Content/Characters/CableMan/Hands/Metal047A.uasset" 930
"C:/Users/Admin/Desktop/MainProject/Mutants/Content/Characters/CableMan/Hands/Metal047A.uexp" 931
"C:/Users/Admin/Desktop/MainProject/Mutants/Content/Characters/CableMan/Hands/HandRightLower_Cable14.uasset" 932
"C:/Users/Admin/Desktop/MainProject/Mutants/Content/Characters/CableMan/Hands/HandRightLower_Cable14.uexp" 933
"C:/Users/Admin/Desktop/MainProject/Mutants/Content/Characters/CableMan/Hands/HandRightLower_Cable8.uasset" 934
"C:/Users/Admin/Desktop/MainProject/Mutants/Content/Characters/CableMan/Hands/HandRightLower_Cable8.uexp" 935
"C:/Users/Admin/Desktop/MainProject/Mutants/Content/Characters/CableMan/Hands/HandRightLower_Cable4.uasset" 936
"C:/Users/Admin/Desktop/MainProject/Mutants/Content/Characters/CableMan/Hands/HandRightLower_Cable4.uexp" 937
"C:/Users/Admin/Desktop/MainProject/Mutants/Content/Characters/CableMan/Hands/HandRightLower_Cable7.uasset" 938
"C:/Users/Admin/Desktop/MainProject/Mutants/Content/Characters/CableMan/Hands/HandRightLower_Cable7.uexp" 939
"C:/Users/Admin/Desktop/MainProject/Mutants/Content/Characters/CableMan/Hands/HandRightLower_Cable5.uasset" 940
"C:/Users/Admin/Desktop/MainProject/Mutants/Content/Characters/CableMan/Hands/HandRightLower_Cable5.uexp" 941
"C:/Users/Admin/Desktop/MainProject/Mutants/Content/Characters/CableMan/Hands/HandRightLower_Cable9.uasset" 942
"C:/Users/Admin/Desktop/MainProject/Mutants/Content/Characters/CableMan/Hands/HandRightLower_Cable9.uexp" 943
"C:/Users/Admin/Desktop/MainProject/Mutants/Content/Characters/CableMan/Hands/HandRightLower_Cable10.uasset" 944
"C:/Users/Admin/Desktop/MainProject/Mutants/Content/Characters/CableMan/Hands/HandRightLower_Cable10.uexp" 945
"C:/Users/Admin/Desktop/MainProject/Mutants/Content/Characters/CableMan/Hands/c7e704ac-f7e1-4cef-8915-f6d86afdc3f4.ubulk" 946
"C:/Users/Admin/Desktop/MainProject/Mutants/Content/Characters/CableMan/Hands/c7e704ac-f7e1-4cef-8915-f6d86afdc3f4.uasset" 947
"C:/Users/Admin/Desktop/MainProject/Mutants/Content/Characters/CableMan/Hands/c7e704ac-f7e1-4cef-8915-f6d86afdc3f4.uexp" 948
"C:/Users/Admin/Desktop/MainProject/Mutants/Content/Characters/CableMan/Hands/HandRightLower_Cable13.uasset" 949
"C:/Users/Admin/Desktop/MainProject/Mutants/Content/Characters/CableMan/Hands/HandRightLower_Cable13.uexp" 950
"C:/Users/Admin/Desktop/MainProject/Mutants/Content/Characters/CableMan/Hands/MetalPlates012.ubulk" 951
"C:/Users/Admin/Desktop/MainProject/Mutants/Content/Characters/CableMan/Hands/MetalPlates012.uasset" 952
"C:/Users/Admin/Desktop/MainProject/Mutants/Content/Characters/CableMan/Hands/MetalPlates012.uexp" 953
"C:/Users/Admin/Desktop/MainProject/Mutants/Content/Characters/CableMan/Hands/HandRightLower_Cable12.uasset" 954
"C:/Users/Admin/Desktop/MainProject/Mutants/Content/Characters/CableMan/Hands/HandRightLower_Cable12.uexp" 955
"C:/Users/Admin/Desktop/MainProject/Mutants/Content/Characters/CableMan/Hands/HandRightLower_Cable1.uasset" 956
"C:/Users/Admin/Desktop/MainProject/Mutants/Content/Characters/CableMan/Hands/HandRightLower_Cable1.uexp" 957
"C:/Users/Admin/Desktop/MainProject/Mutants/Content/Characters/CableMan/Hands/HandRightLower_Cable3.uasset" 958
"C:/Users/Admin/Desktop/MainProject/Mutants/Content/Characters/CableMan/Hands/HandRightLower_Cable3.uexp" 959
"C:/Users/Admin/Desktop/MainProject/Mutants/Content/Characters/CableMan/Hands/HandRightLower_Cable6.uasset" 960
"C:/Users/Admin/Desktop/MainProject/Mutants/Content/Characters/CableMan/Hands/HandRightLower_Cable6.uexp" 961
"C:/Users/Admin/Desktop/MainProject/Mutants/Content/Characters/CableMan/Hands/HandRightLower_CableM.ubulk" 962
"C:/Users/Admin/Desktop/MainProject/Mutants/Content/Characters/CableMan/Hands/HandRightLower_CableM.uasset" 963
"C:/Users/Admin/Desktop/MainProject/Mutants/Content/Characters/CableMan/Hands/HandRightLower_CableM.uexp" 964
"C:/Users/Admin/Desktop/MainProject/Mutants/Content/Characters/Store/Heads/MashroomHeadTex.ubulk" 965
"C:/Users/Admin/Desktop/MainProject/Mutants/Content/Characters/Store/Heads/MashroomHeadTex.uasset" 966
"C:/Users/Admin/Desktop/MainProject/Mutants/Content/Characters/Store/Heads/MashroomHeadTex.uexp" 967
"C:/Users/Admin/Desktop/MainProject/Mutants/Content/Characters/Store/Heads/MashroomHead.uasset" 968
"C:/Users/Admin/Desktop/MainProject/Mutants/Content/Characters/Store/Heads/MashroomHead.uexp" 969
"C:/Users/Admin/Desktop/MainProject/Mutants/Content/Characters/Store/Heads/MashroomHeadM.ubulk" 970
"C:/Users/Admin/Desktop/MainProject/Mutants/Content/Characters/Store/Heads/MashroomHeadM.uasset" 971
"C:/Users/Admin/Desktop/MainProject/Mutants/Content/Characters/Store/Heads/MashroomHeadM.uexp" 972
"C:/Users/Admin/Desktop/MainProject/Mutants/Content/MainMenu/Icons/ShopItems/Uzbek/LegLeftUpper_Uzbek.ubulk" 973
"C:/Users/Admin/Desktop/MainProject/Mutants/Content/MainMenu/Icons/ShopItems/Uzbek/LegLeftUpper_Uzbek.uasset" 974
"C:/Users/Admin/Desktop/MainProject/Mutants/Content/MainMenu/Icons/ShopItems/Uzbek/LegLeftUpper_Uzbek.uexp" 975
"C:/Users/Admin/Desktop/MainProject/Mutants/Content/Characters/Store/Legs/stand_roughness.ubulk" 976
"C:/Users/Admin/Desktop/MainProject/Mutants/Content/Characters/Store/Legs/stand_roughness.uasset" 977
"C:/Users/Admin/Desktop/MainProject/Mutants/Content/Characters/Store/Legs/stand_roughness.uexp" 978
"C:/Users/Admin/Desktop/MainProject/Mutants/Content/Characters/Store/Legs/stand_color.ubulk" 979
"C:/Users/Admin/Desktop/MainProject/Mutants/Content/Characters/Store/Legs/stand_color.uasset" 980
"C:/Users/Admin/Desktop/MainProject/Mutants/Content/Characters/Store/Legs/stand_color.uexp" 981
"C:/Users/Admin/Desktop/MainProject/Mutants/Content/Characters/Store/Legs/stand.uasset" 982
"C:/Users/Admin/Desktop/MainProject/Mutants/Content/Characters/Store/Legs/stand.uexp" 983
"C:/Users/Admin/Desktop/MainProject/Mutants/Content/Characters/Store/Legs/LegLowerStandM.ubulk" 984
"C:/Users/Admin/Desktop/MainProject/Mutants/Content/Characters/Store/Legs/LegLowerStandM.uasset" 985
"C:/Users/Admin/Desktop/MainProject/Mutants/Content/Characters/Store/Legs/LegLowerStandM.uexp" 986
"C:/Users/Admin/Desktop/MainProject/Mutants/Content/Characters/Goblin/LegLeftLower_GoblinTex.ubulk" 987
"C:/Users/Admin/Desktop/MainProject/Mutants/Content/Characters/Goblin/LegLeftLower_GoblinTex.uasset" 988
"C:/Users/Admin/Desktop/MainProject/Mutants/Content/Characters/Goblin/LegLeftLower_GoblinTex.uexp" 989
"C:/Users/Admin/Desktop/MainProject/Mutants/Content/Characters/Goblin/LegLL.uasset" 990
"C:/Users/Admin/Desktop/MainProject/Mutants/Content/Characters/Goblin/LegLL.uexp" 991
"C:/Users/Admin/Desktop/MainProject/Mutants/Content/Characters/Goblin/LegLeftLower_Goblin.ubulk" 992
"C:/Users/Admin/Desktop/MainProject/Mutants/Content/Characters/Goblin/LegLeftLower_Goblin.uasset" 993
"C:/Users/Admin/Desktop/MainProject/Mutants/Content/Characters/Goblin/LegLeftLower_Goblin.uexp" 994
"C:/Users/Admin/Desktop/MainProject/Mutants/Content/Characters/Uzbek/Metal053A.ubulk" 995
"C:/Users/Admin/Desktop/MainProject/Mutants/Content/Characters/Uzbek/Metal053A.uasset" 996
"C:/Users/Admin/Desktop/MainProject/Mutants/Content/Characters/Uzbek/Metal053A.uexp" 997
"C:/Users/Admin/Desktop/MainProject/Mutants/Content/Characters/Uzbek/HeadUzbek_001.uasset" 998
"C:/Users/Admin/Desktop/MainProject/Mutants/Content/Characters/Uzbek/HeadUzbek_001.uexp" 999
"C:/Users/Admin/Desktop/MainProject/Mutants/Content/Characters/Uzbek/Eye2UzbekTex.ubulk" 1000
"C:/Users/Admin/Desktop/MainProject/Mutants/Content/Characters/Uzbek/Eye2UzbekTex.uasset" 1001
"C:/Users/Admin/Desktop/MainProject/Mutants/Content/Characters/Uzbek/Eye2UzbekTex.uexp" 1002
"C:/Users/Admin/Desktop/MainProject/Mutants/Content/Characters/Uzbek/Eye2Uzbek.uasset" 1003
"C:/Users/Admin/Desktop/MainProject/Mutants/Content/Characters/Uzbek/Eye2Uzbek.uexp" 1004
"C:/Users/Admin/Desktop/MainProject/Mutants/Content/Characters/Uzbek/MouthUzbekTex.ubulk" 1005
"C:/Users/Admin/Desktop/MainProject/Mutants/Content/Characters/Uzbek/MouthUzbekTex.uasset" 1006
"C:/Users/Admin/Desktop/MainProject/Mutants/Content/Characters/Uzbek/MouthUzbekTex.uexp" 1007
"C:/Users/Admin/Desktop/MainProject/Mutants/Content/Characters/Uzbek/MouthUzbek.uasset" 1008
"C:/Users/Admin/Desktop/MainProject/Mutants/Content/Characters/Uzbek/MouthUzbek.uexp" 1009
"C:/Users/Admin/Desktop/MainProject/Mutants/Content/Characters/Uzbek/Eye3UzbekTex.ubulk" 1010
"C:/Users/Admin/Desktop/MainProject/Mutants/Content/Characters/Uzbek/Eye3UzbekTex.uasset" 1011
"C:/Users/Admin/Desktop/MainProject/Mutants/Content/Characters/Uzbek/Eye3UzbekTex.uexp" 1012
"C:/Users/Admin/Desktop/MainProject/Mutants/Content/Characters/Uzbek/Eye3Uzbek.uasset" 1013
"C:/Users/Admin/Desktop/MainProject/Mutants/Content/Characters/Uzbek/Eye3Uzbek.uexp" 1014
"C:/Users/Admin/Desktop/MainProject/Mutants/Content/Characters/Uzbek/Eye1UzbekTex.ubulk" 1015
"C:/Users/Admin/Desktop/MainProject/Mutants/Content/Characters/Uzbek/Eye1UzbekTex.uasset" 1016
"C:/Users/Admin/Desktop/MainProject/Mutants/Content/Characters/Uzbek/Eye1UzbekTex.uexp" 1017
"C:/Users/Admin/Desktop/MainProject/Mutants/Content/Characters/Uzbek/Eye1Uzbek.uasset" 1018
"C:/Users/Admin/Desktop/MainProject/Mutants/Content/Characters/Uzbek/Eye1Uzbek.uexp" 1019
"C:/Users/Admin/Desktop/MainProject/Mutants/Content/Characters/Uzbek/Head_UzbekM.ubulk" 1020
"C:/Users/Admin/Desktop/MainProject/Mutants/Content/Characters/Uzbek/Head_UzbekM.uasset" 1021
"C:/Users/Admin/Desktop/MainProject/Mutants/Content/Characters/Uzbek/Head_UzbekM.uexp" 1022
"C:/Users/Admin/Desktop/MainProject/Mutants/Content/MainMenu/Icons/ShopItems/Uzbek/LegRightUpper_Uzbek.uasset" 1023
"C:/Users/Admin/Desktop/MainProject/Mutants/Content/MainMenu/Icons/ShopItems/Uzbek/LegRightUpper_Uzbek.uexp" 1024
"C:/Users/Admin/Desktop/MainProject/Mutants/Content/MainMenu/Icons/ShopItems/ForSaleStuff/Hand/HandRightUpperRoboM.ubulk" 1025
"C:/Users/Admin/Desktop/MainProject/Mutants/Content/MainMenu/Icons/ShopItems/ForSaleStuff/Hand/HandRightUpperRoboM.uasset" 1026
"C:/Users/Admin/Desktop/MainProject/Mutants/Content/MainMenu/Icons/ShopItems/ForSaleStuff/Hand/HandRightUpperRoboM.uexp" 1027
"C:/Users/Admin/Desktop/MainProject/Mutants/Content/Characters/Loh/FBX/LegRightLowerLohTex.ubulk" 1028
"C:/Users/Admin/Desktop/MainProject/Mutants/Content/Characters/Loh/FBX/LegRightLowerLohTex.uasset" 1029
"C:/Users/Admin/Desktop/MainProject/Mutants/Content/Characters/Loh/FBX/LegRightLowerLohTex.uexp" 1030
"C:/Users/Admin/Desktop/MainProject/Mutants/Content/Characters/Loh/FBX/LegRLLoh_001.uasset" 1031
"C:/Users/Admin/Desktop/MainProject/Mutants/Content/Characters/Loh/FBX/LegRLLoh_001.uexp" 1032
"C:/Users/Admin/Desktop/MainProject/Mutants/Content/Characters/Loh/FBX/LegRightLowerLoh.ubulk" 1033
"C:/Users/Admin/Desktop/MainProject/Mutants/Content/Characters/Loh/FBX/LegRightLowerLoh.uasset" 1034
"C:/Users/Admin/Desktop/MainProject/Mutants/Content/Characters/Loh/FBX/LegRightLowerLoh.uexp" 1035
"C:/Users/Admin/Desktop/MainProject/Mutants/Content/MainMenu/Icons/ShopItems/Uzbek/Torso_Uzbek.ubulk" 1036
"C:/Users/Admin/Desktop/MainProject/Mutants/Content/MainMenu/Icons/ShopItems/Uzbek/Torso_Uzbek.uasset" 1037
"C:/Users/Admin/Desktop/MainProject/Mutants/Content/MainMenu/Icons/ShopItems/Uzbek/Torso_Uzbek.uexp" 1038
"C:/Users/Admin/Desktop/MainProject/Mutants/Content/MainMenu/Icons/ShopItems/ForSaleStuff/Hand/HandRightLowerRobo.ubulk" 1039
"C:/Users/Admin/Desktop/MainProject/Mutants/Content/MainMenu/Icons/ShopItems/ForSaleStuff/Hand/HandRightLowerRobo.uasset" 1040
"C:/Users/Admin/Desktop/MainProject/Mutants/Content/MainMenu/Icons/ShopItems/ForSaleStuff/Hand/HandRightLowerRobo.uexp" 1041
"C:/Users/Admin/Desktop/MainProject/Mutants/Content/Characters/Uzbek/HandRUpperUzbekTex.ubulk" 1042
"C:/Users/Admin/Desktop/MainProject/Mutants/Content/Characters/Uzbek/HandRUpperUzbekTex.uasset" 1043
"C:/Users/Admin/Desktop/MainProject/Mutants/Content/Characters/Uzbek/HandRUpperUzbekTex.uexp" 1044
"C:/Users/Admin/Desktop/MainProject/Mutants/Content/Characters/Uzbek/HandRUUzbek.uasset" 1045
"C:/Users/Admin/Desktop/MainProject/Mutants/Content/Characters/Uzbek/HandRUUzbek.uexp" 1046
"C:/Users/Admin/Desktop/MainProject/Mutants/Content/Characters/Uzbek/HandRightUpper_UzbekM.ubulk" 1047
"C:/Users/Admin/Desktop/MainProject/Mutants/Content/Characters/Uzbek/HandRightUpper_UzbekM.uasset" 1048
"C:/Users/Admin/Desktop/MainProject/Mutants/Content/Characters/Uzbek/HandRightUpper_UzbekM.uexp" 1049
"C:/Users/Admin/Desktop/MainProject/Mutants/Content/Characters/Loh/FBX/PaintedMetal008.ubulk" 1050
"C:/Users/Admin/Desktop/MainProject/Mutants/Content/Characters/Loh/FBX/PaintedMetal008.uasset" 1051
"C:/Users/Admin/Desktop/MainProject/Mutants/Content/Characters/Loh/FBX/PaintedMetal008.uexp" 1052
"C:/Users/Admin/Desktop/MainProject/Mutants/Content/Characters/Loh/FBX/LegLeftUpper_Loh.uasset" 1053
"C:/Users/Admin/Desktop/MainProject/Mutants/Content/Characters/Loh/FBX/LegLeftUpper_Loh.uexp" 1054
"C:/Users/Admin/Desktop/MainProject/Mutants/Content/Characters/Loh/FBX/LegLeftUpper_LohM.ubulk" 1055
"C:/Users/Admin/Desktop/MainProject/Mutants/Content/Characters/Loh/FBX/LegLeftUpper_LohM.uasset" 1056
"C:/Users/Admin/Desktop/MainProject/Mutants/Content/Characters/Loh/FBX/LegLeftUpper_LohM.uexp" 1057
"C:/Users/Admin/Desktop/MainProject/Mutants/Content/MainMenu/Icons/ShopItems/Goblin/HandLeftUpper_Goblin.ubulk" 1058
"C:/Users/Admin/Desktop/MainProject/Mutants/Content/MainMenu/Icons/ShopItems/Goblin/HandLeftUpper_Goblin.uasset" 1059
"C:/Users/Admin/Desktop/MainProject/Mutants/Content/MainMenu/Icons/ShopItems/Goblin/HandLeftUpper_Goblin.uexp" 1060
"C:/Users/Admin/Desktop/MainProject/Mutants/Content/Characters/Store/Hands/Right/HandRightLowerRobo.ubulk" 1061
"C:/Users/Admin/Desktop/MainProject/Mutants/Content/Characters/Store/Hands/Right/HandRightLowerRobo.uasset" 1062
"C:/Users/Admin/Desktop/MainProject/Mutants/Content/Characters/Store/Hands/Right/HandRightLowerRobo.uexp" 1063
"C:/Users/Admin/Desktop/MainProject/Mutants/Content/Characters/Store/Hands/Right/HandRightLowerRobo1.uasset" 1064
"C:/Users/Admin/Desktop/MainProject/Mutants/Content/Characters/Store/Hands/Right/HandRightLowerRobo1.uexp" 1065
"C:/Users/Admin/Desktop/MainProject/Mutants/Content/Characters/Store/Hands/Right/HandRightLower_RoboM.ubulk" 1066
"C:/Users/Admin/Desktop/MainProject/Mutants/Content/Characters/Store/Hands/Right/HandRightLower_RoboM.uasset" 1067
"C:/Users/Admin/Desktop/MainProject/Mutants/Content/Characters/Store/Hands/Right/HandRightLower_RoboM.uexp" 1068
"C:/Users/Admin/Desktop/MainProject/Mutants/Content/MainMenu/Icons/ShopItems/ForSaleStuff/Head/MartianHead.ubulk" 1069
"C:/Users/Admin/Desktop/MainProject/Mutants/Content/MainMenu/Icons/ShopItems/ForSaleStuff/Head/MartianHead.uasset" 1070
"C:/Users/Admin/Desktop/MainProject/Mutants/Content/MainMenu/Icons/ShopItems/ForSaleStuff/Head/MartianHead.uexp" 1071
"C:/Users/Admin/Desktop/MainProject/Mutants/Content/MainMenu/Icons/ShopItems/ForSaleStuff/Leg/LegLowerFormsM.ubulk" 1072
"C:/Users/Admin/Desktop/MainProject/Mutants/Content/MainMenu/Icons/ShopItems/ForSaleStuff/Leg/LegLowerFormsM.uasset" 1073
"C:/Users/Admin/Desktop/MainProject/Mutants/Content/MainMenu/Icons/ShopItems/ForSaleStuff/Leg/LegLowerFormsM.uexp" 1074
"C:/Users/Admin/Desktop/MainProject/Mutants/Content/MainMenu/ST_ShopPartsInfo.uasset" 1075
"C:/Users/Admin/Desktop/MainProject/Mutants/Content/MainMenu/ST_ShopPartsInfo.uexp" 1076
"C:/Users/Admin/Desktop/MainProject/Mutants/Content/MainMenu/ST_ShopParts.uasset" 1077
"C:/Users/Admin/Desktop/MainProject/Mutants/Content/MainMenu/ST_ShopParts.uexp" 1078
"C:/Users/Admin/Desktop/MainProject/Mutants/Content/Characters/Uzbek/HandLeftLowerUzbekTex.ubulk" 1079
"C:/Users/Admin/Desktop/MainProject/Mutants/Content/Characters/Uzbek/HandLeftLowerUzbekTex.uasset" 1080
"C:/Users/Admin/Desktop/MainProject/Mutants/Content/Characters/Uzbek/HandLeftLowerUzbekTex.uexp" 1081
"C:/Users/Admin/Desktop/MainProject/Mutants/Content/Characters/Uzbek/HandLLUzbek.uasset" 1082
"C:/Users/Admin/Desktop/MainProject/Mutants/Content/Characters/Uzbek/HandLLUzbek.uexp" 1083
"C:/Users/Admin/Desktop/MainProject/Mutants/Content/Characters/Uzbek/HandLeftLower_UzbekM.ubulk" 1084
"C:/Users/Admin/Desktop/MainProject/Mutants/Content/Characters/Uzbek/HandLeftLower_UzbekM.uasset" 1085
"C:/Users/Admin/Desktop/MainProject/Mutants/Content/Characters/Uzbek/HandLeftLower_UzbekM.uexp" 1086
"C:/Users/Admin/Desktop/MainProject/Mutants/Content/Characters/Loh/FBX/HandLeftUpperLohTex.ubulk" 1087
"C:/Users/Admin/Desktop/MainProject/Mutants/Content/Characters/Loh/FBX/HandLeftUpperLohTex.uasset" 1088
"C:/Users/Admin/Desktop/MainProject/Mutants/Content/Characters/Loh/FBX/HandLeftUpperLohTex.uexp" 1089
"C:/Users/Admin/Desktop/MainProject/Mutants/Content/Characters/Loh/FBX/HandLULoh_001.uasset" 1090
"C:/Users/Admin/Desktop/MainProject/Mutants/Content/Characters/Loh/FBX/HandLULoh_001.uexp" 1091
"C:/Users/Admin/Desktop/MainProject/Mutants/Content/Characters/Loh/FBX/HandLeftUpperLoh.ubulk" 1092
"C:/Users/Admin/Desktop/MainProject/Mutants/Content/Characters/Loh/FBX/HandLeftUpperLoh.uasset" 1093
"C:/Users/Admin/Desktop/MainProject/Mutants/Content/Characters/Loh/FBX/HandLeftUpperLoh.uexp" 1094
"C:/Users/Admin/Desktop/MainProject/Mutants/Content/MainMenu/Icons/ShopItems/Spok/HandLeftLower_Spok.ubulk" 1095
"C:/Users/Admin/Desktop/MainProject/Mutants/Content/MainMenu/Icons/ShopItems/Spok/HandLeftLower_Spok.uasset" 1096
"C:/Users/Admin/Desktop/MainProject/Mutants/Content/MainMenu/Icons/ShopItems/Spok/HandLeftLower_Spok.uexp" 1097
"C:/Users/Admin/Desktop/MainProject/Mutants/Content/MainMenu/Icons/ShopItems/Spok/HeadSpok.ubulk" 1098
"C:/Users/Admin/Desktop/MainProject/Mutants/Content/MainMenu/Icons/ShopItems/Spok/HeadSpok.uasset" 1099
"C:/Users/Admin/Desktop/MainProject/Mutants/Content/MainMenu/Icons/ShopItems/Spok/HeadSpok.uexp" 1100
"C:/Users/Admin/Desktop/MainProject/Mutants/Content/MainMenu/Icons/ShopItems/Loh/Torso_Loh.ubulk" 1101
"C:/Users/Admin/Desktop/MainProject/Mutants/Content/MainMenu/Icons/ShopItems/Loh/Torso_Loh.uasset" 1102
"C:/Users/Admin/Desktop/MainProject/Mutants/Content/MainMenu/Icons/ShopItems/Loh/Torso_Loh.uexp" 1103
"C:/Users/Admin/Desktop/MainProject/Mutants/Content/Characters/CableMan/Hands/Lava004.ubulk" 1104
"C:/Users/Admin/Desktop/MainProject/Mutants/Content/Characters/CableMan/Hands/Lava004.uasset" 1105
"C:/Users/Admin/Desktop/MainProject/Mutants/Content/Characters/CableMan/Hands/Lava004.uexp" 1106
"C:/Users/Admin/Desktop/MainProject/Mutants/Content/Characters/CableMan/Hands/HandLeftUpper_Cable2.uasset" 1107
"C:/Users/Admin/Desktop/MainProject/Mutants/Content/Characters/CableMan/Hands/HandLeftUpper_Cable2.uexp" 1108
"C:/Users/Admin/Desktop/MainProject/Mutants/Content/Characters/CableMan/Hands/Chip002.ubulk" 1109
"C:/Users/Admin/Desktop/MainProject/Mutants/Content/Characters/CableMan/Hands/Chip002.uasset" 1110
"C:/Users/Admin/Desktop/MainProject/Mutants/Content/Characters/CableMan/Hands/Chip002.uexp" 1111
"C:/Users/Admin/Desktop/MainProject/Mutants/Content/Characters/CableMan/Hands/HandLeftUpper_Cable3.uasset" 1112
"C:/Users/Admin/Desktop/MainProject/Mutants/Content/Characters/CableMan/Hands/HandLeftUpper_Cable3.uexp" 1113
"C:/Users/Admin/Desktop/MainProject/Mutants/Content/Characters/CableMan/Hands/HandLeftUpper_Cable1.uasset" 1114
"C:/Users/Admin/Desktop/MainProject/Mutants/Content/Characters/CableMan/Hands/HandLeftUpper_Cable1.uexp" 1115
"C:/Users/Admin/Desktop/MainProject/Mutants/Content/Characters/CableMan/Hands/HandLeftUpper_CableM.ubulk" 1116
"C:/Users/Admin/Desktop/MainProject/Mutants/Content/Characters/CableMan/Hands/HandLeftUpper_CableM.uasset" 1117
"C:/Users/Admin/Desktop/MainProject/Mutants/Content/Characters/CableMan/Hands/HandLeftUpper_CableM.uexp" 1118
"C:/Users/Admin/Desktop/MainProject/Mutants/Content/MainMenu/SaveGameMutants.uasset" 1119
"C:/Users/Admin/Desktop/MainProject/Mutants/Content/MainMenu/SaveGameMutants.uexp" 1120
"C:/Users/Admin/Desktop/MainProject/Mutants/Content/Lobby/Widgets/BP_TimerToStart.uasset" 1121
"C:/Users/Admin/Desktop/MainProject/Mutants/Content/Lobby/Widgets/BP_TimerToStart.uexp" 1122
"../../../Engine/Content/EditorBlueprintResources/StandardMacros.uasset" 1123
"../../../Engine/Content/EditorBlueprintResources/StandardMacros.uexp" 1124
"C:/Users/Admin/Desktop/MainProject/Mutants/Content/Lobby/BP_LobbyController.uasset" 1125
"C:/Users/Admin/Desktop/MainProject/Mutants/Content/Lobby/BP_LobbyController.uexp" 1126
"C:/Users/Admin/Desktop/MainProject/Mutants/Content/Lobby/BP_LobbyGameMode.uasset" 1127
"C:/Users/Admin/Desktop/MainProject/Mutants/Content/Lobby/BP_LobbyGameMode.uexp" 1128
"C:/Users/Admin/Desktop/MainProject/Mutants/Content/Lobby/Widgets/BP_ListItem.uasset" 1129
"C:/Users/Admin/Desktop/MainProject/Mutants/Content/Lobby/Widgets/BP_ListItem.uexp" 1130
"C:/Users/Admin/Desktop/MainProject/Mutants/Content/Lobby/Widgets/BP_PlayerList.uasset" 1131
"C:/Users/Admin/Desktop/MainProject/Mutants/Content/Lobby/Widgets/BP_PlayerList.uexp" 1132
"C:/Users/Admin/Desktop/MainProject/Mutants/Content/Lobby/BP_GameStateLobby.uasset" 1133
"C:/Users/Admin/Desktop/MainProject/Mutants/Content/Lobby/BP_GameStateLobby.uexp" 1134
"C:/Users/Admin/Desktop/MainProject/Mutants/Content/MainMenu/PlayerStateMutants.uasset" 1135
"C:/Users/Admin/Desktop/MainProject/Mutants/Content/MainMenu/PlayerStateMutants.uexp" 1136
"C:/Users/Admin/Desktop/MainProject/Mutants/Content/MainMenu/Widgets/BP_ErrorWidget.uasset" 1137
"C:/Users/Admin/Desktop/MainProject/Mutants/Content/MainMenu/Widgets/BP_ErrorWidget.uexp" 1138
"C:/Users/Admin/Desktop/MainProject/Mutants/Content/MainMenu/OnlineGameInstance.uasset" 1139
"C:/Users/Admin/Desktop/MainProject/Mutants/Content/MainMenu/OnlineGameInstance.uexp" 1140
"C:/Users/Admin/Desktop/MainProject/Mutants/Content/MainMenu/BP_MainGameMode.uasset" 1141
"C:/Users/Admin/Desktop/MainProject/Mutants/Content/MainMenu/BP_MainGameMode.uexp" 1142
"C:/Users/Admin/Desktop/MainProject/Mutants/Content/MainMenu/BP_MainContorller.uasset" 1143
"C:/Users/Admin/Desktop/MainProject/Mutants/Content/MainMenu/BP_MainContorller.uexp" 1144
"C:/Users/Admin/Desktop/MainProject/Mutants/Content/ThirdPerson/Blueprints/PhysicalAnimComponent.uasset" 1145
"C:/Users/Admin/Desktop/MainProject/Mutants/Content/ThirdPerson/Blueprints/PhysicalAnimComponent.uexp" 1146
"C:/Users/Admin/Desktop/MainProject/Mutants/Content/ThirdPerson/Blueprints/Enumerators/E_WhichHandWeapon.uasset" 1147
"C:/Users/Admin/Desktop/MainProject/Mutants/Content/ThirdPerson/Blueprints/Enumerators/E_WhichHandWeapon.uexp" 1148
"C:/Users/Admin/Desktop/MainProject/Mutants/Content/Sounds/BoneBreakage.ubulk" 1149
"C:/Users/Admin/Desktop/MainProject/Mutants/Content/Sounds/BoneBreakage.uasset" 1150
"C:/Users/Admin/Desktop/MainProject/Mutants/Content/Sounds/BoneBreakage.uexp" 1151
"C:/Users/Admin/Desktop/MainProject/Mutants/Content/Characters/Mannequins/Animations/AS_RightHook.uasset" 1152
"C:/Users/Admin/Desktop/MainProject/Mutants/Content/Characters/Mannequins/Animations/AS_RightHook.uexp" 1153
"C:/Users/Admin/Desktop/MainProject/Mutants/Content/Characters/Mannequins/Animations/AS_RightHook_Montage.uasset" 1154
"C:/Users/Admin/Desktop/MainProject/Mutants/Content/Characters/Mannequins/Animations/AS_RightHook_Montage.uexp" 1155
"C:/Users/Admin/Desktop/MainProject/Mutants/Content/ThirdPerson/Blueprints/PartsConfig.uasset" 1156
"C:/Users/Admin/Desktop/MainProject/Mutants/Content/ThirdPerson/Blueprints/PartsConfig.uexp" 1157
"C:/Users/Admin/Desktop/MainProject/Mutants/Content/MainMenu/Customize/CustomizeTarget.uasset" 1158
"C:/Users/Admin/Desktop/MainProject/Mutants/Content/MainMenu/Customize/CustomizeTarget.uexp" 1159
"C:/Users/Admin/Desktop/MainProject/Mutants/Content/HUD/Interaction/Widgets/WB_Interaction.uasset" 1160
"C:/Users/Admin/Desktop/MainProject/Mutants/Content/HUD/Interaction/Widgets/WB_Interaction.uexp" 1161
"C:/Users/Admin/Desktop/MainProject/Mutants/Content/HUD/Interaction/Components/BPC_Interaction.uasset" 1162
"C:/Users/Admin/Desktop/MainProject/Mutants/Content/HUD/Interaction/Components/BPC_Interaction.uexp" 1163
"C:/Users/Admin/Desktop/MainProject/Mutants/Content/Characters/Mannequins/Animations/AS_LeftHook.uasset" 1164
"C:/Users/Admin/Desktop/MainProject/Mutants/Content/Characters/Mannequins/Animations/AS_LeftHook.uexp" 1165
"C:/Users/Admin/Desktop/MainProject/Mutants/Content/Characters/Mannequins/Animations/AS_LeftHook_Montage.uasset" 1166
"C:/Users/Admin/Desktop/MainProject/Mutants/Content/Characters/Mannequins/Animations/AS_LeftHook_Montage.uexp" 1167
"C:/Users/Admin/Desktop/MainProject/Mutants/Content/ThirdPerson/Blueprints/BPI_Death.uasset" 1168
"C:/Users/Admin/Desktop/MainProject/Mutants/Content/ThirdPerson/Blueprints/BPI_Death.uexp" 1169
"C:/Users/Admin/Desktop/MainProject/Mutants/Content/Weapons/BPI_EquipWeapon.uasset" 1170
"C:/Users/Admin/Desktop/MainProject/Mutants/Content/Weapons/BPI_EquipWeapon.uexp" 1171
"C:/Users/Admin/Desktop/MainProject/Mutants/Content/MainMenu/Icons/Coin.ubulk" 1172
"C:/Users/Admin/Desktop/MainProject/Mutants/Content/MainMenu/Icons/Coin.uasset" 1173
"C:/Users/Admin/Desktop/MainProject/Mutants/Content/MainMenu/Icons/Coin.uexp" 1174
"C:/Users/Admin/Desktop/MainProject/Mutants/Content/Lobby/Widgets/BP_EndMatchItem.uasset" 1175
"C:/Users/Admin/Desktop/MainProject/Mutants/Content/Lobby/Widgets/BP_EndMatchItem.uexp" 1176
"C:/Users/Admin/Desktop/MainProject/Mutants/Content/Lobby/Widgets/BP_EndMatchWidget.uasset" 1177
"C:/Users/Admin/Desktop/MainProject/Mutants/Content/Lobby/Widgets/BP_EndMatchWidget.uexp" 1178
"../../../Engine/Content/EditorBlueprintResources/ActorMacros.uasset" 1179
"../../../Engine/Content/EditorBlueprintResources/ActorMacros.uexp" 1180
"C:/Users/Admin/Desktop/MainProject/Mutants/Content/BloodBundle/RealisticBlood/_Commons/Textures/Decals/T_BloodSplotch_N_03.ubulk" 1181
"C:/Users/Admin/Desktop/MainProject/Mutants/Content/BloodBundle/RealisticBlood/_Commons/Textures/Decals/T_BloodSplotch_N_03.uasset" 1182
"C:/Users/Admin/Desktop/MainProject/Mutants/Content/BloodBundle/RealisticBlood/_Commons/Textures/Decals/T_BloodSplotch_N_03.uexp" 1183
"C:/Users/Admin/Desktop/MainProject/Mutants/Content/BloodBundle/RealisticBlood/_Commons/Textures/Decals/T_BloodSplotch_03.ubulk" 1184
"C:/Users/Admin/Desktop/MainProject/Mutants/Content/BloodBundle/RealisticBlood/_Commons/Textures/Decals/T_BloodSplotch_03.uasset" 1185
"C:/Users/Admin/Desktop/MainProject/Mutants/Content/BloodBundle/RealisticBlood/_Commons/Textures/Decals/T_BloodSplotch_03.uexp" 1186
"../../../Engine/Content/Functions/Engine_MaterialFunctions02/Texturing/CustomRotator.uasset" 1187
"../../../Engine/Content/Functions/Engine_MaterialFunctions02/Texturing/CustomRotator.uexp" 1188
"../../../Engine/Content/Functions/Engine_MaterialFunctions01/Texturing/FlattenNormal.uasset" 1189
"../../../Engine/Content/Functions/Engine_MaterialFunctions01/Texturing/FlattenNormal.uexp" 1190
"C:/Users/Admin/Desktop/MainProject/Mutants/Content/BloodBundle/RealisticBlood/_Commons/Textures/Noises/T_Noise_03.ubulk" 1191
"C:/Users/Admin/Desktop/MainProject/Mutants/Content/BloodBundle/RealisticBlood/_Commons/Textures/Noises/T_Noise_03.uasset" 1192
"C:/Users/Admin/Desktop/MainProject/Mutants/Content/BloodBundle/RealisticBlood/_Commons/Textures/Noises/T_Noise_03.uexp" 1193
"C:/Users/Admin/Desktop/MainProject/Mutants/Content/BloodBundle/RealisticBlood/_Commons/Textures/Reflections/T_LiquidReflection_02.ubulk" 1194
"C:/Users/Admin/Desktop/MainProject/Mutants/Content/BloodBundle/RealisticBlood/_Commons/Textures/Reflections/T_LiquidReflection_02.uasset" 1195
"C:/Users/Admin/Desktop/MainProject/Mutants/Content/BloodBundle/RealisticBlood/_Commons/Textures/Reflections/T_LiquidReflection_02.uexp" 1196
"C:/Users/Admin/Desktop/MainProject/Mutants/Content/BloodBundle/RealisticBlood/_Commons/Textures/Decals/T_BloodDecal2_N_01.ubulk" 1197
"C:/Users/Admin/Desktop/MainProject/Mutants/Content/BloodBundle/RealisticBlood/_Commons/Textures/Decals/T_BloodDecal2_N_01.uasset" 1198
"C:/Users/Admin/Desktop/MainProject/Mutants/Content/BloodBundle/RealisticBlood/_Commons/Textures/Decals/T_BloodDecal2_N_01.uexp" 1199
"C:/Users/Admin/Desktop/MainProject/Mutants/Content/BloodBundle/RealisticBlood/_Commons/Textures/Decals/T_BloodDecal_03.ubulk" 1200
"C:/Users/Admin/Desktop/MainProject/Mutants/Content/BloodBundle/RealisticBlood/_Commons/Textures/Decals/T_BloodDecal_03.uasset" 1201
"C:/Users/Admin/Desktop/MainProject/Mutants/Content/BloodBundle/RealisticBlood/_Commons/Textures/Decals/T_BloodDecal_03.uexp" 1202
"C:/Users/Admin/Desktop/MainProject/Mutants/Content/BloodBundle/RealisticBlood/_Commons/Textures/Noises/T_Noise_02.ubulk" 1203
"C:/Users/Admin/Desktop/MainProject/Mutants/Content/BloodBundle/RealisticBlood/_Commons/Textures/Noises/T_Noise_02.uasset" 1204
"C:/Users/Admin/Desktop/MainProject/Mutants/Content/BloodBundle/RealisticBlood/_Commons/Textures/Noises/T_Noise_02.uexp" 1205
"C:/Users/Admin/Desktop/MainProject/Mutants/Content/BloodBundle/RealisticBlood/_Commons/Materials/Decals/M_LiquidDecalBase.uasset" 1206
"C:/Users/Admin/Desktop/MainProject/Mutants/Content/BloodBundle/RealisticBlood/_Commons/Materials/Decals/M_LiquidDecalBase.uexp" 1207
"C:/Users/Admin/Desktop/MainProject/Mutants/Content/BloodBundle/RealisticBlood/_Commons/Textures/Reflections/T_LiquidReflection_01.uasset" 1208
"C:/Users/Admin/Desktop/MainProject/Mutants/Content/BloodBundle/RealisticBlood/_Commons/Textures/Reflections/T_LiquidReflection_01.uexp" 1209
"C:/Users/Admin/Desktop/MainProject/Mutants/Content/BloodBundle/RealisticBlood/_Commons/Materials/Decals/MI_BloodDecal_06.uasset" 1210
"C:/Users/Admin/Desktop/MainProject/Mutants/Content/BloodBundle/RealisticBlood/_Commons/Materials/Decals/MI_BloodDecal_06.uexp" 1211
"C:/Users/Admin/Desktop/MainProject/Mutants/Content/BloodBundle/RealisticBlood/_Commons/Textures/Splatters/Splatter02/T_BloodSplatter_N_02.ubulk" 1212
"C:/Users/Admin/Desktop/MainProject/Mutants/Content/BloodBundle/RealisticBlood/_Commons/Textures/Splatters/Splatter02/T_BloodSplatter_N_02.uasset" 1213
"C:/Users/Admin/Desktop/MainProject/Mutants/Content/BloodBundle/RealisticBlood/_Commons/Textures/Splatters/Splatter02/T_BloodSplatter_N_02.uexp" 1214
"C:/Users/Admin/Desktop/MainProject/Mutants/Content/BloodBundle/RealisticBlood/_Commons/Textures/Splatters/Splatter02/T_BloodSplatter_02.ubulk" 1215
"C:/Users/Admin/Desktop/MainProject/Mutants/Content/BloodBundle/RealisticBlood/_Commons/Textures/Splatters/Splatter02/T_BloodSplatter_02.uasset" 1216
"C:/Users/Admin/Desktop/MainProject/Mutants/Content/BloodBundle/RealisticBlood/_Commons/Textures/Splatters/Splatter02/T_BloodSplatter_02.uexp" 1217
"../../../Engine/Content/EngineMaterials/Good64x64TilingNoiseHighFreq.uasset" 1218
"../../../Engine/Content/EngineMaterials/Good64x64TilingNoiseHighFreq.uexp" 1219
"../../../Engine/Content/Functions/Engine_MaterialFunctions02/Texturing/ScreenAlignedPixelToPixelUVs.uasset" 1220
"../../../Engine/Content/Functions/Engine_MaterialFunctions02/Texturing/ScreenAlignedPixelToPixelUVs.uexp" 1221
"../../../Engine/Content/Functions/Engine_MaterialFunctions02/Utility/DitherTemporalAA.uasset" 1222
"../../../Engine/Content/Functions/Engine_MaterialFunctions02/Utility/DitherTemporalAA.uexp" 1223
"C:/Users/Admin/Desktop/MainProject/Mutants/Content/BloodBundle/RealisticBlood/_Commons/Materials/M_LiquidBase.uasset" 1224
"C:/Users/Admin/Desktop/MainProject/Mutants/Content/BloodBundle/RealisticBlood/_Commons/Materials/M_LiquidBase.uexp" 1225
"C:/Users/Admin/Desktop/MainProject/Mutants/Content/BloodBundle/RealisticBlood/_Commons/Textures/Splatters/SplatterDirectional05/T_BloodSplatter_Directional_05.ubulk" 1226
"C:/Users/Admin/Desktop/MainProject/Mutants/Content/BloodBundle/RealisticBlood/_Commons/Textures/Splatters/SplatterDirectional05/T_BloodSplatter_Directional_05.uasset" 1227
"C:/Users/Admin/Desktop/MainProject/Mutants/Content/BloodBundle/RealisticBlood/_Commons/Textures/Splatters/SplatterDirectional05/T_BloodSplatter_Directional_05.uexp" 1228
"C:/Users/Admin/Desktop/MainProject/Mutants/Content/BloodBundle/RealisticBlood/_Commons/Textures/Splatters/SplatterDirectional05/T_BloodSplatter_Directional_N_05.ubulk" 1229
"C:/Users/Admin/Desktop/MainProject/Mutants/Content/BloodBundle/RealisticBlood/_Commons/Textures/Splatters/SplatterDirectional05/T_BloodSplatter_Directional_N_05.uasset" 1230
"C:/Users/Admin/Desktop/MainProject/Mutants/Content/BloodBundle/RealisticBlood/_Commons/Textures/Splatters/SplatterDirectional05/T_BloodSplatter_Directional_N_05.uexp" 1231
"C:/Users/Admin/Desktop/MainProject/Mutants/Content/BloodBundle/RealisticBlood/_Commons/Materials/MI_BloodDirection_10.uasset" 1232
"C:/Users/Admin/Desktop/MainProject/Mutants/Content/BloodBundle/RealisticBlood/_Commons/Materials/MI_BloodDirection_10.uexp" 1233
"C:/Users/Admin/Desktop/MainProject/Mutants/Content/BloodBundle/RealisticBlood/_Commons/Textures/Splatters/Splatter03/T_BloodSplatter_N_03.ubulk" 1234
"C:/Users/Admin/Desktop/MainProject/Mutants/Content/BloodBundle/RealisticBlood/_Commons/Textures/Splatters/Splatter03/T_BloodSplatter_N_03.uasset" 1235
"C:/Users/Admin/Desktop/MainProject/Mutants/Content/BloodBundle/RealisticBlood/_Commons/Textures/Splatters/Splatter03/T_BloodSplatter_N_03.uexp" 1236
"C:/Users/Admin/Desktop/MainProject/Mutants/Content/BloodBundle/RealisticBlood/_Commons/Textures/Splatters/Splatter03/T_BloodSplatter_03.ubulk" 1237
"C:/Users/Admin/Desktop/MainProject/Mutants/Content/BloodBundle/RealisticBlood/_Commons/Textures/Splatters/Splatter03/T_BloodSplatter_03.uasset" 1238
"C:/Users/Admin/Desktop/MainProject/Mutants/Content/BloodBundle/RealisticBlood/_Commons/Textures/Splatters/Splatter03/T_BloodSplatter_03.uexp" 1239
"C:/Users/Admin/Desktop/MainProject/Mutants/Content/BloodBundle/RealisticBlood/_Commons/Materials/MI_BloodDirection_06.uasset" 1240
"C:/Users/Admin/Desktop/MainProject/Mutants/Content/BloodBundle/RealisticBlood/_Commons/Materials/MI_BloodDirection_06.uexp" 1241
"C:/Users/Admin/Desktop/MainProject/Mutants/Content/BloodBundle/RealisticBlood/_Commons/Textures/Splatters/SplatterDirectional03/T_BloodSplatter_Directional_03.ubulk" 1242
"C:/Users/Admin/Desktop/MainProject/Mutants/Content/BloodBundle/RealisticBlood/_Commons/Textures/Splatters/SplatterDirectional03/T_BloodSplatter_Directional_03.uasset" 1243
"C:/Users/Admin/Desktop/MainProject/Mutants/Content/BloodBundle/RealisticBlood/_Commons/Textures/Splatters/SplatterDirectional03/T_BloodSplatter_Directional_03.uexp" 1244
"C:/Users/Admin/Desktop/MainProject/Mutants/Content/BloodBundle/RealisticBlood/_Commons/Textures/Splatters/SplatterDirectional03/T_BloodSplatter_Directional_N_03.ubulk" 1245
"C:/Users/Admin/Desktop/MainProject/Mutants/Content/BloodBundle/RealisticBlood/_Commons/Textures/Splatters/SplatterDirectional03/T_BloodSplatter_Directional_N_03.uasset" 1246
"C:/Users/Admin/Desktop/MainProject/Mutants/Content/BloodBundle/RealisticBlood/_Commons/Textures/Splatters/SplatterDirectional03/T_BloodSplatter_Directional_N_03.uexp" 1247
"C:/Users/Admin/Desktop/MainProject/Mutants/Content/BloodBundle/RealisticBlood/_Commons/Materials/MI_BloodDirection_08.uasset" 1248
"C:/Users/Admin/Desktop/MainProject/Mutants/Content/BloodBundle/RealisticBlood/_Commons/Materials/MI_BloodDirection_08.uexp" 1249
"C:/Users/Admin/Desktop/MainProject/Mutants/Content/BloodBundle/RealisticBlood/_Commons/Textures/Noises/T_Noise_01.ubulk" 1250
"C:/Users/Admin/Desktop/MainProject/Mutants/Content/BloodBundle/RealisticBlood/_Commons/Textures/Noises/T_Noise_01.uasset" 1251
"C:/Users/Admin/Desktop/MainProject/Mutants/Content/BloodBundle/RealisticBlood/_Commons/Textures/Noises/T_Noise_01.uexp" 1252
"C:/Users/Admin/Desktop/MainProject/Mutants/Content/BloodBundle/RealisticBlood/_Commons/Textures/Smokes/T_SmokeBurst_01.ubulk" 1253
"C:/Users/Admin/Desktop/MainProject/Mutants/Content/BloodBundle/RealisticBlood/_Commons/Textures/Smokes/T_SmokeBurst_01.uasset" 1254
"C:/Users/Admin/Desktop/MainProject/Mutants/Content/BloodBundle/RealisticBlood/_Commons/Textures/Smokes/T_SmokeBurst_01.uexp" 1255
"C:/Users/Admin/Desktop/MainProject/Mutants/Content/BloodBundle/RealisticBlood/_Commons/Materials/Smokes/M_Smoke.uasset" 1256
"C:/Users/Admin/Desktop/MainProject/Mutants/Content/BloodBundle/RealisticBlood/_Commons/Materials/Smokes/M_Smoke.uexp" 1257
"C:/Users/Admin/Desktop/MainProject/Mutants/Content/BloodBundle/RealisticBlood/_Commons/Materials/Smokes/MI_Smoke.uasset" 1258
"C:/Users/Admin/Desktop/MainProject/Mutants/Content/BloodBundle/RealisticBlood/_Commons/Materials/Smokes/MI_Smoke.uexp" 1259
"C:/Users/Admin/Desktop/MainProject/Mutants/Content/BloodBundle/RealisticBlood/_Commons/Textures/Shapes/T_CellSpot_N_01.ubulk" 1260
"C:/Users/Admin/Desktop/MainProject/Mutants/Content/BloodBundle/RealisticBlood/_Commons/Textures/Shapes/T_CellSpot_N_01.uasset" 1261
"C:/Users/Admin/Desktop/MainProject/Mutants/Content/BloodBundle/RealisticBlood/_Commons/Textures/Shapes/T_CellSpot_N_01.uexp" 1262
"C:/Users/Admin/Desktop/MainProject/Mutants/Content/BloodBundle/RealisticBlood/_Commons/Textures/Shapes/T_CellSpot_01.ubulk" 1263
"C:/Users/Admin/Desktop/MainProject/Mutants/Content/BloodBundle/RealisticBlood/_Commons/Textures/Shapes/T_CellSpot_01.uasset" 1264
"C:/Users/Admin/Desktop/MainProject/Mutants/Content/BloodBundle/RealisticBlood/_Commons/Textures/Shapes/T_CellSpot_01.uexp" 1265
"C:/Users/Admin/Desktop/MainProject/Mutants/Content/BloodBundle/RealisticBlood/_Commons/Materials/Spots/MI_CellSpot_01.uasset" 1266
"C:/Users/Admin/Desktop/MainProject/Mutants/Content/BloodBundle/RealisticBlood/_Commons/Materials/Spots/MI_CellSpot_01.uexp" 1267
"C:/Users/Admin/Desktop/MainProject/Mutants/Content/BloodBundle/RealisticBlood/Burst/Niagara/NS_BloodBurst_Extreme.uasset" 1268
"C:/Users/Admin/Desktop/MainProject/Mutants/Content/BloodBundle/RealisticBlood/Burst/Niagara/NS_BloodBurst_Extreme.uexp" 1269
"C:/Users/Admin/Desktop/MainProject/Mutants/Content/StarterContent/Materials/M_Basic_Wall.uasset" 1270
"C:/Users/Admin/Desktop/MainProject/Mutants/Content/StarterContent/Materials/M_Basic_Wall.uexp" 1271
"C:/Users/Admin/Desktop/MainProject/Mutants/Content/MutantParts/Props/SK_ArmR_Lower.ubulk" 1272
"C:/Users/Admin/Desktop/MainProject/Mutants/Content/MutantParts/Props/SK_ArmR_Lower.uasset" 1273
"C:/Users/Admin/Desktop/MainProject/Mutants/Content/MutantParts/Props/SK_ArmR_Lower.uexp" 1274
"C:/Users/Admin/Desktop/MainProject/Mutants/Content/MutantParts/PM_DetachedPart.uasset" 1275
"C:/Users/Admin/Desktop/MainProject/Mutants/Content/MutantParts/PM_DetachedPart.uexp" 1276
"C:/Users/Admin/Desktop/MainProject/Mutants/Content/MutantParts/Blueprints/BP_MutantPart.uasset" 1277
"C:/Users/Admin/Desktop/MainProject/Mutants/Content/MutantParts/Blueprints/BP_MutantPart.uexp" 1278
"C:/Users/Admin/Desktop/MainProject/Mutants/Content/ThirdPerson/Blueprints/BP_MutantCharacter.uasset" 1279
"C:/Users/Admin/Desktop/MainProject/Mutants/Content/ThirdPerson/Blueprints/BP_MutantCharacter.uexp" 1280
"C:/Users/Admin/Desktop/MainProject/Mutants/Content/HUD/Blueprints/WBP_HUD.uasset" 1281
"C:/Users/Admin/Desktop/MainProject/Mutants/Content/HUD/Blueprints/WBP_HUD.uexp" 1282
"C:/Users/Admin/Desktop/MainProject/Mutants/Content/ThirdPerson/Blueprints/BP_PlayerController.uasset" 1283
"C:/Users/Admin/Desktop/MainProject/Mutants/Content/ThirdPerson/Blueprints/BP_PlayerController.uexp" 1284
"C:/Users/Admin/Desktop/MainProject/Mutants/Content/ThirdPerson/Blueprints/BP_ThirdPersonGameMode.uasset" 1285
"C:/Users/Admin/Desktop/MainProject/Mutants/Content/ThirdPerson/Blueprints/BP_ThirdPersonGameMode.uexp" 1286
"../../../Engine/Content/EngineResources/FilmGrains/Marcie_Grain_v3_128_M2_000.uasset" 1287
"../../../Engine/Content/EngineResources/FilmGrains/Marcie_Grain_v3_128_M2_000.uexp" 1288
"../../../Engine/Content/EngineMaterials/LTC/Sheen_LTC.uasset" 1289
"../../../Engine/Content/EngineMaterials/LTC/Sheen_LTC.uexp" 1290
"../../../Engine/Content/EngineMaterials/LTC/GGX_LTCMat.uasset" 1291
"../../../Engine/Content/EngineMaterials/LTC/GGX_LTCMat.uexp" 1292
"../../../Engine/Content/EngineMaterials/LTC/GGX_LTCAmp.uasset" 1293
"../../../Engine/Content/EngineMaterials/LTC/GGX_LTCAmp.uexp" 1294
"../../../Engine/Content/EngineMaterials/EnergyConservation/Sheen_Energy.uasset" 1295
"../../../Engine/Content/EngineMaterials/EnergyConservation/Sheen_Energy.uexp" 1296
"../../../Engine/Content/EngineMaterials/EnergyConservation/SheenLegacy_Energy.uasset" 1297
"../../../Engine/Content/EngineMaterials/EnergyConservation/SheenLegacy_Energy.uexp" 1298
"../../../Engine/Content/EngineMaterials/EnergyConservation/GGX_TransmissionEnergyArray.uasset" 1299
"../../../Engine/Content/EngineMaterials/EnergyConservation/GGX_TransmissionEnergyArray.uexp" 1300
"../../../Engine/Content/EngineMaterials/EnergyConservation/GGX_ReflectionEnergy.uasset" 1301
"../../../Engine/Content/EngineMaterials/EnergyConservation/GGX_ReflectionEnergy.uexp" 1302
"../../../Engine/Content/EngineMaterials/EnergyConservation/Diffuse_Energy.uasset" 1303
"../../../Engine/Content/EngineMaterials/EnergyConservation/Diffuse_Energy.uexp" 1304
"../../../Engine/Content/EditorResources/SequenceRecorder/RecordingIndicator.uasset" 1305
"../../../Engine/Content/EditorResources/SequenceRecorder/RecordingIndicator.uexp" 1306
"../../../Engine/Content/EditorResources/SequenceRecorder/Countdown.uasset" 1307
"../../../Engine/Content/EditorResources/SequenceRecorder/Countdown.uexp" 1308
"../../../Engine/Content/EditorMaterials/ParticleSystems/PSysThumbnail_OOD.ubulk" 1309
"../../../Engine/Content/EditorMaterials/ParticleSystems/PSysThumbnail_OOD.uasset" 1310
"../../../Engine/Content/EditorMaterials/ParticleSystems/PSysThumbnail_OOD.uexp" 1311
"../../../Engine/Content/EditorMaterials/ParticleSystems/PSysThumbnail_NoImage.ubulk" 1312
"../../../Engine/Content/EditorMaterials/ParticleSystems/PSysThumbnail_NoImage.uasset" 1313
"../../../Engine/Content/EditorMaterials/ParticleSystems/PSysThumbnail_NoImage.uexp" 1314
"C:/Users/Admin/Desktop/MainProject/Mutants/Content/UltraDynamicSky/Textures/Weather/Snow_Normal.ubulk" 1315
"C:/Users/Admin/Desktop/MainProject/Mutants/Content/UltraDynamicSky/Textures/Weather/Snow_Normal.uasset" 1316
"C:/Users/Admin/Desktop/MainProject/Mutants/Content/UltraDynamicSky/Textures/Weather/Snow_Normal.uexp" 1317
"C:/Users/Admin/Desktop/MainProject/Mutants/Content/UltraDynamicSky/Textures/Weather/Frost_Scatter.uasset" 1318
"C:/Users/Admin/Desktop/MainProject/Mutants/Content/UltraDynamicSky/Textures/Weather/Frost_Scatter.uexp" 1319
"C:/Users/Admin/Desktop/MainProject/Mutants/Content/UltraDynamicSky/Textures/StaticClouds/StaticClouds_A.uasset" 1320
"C:/Users/Admin/Desktop/MainProject/Mutants/Content/UltraDynamicSky/Textures/StaticClouds/StaticClouds_A.uexp" 1321
"C:/Users/Admin/Desktop/MainProject/Mutants/Content/UltraDynamicSky/Textures/Sky/Real_Stars.uasset" 1322
"C:/Users/Admin/Desktop/MainProject/Mutants/Content/UltraDynamicSky/Textures/Sky/Real_Stars.uexp" 1323
"C:/Users/Admin/Desktop/MainProject/Mutants/Content/UltraDynamicSky/Textures/Clouds/Aurora_Clouds.uasset" 1324
"C:/Users/Admin/Desktop/MainProject/Mutants/Content/UltraDynamicSky/Textures/Clouds/Aurora_Clouds.uexp" 1325
"C:/Users/Admin/Desktop/MainProject/Mutants/Content/UltraDynamicSky/Textures/Icons/Weather/Thunderstorms.uasset" 1326
"C:/Users/Admin/Desktop/MainProject/Mutants/Content/UltraDynamicSky/Textures/Icons/Weather/Thunderstorms.uexp" 1327
"C:/Users/Admin/Desktop/MainProject/Mutants/Content/UltraDynamicSky/Textures/Icons/Weather/Snow.uasset" 1328
"C:/Users/Admin/Desktop/MainProject/Mutants/Content/UltraDynamicSky/Textures/Icons/Weather/Snow.uexp" 1329
"C:/Users/Admin/Desktop/MainProject/Mutants/Content/UltraDynamicSky/Textures/Icons/Weather/Rain.uasset" 1330
"C:/Users/Admin/Desktop/MainProject/Mutants/Content/UltraDynamicSky/Textures/Icons/Weather/Rain.uexp" 1331
"C:/Users/Admin/Desktop/MainProject/Mutants/Content/UltraDynamicSky/Textures/Icons/Weather/PartlyCloudy.uasset" 1332
"C:/Users/Admin/Desktop/MainProject/Mutants/Content/UltraDynamicSky/Textures/Icons/Weather/PartlyCloudy.uexp" 1333
"C:/Users/Admin/Desktop/MainProject/Mutants/Content/UltraDynamicSky/Textures/Icons/Weather/Overcast.uasset" 1334
"C:/Users/Admin/Desktop/MainProject/Mutants/Content/UltraDynamicSky/Textures/Icons/Weather/Overcast.uexp" 1335
"C:/Users/Admin/Desktop/MainProject/Mutants/Content/UltraDynamicSky/Textures/Icons/Weather/Light_Snow.uasset" 1336
"C:/Users/Admin/Desktop/MainProject/Mutants/Content/UltraDynamicSky/Textures/Icons/Weather/Light_Snow.uexp" 1337
"C:/Users/Admin/Desktop/MainProject/Mutants/Content/UltraDynamicSky/Textures/Icons/Weather/LightRain.uasset" 1338
"C:/Users/Admin/Desktop/MainProject/Mutants/Content/UltraDynamicSky/Textures/Icons/Weather/LightRain.uexp" 1339
"C:/Users/Admin/Desktop/MainProject/Mutants/Content/UltraDynamicSky/Textures/Icons/Weather/Foggy.uasset" 1340
"C:/Users/Admin/Desktop/MainProject/Mutants/Content/UltraDynamicSky/Textures/Icons/Weather/Foggy.uexp" 1341
"C:/Users/Admin/Desktop/MainProject/Mutants/Content/UltraDynamicSky/Textures/Icons/Weather/DustStorm.uasset" 1342
"C:/Users/Admin/Desktop/MainProject/Mutants/Content/UltraDynamicSky/Textures/Icons/Weather/DustStorm.uexp" 1343
"C:/Users/Admin/Desktop/MainProject/Mutants/Content/UltraDynamicSky/Textures/Icons/Weather/Dust.uasset" 1344
"C:/Users/Admin/Desktop/MainProject/Mutants/Content/UltraDynamicSky/Textures/Icons/Weather/Dust.uexp" 1345
"C:/Users/Admin/Desktop/MainProject/Mutants/Content/UltraDynamicSky/Textures/Icons/Weather/Cloudy.uasset" 1346
"C:/Users/Admin/Desktop/MainProject/Mutants/Content/UltraDynamicSky/Textures/Icons/Weather/Cloudy.uexp" 1347
"C:/Users/Admin/Desktop/MainProject/Mutants/Content/UltraDynamicSky/Textures/Icons/Weather/Clear_Skies.uasset" 1348
"C:/Users/Admin/Desktop/MainProject/Mutants/Content/UltraDynamicSky/Textures/Icons/Weather/Clear_Skies.uexp" 1349
"C:/Users/Admin/Desktop/MainProject/Mutants/Content/UltraDynamicSky/Textures/Icons/Weather/Blizzard.uasset" 1350
"C:/Users/Admin/Desktop/MainProject/Mutants/Content/UltraDynamicSky/Textures/Icons/Weather/Blizzard.uexp" 1351
"../../../Engine/Content/EngineResources/DefaultTextureCube.uasset" 1352
"../../../Engine/Content/EngineResources/DefaultTextureCube.uexp" 1353
"../../../Engine/Content/EngineMaterials/Substrate/Volume/SubstrateSimpleVolumeEnvLUT3D.uasset" 1354
"../../../Engine/Content/EngineMaterials/Substrate/Volume/SubstrateSimpleVolumeEnvLUT3D.uexp" 1355
"../../../Engine/Content/EngineMaterials/Substrate/Volume/SubstrateSimpleVolumeLUT3D.uasset" 1356
"../../../Engine/Content/EngineMaterials/Substrate/Volume/SubstrateSimpleVolumeLUT3D.uexp" 1357
"../../../Engine/Content/EngineResources/DefaultVolumeTexture2D.uasset" 1358
"../../../Engine/Content/EngineResources/DefaultVolumeTexture2D.uexp" 1359
"../../../Engine/Content/EngineResources/DefaultVolumeTexture.uasset" 1360
"../../../Engine/Content/EngineResources/DefaultVolumeTexture.uexp" 1361
"C:/Users/Admin/Desktop/MainProject/Mutants/Content/UltraDynamicSky/Textures/Sky/FlatCubemap.uasset" 1362
"C:/Users/Admin/Desktop/MainProject/Mutants/Content/UltraDynamicSky/Textures/Sky/FlatCubemap.uexp" 1363
"../../../Engine/Plugins/Interchange/Assets/Content/Functions/MX_AbsorptionVDF.uasset" 1364
"../../../Engine/Plugins/Interchange/Assets/Content/Functions/MX_AbsorptionVDF.uexp" 1365
"../../../Engine/Plugins/Interchange/Assets/Content/Functions/MX_AnisotropicVDF.uasset" 1366
"../../../Engine/Plugins/Interchange/Assets/Content/Functions/MX_AnisotropicVDF.uexp" 1367
"../../../Engine/Plugins/Interchange/Assets/Content/Functions/MX_BurleyDiffuseBSDF.uasset" 1368
"../../../Engine/Plugins/Interchange/Assets/Content/Functions/MX_BurleyDiffuseBSDF.uexp" 1369
"../../../Engine/Plugins/Interchange/Assets/Content/Functions/MX_ConductorBSDF.uasset" 1370
"../../../Engine/Plugins/Interchange/Assets/Content/Functions/MX_ConductorBSDF.uexp" 1371
"../../../Engine/Plugins/Interchange/Assets/Content/Functions/MX_ConicalEDF.uasset" 1372
"../../../Engine/Plugins/Interchange/Assets/Content/Functions/MX_ConicalEDF.uexp" 1373
"../../../Engine/Plugins/Interchange/Assets/Content/Functions/MX_DielectricBSDF.uasset" 1374
"../../../Engine/Plugins/Interchange/Assets/Content/Functions/MX_DielectricBSDF.uexp" 1375
"../../../Engine/Plugins/Interchange/Assets/Content/Functions/MX_GeneralizedSchlickBSDF.uasset" 1376
"../../../Engine/Plugins/Interchange/Assets/Content/Functions/MX_GeneralizedSchlickBSDF.uexp" 1377
"../../../Engine/Plugins/Interchange/Assets/Content/Functions/MX_MeasuredEDF.uasset" 1378
"../../../Engine/Plugins/Interchange/Assets/Content/Functions/MX_MeasuredEDF.uexp" 1379
"../../../Engine/Plugins/Interchange/Assets/Content/Utilities/New_LUT.uasset" 1380
"../../../Engine/Plugins/Interchange/Assets/Content/Utilities/New_LUT.uexp" 1381
"../../../Engine/Content/Functions/Engine_MaterialFunctions03/Math/RemapValueRange.uasset" 1382
"../../../Engine/Content/Functions/Engine_MaterialFunctions03/Math/RemapValueRange.uexp" 1383
"../../../Engine/Plugins/Interchange/Assets/Content/Functions/MF_Iridescence.uasset" 1384
"../../../Engine/Plugins/Interchange/Assets/Content/Functions/MF_Iridescence.uexp" 1385
"../../../Engine/Plugins/Interchange/Assets/Content/Functions/MX_StandardSurface.uasset" 1386
"../../../Engine/Plugins/Interchange/Assets/Content/Functions/MX_StandardSurface.uexp" 1387
"../../../Engine/Plugins/Interchange/Assets/Content/Functions/MX_OpenPBR_Opaque.uasset" 1388
"../../../Engine/Plugins/Interchange/Assets/Content/Functions/MX_OpenPBR_Opaque.uexp" 1389
"../../../Engine/Plugins/Interchange/Assets/Content/Functions/MX_TransmissionSurface.uasset" 1390
"../../../Engine/Plugins/Interchange/Assets/Content/Functions/MX_TransmissionSurface.uexp" 1391
"../../../Engine/Plugins/Interchange/Assets/Content/Functions/MX_OpenPBR_Translucent.uasset" 1392
"../../../Engine/Plugins/Interchange/Assets/Content/Functions/MX_OpenPBR_Translucent.uexp" 1393
"../../../Engine/Plugins/Interchange/Assets/Content/Functions/MX_OrenNayarBSDF.uasset" 1394
"../../../Engine/Plugins/Interchange/Assets/Content/Functions/MX_OrenNayarBSDF.uexp" 1395
"../../../Engine/Plugins/Interchange/Assets/Content/Functions/MX_SheenBSDF.uasset" 1396
"../../../Engine/Plugins/Interchange/Assets/Content/Functions/MX_SheenBSDF.uexp" 1397
"../../../Engine/Plugins/Interchange/Assets/Content/Functions/MX_SubsurfaceBSDF.uasset" 1398
"../../../Engine/Plugins/Interchange/Assets/Content/Functions/MX_SubsurfaceBSDF.uexp" 1399
"../../../Engine/Plugins/Interchange/Assets/Content/Functions/MX_Surface.uasset" 1400
"../../../Engine/Plugins/Interchange/Assets/Content/Functions/MX_Surface.uexp" 1401
"../../../Engine/Plugins/Interchange/Assets/Content/Functions/MX_SurfaceUnlit.uasset" 1402
"../../../Engine/Plugins/Interchange/Assets/Content/Functions/MX_SurfaceUnlit.uexp" 1403
"../../../Engine/Plugins/Interchange/Assets/Content/Functions/MX_ThinFilmBSDF.uasset" 1404
"../../../Engine/Plugins/Interchange/Assets/Content/Functions/MX_ThinFilmBSDF.uexp" 1405
"../../../Engine/Plugins/Interchange/Assets/Content/Functions/MX_TranslucentBSDF.uasset" 1406
"../../../Engine/Plugins/Interchange/Assets/Content/Functions/MX_TranslucentBSDF.uexp" 1407
"../../../Engine/Plugins/Interchange/Assets/Content/Functions/MX_UniformEDF.uasset" 1408
"../../../Engine/Plugins/Interchange/Assets/Content/Functions/MX_UniformEDF.uexp" 1409
"../../../Engine/Plugins/Interchange/Assets/Content/Functions/MX_UsdPreviewSurface.uasset" 1410
"../../../Engine/Plugins/Interchange/Assets/Content/Functions/MX_UsdPreviewSurface.uexp" 1411
"../../../Engine/Content/EditorMaterials/Dataflow/DataflowVertexMaterial.uasset" 1412
"../../../Engine/Content/EditorMaterials/Dataflow/DataflowVertexMaterial.uexp" 1413
"../../../Engine/Content/EditorMaterials/Dataflow/DataflowTwoSidedVertexMaterial.uasset" 1414
"../../../Engine/Content/EditorMaterials/Dataflow/DataflowTwoSidedVertexMaterial.uexp" 1415
"../../../Engine/Content/Functions/Engine_MaterialFunctions02/WorldPositionOffset/CameraOffset.uasset" 1416
"../../../Engine/Content/Functions/Engine_MaterialFunctions02/WorldPositionOffset/CameraOffset.uexp" 1417
"../../../Engine/Content/Functions/Engine_MaterialFunctions02/ScreenResolution.uasset" 1418
"../../../Engine/Content/Functions/Engine_MaterialFunctions02/ScreenResolution.uexp" 1419
"../../../Engine/Content/Functions/Engine_MaterialFunctions02/Utility/FOV.uasset" 1420
"../../../Engine/Content/Functions/Engine_MaterialFunctions02/Utility/FOV.uexp" 1421
"../../../Engine/Content/Functions/Engine_MaterialFunctions02/Math/ManualWorldToScreenUVsTransform.uasset" 1422
"../../../Engine/Content/Functions/Engine_MaterialFunctions02/Math/ManualWorldToScreenUVsTransform.uexp" 1423
"../../../Engine/Content/Functions/Engine_MaterialFunctions02/Utility/CameraDirectionVector.uasset" 1424
"../../../Engine/Content/Functions/Engine_MaterialFunctions02/Utility/CameraDirectionVector.uexp" 1425
"../../../Engine/Content/Functions/Engine_MaterialFunctions02/Utility/DepthFromWorldPosition.uasset" 1426
"../../../Engine/Content/Functions/Engine_MaterialFunctions02/Utility/DepthFromWorldPosition.uexp" 1427
"C:/Users/Admin/Desktop/MainProject/Mutants/Content/UltraDynamicSky/Textures/Weather/Splash_Animation.ubulk" 1428
"C:/Users/Admin/Desktop/MainProject/Mutants/Content/UltraDynamicSky/Textures/Weather/Splash_Animation.uasset" 1429
"C:/Users/Admin/Desktop/MainProject/Mutants/Content/UltraDynamicSky/Textures/Weather/Splash_Animation.uexp" 1430
"C:/Users/Admin/Desktop/MainProject/Mutants/Content/UltraDynamicSky/Particles/UDW_WeatherParticle_Parameters.uasset" 1431
"C:/Users/Admin/Desktop/MainProject/Mutants/Content/UltraDynamicSky/Particles/UDW_WeatherParticle_Parameters.uexp" 1432
"C:/Users/Admin/Desktop/MainProject/Mutants/Content/UltraDynamicSky/Materials/Material_Functions/RainSplash_Particle_Sprite.uasset" 1433
"C:/Users/Admin/Desktop/MainProject/Mutants/Content/UltraDynamicSky/Materials/Material_Functions/RainSplash_Particle_Sprite.uexp" 1434
"C:/Users/Admin/Desktop/MainProject/Mutants/Content/UltraDynamicSky/Materials/Weather/UltraDynamicWeather_Parameters.uasset" 1435
"C:/Users/Admin/Desktop/MainProject/Mutants/Content/UltraDynamicSky/Materials/Weather/UltraDynamicWeather_Parameters.uexp" 1436
"C:/Users/Admin/Desktop/MainProject/Mutants/Content/UltraDynamicSky/Materials/Weather/Splash_ParticleMat_Translucent.uasset" 1437
"C:/Users/Admin/Desktop/MainProject/Mutants/Content/UltraDynamicSky/Materials/Weather/Splash_ParticleMat_Translucent.uexp" 1438
"C:/Users/Admin/Desktop/MainProject/Mutants/Content/UltraDynamicSky/Textures/Weather/RainSnow_Sheet.ubulk" 1439
"C:/Users/Admin/Desktop/MainProject/Mutants/Content/UltraDynamicSky/Textures/Weather/RainSnow_Sheet.uasset" 1440
"C:/Users/Admin/Desktop/MainProject/Mutants/Content/UltraDynamicSky/Textures/Weather/RainSnow_Sheet.uexp" 1441
"C:/Users/Admin/Desktop/MainProject/Mutants/Content/UltraDynamicSky/Materials/Material_Functions/Rain_Splash_Droplet_Sprite.uasset" 1442
"C:/Users/Admin/Desktop/MainProject/Mutants/Content/UltraDynamicSky/Materials/Material_Functions/Rain_Splash_Droplet_Sprite.uexp" 1443
"C:/Users/Admin/Desktop/MainProject/Mutants/Content/UltraDynamicSky/Materials/Weather/Splash_Droplet_Particle_Translucent.uasset" 1444
"C:/Users/Admin/Desktop/MainProject/Mutants/Content/UltraDynamicSky/Materials/Weather/Splash_Droplet_Particle_Translucent.uexp" 1445
"C:/Users/Admin/Desktop/MainProject/Mutants/Content/UltraDynamicSky/Materials/Weather/WeatherParticle_DepthTest.uasset" 1446
"C:/Users/Admin/Desktop/MainProject/Mutants/Content/UltraDynamicSky/Materials/Weather/WeatherParticle_DepthTest.uexp" 1447
"C:/Users/Admin/Desktop/MainProject/Mutants/Content/UltraDynamicSky/Materials/Weather/Limit_Weather_Particle_Ambient.uasset" 1448
"C:/Users/Admin/Desktop/MainProject/Mutants/Content/UltraDynamicSky/Materials/Weather/Limit_Weather_Particle_Ambient.uexp" 1449
"../../../Engine/Content/Functions/Engine_MaterialFunctions01/Coordinates/WorldUnitsInPixel.uasset" 1450
"../../../Engine/Content/Functions/Engine_MaterialFunctions01/Coordinates/WorldUnitsInPixel.uexp" 1451
"../../../Engine/Content/Functions/Engine_MaterialFunctions01/Coordinates/PixelInWorldUnits.uasset" 1452
"../../../Engine/Content/Functions/Engine_MaterialFunctions01/Coordinates/PixelInWorldUnits.uexp" 1453
"C:/Users/Admin/Desktop/MainProject/Mutants/Content/UltraDynamicSky/Materials/Weather/Weather_Particle_DOF.uasset" 1454
"C:/Users/Admin/Desktop/MainProject/Mutants/Content/UltraDynamicSky/Materials/Weather/Weather_Particle_DOF.uexp" 1455
"C:/Users/Admin/Desktop/MainProject/Mutants/Content/UltraDynamicSky/Materials/Weather/SnowParticle_Attributes.uasset" 1456
"C:/Users/Admin/Desktop/MainProject/Mutants/Content/UltraDynamicSky/Materials/Weather/SnowParticle_Attributes.uexp" 1457
"C:/Users/Admin/Desktop/MainProject/Mutants/Content/UltraDynamicSky/Materials/Weather/Snow_ParticleMat_ADOF.uasset" 1458
"C:/Users/Admin/Desktop/MainProject/Mutants/Content/UltraDynamicSky/Materials/Weather/Snow_ParticleMat_ADOF.uexp" 1459
"C:/Users/Admin/Desktop/MainProject/Mutants/Content/UltraDynamicSky/Textures/3D_Clouds/3D_Cells_64.uasset" 1460
"C:/Users/Admin/Desktop/MainProject/Mutants/Content/UltraDynamicSky/Textures/3D_Clouds/3D_Cells_64.uexp" 1461
"../../../Engine/Content/EngineMaterials/DefaultNormal.ubulk" 1462
"../../../Engine/Content/EngineMaterials/DefaultNormal.uasset" 1463
"../../../Engine/Content/EngineMaterials/DefaultNormal.uexp" 1464
"C:/Users/Admin/Desktop/MainProject/Mutants/Content/UltraDynamicSky/Materials/Weather/Screen_Frost.uasset" 1465
"C:/Users/Admin/Desktop/MainProject/Mutants/Content/UltraDynamicSky/Materials/Weather/Screen_Frost.uexp" 1466
"C:/Users/Admin/Desktop/MainProject/Mutants/Content/UltraDynamicSky/Textures/Weather/Drips_Vertical_Mask.uasset" 1467
"C:/Users/Admin/Desktop/MainProject/Mutants/Content/UltraDynamicSky/Textures/Weather/Drips_Vertical_Mask.uexp" 1468
"../../../Engine/Content/Functions/Engine_MaterialFunctions02/Texturing/ScreenAlignedUVs.uasset" 1469
"../../../Engine/Content/Functions/Engine_MaterialFunctions02/Texturing/ScreenAlignedUVs.uexp" 1470
"../../../Engine/Content/Functions/Engine_MaterialFunctions01/ImageAdjustment/BlurSampleOffsets.uasset" 1471
"../../../Engine/Content/Functions/Engine_MaterialFunctions01/ImageAdjustment/BlurSampleOffsets.uexp" 1472
"C:/Users/Admin/Desktop/MainProject/Mutants/Content/UltraDynamicSky/Textures/Weather/WaterDroplets_Small.uasset" 1473
"C:/Users/Admin/Desktop/MainProject/Mutants/Content/UltraDynamicSky/Textures/Weather/WaterDroplets_Small.uexp" 1474
"C:/Users/Admin/Desktop/MainProject/Mutants/Content/UltraDynamicSky/Materials/Material_Functions/RadialGradientBasic.uasset" 1475
"C:/Users/Admin/Desktop/MainProject/Mutants/Content/UltraDynamicSky/Materials/Material_Functions/RadialGradientBasic.uexp" 1476
"C:/Users/Admin/Desktop/MainProject/Mutants/Content/UltraDynamicSky/Materials/Material_Functions/Screen_Droplet_Sample.uasset" 1477
"C:/Users/Admin/Desktop/MainProject/Mutants/Content/UltraDynamicSky/Materials/Material_Functions/Screen_Droplet_Sample.uexp" 1478
"C:/Users/Admin/Desktop/MainProject/Mutants/Content/UltraDynamicSky/Textures/Weather/ParticleClouds.ubulk" 1479
"C:/Users/Admin/Desktop/MainProject/Mutants/Content/UltraDynamicSky/Textures/Weather/ParticleClouds.uasset" 1480
"C:/Users/Admin/Desktop/MainProject/Mutants/Content/UltraDynamicSky/Textures/Weather/ParticleClouds.uexp" 1481
"C:/Users/Admin/Desktop/MainProject/Mutants/Content/UltraDynamicSky/Materials/Weather/Screen_Droplets.uasset" 1482
"C:/Users/Admin/Desktop/MainProject/Mutants/Content/UltraDynamicSky/Materials/Weather/Screen_Droplets.uexp" 1483
"C:/Users/Admin/Desktop/MainProject/Mutants/Content/UltraDynamicSky/Materials/Weather/RainParticle_Attributes.uasset" 1484
"C:/Users/Admin/Desktop/MainProject/Mutants/Content/UltraDynamicSky/Materials/Weather/RainParticle_Attributes.uexp" 1485
"C:/Users/Admin/Desktop/MainProject/Mutants/Content/UltraDynamicSky/Materials/Weather/Rain_ParticleMat_ADOF.uasset" 1486
"C:/Users/Admin/Desktop/MainProject/Mutants/Content/UltraDynamicSky/Materials/Weather/Rain_ParticleMat_ADOF.uexp" 1487
"C:/Users/Admin/Desktop/MainProject/Mutants/Content/UltraDynamicSky/Textures/3D_Clouds/3DCells_128.uasset" 1488
"C:/Users/Admin/Desktop/MainProject/Mutants/Content/UltraDynamicSky/Textures/3D_Clouds/3DCells_128.uexp" 1489
"C:/Users/Admin/Desktop/MainProject/Mutants/Content/UltraDynamicSky/Textures/3D_Clouds/3D_Cells_32.uasset" 1490
"C:/Users/Admin/Desktop/MainProject/Mutants/Content/UltraDynamicSky/Textures/3D_Clouds/3D_Cells_32.uexp" 1491
"C:/Users/Admin/Desktop/MainProject/Mutants/Content/UltraDynamicSky/Materials/Material_Functions/UDS_VolumetricClouds_MPC.uasset" 1492
"C:/Users/Admin/Desktop/MainProject/Mutants/Content/UltraDynamicSky/Materials/Material_Functions/UDS_VolumetricClouds_MPC.uexp" 1493
"C:/Users/Admin/Desktop/MainProject/Mutants/Content/UltraDynamicSky/Materials/Weather/Post_Process_Wind_Fog.uasset" 1494
"C:/Users/Admin/Desktop/MainProject/Mutants/Content/UltraDynamicSky/Materials/Weather/Post_Process_Wind_Fog.uexp" 1495
"C:/Users/Admin/Desktop/MainProject/Mutants/Content/UltraDynamicSky/Materials/Material_Functions/Heat_Distortion_Sample.uasset" 1496
"C:/Users/Admin/Desktop/MainProject/Mutants/Content/UltraDynamicSky/Materials/Material_Functions/Heat_Distortion_Sample.uexp" 1497
"C:/Users/Admin/Desktop/MainProject/Mutants/Content/UltraDynamicSky/Materials/Weather/Heat_Distortion.uasset" 1498
"C:/Users/Admin/Desktop/MainProject/Mutants/Content/UltraDynamicSky/Materials/Weather/Heat_Distortion.uexp" 1499
"C:/Users/Admin/Desktop/MainProject/Mutants/Content/UltraDynamicSky/Materials/Space/Nebula_Layer.uasset" 1500
"C:/Users/Admin/Desktop/MainProject/Mutants/Content/UltraDynamicSky/Materials/Space/Nebula_Layer.uexp" 1501
"C:/Users/Admin/Desktop/MainProject/Mutants/Content/UltraDynamicSky/Textures/Sky/Caustic_Pattern.uasset" 1502
"C:/Users/Admin/Desktop/MainProject/Mutants/Content/UltraDynamicSky/Textures/Sky/Caustic_Pattern.uexp" 1503
"C:/Users/Admin/Desktop/MainProject/Mutants/Content/UltraDynamicSky/Materials/Material_Functions/Caustic_Refraction_Light.uasset" 1504
"C:/Users/Admin/Desktop/MainProject/Mutants/Content/UltraDynamicSky/Materials/Material_Functions/Caustic_Refraction_Light.uexp" 1505
"C:/Users/Admin/Desktop/MainProject/Mutants/Content/UltraDynamicSky/Materials/Material_Instances/Water_Caustics_LightFunction.uasset" 1506
"C:/Users/Admin/Desktop/MainProject/Mutants/Content/UltraDynamicSky/Materials/Material_Instances/Water_Caustics_LightFunction.uexp" 1507
"C:/Users/Admin/Desktop/MainProject/Mutants/Content/UltraDynamicSky/Materials/Material_Functions/UDS_Basic_LightFunction.uasset" 1508
"C:/Users/Admin/Desktop/MainProject/Mutants/Content/UltraDynamicSky/Materials/Material_Functions/UDS_Basic_LightFunction.uexp" 1509
"../../../Engine/Content/Functions/Engine_MaterialFunctions01/Shading/PowerToRoughness.uasset" 1510
"../../../Engine/Content/Functions/Engine_MaterialFunctions01/Shading/PowerToRoughness.uexp" 1511
"../../../Engine/Content/Functions/Engine_MaterialFunctions01/Shading/ConvertFromDiffSpec.uasset" 1512
"../../../Engine/Content/Functions/Engine_MaterialFunctions01/Shading/ConvertFromDiffSpec.uexp" 1513
"C:/Users/Admin/Desktop/MainProject/Mutants/Content/UltraDynamicSky/Textures/Volumetric_Clouds/Cloud_Profile.uasset" 1514
"C:/Users/Admin/Desktop/MainProject/Mutants/Content/UltraDynamicSky/Textures/Volumetric_Clouds/Cloud_Profile.uexp" 1515
"C:/Users/Admin/Desktop/MainProject/Mutants/Content/UltraDynamicSky/Materials/Material_Functions/Volumetric_Clouds_Extinction.uasset" 1516
"C:/Users/Admin/Desktop/MainProject/Mutants/Content/UltraDynamicSky/Materials/Material_Functions/Volumetric_Clouds_Extinction.uexp" 1517
"C:/Users/Admin/Desktop/MainProject/Mutants/Content/UltraDynamicSky/Textures/Sky/Black.uasset" 1518
"C:/Users/Admin/Desktop/MainProject/Mutants/Content/UltraDynamicSky/Textures/Sky/Black.uexp" 1519
"C:/Users/Admin/Desktop/MainProject/Mutants/Content/UltraDynamicSky/Materials/Material_Functions/Volumetric_Clouds_Conservative_Density.uasset" 1520
"C:/Users/Admin/Desktop/MainProject/Mutants/Content/UltraDynamicSky/Materials/Material_Functions/Volumetric_Clouds_Conservative_Density.uexp" 1521
"C:/Users/Admin/Desktop/MainProject/Mutants/Content/UltraDynamicSky/Materials/Cloud_Fog_PostProcess.uasset" 1522
"C:/Users/Admin/Desktop/MainProject/Mutants/Content/UltraDynamicSky/Materials/Cloud_Fog_PostProcess.uexp" 1523
"C:/Users/Admin/Desktop/MainProject/Mutants/Content/UltraDynamicSky/Materials/Inside_Clouds_Fog_Particle.uasset" 1524
"C:/Users/Admin/Desktop/MainProject/Mutants/Content/UltraDynamicSky/Materials/Inside_Clouds_Fog_Particle.uexp" 1525
"C:/Users/Admin/Desktop/MainProject/Mutants/Content/UltraDynamicSky/Materials/Material_Functions/PathTracer_Fog_Density.uasset" 1526
"C:/Users/Admin/Desktop/MainProject/Mutants/Content/UltraDynamicSky/Materials/Material_Functions/PathTracer_Fog_Density.uexp" 1527
"C:/Users/Admin/Desktop/MainProject/Mutants/Content/UltraDynamicSky/Materials/PathTracer_ExpHeightFog.uasset" 1528
"C:/Users/Admin/Desktop/MainProject/Mutants/Content/UltraDynamicSky/Materials/PathTracer_ExpHeightFog.uexp" 1529
"C:/Users/Admin/Desktop/MainProject/Mutants/Content/UltraDynamicSky/Materials/Volumetric_Aurora.uasset" 1530
"C:/Users/Admin/Desktop/MainProject/Mutants/Content/UltraDynamicSky/Materials/Volumetric_Aurora.uexp" 1531
"../../../Engine/Plugins/Animation/ControlRig/Content/Controls/ControlRigGizmoMaterial.uasset" 1532
"../../../Engine/Plugins/Animation/ControlRig/Content/Controls/ControlRigGizmoMaterial.uexp" 1533
"../../../Engine/Plugins/Animation/ControlRig/Content/Controls/ControlRigXRayMaterial.uasset" 1534
"../../../Engine/Plugins/Animation/ControlRig/Content/Controls/ControlRigXRayMaterial.uexp" 1535
"../../../Engine/Plugins/Editor/SpeedTreeImporter/Content/SpeedTree9/game_wind_noise.ubulk" 1536
"../../../Engine/Plugins/Editor/SpeedTreeImporter/Content/SpeedTree9/game_wind_noise.uasset" 1537
"../../../Engine/Plugins/Editor/SpeedTreeImporter/Content/SpeedTree9/game_wind_noise.uexp" 1538
"../../../Engine/Plugins/Editor/SpeedTreeImporter/Content/SpeedTree9/UnpackDirection.uasset" 1539
"../../../Engine/Plugins/Editor/SpeedTreeImporter/Content/SpeedTree9/UnpackDirection.uexp" 1540
"../../../Engine/Content/Functions/Engine_MaterialFunctions02/ObjectLocalBounds.uasset" 1541
"../../../Engine/Content/Functions/Engine_MaterialFunctions02/ObjectLocalBounds.uexp" 1542
"../../../Engine/Content/Functions/Engine_MaterialFunctions02/Utility/BreakOutFloat3Components.uasset" 1543
"../../../Engine/Content/Functions/Engine_MaterialFunctions02/Utility/BreakOutFloat3Components.uexp" 1544
"../../../Engine/Content/Functions/Engine_MaterialFunctions02/UVs/BoundingBoxBased_0-1_UVW.uasset" 1545
"../../../Engine/Content/Functions/Engine_MaterialFunctions02/UVs/BoundingBoxBased_0-1_UVW.uexp" 1546
"../../../Engine/Plugins/Editor/SpeedTreeImporter/Content/SpeedTree9/SpeedTreeBillboard.uasset" 1547
"../../../Engine/Plugins/Editor/SpeedTreeImporter/Content/SpeedTree9/SpeedTreeBillboard.uexp" 1548
"../../../Engine/Content/Functions/Engine_MaterialFunctions02/Utility/VectorLength.uasset" 1549
"../../../Engine/Content/Functions/Engine_MaterialFunctions02/Utility/VectorLength.uexp" 1550
"../../../Engine/Plugins/Editor/SpeedTreeImporter/Content/SpeedTree9/UnpackInteger3.uasset" 1551
"../../../Engine/Plugins/Editor/SpeedTreeImporter/Content/SpeedTree9/UnpackInteger3.uexp" 1552
"../../../Engine/Content/Functions/Engine_MaterialFunctions02/WorldPositionOffset/ObjectScale.uasset" 1553
"../../../Engine/Content/Functions/Engine_MaterialFunctions02/WorldPositionOffset/ObjectScale.uexp" 1554
"../../../Engine/Content/Functions/Engine_MaterialFunctions02/SafeNormalize.uasset" 1555
"../../../Engine/Content/Functions/Engine_MaterialFunctions02/SafeNormalize.uexp" 1556
"../../../Engine/Plugins/Editor/SpeedTreeImporter/Content/SpeedTree9/SpeedTreeWindMotion.uasset" 1557
"../../../Engine/Plugins/Editor/SpeedTreeImporter/Content/SpeedTree9/SpeedTreeWindMotion.uexp" 1558
"../../../Engine/Plugins/Editor/SpeedTreeImporter/Content/SpeedTree9/SpeedTreeBranchMotion.uasset" 1559
"../../../Engine/Plugins/Editor/SpeedTreeImporter/Content/SpeedTree9/SpeedTreeBranchMotion.uexp" 1560
"../../../Engine/Plugins/Editor/SpeedTreeImporter/Content/SpeedTree9/SpeedTreeWind.uasset" 1561
"../../../Engine/Plugins/Editor/SpeedTreeImporter/Content/SpeedTree9/SpeedTreeWind.uexp" 1562
"../../../Engine/Plugins/Editor/SpeedTreeImporter/Content/SpeedTree9/EmptyNormal.uasset" 1563
"../../../Engine/Plugins/Editor/SpeedTreeImporter/Content/SpeedTree9/EmptyNormal.uexp" 1564
"../../../Engine/Plugins/Editor/SpeedTreeImporter/Content/SpeedTree9/Empty.uasset" 1565
"../../../Engine/Plugins/Editor/SpeedTreeImporter/Content/SpeedTree9/Empty.uexp" 1566
"../../../Engine/Plugins/Editor/SpeedTreeImporter/Content/SpeedTree9/SpeedTreeBillboardMaster.uasset" 1567
"../../../Engine/Plugins/Editor/SpeedTreeImporter/Content/SpeedTree9/SpeedTreeBillboardMaster.uexp" 1568
"../../../Engine/Plugins/Editor/SpeedTreeImporter/Content/SpeedTree9/SpeedTreeCameraFacing.uasset" 1569
"../../../Engine/Plugins/Editor/SpeedTreeImporter/Content/SpeedTree9/SpeedTreeCameraFacing.uexp" 1570
"../../../Engine/Plugins/Editor/SpeedTreeImporter/Content/SpeedTree9/SpeedTreeMaster.uasset" 1571
"../../../Engine/Plugins/Editor/SpeedTreeImporter/Content/SpeedTree9/SpeedTreeMaster.uexp" 1572
"../../../Engine/Plugins/Runtime/HairStrands/Content/Materials/HairCardsDefaultMaterial.uasset" 1573
"../../../Engine/Plugins/Runtime/HairStrands/Content/Materials/HairCardsDefaultMaterial.uexp" 1574
"../../../Engine/Plugins/Runtime/HairStrands/Content/Materials/HairGroupColors.uasset" 1575
"../../../Engine/Plugins/Runtime/HairStrands/Content/Materials/HairGroupColors.uexp" 1576
"../../../Engine/Content/Functions/Engine_MaterialFunctions02/Utility/MakeFloat2.uasset" 1577
"../../../Engine/Content/Functions/Engine_MaterialFunctions02/Utility/MakeFloat2.uexp" 1578
"../../../Engine/Content/Functions/Engine_MaterialFunctions02/Utility/MakeFloat3.uasset" 1579
"../../../Engine/Content/Functions/Engine_MaterialFunctions02/Utility/MakeFloat3.uexp" 1580
"../../../Engine/Content/EngineMaterials/HairColorMap.uasset" 1581
"../../../Engine/Content/EngineMaterials/HairColorMap.uexp" 1582
"../../../Engine/Content/EngineMaterials/HairDebugColor.uasset" 1583
"../../../Engine/Content/EngineMaterials/HairDebugColor.uexp" 1584
"../../../Engine/Plugins/Runtime/HairStrands/Content/Materials/HairDebugMaterial.uasset" 1585
"../../../Engine/Plugins/Runtime/HairStrands/Content/Materials/HairDebugMaterial.uexp" 1586
"../../../Engine/Plugins/Runtime/HairStrands/Content/Materials/HairDefaultMaterial.uasset" 1587
"../../../Engine/Plugins/Runtime/HairStrands/Content/Materials/HairDefaultMaterial.uexp" 1588
"../../../Engine/Plugins/Runtime/HairStrands/Content/Materials/HairMeshesDefaultMaterial.uasset" 1589
"../../../Engine/Plugins/Runtime/HairStrands/Content/Materials/HairMeshesDefaultMaterial.uexp" 1590
"../../../Engine/Plugins/Runtime/MeshModelingToolset/Content/Materials/M_DynamicMeshComponentVtxColor.uasset" 1591
"../../../Engine/Plugins/Runtime/MeshModelingToolset/Content/Materials/M_DynamicMeshComponentVtxColor.uexp" 1592
"../../../Engine/Content/EditorMaterials/PhAT_NoCollisionMaterial.uasset" 1593
"../../../Engine/Content/EditorMaterials/PhAT_NoCollisionMaterial.uexp" 1594
"../../../Engine/Content/EditorMaterials/PhAT_UnselectedMaterial.uasset" 1595
"../../../Engine/Content/EditorMaterials/PhAT_UnselectedMaterial.uexp" 1596
"../../../Engine/Content/EditorMaterials/PreviewShadowIndicator.ubulk" 1597
"../../../Engine/Content/EditorMaterials/PreviewShadowIndicator.uasset" 1598
"../../../Engine/Content/EditorMaterials/PreviewShadowIndicator.uexp" 1599
"../../../Engine/Content/EditorMaterials/PreviewShadowIndicatorMaterial.uasset" 1600
"../../../Engine/Content/EditorMaterials/PreviewShadowIndicatorMaterial.uexp" 1601
"../../../Engine/Content/EngineDebugMaterials/DebugEditorMaterial.uasset" 1602
"../../../Engine/Content/EngineDebugMaterials/DebugEditorMaterial.uexp" 1603
"../../../Engine/Content/EngineDebugMaterials/DebugMeshMaterial.uasset" 1604
"../../../Engine/Content/EngineDebugMaterials/DebugMeshMaterial.uexp" 1605
"../../../Engine/Content/EngineDebugMaterials/M_SimpleUnlitTranslucent.uasset" 1606
"../../../Engine/Content/EngineDebugMaterials/M_SimpleUnlitTranslucent.uexp" 1607
"../../../Engine/Content/EngineDebugMaterials/VolumeToRender.uasset" 1608
"../../../Engine/Content/EngineDebugMaterials/VolumeToRender.uexp" 1609
"../../../Engine/Content/EngineDebugMaterials/M_VolumeRenderSphereTracePP.uasset" 1610
"../../../Engine/Content/EngineDebugMaterials/M_VolumeRenderSphereTracePP.uexp" 1611
"../../../Engine/Content/EngineMaterials/DefaultDiffuse.ubulk" 1612
"../../../Engine/Content/EngineMaterials/DefaultDiffuse.uasset" 1613
"../../../Engine/Content/EngineMaterials/DefaultDiffuse.uexp" 1614
"../../../Engine/Content/EngineMaterials/DefaultDeferredDecalMaterial.uasset" 1615
"../../../Engine/Content/EngineMaterials/DefaultDeferredDecalMaterial.uexp" 1616
"../../../Engine/Content/EngineMaterials/DefaultLightFunctionMaterial.uasset" 1617
"../../../Engine/Content/EngineMaterials/DefaultLightFunctionMaterial.uexp" 1618
"../../../Engine/Content/EngineMaterials/DefaultPostProcessMaterial.uasset" 1619
"../../../Engine/Content/EngineMaterials/DefaultPostProcessMaterial.uexp" 1620
"../../../Engine/Content/EngineFonts/RobotoDistanceField.uasset" 1621
"../../../Engine/Content/EngineFonts/RobotoDistanceField.uexp" 1622
"../../../Engine/Content/EngineMaterials/DefaultTextMaterialOpaque.uasset" 1623
"../../../Engine/Content/EngineMaterials/DefaultTextMaterialOpaque.uexp" 1624
"../../../Engine/Content/EngineMaterials/DefaultWhiteGrid_Low.uasset" 1625
"../../../Engine/Content/EngineMaterials/DefaultWhiteGrid_Low.uexp" 1626
"../../../Engine/Content/EngineMaterials/EmissiveMeshMaterial.uasset" 1627
"../../../Engine/Content/EngineMaterials/EmissiveMeshMaterial.uexp" 1628
"../../../Engine/Content/EngineMaterials/BaseFlattenNormalMap.uasset" 1629
"../../../Engine/Content/EngineMaterials/BaseFlattenNormalMap.uexp" 1630
"../../../Engine/Content/EngineMaterials/BaseFlattenGrayscaleMap.uasset" 1631
"../../../Engine/Content/EngineMaterials/BaseFlattenGrayscaleMap.uexp" 1632
"../../../Engine/Content/EngineMaterials/BaseFlattenDiffuseMap.uasset" 1633
"../../../Engine/Content/EngineMaterials/BaseFlattenDiffuseMap.uexp" 1634
"../../../Engine/Content/Functions/Engine_MaterialFunctions02/PivotPainter2/Black_1x1_EXR_Texture.uasset" 1635
"../../../Engine/Content/Functions/Engine_MaterialFunctions02/PivotPainter2/Black_1x1_EXR_Texture.uexp" 1636
"../../../Engine/Content/EngineMaterials/BaseFlattenEmissiveMap.uasset" 1637
"../../../Engine/Content/EngineMaterials/BaseFlattenEmissiveMap.uexp" 1638
"../../../Engine/Content/EngineMaterials/BaseFlattenLinearColor.uasset" 1639
"../../../Engine/Content/EngineMaterials/BaseFlattenLinearColor.uexp" 1640
"../../../Engine/Content/EngineMaterials/FlattenMaterial.uasset" 1641
"../../../Engine/Content/EngineMaterials/FlattenMaterial.uexp" 1642
"../../../Engine/Content/EngineMaterials/BaseFlattenEmissiveMap_VT.uasset" 1643
"../../../Engine/Content/EngineMaterials/BaseFlattenEmissiveMap_VT.uexp" 1644
"../../../Engine/Content/EngineMaterials/BaseFlattenGrayscaleMap_VT.uasset" 1645
"../../../Engine/Content/EngineMaterials/BaseFlattenGrayscaleMap_VT.uexp" 1646
"../../../Engine/Content/EngineMaterials/BaseFlattenLinearColor_VT.uasset" 1647
"../../../Engine/Content/EngineMaterials/BaseFlattenLinearColor_VT.uexp" 1648
"../../../Engine/Content/EngineMaterials/Black_1x1_EXR_Texture_VT.uasset" 1649
"../../../Engine/Content/EngineMaterials/Black_1x1_EXR_Texture_VT.uexp" 1650
"../../../Engine/Content/EngineMaterials/BaseFlattenDiffuseMap_VT.uasset" 1651
"../../../Engine/Content/EngineMaterials/BaseFlattenDiffuseMap_VT.uexp" 1652
"../../../Engine/Content/EngineMaterials/BaseFlattenNormalMap_VT.uasset" 1653
"../../../Engine/Content/EngineMaterials/BaseFlattenNormalMap_VT.uexp" 1654
"../../../Engine/Content/EngineMaterials/FlattenMaterial_VT.uasset" 1655
"../../../Engine/Content/EngineMaterials/FlattenMaterial_VT.uexp" 1656
"../../../Engine/Content/EngineMaterials/FlattenMaterial_WS_Normal_VT.uasset" 1657
"../../../Engine/Content/EngineMaterials/FlattenMaterial_WS_Normal_VT.uexp" 1658
"../../../Engine/Content/EngineMaterials/GizmoMaterial.uasset" 1659
"../../../Engine/Content/EngineMaterials/GizmoMaterial.uexp" 1660
"../../../Engine/Content/EngineMaterials/InvalidLightmapSettings.ubulk" 1661
"../../../Engine/Content/EngineMaterials/InvalidLightmapSettings.uasset" 1662
"../../../Engine/Content/EngineMaterials/InvalidLightmapSettings.uexp" 1663
"../../../Engine/Content/EngineMaterials/M_InvalidLightmapSettings.uasset" 1664
"../../../Engine/Content/EngineMaterials/M_InvalidLightmapSettings.uexp" 1665
"../../../Engine/Content/EngineMaterials/NaniteHiddenSectionMaterial.uasset" 1666
"../../../Engine/Content/EngineMaterials/NaniteHiddenSectionMaterial.uexp" 1667
"../../../Engine/Content/EngineMaterials/PhAT_JointLimitMaterial.uasset" 1668
"../../../Engine/Content/EngineMaterials/PhAT_JointLimitMaterial.uexp" 1669
"../../../Engine/Content/EngineMaterials/DefaultCalibrationColor.uasset" 1670
"../../../Engine/Content/EngineMaterials/DefaultCalibrationColor.uexp" 1671
"../../../Engine/Content/EngineMaterials/PPM_DefaultCalibrationColor.uasset" 1672
"../../../Engine/Content/EngineMaterials/PPM_DefaultCalibrationColor.uexp" 1673
"../../../Engine/Content/EngineMaterials/DefaultCalibrationGrayscale.uasset" 1674
"../../../Engine/Content/EngineMaterials/DefaultCalibrationGrayscale.uexp" 1675
"../../../Engine/Content/EngineMaterials/PPM_DefaultCalibrationGrayscale.uasset" 1676
"../../../Engine/Content/EngineMaterials/PPM_DefaultCalibrationGrayscale.uexp" 1677
"../../../Engine/Content/EngineMaterials/RemoveSurfaceMaterial.uasset" 1678
"../../../Engine/Content/EngineMaterials/RemoveSurfaceMaterial.uexp" 1679
"../../../Engine/Plugins/Animation/ControlRig/Content/M_Manip.uasset" 1680
"../../../Engine/Plugins/Animation/ControlRig/Content/M_Manip.uexp" 1681
"../../../Engine/Content/EngineMaterials/WeightMapPlaceholderTexture.uasset" 1682
"../../../Engine/Content/EngineMaterials/WeightMapPlaceholderTexture.uexp" 1683
"../../../Engine/Content/EngineMaterials/WeightMapArrayPlaceholderTexture.uasset" 1684
"../../../Engine/Content/EngineMaterials/WeightMapArrayPlaceholderTexture.uexp" 1685
"../../../Engine/Content/EngineMaterials/Substrate/GLints2/AGlintTex2dArray2.uasset" 1686
"../../../Engine/Content/EngineMaterials/Substrate/GLints2/AGlintTex2dArray2.uexp" 1687
"../../../Engine/Content/EngineMaterials/Substrate/GLints/AGlintTex2dArray.uasset" 1688
"../../../Engine/Content/EngineMaterials/Substrate/GLints/AGlintTex2dArray.uexp" 1689
"C:/Users/Admin/Desktop/MainProject/Mutants/Content/UltraDynamicSky/Blueprints/System/Editor_UI/UDS_Utility_Opener_Interface.uasset" 1690
"C:/Users/Admin/Desktop/MainProject/Mutants/Content/UltraDynamicSky/Blueprints/System/Editor_UI/UDS_Utility_Opener_Interface.uexp" 1691
"C:/Users/Admin/Desktop/MainProject/Mutants/Content/UltraDynamicSky/Blueprints/System/Editor_UI/UDS_Readme_Interface.uasset" 1692
"C:/Users/Admin/Desktop/MainProject/Mutants/Content/UltraDynamicSky/Blueprints/System/Editor_UI/UDS_Readme_Interface.uexp" 1693
"C:/Users/Admin/Desktop/MainProject/Mutants/Content/UltraDynamicSky/Textures/Icons/Weather_Mask_Brush.uasset" 1694
"C:/Users/Admin/Desktop/MainProject/Mutants/Content/UltraDynamicSky/Textures/Icons/Weather_Mask_Brush.uexp" 1695
"C:/Users/Admin/Desktop/MainProject/Mutants/Content/UltraDynamicSky/Blueprints/Enum/UDS_OcclusionSamplingLocation.uasset" 1696
"C:/Users/Admin/Desktop/MainProject/Mutants/Content/UltraDynamicSky/Blueprints/Enum/UDS_OcclusionSamplingLocation.uexp" 1697
"C:/Users/Admin/Desktop/MainProject/Mutants/Content/UltraDynamicSky/Blueprints/Enum/UDS_Occlusion_Water_Behavior.uasset" 1698
"C:/Users/Admin/Desktop/MainProject/Mutants/Content/UltraDynamicSky/Blueprints/Enum/UDS_Occlusion_Water_Behavior.uexp" 1699
"C:/Users/Admin/Desktop/MainProject/Mutants/Content/UltraDynamicSky/Blueprints/Enum/UDS_Occlusion_Mode.uasset" 1700
"C:/Users/Admin/Desktop/MainProject/Mutants/Content/UltraDynamicSky/Blueprints/Enum/UDS_Occlusion_Mode.uexp" 1701
"C:/Users/Admin/Desktop/MainProject/Mutants/Content/UltraDynamicSky/Blueprints/System/UDS_OcclusionSettings.uasset" 1702
"C:/Users/Admin/Desktop/MainProject/Mutants/Content/UltraDynamicSky/Blueprints/System/UDS_OcclusionSettings.uexp" 1703
"C:/Users/Admin/Desktop/MainProject/Mutants/Content/UltraDynamicSky/Blueprints/System/UDS_OcclusionState.uasset" 1704
"C:/Users/Admin/Desktop/MainProject/Mutants/Content/UltraDynamicSky/Blueprints/System/UDS_OcclusionState.uexp" 1705
"C:/Users/Admin/Desktop/MainProject/Mutants/Content/UltraDynamicSky/Blueprints/Occlusion/OcclusionState/Sky_Occlusion_State.uasset" 1706
"C:/Users/Admin/Desktop/MainProject/Mutants/Content/UltraDynamicSky/Blueprints/Occlusion/OcclusionState/Sky_Occlusion_State.uexp" 1707
"../../../Engine/Content/EngineMaterials/T_Default_Material_Grid_M.ubulk" 1708
"../../../Engine/Content/EngineMaterials/T_Default_Material_Grid_M.uasset" 1709
"../../../Engine/Content/EngineMaterials/T_Default_Material_Grid_M.uexp" 1710
"../../../Engine/Content/EngineMaterials/T_Default_Material_Grid_N.ubulk" 1711
"../../../Engine/Content/EngineMaterials/T_Default_Material_Grid_N.uasset" 1712
"../../../Engine/Content/EngineMaterials/T_Default_Material_Grid_N.uexp" 1713
"../../../Engine/Content/Functions/Engine_MaterialFunctions01/Opacity/CameraDepthFade.uasset" 1714
"../../../Engine/Content/Functions/Engine_MaterialFunctions01/Opacity/CameraDepthFade.uexp" 1715
"../../../Engine/Content/EngineMaterials/WorldGridMaterial.uasset" 1716
"../../../Engine/Content/EngineMaterials/WorldGridMaterial.uexp" 1717
"../../../Engine/Content/BasicShapes/Cube.ubulk" 1718
"../../../Engine/Content/BasicShapes/Cube.uasset" 1719
"../../../Engine/Content/BasicShapes/Cube.uexp" 1720
"C:/Users/Admin/Desktop/MainProject/Mutants/Content/UltraDynamicSky/Materials/Weather/Radial_Storm_Cloud_Draw.uasset" 1721
"C:/Users/Admin/Desktop/MainProject/Mutants/Content/UltraDynamicSky/Materials/Weather/Radial_Storm_Cloud_Draw.uexp" 1722
"C:/Users/Admin/Desktop/MainProject/Mutants/Content/UltraDynamicSky/Blueprints/System/Editor_UI/UDS_VersionInfo.uasset" 1723
"C:/Users/Admin/Desktop/MainProject/Mutants/Content/UltraDynamicSky/Blueprints/System/Editor_UI/UDS_VersionInfo.uexp" 1724
"C:/Users/Admin/Desktop/MainProject/Mutants/Content/UltraDynamicSky/Blueprints/System/Editor_UI/UDS_CurrentVersion.uasset" 1725
"C:/Users/Admin/Desktop/MainProject/Mutants/Content/UltraDynamicSky/Blueprints/System/Editor_UI/UDS_CurrentVersion.uexp" 1726
"C:/Users/Admin/Desktop/MainProject/Mutants/Content/UltraDynamicSky/Blueprints/Enum/UDS_Space_Parent.uasset" 1727
"C:/Users/Admin/Desktop/MainProject/Mutants/Content/UltraDynamicSky/Blueprints/Enum/UDS_Space_Parent.uexp" 1728
"C:/Users/Admin/Desktop/MainProject/Mutants/Content/UltraDynamicSky/Meshes/Space_Glow_Circle.ubulk" 1729
"C:/Users/Admin/Desktop/MainProject/Mutants/Content/UltraDynamicSky/Meshes/Space_Glow_Circle.uasset" 1730
"C:/Users/Admin/Desktop/MainProject/Mutants/Content/UltraDynamicSky/Meshes/Space_Glow_Circle.uexp" 1731
"C:/Users/Admin/Desktop/MainProject/Mutants/Content/UltraDynamicSky/Blueprints/System/UDS_DateAndTime.uasset" 1732
"C:/Users/Admin/Desktop/MainProject/Mutants/Content/UltraDynamicSky/Blueprints/System/UDS_DateAndTime.uexp" 1733
"C:/Users/Admin/Desktop/MainProject/Mutants/Content/UltraDynamicSky/Meshes/Nebula_Sphere.ubulk" 1734
"C:/Users/Admin/Desktop/MainProject/Mutants/Content/UltraDynamicSky/Meshes/Nebula_Sphere.uasset" 1735
"C:/Users/Admin/Desktop/MainProject/Mutants/Content/UltraDynamicSky/Meshes/Nebula_Sphere.uexp" 1736
"C:/Users/Admin/Desktop/MainProject/Mutants/Content/UltraDynamicSky/Materials/Color_Curves/Fog_Directional_Scattering_Color.uasset" 1737
"C:/Users/Admin/Desktop/MainProject/Mutants/Content/UltraDynamicSky/Materials/Color_Curves/Fog_Directional_Scattering_Color.uexp" 1738
"C:/Users/Admin/Desktop/MainProject/Mutants/Content/UltraDynamicSky/Blueprints/Enum/UDS_Modifier_Float_Property.uasset" 1739
"C:/Users/Admin/Desktop/MainProject/Mutants/Content/UltraDynamicSky/Blueprints/Enum/UDS_Modifier_Float_Property.uexp" 1740
"C:/Users/Admin/Desktop/MainProject/Mutants/Content/UltraDynamicSky/Blueprints/Enum/UDS_CachedProperties.uasset" 1741
"C:/Users/Admin/Desktop/MainProject/Mutants/Content/UltraDynamicSky/Blueprints/Enum/UDS_CachedProperties.uexp" 1742
"C:/Users/Admin/Desktop/MainProject/Mutants/Content/UltraDynamicSky/Blueprints/Enum/UDS_CityPresets.uasset" 1743
"C:/Users/Admin/Desktop/MainProject/Mutants/Content/UltraDynamicSky/Blueprints/Enum/UDS_CityPresets.uexp" 1744
"C:/Users/Admin/Desktop/MainProject/Mutants/Content/UltraDynamicSky/Blueprints/Enum/UDS_Planet_Lightsource.uasset" 1745
"C:/Users/Admin/Desktop/MainProject/Mutants/Content/UltraDynamicSky/Blueprints/Enum/UDS_Planet_Lightsource.uexp" 1746
"C:/Users/Admin/Desktop/MainProject/Mutants/Content/UltraDynamicSky/Blueprints/System/UDS_Space_Planet.uasset" 1747
"C:/Users/Admin/Desktop/MainProject/Mutants/Content/UltraDynamicSky/Blueprints/System/UDS_Space_Planet.uexp" 1748
"C:/Users/Admin/Desktop/MainProject/Mutants/Content/UltraDynamicSky/Blueprints/Enum/UDS_RandomWeatherTiming.uasset" 1749
"C:/Users/Admin/Desktop/MainProject/Mutants/Content/UltraDynamicSky/Blueprints/Enum/UDS_RandomWeatherTiming.uexp" 1750
"C:/Users/Admin/Desktop/MainProject/Mutants/Content/UltraDynamicSky/Blueprints/System/RandomWeatherVariation_State.uasset" 1751
"C:/Users/Admin/Desktop/MainProject/Mutants/Content/UltraDynamicSky/Blueprints/System/RandomWeatherVariation_State.uexp" 1752
"C:/Users/Admin/Desktop/MainProject/Mutants/Content/UltraDynamicSky/Blueprints/Enum/UDS_Modifier_Color_Property.uasset" 1753
"C:/Users/Admin/Desktop/MainProject/Mutants/Content/UltraDynamicSky/Blueprints/Enum/UDS_Modifier_Color_Property.uexp" 1754
"C:/Users/Admin/Desktop/MainProject/Mutants/Content/UltraDynamicSky/Blueprints/System/UDS_Modifier.uasset" 1755
"C:/Users/Admin/Desktop/MainProject/Mutants/Content/UltraDynamicSky/Blueprints/System/UDS_Modifier.uexp" 1756
"C:/Users/Admin/Desktop/MainProject/Mutants/Content/UltraDynamicSky/Blueprints/Weather_Effects/System/UDW_WeatherState_Structure.uasset" 1757
"C:/Users/Admin/Desktop/MainProject/Mutants/Content/UltraDynamicSky/Blueprints/Weather_Effects/System/UDW_WeatherState_Structure.uexp" 1758
"C:/Users/Admin/Desktop/MainProject/Mutants/Content/UltraDynamicSky/Blueprints/Weather_Effects/System/UDW_WOV_State.uasset" 1759
"C:/Users/Admin/Desktop/MainProject/Mutants/Content/UltraDynamicSky/Blueprints/Weather_Effects/System/UDW_WOV_State.uexp" 1760
"C:/Users/Admin/Desktop/MainProject/Mutants/Content/UltraDynamicSky/Blueprints/System/UDS_and_UDW_State.uasset" 1761
"C:/Users/Admin/Desktop/MainProject/Mutants/Content/UltraDynamicSky/Blueprints/System/UDS_and_UDW_State.uexp" 1762
"C:/Users/Admin/Desktop/MainProject/Mutants/Content/UltraDynamicSky/Blueprints/Enum/UDS_VolRT_Mode.uasset" 1763
"C:/Users/Admin/Desktop/MainProject/Mutants/Content/UltraDynamicSky/Blueprints/Enum/UDS_VolRT_Mode.uexp" 1764
"C:/Users/Admin/Desktop/MainProject/Mutants/Content/UltraDynamicSky/Blueprints/System/UDS_Planet_Preset.uasset" 1765
"C:/Users/Admin/Desktop/MainProject/Mutants/Content/UltraDynamicSky/Blueprints/System/UDS_Planet_Preset.uexp" 1766
"C:/Users/Admin/Desktop/MainProject/Mutants/Content/UltraDynamicSky/Blueprints/System/UDS_Calendar.uasset" 1767
"C:/Users/Admin/Desktop/MainProject/Mutants/Content/UltraDynamicSky/Blueprints/System/UDS_Calendar.uexp" 1768
"C:/Users/Admin/Desktop/MainProject/Mutants/Content/UltraDynamicSky/Blueprints/System/Calendars/Gregorian_Calendar.uasset" 1769
"C:/Users/Admin/Desktop/MainProject/Mutants/Content/UltraDynamicSky/Blueprints/System/Calendars/Gregorian_Calendar.uexp" 1770
"C:/Users/Admin/Desktop/MainProject/Mutants/Content/UltraDynamicSky/Materials/Float_Curves/Directional_Light_Intensity.uasset" 1771
"C:/Users/Admin/Desktop/MainProject/Mutants/Content/UltraDynamicSky/Materials/Float_Curves/Directional_Light_Intensity.uexp" 1772
"C:/Users/Admin/Desktop/MainProject/Mutants/Content/UltraDynamicSky/Blueprints/Enum/UDS_SkyMode.uasset" 1773
"C:/Users/Admin/Desktop/MainProject/Mutants/Content/UltraDynamicSky/Blueprints/Enum/UDS_SkyMode.uexp" 1774
"C:/Users/Admin/Desktop/MainProject/Mutants/Content/UltraDynamicSky/Blueprints/Enum/UDS_FogColorMode.uasset" 1775
"C:/Users/Admin/Desktop/MainProject/Mutants/Content/UltraDynamicSky/Blueprints/Enum/UDS_FogColorMode.uexp" 1776
"C:/Users/Admin/Desktop/MainProject/Mutants/Content/UltraDynamicSky/Textures/Sky/Cloud_Wisps.uasset" 1777
"C:/Users/Admin/Desktop/MainProject/Mutants/Content/UltraDynamicSky/Textures/Sky/Cloud_Wisps.uexp" 1778
"C:/Users/Admin/Desktop/MainProject/Mutants/Content/UltraDynamicSky/Blueprints/System/UDS_Startup_Interface.uasset" 1779
"C:/Users/Admin/Desktop/MainProject/Mutants/Content/UltraDynamicSky/Blueprints/System/UDS_Startup_Interface.uexp" 1780
"C:/Users/Admin/Desktop/MainProject/Mutants/Content/UltraDynamicSky/Textures/Sky/AtmosphericScattering_LUT.uasset" 1781
"C:/Users/Admin/Desktop/MainProject/Mutants/Content/UltraDynamicSky/Textures/Sky/AtmosphericScattering_LUT.uexp" 1782
"C:/Users/Admin/Desktop/MainProject/Mutants/Content/UltraDynamicSky/Materials/Float_Curves/Skyatmosphere_Density.uasset" 1783
"C:/Users/Admin/Desktop/MainProject/Mutants/Content/UltraDynamicSky/Materials/Float_Curves/Skyatmosphere_Density.uexp" 1784
"C:/Users/Admin/Desktop/MainProject/Mutants/Content/UltraDynamicSky/Materials/Color_Curves/Sun_Disk_Color.uasset" 1785
"C:/Users/Admin/Desktop/MainProject/Mutants/Content/UltraDynamicSky/Materials/Color_Curves/Sun_Disk_Color.uexp" 1786
"C:/Users/Admin/Desktop/MainProject/Mutants/Content/UltraDynamicSky/Materials/Float_Curves/Shine_Intensity.uasset" 1787
"C:/Users/Admin/Desktop/MainProject/Mutants/Content/UltraDynamicSky/Materials/Float_Curves/Shine_Intensity.uexp" 1788
"C:/Users/Admin/Desktop/MainProject/Mutants/Content/UltraDynamicSky/Blueprints/Enum/UDS_ColorMode.uasset" 1789
"C:/Users/Admin/Desktop/MainProject/Mutants/Content/UltraDynamicSky/Blueprints/Enum/UDS_ColorMode.uexp" 1790
"C:/Users/Admin/Desktop/MainProject/Mutants/Content/UltraDynamicSky/Blueprints/System/UDS_Modifier_Interface.uasset" 1791
"C:/Users/Admin/Desktop/MainProject/Mutants/Content/UltraDynamicSky/Blueprints/System/UDS_Modifier_Interface.uexp" 1792
"C:/Users/Admin/Desktop/MainProject/Mutants/Content/UltraDynamicSky/Meshes/2D_Turbulence_Disk.ubulk" 1793
"C:/Users/Admin/Desktop/MainProject/Mutants/Content/UltraDynamicSky/Meshes/2D_Turbulence_Disk.uasset" 1794
"C:/Users/Admin/Desktop/MainProject/Mutants/Content/UltraDynamicSky/Meshes/2D_Turbulence_Disk.uexp" 1795
"../../../Engine/Content/EngineResources/Black_Low.uasset" 1796
"../../../Engine/Content/EngineResources/Black_Low.uexp" 1797
"C:/Users/Admin/Desktop/MainProject/Mutants/Content/UltraDynamicSky/Materials/Weather/Draw_Texture_Mat.uasset" 1798
"C:/Users/Admin/Desktop/MainProject/Mutants/Content/UltraDynamicSky/Materials/Weather/Draw_Texture_Mat.uexp" 1799
"C:/Users/Admin/Desktop/MainProject/Mutants/Content/UltraDynamicSky/Blueprints/Enum/UDS_RunContext.uasset" 1800
"C:/Users/Admin/Desktop/MainProject/Mutants/Content/UltraDynamicSky/Blueprints/Enum/UDS_RunContext.uexp" 1801
"C:/Users/Admin/Desktop/MainProject/Mutants/Content/UltraDynamicSky/Blueprints/Weather_Effects/System/UDW_WeatherControlledActor_Interface.uasset" 1802
"C:/Users/Admin/Desktop/MainProject/Mutants/Content/UltraDynamicSky/Blueprints/Weather_Effects/System/UDW_WeatherControlledActor_Interface.uexp" 1803
"C:/Users/Admin/Desktop/MainProject/Mutants/Content/UltraDynamicSky/Blueprints/System/UDS_Cloud_Paint_Cell.uasset" 1804
"C:/Users/Admin/Desktop/MainProject/Mutants/Content/UltraDynamicSky/Blueprints/System/UDS_Cloud_Paint_Cell.uexp" 1805
"C:/Users/Admin/Desktop/MainProject/Mutants/Content/UltraDynamicSky/Textures/Icons/CloudPainter_Icon.uasset" 1806
"C:/Users/Admin/Desktop/MainProject/Mutants/Content/UltraDynamicSky/Textures/Icons/CloudPainter_Icon.uexp" 1807
"C:/Users/Admin/Desktop/MainProject/Mutants/Content/UltraDynamicSky/Blueprints/System/UDS_Cloud_Paint_Container.uasset" 1808
"C:/Users/Admin/Desktop/MainProject/Mutants/Content/UltraDynamicSky/Blueprints/System/UDS_Cloud_Paint_Container.uexp" 1809
"C:/Users/Admin/Desktop/MainProject/Mutants/Content/UltraDynamicSky/Materials/Color_Curves/Sun_Light_Color.uasset" 1810
"C:/Users/Admin/Desktop/MainProject/Mutants/Content/UltraDynamicSky/Materials/Color_Curves/Sun_Light_Color.uexp" 1811
"C:/Users/Admin/Desktop/MainProject/Mutants/Content/UltraDynamicSky/Materials/Color_Curves/Fog_Scattering_Color.uasset" 1812
"C:/Users/Admin/Desktop/MainProject/Mutants/Content/UltraDynamicSky/Materials/Color_Curves/Fog_Scattering_Color.uexp" 1813
"C:/Users/Admin/Desktop/MainProject/Mutants/Content/UltraDynamicSky/Textures/Icons/UDS_Icon.uasset" 1814
"C:/Users/Admin/Desktop/MainProject/Mutants/Content/UltraDynamicSky/Textures/Icons/UDS_Icon.uexp" 1815
"C:/Users/Admin/Desktop/MainProject/Mutants/Content/UltraDynamicSky/Blueprints/Enum/UDS_SkyLightMode.uasset" 1816
"C:/Users/Admin/Desktop/MainProject/Mutants/Content/UltraDynamicSky/Blueprints/Enum/UDS_SkyLightMode.uexp" 1817
"C:/Users/Admin/Desktop/MainProject/Mutants/Content/UltraDynamicSky/Materials/Float_Curves/Exposure_Compensation_Curve.uasset" 1818
"C:/Users/Admin/Desktop/MainProject/Mutants/Content/UltraDynamicSky/Materials/Float_Curves/Exposure_Compensation_Curve.uexp" 1819
"C:/Users/Admin/Desktop/MainProject/Mutants/Content/UltraDynamicSky/Blueprints/Weather_Effects/System/RadialStorm_CoverageBrush.uasset" 1820
"C:/Users/Admin/Desktop/MainProject/Mutants/Content/UltraDynamicSky/Blueprints/Weather_Effects/System/RadialStorm_CoverageBrush.uexp" 1821
"C:/Users/Admin/Desktop/MainProject/Mutants/Content/UltraDynamicSky/Blueprints/Weather_Effects/System/UDS_Weather_Settings.uasset" 1822
"C:/Users/Admin/Desktop/MainProject/Mutants/Content/UltraDynamicSky/Blueprints/Weather_Effects/System/UDS_Weather_Settings.uexp" 1823
"C:/Users/Admin/Desktop/MainProject/Mutants/Content/UltraDynamicSky/Blueprints/Weather_Effects/System/Ultra_Dynamic_Weather_Interface.uasset" 1824
"C:/Users/Admin/Desktop/MainProject/Mutants/Content/UltraDynamicSky/Blueprints/Weather_Effects/System/Ultra_Dynamic_Weather_Interface.uexp" 1825
"C:/Users/Admin/Desktop/MainProject/Mutants/Content/UltraDynamicSky/Blueprints/Enum/UDS_Cache_Group.uasset" 1826
"C:/Users/Admin/Desktop/MainProject/Mutants/Content/UltraDynamicSky/Blueprints/Enum/UDS_Cache_Group.uexp" 1827
"C:/Users/Admin/Desktop/MainProject/Mutants/Content/UltraDynamicSky/Blueprints/Enum/UDS_LensFlareType.uasset" 1828
"C:/Users/Admin/Desktop/MainProject/Mutants/Content/UltraDynamicSky/Blueprints/Enum/UDS_LensFlareType.uexp" 1829
"C:/Users/Admin/Desktop/MainProject/Mutants/Content/UltraDynamicSky/Blueprints/System/UDS_Post_Process_Stage.uasset" 1830
"C:/Users/Admin/Desktop/MainProject/Mutants/Content/UltraDynamicSky/Blueprints/System/UDS_Post_Process_Stage.uexp" 1831
"C:/Users/Admin/Desktop/MainProject/Mutants/Content/UltraDynamicSky/Materials/Space/Space_Planet_Glow_Mat.uasset" 1832
"C:/Users/Admin/Desktop/MainProject/Mutants/Content/UltraDynamicSky/Materials/Space/Space_Planet_Glow_Mat.uexp" 1833
"C:/Users/Admin/Desktop/MainProject/Mutants/Content/UltraDynamicSky/Blueprints/Enum/UDS_RenderingFeatureLevel.uasset" 1834
"C:/Users/Admin/Desktop/MainProject/Mutants/Content/UltraDynamicSky/Blueprints/Enum/UDS_RenderingFeatureLevel.uexp" 1835
"../../../Engine/Content/BasicShapes/BasicShapeMaterial.uasset" 1836
"../../../Engine/Content/BasicShapes/BasicShapeMaterial.uexp" 1837
"C:/Users/Admin/Desktop/MainProject/Mutants/Content/UltraDynamicSky/Meshes/Space_Planet.ubulk" 1838
"C:/Users/Admin/Desktop/MainProject/Mutants/Content/UltraDynamicSky/Meshes/Space_Planet.uasset" 1839
"C:/Users/Admin/Desktop/MainProject/Mutants/Content/UltraDynamicSky/Meshes/Space_Planet.uexp" 1840
"C:/Users/Admin/Desktop/MainProject/Mutants/Content/UltraDynamicSky/Materials/Float_Curves/Sun_Highlight_Intensity.uasset" 1841
"C:/Users/Admin/Desktop/MainProject/Mutants/Content/UltraDynamicSky/Materials/Float_Curves/Sun_Highlight_Intensity.uexp" 1842
"../../../Engine/Content/Functions/Engine_MaterialFunctions02/Math/ProjectVectorOntoPlane.uasset" 1843
"../../../Engine/Content/Functions/Engine_MaterialFunctions02/Math/ProjectVectorOntoPlane.uexp" 1844
"C:/Users/Admin/Desktop/MainProject/Mutants/Content/UltraDynamicSky/Textures/Space/Rings/Planetary_Ring_1.ubulk" 1845
"C:/Users/Admin/Desktop/MainProject/Mutants/Content/UltraDynamicSky/Textures/Space/Rings/Planetary_Ring_1.uasset" 1846
"C:/Users/Admin/Desktop/MainProject/Mutants/Content/UltraDynamicSky/Textures/Space/Rings/Planetary_Ring_1.uexp" 1847
"C:/Users/Admin/Desktop/MainProject/Mutants/Content/UltraDynamicSky/Materials/Space/Space_Ring_Mat.uasset" 1848
"C:/Users/Admin/Desktop/MainProject/Mutants/Content/UltraDynamicSky/Materials/Space/Space_Ring_Mat.uexp" 1849
"C:/Users/Admin/Desktop/MainProject/Mutants/Content/UltraDynamicSky/Blueprints/Occlusion/Occlusion_Settings/UDS_Standard_Occlusion_Settings.uasset" 1850
"C:/Users/Admin/Desktop/MainProject/Mutants/Content/UltraDynamicSky/Blueprints/Occlusion/Occlusion_Settings/UDS_Standard_Occlusion_Settings.uexp" 1851
"C:/Users/Admin/Desktop/MainProject/Mutants/Content/UltraDynamicSky/Blueprints/Enum/UDS_Project_Mode.uasset" 1852
"C:/Users/Admin/Desktop/MainProject/Mutants/Content/UltraDynamicSky/Blueprints/Enum/UDS_Project_Mode.uexp" 1853
"C:/Users/Admin/Desktop/MainProject/Mutants/Content/UltraDynamicSky/Blueprints/Enum/UDS_PropertyType.uasset" 1854
"C:/Users/Admin/Desktop/MainProject/Mutants/Content/UltraDynamicSky/Blueprints/Enum/UDS_PropertyType.uexp" 1855
"C:/Users/Admin/Desktop/MainProject/Mutants/Content/UltraDynamicSky/Textures/Icons/OcclusionVolume.uasset" 1856
"C:/Users/Admin/Desktop/MainProject/Mutants/Content/UltraDynamicSky/Textures/Icons/OcclusionVolume.uexp" 1857
"C:/Users/Admin/Desktop/MainProject/Mutants/Content/UltraDynamicSky/Blueprints/Enum/UDS_OcclusionShape.uasset" 1858
"C:/Users/Admin/Desktop/MainProject/Mutants/Content/UltraDynamicSky/Blueprints/Enum/UDS_OcclusionShape.uexp" 1859
"C:/Users/Admin/Desktop/MainProject/Mutants/Content/UltraDynamicSky/Blueprints/System/UDS_Volume_Actor.uasset" 1860
"C:/Users/Admin/Desktop/MainProject/Mutants/Content/UltraDynamicSky/Blueprints/System/UDS_Volume_Actor.uexp" 1861
"C:/Users/Admin/Desktop/MainProject/Mutants/Content/UltraDynamicSky/Blueprints/Occlusion/UDS_Occlusion_Volume.uasset" 1862
"C:/Users/Admin/Desktop/MainProject/Mutants/Content/UltraDynamicSky/Blueprints/Occlusion/UDS_Occlusion_Volume.uexp" 1863
"C:/Users/Admin/Desktop/MainProject/Mutants/Content/UltraDynamicSky/Meshes/Portal_Arrow.ubulk" 1864
"C:/Users/Admin/Desktop/MainProject/Mutants/Content/UltraDynamicSky/Meshes/Portal_Arrow.uasset" 1865
"C:/Users/Admin/Desktop/MainProject/Mutants/Content/UltraDynamicSky/Meshes/Portal_Arrow.uexp" 1866
"C:/Users/Admin/Desktop/MainProject/Mutants/Content/UltraDynamicSky/Blueprints/Occlusion/UDS_Occlusion_Portal.uasset" 1867
"C:/Users/Admin/Desktop/MainProject/Mutants/Content/UltraDynamicSky/Blueprints/Occlusion/UDS_Occlusion_Portal.uexp" 1868
"C:/Users/Admin/Desktop/MainProject/Mutants/Content/UltraDynamicSky/Blueprints/System/UDS_PlayerOcclusion.uasset" 1869
"C:/Users/Admin/Desktop/MainProject/Mutants/Content/UltraDynamicSky/Blueprints/System/UDS_PlayerOcclusion.uexp" 1870
"C:/Users/Admin/Desktop/MainProject/Mutants/Content/UltraDynamicSky/Blueprints/System/Editor_UI/UDS_Editor_Tick_Interface.uasset" 1871
"C:/Users/Admin/Desktop/MainProject/Mutants/Content/UltraDynamicSky/Blueprints/System/Editor_UI/UDS_Editor_Tick_Interface.uexp" 1872
"C:/Users/Admin/Desktop/MainProject/Mutants/Content/UltraDynamicSky/Meshes/Space_Ring_BackHalf.ubulk" 1873
"C:/Users/Admin/Desktop/MainProject/Mutants/Content/UltraDynamicSky/Meshes/Space_Ring_BackHalf.uasset" 1874
"C:/Users/Admin/Desktop/MainProject/Mutants/Content/UltraDynamicSky/Meshes/Space_Ring_BackHalf.uexp" 1875
"C:/Users/Admin/Desktop/MainProject/Mutants/Content/UltraDynamicSky/Materials/Float_Curves/Sun_Highlight_Radius.uasset" 1876
"C:/Users/Admin/Desktop/MainProject/Mutants/Content/UltraDynamicSky/Materials/Float_Curves/Sun_Highlight_Radius.uexp" 1877
"C:/Users/Admin/Desktop/MainProject/Mutants/Content/UltraDynamicSky/Meshes/Space_Ring_FrontHalf.ubulk" 1878
"C:/Users/Admin/Desktop/MainProject/Mutants/Content/UltraDynamicSky/Meshes/Space_Ring_FrontHalf.uasset" 1879
"C:/Users/Admin/Desktop/MainProject/Mutants/Content/UltraDynamicSky/Meshes/Space_Ring_FrontHalf.uexp" 1880
"C:/Users/Admin/Desktop/MainProject/Mutants/Content/UltraDynamicSky/Materials/Float_Curves/Equation_of_Time.uasset" 1881
"C:/Users/Admin/Desktop/MainProject/Mutants/Content/UltraDynamicSky/Materials/Float_Curves/Equation_of_Time.uexp" 1882
"C:/Users/Admin/Desktop/MainProject/Mutants/Content/UltraDynamicSky/Meshes/Ultra_Dynamic_Sky_Sphere.ubulk" 1883
"C:/Users/Admin/Desktop/MainProject/Mutants/Content/UltraDynamicSky/Meshes/Ultra_Dynamic_Sky_Sphere.uasset" 1884
"C:/Users/Admin/Desktop/MainProject/Mutants/Content/UltraDynamicSky/Meshes/Ultra_Dynamic_Sky_Sphere.uexp" 1885
"C:/Users/Admin/Desktop/MainProject/Mutants/Content/UltraDynamicSky/Blueprints/Ultra_Dynamic_Sky.uasset" 1886
"C:/Users/Admin/Desktop/MainProject/Mutants/Content/UltraDynamicSky/Blueprints/Ultra_Dynamic_Sky.uexp" 1887
"C:/Users/Admin/Desktop/MainProject/Mutants/Content/UltraDynamicSky/Blueprints/Weather_Effects/System/Radial_Storm_Sky_Interface.uasset" 1888
"C:/Users/Admin/Desktop/MainProject/Mutants/Content/UltraDynamicSky/Blueprints/Weather_Effects/System/Radial_Storm_Sky_Interface.uexp" 1889
"C:/Users/Admin/Desktop/MainProject/Mutants/Content/UltraDynamicSky/Blueprints/Enum/UDS_Temperature_Sample_Location.uasset" 1890
"C:/Users/Admin/Desktop/MainProject/Mutants/Content/UltraDynamicSky/Blueprints/Enum/UDS_Temperature_Sample_Location.uexp" 1891
"C:/Users/Admin/Desktop/MainProject/Mutants/Content/UltraDynamicSky/Sound/UDS_Outdoor_Sound.uasset" 1892
"C:/Users/Admin/Desktop/MainProject/Mutants/Content/UltraDynamicSky/Sound/UDS_Outdoor_Sound.uexp" 1893
"C:/Users/Admin/Desktop/MainProject/Mutants/Content/UltraDynamicSky/Blueprints/Weather_Effects/System/UDW_and_Weather_Override_Volume_Interface.uasset" 1894
"C:/Users/Admin/Desktop/MainProject/Mutants/Content/UltraDynamicSky/Blueprints/Weather_Effects/System/UDW_and_Weather_Override_Volume_Interface.uexp" 1895
"C:/Users/Admin/Desktop/MainProject/Mutants/Content/UltraDynamicSky/Blueprints/Weather_Effects/System/UDW_Temperature_Manager.uasset" 1896
"C:/Users/Admin/Desktop/MainProject/Mutants/Content/UltraDynamicSky/Blueprints/Weather_Effects/System/UDW_Temperature_Manager.uexp" 1897
"C:/Users/Admin/Desktop/MainProject/Mutants/Content/UltraDynamicSky/Blueprints/System/UDS_RenderTarget_State.uasset" 1898
"C:/Users/Admin/Desktop/MainProject/Mutants/Content/UltraDynamicSky/Blueprints/System/UDS_RenderTarget_State.uexp" 1899
"C:/Users/Admin/Desktop/MainProject/Mutants/Content/UltraDynamicSky/Blueprints/Weather_Effects/Weather_Presets/Snow.uasset" 1900
"C:/Users/Admin/Desktop/MainProject/Mutants/Content/UltraDynamicSky/Blueprints/Weather_Effects/Weather_Presets/Snow.uexp" 1901
"C:/Users/Admin/Desktop/MainProject/Mutants/Content/UltraDynamicSky/Textures/Weather/Weather_Mask_Brush_Target.uasset" 1902
"C:/Users/Admin/Desktop/MainProject/Mutants/Content/UltraDynamicSky/Textures/Weather/Weather_Mask_Brush_Target.uexp" 1903
"C:/Users/Admin/Desktop/MainProject/Mutants/Content/UltraDynamicSky/Blueprints/Occlusion/OcclusionState/Weather_Occlusion_State.uasset" 1904
"C:/Users/Admin/Desktop/MainProject/Mutants/Content/UltraDynamicSky/Blueprints/Occlusion/OcclusionState/Weather_Occlusion_State.uexp" 1905
"C:/Users/Admin/Desktop/MainProject/Mutants/Content/UltraDynamicSky/Blueprints/Enum/UDS_Rain_Splash_RenderMode.uasset" 1906
"C:/Users/Admin/Desktop/MainProject/Mutants/Content/UltraDynamicSky/Blueprints/Enum/UDS_Rain_Splash_RenderMode.uexp" 1907
"C:/Users/Admin/Desktop/MainProject/Mutants/Content/UltraDynamicSky/Textures/Weather/DLWE_MaskTarget.uasset" 1908
"C:/Users/Admin/Desktop/MainProject/Mutants/Content/UltraDynamicSky/Textures/Weather/DLWE_MaskTarget.uexp" 1909
"C:/Users/Admin/Desktop/MainProject/Mutants/Content/UltraDynamicSky/Materials/Weather/DLWE_Trail_Pixel_Operation.uasset" 1910
"C:/Users/Admin/Desktop/MainProject/Mutants/Content/UltraDynamicSky/Materials/Weather/DLWE_Trail_Pixel_Operation.uexp" 1911
"C:/Users/Admin/Desktop/MainProject/Mutants/Content/UltraDynamicSky/Textures/Weather/DLWE_NormalBrush.uasset" 1912
"C:/Users/Admin/Desktop/MainProject/Mutants/Content/UltraDynamicSky/Textures/Weather/DLWE_NormalBrush.uexp" 1913
"C:/Users/Admin/Desktop/MainProject/Mutants/Content/UltraDynamicSky/Materials/Weather/DLWE_Trail_Brush.uasset" 1914
"C:/Users/Admin/Desktop/MainProject/Mutants/Content/UltraDynamicSky/Materials/Weather/DLWE_Trail_Brush.uexp" 1915
"C:/Users/Admin/Desktop/MainProject/Mutants/Content/UltraDynamicSky/Materials/Weather/WOV_Target_Brush.uasset" 1916
"C:/Users/Admin/Desktop/MainProject/Mutants/Content/UltraDynamicSky/Materials/Weather/WOV_Target_Brush.uexp" 1917
"C:/Users/Admin/Desktop/MainProject/Mutants/Content/UltraDynamicSky/Blueprints/Weather_Effects/Weather_Presets/Snow_Blizzard.uasset" 1918
"C:/Users/Admin/Desktop/MainProject/Mutants/Content/UltraDynamicSky/Blueprints/Weather_Effects/Weather_Presets/Snow_Blizzard.uexp" 1919
"C:/Users/Admin/Desktop/MainProject/Mutants/Content/UltraDynamicSky/Materials/Weather/Brush_Visualize_Wireframe.uasset" 1920
"C:/Users/Admin/Desktop/MainProject/Mutants/Content/UltraDynamicSky/Materials/Weather/Brush_Visualize_Wireframe.uexp" 1921
"C:/Users/Admin/Desktop/MainProject/Mutants/Content/UltraDynamicSky/Meshes/Brush_Square.ubulk" 1922
"C:/Users/Admin/Desktop/MainProject/Mutants/Content/UltraDynamicSky/Meshes/Brush_Square.uasset" 1923
"C:/Users/Admin/Desktop/MainProject/Mutants/Content/UltraDynamicSky/Meshes/Brush_Square.uexp" 1924
"C:/Users/Admin/Desktop/MainProject/Mutants/Content/UltraDynamicSky/Textures/Weather/Mask_Brushes/Brush_Circle.uasset" 1925
"C:/Users/Admin/Desktop/MainProject/Mutants/Content/UltraDynamicSky/Textures/Weather/Mask_Brushes/Brush_Circle.uexp" 1926
"C:/Users/Admin/Desktop/MainProject/Mutants/Content/UltraDynamicSky/Blueprints/Enum/UDS_Weather_Mask_Brush.uasset" 1927
"C:/Users/Admin/Desktop/MainProject/Mutants/Content/UltraDynamicSky/Blueprints/Enum/UDS_Weather_Mask_Brush.uexp" 1928
"C:/Users/Admin/Desktop/MainProject/Mutants/Content/UltraDynamicSky/Textures/Weather/Mask_Brushes/Brush_Pyramid.uasset" 1929
"C:/Users/Admin/Desktop/MainProject/Mutants/Content/UltraDynamicSky/Textures/Weather/Mask_Brushes/Brush_Pyramid.uexp" 1930
"C:/Users/Admin/Desktop/MainProject/Mutants/Content/UltraDynamicSky/Textures/Weather/Mask_Brushes/Brush_Falloff.uasset" 1931
"C:/Users/Admin/Desktop/MainProject/Mutants/Content/UltraDynamicSky/Textures/Weather/Mask_Brushes/Brush_Falloff.uexp" 1932
"C:/Users/Admin/Desktop/MainProject/Mutants/Content/UltraDynamicSky/Textures/Weather/Mask_Brushes/Brush_Radial.uasset" 1933
"C:/Users/Admin/Desktop/MainProject/Mutants/Content/UltraDynamicSky/Textures/Weather/Mask_Brushes/Brush_Radial.uexp" 1934
"C:/Users/Admin/Desktop/MainProject/Mutants/Content/UltraDynamicSky/Textures/Weather/Mask_Brushes/Brush_Square.uasset" 1935
"C:/Users/Admin/Desktop/MainProject/Mutants/Content/UltraDynamicSky/Textures/Weather/Mask_Brushes/Brush_Square.uexp" 1936
"C:/Users/Admin/Desktop/MainProject/Mutants/Content/UltraDynamicSky/Blueprints/Enum/UDS_TemperatureType.uasset" 1937
"C:/Users/Admin/Desktop/MainProject/Mutants/Content/UltraDynamicSky/Blueprints/Enum/UDS_TemperatureType.uexp" 1938
"C:/Users/Admin/Desktop/MainProject/Mutants/Content/UltraDynamicSky/Blueprints/Enum/UDS_Weather_Display_Names.uasset" 1939
"C:/Users/Admin/Desktop/MainProject/Mutants/Content/UltraDynamicSky/Blueprints/Enum/UDS_Weather_Display_Names.uexp" 1940
"C:/Users/Admin/Desktop/MainProject/Mutants/Content/UltraDynamicSky/Blueprints/Enum/UDS_Season.uasset" 1941
"C:/Users/Admin/Desktop/MainProject/Mutants/Content/UltraDynamicSky/Blueprints/Enum/UDS_Season.uexp" 1942
"C:/Users/Admin/Desktop/MainProject/Mutants/Content/UltraDynamicSky/Blueprints/Weather_Effects/Weather_Presets/Clear_Skies.uasset" 1943
"C:/Users/Admin/Desktop/MainProject/Mutants/Content/UltraDynamicSky/Blueprints/Weather_Effects/Weather_Presets/Clear_Skies.uexp" 1944
"C:/Users/Admin/Desktop/MainProject/Mutants/Content/UltraDynamicSky/Blueprints/Functions/UltraDynamicWeather_Functions.uasset" 1945
"C:/Users/Admin/Desktop/MainProject/Mutants/Content/UltraDynamicSky/Blueprints/Functions/UltraDynamicWeather_Functions.uexp" 1946
"C:/Users/Admin/Desktop/MainProject/Mutants/Content/UltraDynamicSky/Meshes/Brush_Cube.ubulk" 1947
"C:/Users/Admin/Desktop/MainProject/Mutants/Content/UltraDynamicSky/Meshes/Brush_Cube.uasset" 1948
"C:/Users/Admin/Desktop/MainProject/Mutants/Content/UltraDynamicSky/Meshes/Brush_Cube.uexp" 1949
"C:/Users/Admin/Desktop/MainProject/Mutants/Content/UltraDynamicSky/Blueprints/Weather_Effects/System/WeatherMask.uasset" 1950
"C:/Users/Admin/Desktop/MainProject/Mutants/Content/UltraDynamicSky/Blueprints/Weather_Effects/System/WeatherMask.uexp" 1951
"C:/Users/Admin/Desktop/MainProject/Mutants/Content/UltraDynamicSky/Blueprints/Weather_Effects/Components/Weather_Mask_Brush_Component.uasset" 1952
"C:/Users/Admin/Desktop/MainProject/Mutants/Content/UltraDynamicSky/Blueprints/Weather_Effects/Components/Weather_Mask_Brush_Component.uexp" 1953
"../../../Engine/Content/EditorBlueprintResources/ActorComponentMacros.uasset" 1954
"../../../Engine/Content/EditorBlueprintResources/ActorComponentMacros.uexp" 1955
"C:/Users/Admin/Desktop/MainProject/Mutants/Content/UltraDynamicSky/Blueprints/Weather_Effects/System/UDW_Material_State_Manager.uasset" 1956
"C:/Users/Admin/Desktop/MainProject/Mutants/Content/UltraDynamicSky/Blueprints/Weather_Effects/System/UDW_Material_State_Manager.uexp" 1957
"C:/Users/Admin/Desktop/MainProject/Mutants/Content/UltraDynamicSky/Blueprints/Weather_Effects/Weather_Presets/Rain_Light.uasset" 1958
"C:/Users/Admin/Desktop/MainProject/Mutants/Content/UltraDynamicSky/Blueprints/Weather_Effects/Weather_Presets/Rain_Light.uexp" 1959
"C:/Users/Admin/Desktop/MainProject/Mutants/Content/UltraDynamicSky/Blueprints/System/UDW_Startup_Interface.uasset" 1960
"C:/Users/Admin/Desktop/MainProject/Mutants/Content/UltraDynamicSky/Blueprints/System/UDW_Startup_Interface.uexp" 1961
"C:/Users/Admin/Desktop/MainProject/Mutants/Content/UltraDynamicSky/Blueprints/Weather_Effects/System/UDS_Climate_Preset.uasset" 1962
"C:/Users/Admin/Desktop/MainProject/Mutants/Content/UltraDynamicSky/Blueprints/Weather_Effects/System/UDS_Climate_Preset.uexp" 1963
"C:/Users/Admin/Desktop/MainProject/Mutants/Content/UltraDynamicSky/Blueprints/Functions/UltraDynamicSky_Functions.uasset" 1964
"C:/Users/Admin/Desktop/MainProject/Mutants/Content/UltraDynamicSky/Blueprints/Functions/UltraDynamicSky_Functions.uexp" 1965
"C:/Users/Admin/Desktop/MainProject/Mutants/Content/UltraDynamicSky/Blueprints/Weather_Effects/System/Radial_Storm_Weather_Interface.uasset" 1966
"C:/Users/Admin/Desktop/MainProject/Mutants/Content/UltraDynamicSky/Blueprints/Weather_Effects/System/Radial_Storm_Weather_Interface.uexp" 1967
"C:/Users/Admin/Desktop/MainProject/Mutants/Content/UltraDynamicSky/Blueprints/Weather_Effects/Weather_Presets/Partly_Cloudy.uasset" 1968
"C:/Users/Admin/Desktop/MainProject/Mutants/Content/UltraDynamicSky/Blueprints/Weather_Effects/Weather_Presets/Partly_Cloudy.uexp" 1969
"C:/Users/Admin/Desktop/MainProject/Mutants/Content/UltraDynamicSky/Blueprints/Weather_Effects/Weather_Presets/Rain.uasset" 1970
"C:/Users/Admin/Desktop/MainProject/Mutants/Content/UltraDynamicSky/Blueprints/Weather_Effects/Weather_Presets/Rain.uexp" 1971
"C:/Users/Admin/Desktop/MainProject/Mutants/Content/UltraDynamicSky/Materials/Weather/Projection_Box_Height.uasset" 1972
"C:/Users/Admin/Desktop/MainProject/Mutants/Content/UltraDynamicSky/Materials/Weather/Projection_Box_Height.uexp" 1973
"C:/Users/Admin/Desktop/MainProject/Mutants/Content/UltraDynamicSky/Materials/Weather/Projection_Box_Mask.uasset" 1974
"C:/Users/Admin/Desktop/MainProject/Mutants/Content/UltraDynamicSky/Materials/Weather/Projection_Box_Mask.uexp" 1975
"C:/Users/Admin/Desktop/MainProject/Mutants/Content/UltraDynamicSky/Blueprints/Weather_Effects/Components/Weather_Mask_Projection_Box_Component.uasset" 1976
"C:/Users/Admin/Desktop/MainProject/Mutants/Content/UltraDynamicSky/Blueprints/Weather_Effects/Components/Weather_Mask_Projection_Box_Component.uexp" 1977
"C:/Users/Admin/Desktop/MainProject/Mutants/Content/UltraDynamicSky/Blueprints/Weather_Effects/System/Temperature_Volume_Interface.uasset" 1978
"C:/Users/Admin/Desktop/MainProject/Mutants/Content/UltraDynamicSky/Blueprints/Weather_Effects/System/Temperature_Volume_Interface.uexp" 1979
"C:/Users/Admin/Desktop/MainProject/Mutants/Content/UltraDynamicSky/Blueprints/Weather_Effects/Weather_Presets/Overcast.uasset" 1980
"C:/Users/Admin/Desktop/MainProject/Mutants/Content/UltraDynamicSky/Blueprints/Weather_Effects/Weather_Presets/Overcast.uexp" 1981
"C:/Users/Admin/Desktop/MainProject/Mutants/Content/UltraDynamicSky/Meshes/Rainbow.ubulk" 1982
"C:/Users/Admin/Desktop/MainProject/Mutants/Content/UltraDynamicSky/Meshes/Rainbow.uasset" 1983
"C:/Users/Admin/Desktop/MainProject/Mutants/Content/UltraDynamicSky/Meshes/Rainbow.uexp" 1984
"C:/Users/Admin/Desktop/MainProject/Mutants/Content/UltraDynamicSky/Blueprints/Weather_Effects/Weather_Presets/Snow_Light.uasset" 1985
"C:/Users/Admin/Desktop/MainProject/Mutants/Content/UltraDynamicSky/Blueprints/Weather_Effects/Weather_Presets/Snow_Light.uexp" 1986
"C:/Users/Admin/Desktop/MainProject/Mutants/Content/UltraDynamicSky/Blueprints/Weather_Effects/Weather_Presets/Foggy.uasset" 1987
"C:/Users/Admin/Desktop/MainProject/Mutants/Content/UltraDynamicSky/Blueprints/Weather_Effects/Weather_Presets/Foggy.uexp" 1988
"C:/Users/Admin/Desktop/MainProject/Mutants/Content/UltraDynamicSky/Blueprints/Weather_Effects/Weather_Presets/Sand_Dust_Storm.uasset" 1989
"C:/Users/Admin/Desktop/MainProject/Mutants/Content/UltraDynamicSky/Blueprints/Weather_Effects/Weather_Presets/Sand_Dust_Storm.uexp" 1990
"C:/Users/Admin/Desktop/MainProject/Mutants/Content/UltraDynamicSky/Blueprints/Weather_Effects/Weather_Presets/Sand_Dust_Calm.uasset" 1991
"C:/Users/Admin/Desktop/MainProject/Mutants/Content/UltraDynamicSky/Blueprints/Weather_Effects/Weather_Presets/Sand_Dust_Calm.uexp" 1992
"C:/Users/Admin/Desktop/MainProject/Mutants/Content/UltraDynamicSky/Blueprints/Weather_Effects/Weather_Presets/Cloudy.uasset" 1993
"C:/Users/Admin/Desktop/MainProject/Mutants/Content/UltraDynamicSky/Blueprints/Weather_Effects/Weather_Presets/Cloudy.uexp" 1994
"C:/Users/Admin/Desktop/MainProject/Mutants/Content/UltraDynamicSky/Blueprints/Weather_Effects/Weather_Presets/Rain_Thunderstorm.uasset" 1995
"C:/Users/Admin/Desktop/MainProject/Mutants/Content/UltraDynamicSky/Blueprints/Weather_Effects/Weather_Presets/Rain_Thunderstorm.uexp" 1996
"C:/Users/Admin/Desktop/MainProject/Mutants/Content/UltraDynamicSky/Blueprints/Weather_Effects/System/Random_Weather_Variation.uasset" 1997
"C:/Users/Admin/Desktop/MainProject/Mutants/Content/UltraDynamicSky/Blueprints/Weather_Effects/System/Random_Weather_Variation.uexp" 1998
"C:/Users/Admin/Desktop/MainProject/Mutants/Content/UltraDynamicSky/Materials/Weather/Radial_Storm_Weather_Draw.uasset" 1999
"C:/Users/Admin/Desktop/MainProject/Mutants/Content/UltraDynamicSky/Materials/Weather/Radial_Storm_Weather_Draw.uexp" 2000
"C:/Users/Admin/Desktop/MainProject/Mutants/Content/UltraDynamicSky/Blueprints/Enum/UDS_Weather_State_Variable.uasset" 2001
"C:/Users/Admin/Desktop/MainProject/Mutants/Content/UltraDynamicSky/Blueprints/Enum/UDS_Weather_State_Variable.uexp" 2002
"C:/Users/Admin/Desktop/MainProject/Mutants/Content/UltraDynamicSky/Textures/Weather/Edge_Fade.uasset" 2003
"C:/Users/Admin/Desktop/MainProject/Mutants/Content/UltraDynamicSky/Textures/Weather/Edge_Fade.uexp" 2004
"C:/Users/Admin/Desktop/MainProject/Mutants/Content/UltraDynamicSky/Materials/Weather/DLWE_Brush.uasset" 2005
"C:/Users/Admin/Desktop/MainProject/Mutants/Content/UltraDynamicSky/Materials/Weather/DLWE_Brush.uexp" 2006
"C:/Users/Admin/Desktop/MainProject/Mutants/Content/UltraDynamicSky/Materials/Material_Instances/DLWE_Brushes/MaskTarget_EdgeFade.uasset" 2007
"C:/Users/Admin/Desktop/MainProject/Mutants/Content/UltraDynamicSky/Materials/Material_Instances/DLWE_Brushes/MaskTarget_EdgeFade.uexp" 2008
"C:/Users/Admin/Desktop/MainProject/Mutants/Content/UltraDynamicSky/Materials/Weather/Snow_Fade_Target_Mat.uasset" 2009
"C:/Users/Admin/Desktop/MainProject/Mutants/Content/UltraDynamicSky/Materials/Weather/Snow_Fade_Target_Mat.uexp" 2010
"C:/Users/Admin/Desktop/MainProject/Mutants/Content/UltraDynamicSky/Materials/Material_Functions/Sample_Weather_Mask_Brushes.uasset" 2011
"C:/Users/Admin/Desktop/MainProject/Mutants/Content/UltraDynamicSky/Materials/Material_Functions/Sample_Weather_Mask_Brushes.uexp" 2012
"C:/Users/Admin/Desktop/MainProject/Mutants/Content/UltraDynamicSky/Textures/Weather/WOV_Material_State_Target.uasset" 2013
"C:/Users/Admin/Desktop/MainProject/Mutants/Content/UltraDynamicSky/Textures/Weather/WOV_Material_State_Target.uexp" 2014
"C:/Users/Admin/Desktop/MainProject/Mutants/Content/UltraDynamicSky/Materials/Material_Functions/Sample_WOV_Target.uasset" 2015
"C:/Users/Admin/Desktop/MainProject/Mutants/Content/UltraDynamicSky/Materials/Material_Functions/Sample_WOV_Target.uexp" 2016
"C:/Users/Admin/Desktop/MainProject/Mutants/Content/UltraDynamicSky/Materials/Weather/Sample_UDW_Material_State.uasset" 2017
"C:/Users/Admin/Desktop/MainProject/Mutants/Content/UltraDynamicSky/Materials/Weather/Sample_UDW_Material_State.uexp" 2018
"C:/Users/Admin/Desktop/MainProject/Mutants/Content/UltraDynamicSky/Textures/Weather/DLWE_Noise.ubulk" 2019
"C:/Users/Admin/Desktop/MainProject/Mutants/Content/UltraDynamicSky/Textures/Weather/DLWE_Noise.uasset" 2020
"C:/Users/Admin/Desktop/MainProject/Mutants/Content/UltraDynamicSky/Textures/Weather/DLWE_Noise.uexp" 2021
"C:/Users/Admin/Desktop/MainProject/Mutants/Content/UltraDynamicSky/Materials/Material_Functions/DLWE_VariationClouds.uasset" 2022
"C:/Users/Admin/Desktop/MainProject/Mutants/Content/UltraDynamicSky/Materials/Material_Functions/DLWE_VariationClouds.uexp" 2023
"C:/Users/Admin/Desktop/MainProject/Mutants/Content/UltraDynamicSky/Materials/Material_Functions/DLWE_PuddleMask.uasset" 2024
"C:/Users/Admin/Desktop/MainProject/Mutants/Content/UltraDynamicSky/Materials/Material_Functions/DLWE_PuddleMask.uexp" 2025
"C:/Users/Admin/Desktop/MainProject/Mutants/Content/UltraDynamicSky/Materials/Weather/PuddleRipple_Decal.uasset" 2026
"C:/Users/Admin/Desktop/MainProject/Mutants/Content/UltraDynamicSky/Materials/Weather/PuddleRipple_Decal.uexp" 2027
"C:/Users/Admin/Desktop/MainProject/Mutants/Content/UltraDynamicSky/Particles/Puddle_Ripple.uasset" 2028
"C:/Users/Admin/Desktop/MainProject/Mutants/Content/UltraDynamicSky/Particles/Puddle_Ripple.uexp" 2029
"C:/Users/Admin/Desktop/MainProject/Mutants/Content/UltraDynamicSky/Blueprints/Enum/UDS_ControlPointMode.uasset" 2030
"C:/Users/Admin/Desktop/MainProject/Mutants/Content/UltraDynamicSky/Blueprints/Enum/UDS_ControlPointMode.uexp" 2031
"C:/Users/Admin/Desktop/MainProject/Mutants/Content/UltraDynamicSky/Blueprints/Weather_Effects/System/Puddle_Fluid_Volume_Interface.uasset" 2032
"C:/Users/Admin/Desktop/MainProject/Mutants/Content/UltraDynamicSky/Blueprints/Weather_Effects/System/Puddle_Fluid_Volume_Interface.uexp" 2033
"C:/Users/Admin/Desktop/MainProject/Mutants/Content/UltraDynamicSky/Materials/Material_Instances/DLWE_Brushes/Compression_EdgeFade.uasset" 2034
"C:/Users/Admin/Desktop/MainProject/Mutants/Content/UltraDynamicSky/Materials/Material_Instances/DLWE_Brushes/Compression_EdgeFade.uexp" 2035
"C:/Users/Admin/Desktop/MainProject/Mutants/Content/UltraDynamicSky/Textures/Icons/Weather_Override_Volume.uasset" 2036
"C:/Users/Admin/Desktop/MainProject/Mutants/Content/UltraDynamicSky/Textures/Icons/Weather_Override_Volume.uexp" 2037
"C:/Users/Admin/Desktop/MainProject/Mutants/Content/UltraDynamicSky/Blueprints/Weather_Effects/Weather_Override_Volume.uasset" 2038
"C:/Users/Admin/Desktop/MainProject/Mutants/Content/UltraDynamicSky/Blueprints/Weather_Effects/Weather_Override_Volume.uexp" 2039
"C:/Users/Admin/Desktop/MainProject/Mutants/Content/UltraDynamicSky/Textures/Icons/UDW_Icon.uasset" 2040
"C:/Users/Admin/Desktop/MainProject/Mutants/Content/UltraDynamicSky/Textures/Icons/UDW_Icon.uexp" 2041
"C:/Users/Admin/Desktop/MainProject/Mutants/Content/UltraDynamicSky/Blueprints/Enum/UDS_SeasonMode.uasset" 2042
"C:/Users/Admin/Desktop/MainProject/Mutants/Content/UltraDynamicSky/Blueprints/Enum/UDS_SeasonMode.uexp" 2043
"C:/Users/Admin/Desktop/MainProject/Mutants/Content/UltraDynamicSky/Blueprints/Weather_Effects/System/UDW_Lightning_Spawn_Manager.uasset" 2044
"C:/Users/Admin/Desktop/MainProject/Mutants/Content/UltraDynamicSky/Blueprints/Weather_Effects/System/UDW_Lightning_Spawn_Manager.uexp" 2045
"C:/Users/Admin/Desktop/MainProject/Mutants/Content/UltraDynamicSky/Blueprints/Enum/UDS_Particle_Collision_Mode.uasset" 2046
"C:/Users/Admin/Desktop/MainProject/Mutants/Content/UltraDynamicSky/Blueprints/Enum/UDS_Particle_Collision_Mode.uexp" 2047
"C:/Users/Admin/Desktop/MainProject/Mutants/Content/UltraDynamicSky/Blueprints/Ultra_Dynamic_Weather.uasset" 2048
"C:/Users/Admin/Desktop/MainProject/Mutants/Content/UltraDynamicSky/Blueprints/Ultra_Dynamic_Weather.uexp" 2049
"C:/Users/Admin/Desktop/MainProject/Mutants/Content/UltraDynamicSky/Blueprints/Weather_Effects/Weather_Mask_Brush.uasset" 2050
"C:/Users/Admin/Desktop/MainProject/Mutants/Content/UltraDynamicSky/Blueprints/Weather_Effects/Weather_Mask_Brush.uexp" 2051
"../../../Engine/Plugins/NNE/NNEDenoiser/Content/NNEDIM_ColorAlbedoNormal_Alpha.uasset" 2052
"../../../Engine/Plugins/NNE/NNEDenoiser/Content/NNEDIM_ColorAlbedoNormal_Alpha.uexp" 2053
"../../../Engine/Plugins/NNE/NNEDenoiser/Content/NNEDIM_ColorAlbedoNormal_Default.uasset" 2054
"../../../Engine/Plugins/NNE/NNEDenoiser/Content/NNEDIM_ColorAlbedoNormal_Default.uexp" 2055
"../../../Engine/Plugins/NNE/NNEDenoiser/Content/NNEDIM_HighQuality_Alpha.uasset" 2056
"../../../Engine/Plugins/NNE/NNEDenoiser/Content/NNEDIM_HighQuality_Alpha.uexp" 2057
"../../../Engine/Plugins/NNE/NNEDenoiser/Content/NNEDIM_HighQuality_Default.uasset" 2058
"../../../Engine/Plugins/NNE/NNEDenoiser/Content/NNEDIM_HighQuality_Default.uexp" 2059
"../../../Engine/Plugins/NNE/NNEDenoiser/Content/NNEDOM_Output_Alpha.uasset" 2060
"../../../Engine/Plugins/NNE/NNEDenoiser/Content/NNEDOM_Output_Alpha.uexp" 2061
"../../../Engine/Plugins/NNE/NNEDenoiser/Content/NNEDOM_Output_Default.uasset" 2062
"../../../Engine/Plugins/NNE/NNEDenoiser/Content/NNEDOM_Output_Default.uexp" 2063
"../../../Engine/Plugins/NNE/NNEDenoiser/Content/NNEDTIM_ColorAlbedoNormal_Alpha.uasset" 2064
"../../../Engine/Plugins/NNE/NNEDenoiser/Content/NNEDTIM_ColorAlbedoNormal_Alpha.uexp" 2065
"../../../Engine/Plugins/NNE/NNEDenoiser/Content/NNEDTIM_ColorAlbedoNormal_Default.uasset" 2066
"../../../Engine/Plugins/NNE/NNEDenoiser/Content/NNEDTIM_ColorAlbedoNormal_Default.uexp" 2067
"../../../Engine/Plugins/NNE/NNEDenoiser/Content/NNEDTOM_Output_Alpha.uasset" 2068
"../../../Engine/Plugins/NNE/NNEDenoiser/Content/NNEDTOM_Output_Alpha.uexp" 2069
"../../../Engine/Plugins/NNE/NNEDenoiser/Content/NNEDTOM_Output_Default.uasset" 2070
"../../../Engine/Plugins/NNE/NNEDenoiser/Content/NNEDTOM_Output_Default.uexp" 2071
"../../../Engine/Content/EngineMeshes/Sphere.ubulk" 2072
"../../../Engine/Content/EngineMeshes/Sphere.uasset" 2073
"../../../Engine/Content/EngineMeshes/Sphere.uexp" 2074
"../../../Engine/Content/VREditor/TransformGizmo/Main.uasset" 2075
"../../../Engine/Content/VREditor/TransformGizmo/Main.uexp" 2076
"../../../Engine/Content/VREditor/TransformGizmo/Xray.uasset" 2077
"../../../Engine/Content/VREditor/TransformGizmo/Xray.uexp" 2078
"../../../Engine/Content/VREditor/TransformGizmo/SM_Sequencer_Node.ubulk" 2079
"../../../Engine/Content/VREditor/TransformGizmo/SM_Sequencer_Node.uasset" 2080
"../../../Engine/Content/VREditor/TransformGizmo/SM_Sequencer_Node.uexp" 2081
"C:/Users/Admin/Desktop/MainProject/Mutants/Content/UltraDynamicSky/Textures/LensFlares/Rough_Abberated_Bokeh.uasset" 2082
"C:/Users/Admin/Desktop/MainProject/Mutants/Content/UltraDynamicSky/Textures/LensFlares/Rough_Abberated_Bokeh.uexp" 2083
"C:/Users/Admin/Desktop/MainProject/Mutants/Content/UltraDynamicSky/Textures/LensFlares/Rainbow_Ring.uasset" 2084
"C:/Users/Admin/Desktop/MainProject/Mutants/Content/UltraDynamicSky/Textures/LensFlares/Rainbow_Ring.uexp" 2085
"C:/Users/Admin/Desktop/MainProject/Mutants/Content/UltraDynamicSky/Textures/LensFlares/Star_Flare.uasset" 2086
"C:/Users/Admin/Desktop/MainProject/Mutants/Content/UltraDynamicSky/Textures/LensFlares/Star_Flare.uexp" 2087
"C:/Users/Admin/Desktop/MainProject/Mutants/Content/UltraDynamicSky/Textures/LensFlares/Prime_Flare.uasset" 2088
"C:/Users/Admin/Desktop/MainProject/Mutants/Content/UltraDynamicSky/Textures/LensFlares/Prime_Flare.uexp" 2089
"../../../Engine/Content/Functions/Engine_MaterialFunctions02/Utility/VectorToRadialValue.uasset" 2090
"../../../Engine/Content/Functions/Engine_MaterialFunctions02/Utility/VectorToRadialValue.uexp" 2091
"C:/Users/Admin/Desktop/MainProject/Mutants/Content/UltraDynamicSky/Textures/LensFlares/Flare_Line.uasset" 2092
"C:/Users/Admin/Desktop/MainProject/Mutants/Content/UltraDynamicSky/Textures/LensFlares/Flare_Line.uexp" 2093
"C:/Users/Admin/Desktop/MainProject/Mutants/Content/UltraDynamicSky/Materials/Material_Functions/Lens_Flare_Element.uasset" 2094
"C:/Users/Admin/Desktop/MainProject/Mutants/Content/UltraDynamicSky/Materials/Material_Functions/Lens_Flare_Element.uexp" 2095
"C:/Users/Admin/Desktop/MainProject/Mutants/Content/UltraDynamicSky/Materials/Lens_Flare.uasset" 2096
"C:/Users/Admin/Desktop/MainProject/Mutants/Content/UltraDynamicSky/Materials/Lens_Flare.uexp" 2097
"C:/Users/Admin/Desktop/MainProject/Mutants/Content/UltraDynamicSky/Textures/LensFlares/Circle_Bokeh.uasset" 2098
"C:/Users/Admin/Desktop/MainProject/Mutants/Content/UltraDynamicSky/Textures/LensFlares/Circle_Bokeh.uexp" 2099
"C:/Users/Admin/Desktop/MainProject/Mutants/Content/UltraDynamicSky/Materials/Material_Instances/Lens_Flares/35mm_Prime.uasset" 2100
"C:/Users/Admin/Desktop/MainProject/Mutants/Content/UltraDynamicSky/Materials/Material_Instances/Lens_Flares/35mm_Prime.uexp" 2101
"C:/Users/Admin/Desktop/MainProject/Mutants/Content/UltraDynamicSky/Textures/LensFlares/Anamorphic_Streak.uasset" 2102
"C:/Users/Admin/Desktop/MainProject/Mutants/Content/UltraDynamicSky/Textures/LensFlares/Anamorphic_Streak.uexp" 2103
"C:/Users/Admin/Desktop/MainProject/Mutants/Content/UltraDynamicSky/Textures/LensFlares/Anamorphic_Flare.uasset" 2104
"C:/Users/Admin/Desktop/MainProject/Mutants/Content/UltraDynamicSky/Textures/LensFlares/Anamorphic_Flare.uexp" 2105
"C:/Users/Admin/Desktop/MainProject/Mutants/Content/UltraDynamicSky/Materials/Material_Instances/Lens_Flares/Anamorphic.uasset" 2106
"C:/Users/Admin/Desktop/MainProject/Mutants/Content/UltraDynamicSky/Materials/Material_Instances/Lens_Flares/Anamorphic.uexp" 2107
"C:/Users/Admin/Desktop/MainProject/Mutants/Content/UltraDynamicSky/Textures/LensFlares/Soft_Abberation.uasset" 2108
"C:/Users/Admin/Desktop/MainProject/Mutants/Content/UltraDynamicSky/Textures/LensFlares/Soft_Abberation.uexp" 2109
"C:/Users/Admin/Desktop/MainProject/Mutants/Content/UltraDynamicSky/Materials/Material_Instances/Lens_Flares/Zoom_Chromatic.uasset" 2110
"C:/Users/Admin/Desktop/MainProject/Mutants/Content/UltraDynamicSky/Materials/Material_Instances/Lens_Flares/Zoom_Chromatic.uexp" 2111
"C:/Users/Admin/Desktop/MainProject/Mutants/Content/UltraDynamicSky/Textures/Space/Planets_Moons/Deform_Noise.ubulk" 2112
"C:/Users/Admin/Desktop/MainProject/Mutants/Content/UltraDynamicSky/Textures/Space/Planets_Moons/Deform_Noise.uasset" 2113
"C:/Users/Admin/Desktop/MainProject/Mutants/Content/UltraDynamicSky/Textures/Space/Planets_Moons/Deform_Noise.uexp" 2114
"../../../Engine/Content/EngineResources/WhiteSquareTexture.uasset" 2115
"../../../Engine/Content/EngineResources/WhiteSquareTexture.uexp" 2116
"../../../Engine/Content/EngineMaterials/FlatNormal.uasset" 2117
"../../../Engine/Content/EngineMaterials/FlatNormal.uexp" 2118
"C:/Users/Admin/Desktop/MainProject/Mutants/Content/UltraDynamicSky/Materials/Space/Space_Planet_Mat.uasset" 2119
"C:/Users/Admin/Desktop/MainProject/Mutants/Content/UltraDynamicSky/Materials/Space/Space_Planet_Mat.uexp" 2120
"C:/Users/Admin/Desktop/MainProject/Mutants/Content/UltraDynamicSky/Materials/Space/Instances/Space_Planet_Default.uasset" 2121
"C:/Users/Admin/Desktop/MainProject/Mutants/Content/UltraDynamicSky/Materials/Space/Instances/Space_Planet_Default.uexp" 2122
"C:/Users/Admin/Desktop/MainProject/Mutants/Content/UltraDynamicSky/Materials/Space/Instances/Space_Planet_A.uasset" 2123
"C:/Users/Admin/Desktop/MainProject/Mutants/Content/UltraDynamicSky/Materials/Space/Instances/Space_Planet_A.uexp" 2124
"C:/Users/Admin/Desktop/MainProject/Mutants/Content/UltraDynamicSky/Materials/Space/Instances/Space_Planet_N.uasset" 2125
"C:/Users/Admin/Desktop/MainProject/Mutants/Content/UltraDynamicSky/Materials/Space/Instances/Space_Planet_N.uexp" 2126
"C:/Users/Admin/Desktop/MainProject/Mutants/Content/UltraDynamicSky/Materials/Space/Instances/Space_Planet_NA.uasset" 2127
"C:/Users/Admin/Desktop/MainProject/Mutants/Content/UltraDynamicSky/Materials/Space/Instances/Space_Planet_NA.uexp" 2128
"../../../Engine/Content/ArtTools/RenderToTexture/Meshes/S_1_Unit_Plane.ubulk" 2129
"../../../Engine/Content/ArtTools/RenderToTexture/Meshes/S_1_Unit_Plane.uasset" 2130
"../../../Engine/Content/ArtTools/RenderToTexture/Meshes/S_1_Unit_Plane.uexp" 2131
"C:/Users/Admin/Desktop/MainProject/Mutants/Content/UltraDynamicSky/Materials/Material_Functions/Filter_Clouds.uasset" 2132
"C:/Users/Admin/Desktop/MainProject/Mutants/Content/UltraDynamicSky/Materials/Material_Functions/Filter_Clouds.uexp" 2133
"C:/Users/Admin/Desktop/MainProject/Mutants/Content/UltraDynamicSky/Materials/Material_Functions/2D_Cloud_Shadows_MF.uasset" 2134
"C:/Users/Admin/Desktop/MainProject/Mutants/Content/UltraDynamicSky/Materials/Material_Functions/2D_Cloud_Shadows_MF.uexp" 2135
"C:/Users/Admin/Desktop/MainProject/Mutants/Content/UltraDynamicSky/Materials/2D_Cloud_Shadows.uasset" 2136
"C:/Users/Admin/Desktop/MainProject/Mutants/Content/UltraDynamicSky/Materials/2D_Cloud_Shadows.uexp" 2137
"C:/Users/Admin/Desktop/MainProject/Mutants/Content/UltraDynamicSky/Materials/Material_Instances/2D_Cloud_Shadows_Caustics.uasset" 2138
"C:/Users/Admin/Desktop/MainProject/Mutants/Content/UltraDynamicSky/Materials/Material_Instances/2D_Cloud_Shadows_Caustics.uexp" 2139
"C:/Users/Admin/Desktop/MainProject/Mutants/Content/UltraDynamicSky/Materials/Global_Volumetric_Fog.uasset" 2140
"C:/Users/Admin/Desktop/MainProject/Mutants/Content/UltraDynamicSky/Materials/Global_Volumetric_Fog.uexp" 2141
"C:/Users/Admin/Desktop/MainProject/Mutants/Content/UltraDynamicSky/Materials/Material_Instances/Global_Volumetric_Fog_w_Ground_Fog.uasset" 2142
"C:/Users/Admin/Desktop/MainProject/Mutants/Content/UltraDynamicSky/Materials/Material_Instances/Global_Volumetric_Fog_w_Ground_Fog.uexp" 2143
"C:/Users/Admin/Desktop/MainProject/Mutants/Content/UltraDynamicSky/Materials/Material_Functions/Moon_Centered_Gradient.uasset" 2144
"C:/Users/Admin/Desktop/MainProject/Mutants/Content/UltraDynamicSky/Materials/Material_Functions/Moon_Centered_Gradient.uexp" 2145
"C:/Users/Admin/Desktop/MainProject/Mutants/Content/UltraDynamicSky/Materials/Material_Functions/Contrast_Control.uasset" 2146
"C:/Users/Admin/Desktop/MainProject/Mutants/Content/UltraDynamicSky/Materials/Material_Functions/Contrast_Control.uexp" 2147
"C:/Users/Admin/Desktop/MainProject/Mutants/Content/UltraDynamicSky/Materials/Material_Functions/Sun_Centered_Gradient.uasset" 2148
"C:/Users/Admin/Desktop/MainProject/Mutants/Content/UltraDynamicSky/Materials/Material_Functions/Sun_Centered_Gradient.uexp" 2149
"C:/Users/Admin/Desktop/MainProject/Mutants/Content/UltraDynamicSky/Materials/Material_Functions/Cloud_Distribution.uasset" 2150
"C:/Users/Admin/Desktop/MainProject/Mutants/Content/UltraDynamicSky/Materials/Material_Functions/Cloud_Distribution.uexp" 2151
"C:/Users/Admin/Desktop/MainProject/Mutants/Content/UltraDynamicSky/Materials/Material_Functions/Scale_Radial_Gradient_Around_White.uasset" 2152
"C:/Users/Admin/Desktop/MainProject/Mutants/Content/UltraDynamicSky/Materials/Material_Functions/Scale_Radial_Gradient_Around_White.uexp" 2153
"C:/Users/Admin/Desktop/MainProject/Mutants/Content/UltraDynamicSky/Materials/Material_Functions/Shading_Gradients.uasset" 2154
"C:/Users/Admin/Desktop/MainProject/Mutants/Content/UltraDynamicSky/Materials/Material_Functions/Shading_Gradients.uexp" 2155
"C:/Users/Admin/Desktop/MainProject/Mutants/Content/UltraDynamicSky/Materials/Material_Functions/SC_DirectionalScattering.uasset" 2156
"C:/Users/Admin/Desktop/MainProject/Mutants/Content/UltraDynamicSky/Materials/Material_Functions/SC_DirectionalScattering.uexp" 2157
"C:/Users/Admin/Desktop/MainProject/Mutants/Content/UltraDynamicSky/Materials/Material_Functions/Base_Sky_Color.uasset" 2158
"C:/Users/Admin/Desktop/MainProject/Mutants/Content/UltraDynamicSky/Materials/Material_Functions/Base_Sky_Color.uexp" 2159
"C:/Users/Admin/Desktop/MainProject/Mutants/Content/UltraDynamicSky/Materials/Material_Functions/Light_and_Dark_Cloud_Colors.uasset" 2160
"C:/Users/Admin/Desktop/MainProject/Mutants/Content/UltraDynamicSky/Materials/Material_Functions/Light_and_Dark_Cloud_Colors.uexp" 2161
"C:/Users/Admin/Desktop/MainProject/Mutants/Content/UltraDynamicSky/Materials/Material_Functions/Map_Cloud_Textures.uasset" 2162
"C:/Users/Admin/Desktop/MainProject/Mutants/Content/UltraDynamicSky/Materials/Material_Functions/Map_Cloud_Textures.uexp" 2163
"C:/Users/Admin/Desktop/MainProject/Mutants/Content/UltraDynamicSky/Materials/Material_Functions/Sun_Shine_Edges.uasset" 2164
"C:/Users/Admin/Desktop/MainProject/Mutants/Content/UltraDynamicSky/Materials/Material_Functions/Sun_Shine_Edges.uexp" 2165
"C:/Users/Admin/Desktop/MainProject/Mutants/Content/UltraDynamicSky/Materials/Material_Functions/Cloud_Layer.uasset" 2166
"C:/Users/Admin/Desktop/MainProject/Mutants/Content/UltraDynamicSky/Materials/Material_Functions/Cloud_Layer.uexp" 2167
"C:/Users/Admin/Desktop/MainProject/Mutants/Content/UltraDynamicSky/Materials/Material_Functions/Composite_Cloud_Layers.uasset" 2168
"C:/Users/Admin/Desktop/MainProject/Mutants/Content/UltraDynamicSky/Materials/Material_Functions/Composite_Cloud_Layers.uexp" 2169
"C:/Users/Admin/Desktop/MainProject/Mutants/Content/UltraDynamicSky/Textures/Sky/Stars_Noise.ubulk" 2170
"C:/Users/Admin/Desktop/MainProject/Mutants/Content/UltraDynamicSky/Textures/Sky/Stars_Noise.uasset" 2171
"C:/Users/Admin/Desktop/MainProject/Mutants/Content/UltraDynamicSky/Textures/Sky/Stars_Noise.uexp" 2172
"C:/Users/Admin/Desktop/MainProject/Mutants/Content/UltraDynamicSky/Materials/Material_Functions/Moon.uasset" 2173
"C:/Users/Admin/Desktop/MainProject/Mutants/Content/UltraDynamicSky/Materials/Material_Functions/Moon.uexp" 2174
"C:/Users/Admin/Desktop/MainProject/Mutants/Content/UltraDynamicSky/Materials/Material_Functions/Stars.uasset" 2175
"C:/Users/Admin/Desktop/MainProject/Mutants/Content/UltraDynamicSky/Materials/Material_Functions/Stars.uexp" 2176
"C:/Users/Admin/Desktop/MainProject/Mutants/Content/UltraDynamicSky/Materials/Material_Functions/Aurora.uasset" 2177
"C:/Users/Admin/Desktop/MainProject/Mutants/Content/UltraDynamicSky/Materials/Material_Functions/Aurora.uexp" 2178
"C:/Users/Admin/Desktop/MainProject/Mutants/Content/UltraDynamicSky/Materials/Material_Functions/Scale_Intensity_Around_Sun.uasset" 2179
"C:/Users/Admin/Desktop/MainProject/Mutants/Content/UltraDynamicSky/Materials/Material_Functions/Scale_Intensity_Around_Sun.uexp" 2180
"C:/Users/Admin/Desktop/MainProject/Mutants/Content/UltraDynamicSky/Materials/Material_Functions/Cloud_UVs.uasset" 2181
"C:/Users/Admin/Desktop/MainProject/Mutants/Content/UltraDynamicSky/Materials/Material_Functions/Cloud_UVs.uexp" 2182
"C:/Users/Admin/Desktop/MainProject/Mutants/Content/UltraDynamicSky/Materials/Material_Functions/Tiling_Stars_UVs.uasset" 2183
"C:/Users/Admin/Desktop/MainProject/Mutants/Content/UltraDynamicSky/Materials/Material_Functions/Tiling_Stars_UVs.uexp" 2184
"C:/Users/Admin/Desktop/MainProject/Mutants/Content/UltraDynamicSky/Materials/Material_Functions/Composite_Static_Clouds.uasset" 2185
"C:/Users/Admin/Desktop/MainProject/Mutants/Content/UltraDynamicSky/Materials/Material_Functions/Composite_Static_Clouds.uexp" 2186
"C:/Users/Admin/Desktop/MainProject/Mutants/Content/UltraDynamicSky/Materials/Material_Functions/Cloud_Wisps.uasset" 2187
"C:/Users/Admin/Desktop/MainProject/Mutants/Content/UltraDynamicSky/Materials/Material_Functions/Cloud_Wisps.uexp" 2188
"C:/Users/Admin/Desktop/MainProject/Mutants/Content/UltraDynamicSky/Materials/Material_Functions/Sun_Disk.uasset" 2189
"C:/Users/Admin/Desktop/MainProject/Mutants/Content/UltraDynamicSky/Materials/Material_Functions/Sun_Disk.uexp" 2190
"C:/Users/Admin/Desktop/MainProject/Mutants/Content/UltraDynamicSky/Materials/Material_Functions/Sky_Material_Ambient_Fog.uasset" 2191
"C:/Users/Admin/Desktop/MainProject/Mutants/Content/UltraDynamicSky/Materials/Material_Functions/Sky_Material_Ambient_Fog.uexp" 2192
"C:/Users/Admin/Desktop/MainProject/Mutants/Content/UltraDynamicSky/Materials/Ultra_Dynamic_Sky_Mat.uasset" 2193
"C:/Users/Admin/Desktop/MainProject/Mutants/Content/UltraDynamicSky/Materials/Ultra_Dynamic_Sky_Mat.uexp" 2194
"C:/Users/Admin/Desktop/MainProject/Mutants/Content/UltraDynamicSky/Materials/Material_Instances/UDS_Default.uasset" 2195
"C:/Users/Admin/Desktop/MainProject/Mutants/Content/UltraDynamicSky/Materials/Material_Instances/UDS_Default.uexp" 2196
"C:/Users/Admin/Desktop/MainProject/Mutants/Content/UltraDynamicSky/Materials/Material_Instances/UDS_B.uasset" 2197
"C:/Users/Admin/Desktop/MainProject/Mutants/Content/UltraDynamicSky/Materials/Material_Instances/UDS_B.uexp" 2198
"C:/Users/Admin/Desktop/MainProject/Mutants/Content/UltraDynamicSky/Materials/Material_Instances/UDS_A.uasset" 2199
"C:/Users/Admin/Desktop/MainProject/Mutants/Content/UltraDynamicSky/Materials/Material_Instances/UDS_A.uexp" 2200
"C:/Users/Admin/Desktop/MainProject/Mutants/Content/UltraDynamicSky/Materials/Material_Instances/UDS_AD.uasset" 2201
"C:/Users/Admin/Desktop/MainProject/Mutants/Content/UltraDynamicSky/Materials/Material_Instances/UDS_AD.uexp" 2202
"C:/Users/Admin/Desktop/MainProject/Mutants/Content/UltraDynamicSky/Materials/Material_Instances/UDS_ADO.uasset" 2203
"C:/Users/Admin/Desktop/MainProject/Mutants/Content/UltraDynamicSky/Materials/Material_Instances/UDS_ADO.uexp" 2204
"C:/Users/Admin/Desktop/MainProject/Mutants/Content/UltraDynamicSky/Materials/Material_Instances/UDS_K.uasset" 2205
"C:/Users/Admin/Desktop/MainProject/Mutants/Content/UltraDynamicSky/Materials/Material_Instances/UDS_K.uexp" 2206
"C:/Users/Admin/Desktop/MainProject/Mutants/Content/UltraDynamicSky/Materials/Material_Instances/UDS_AS.uasset" 2207
"C:/Users/Admin/Desktop/MainProject/Mutants/Content/UltraDynamicSky/Materials/Material_Instances/UDS_AS.uexp" 2208
"C:/Users/Admin/Desktop/MainProject/Mutants/Content/UltraDynamicSky/Materials/Material_Instances/UDS_C.uasset" 2209
"C:/Users/Admin/Desktop/MainProject/Mutants/Content/UltraDynamicSky/Materials/Material_Instances/UDS_C.uexp" 2210
"C:/Users/Admin/Desktop/MainProject/Mutants/Content/UltraDynamicSky/Materials/Material_Instances/UDS_CA.uasset" 2211
"C:/Users/Admin/Desktop/MainProject/Mutants/Content/UltraDynamicSky/Materials/Material_Instances/UDS_CA.uexp" 2212
"C:/Users/Admin/Desktop/MainProject/Mutants/Content/UltraDynamicSky/Materials/Material_Instances/UDS_CAD.uasset" 2213
"C:/Users/Admin/Desktop/MainProject/Mutants/Content/UltraDynamicSky/Materials/Material_Instances/UDS_CAD.uexp" 2214
"C:/Users/Admin/Desktop/MainProject/Mutants/Content/UltraDynamicSky/Materials/Material_Instances/UDS_CADO.uasset" 2215
"C:/Users/Admin/Desktop/MainProject/Mutants/Content/UltraDynamicSky/Materials/Material_Instances/UDS_CADO.uexp" 2216
"C:/Users/Admin/Desktop/MainProject/Mutants/Content/UltraDynamicSky/Materials/Material_Instances/UDS_CAS.uasset" 2217
"C:/Users/Admin/Desktop/MainProject/Mutants/Content/UltraDynamicSky/Materials/Material_Instances/UDS_CAS.uexp" 2218
"C:/Users/Admin/Desktop/MainProject/Mutants/Content/UltraDynamicSky/Materials/Material_Instances/UDS_CD.uasset" 2219
"C:/Users/Admin/Desktop/MainProject/Mutants/Content/UltraDynamicSky/Materials/Material_Instances/UDS_CD.uexp" 2220
"C:/Users/Admin/Desktop/MainProject/Mutants/Content/UltraDynamicSky/Materials/Material_Instances/UDS_CDO.uasset" 2221
"C:/Users/Admin/Desktop/MainProject/Mutants/Content/UltraDynamicSky/Materials/Material_Instances/UDS_CDO.uexp" 2222
"C:/Users/Admin/Desktop/MainProject/Mutants/Content/UltraDynamicSky/Materials/Material_Instances/UDS_CS.uasset" 2223
"C:/Users/Admin/Desktop/MainProject/Mutants/Content/UltraDynamicSky/Materials/Material_Instances/UDS_CS.uexp" 2224
"C:/Users/Admin/Desktop/MainProject/Mutants/Content/UltraDynamicSky/Materials/Material_Instances/UDS_D.uasset" 2225
"C:/Users/Admin/Desktop/MainProject/Mutants/Content/UltraDynamicSky/Materials/Material_Instances/UDS_D.uexp" 2226
"C:/Users/Admin/Desktop/MainProject/Mutants/Content/UltraDynamicSky/Materials/Material_Instances/UDS_DO.uasset" 2227
"C:/Users/Admin/Desktop/MainProject/Mutants/Content/UltraDynamicSky/Materials/Material_Instances/UDS_DO.uexp" 2228
"C:/Users/Admin/Desktop/MainProject/Mutants/Content/UltraDynamicSky/Materials/Material_Instances/UDS_KA.uasset" 2229
"C:/Users/Admin/Desktop/MainProject/Mutants/Content/UltraDynamicSky/Materials/Material_Instances/UDS_KA.uexp" 2230
"C:/Users/Admin/Desktop/MainProject/Mutants/Content/UltraDynamicSky/Materials/Material_Instances/UDS_KAD.uasset" 2231
"C:/Users/Admin/Desktop/MainProject/Mutants/Content/UltraDynamicSky/Materials/Material_Instances/UDS_KAD.uexp" 2232
"C:/Users/Admin/Desktop/MainProject/Mutants/Content/UltraDynamicSky/Materials/Material_Instances/UDS_KADO.uasset" 2233
"C:/Users/Admin/Desktop/MainProject/Mutants/Content/UltraDynamicSky/Materials/Material_Instances/UDS_KADO.uexp" 2234
"C:/Users/Admin/Desktop/MainProject/Mutants/Content/UltraDynamicSky/Materials/Material_Instances/UDS_KAS.uasset" 2235
"C:/Users/Admin/Desktop/MainProject/Mutants/Content/UltraDynamicSky/Materials/Material_Instances/UDS_KAS.uexp" 2236
"C:/Users/Admin/Desktop/MainProject/Mutants/Content/UltraDynamicSky/Materials/Material_Instances/UDS_KC.uasset" 2237
"C:/Users/Admin/Desktop/MainProject/Mutants/Content/UltraDynamicSky/Materials/Material_Instances/UDS_KC.uexp" 2238
"C:/Users/Admin/Desktop/MainProject/Mutants/Content/UltraDynamicSky/Materials/Material_Instances/UDS_KCA.uasset" 2239
"C:/Users/Admin/Desktop/MainProject/Mutants/Content/UltraDynamicSky/Materials/Material_Instances/UDS_KCA.uexp" 2240
"C:/Users/Admin/Desktop/MainProject/Mutants/Content/UltraDynamicSky/Materials/Material_Instances/UDS_KCAD.uasset" 2241
"C:/Users/Admin/Desktop/MainProject/Mutants/Content/UltraDynamicSky/Materials/Material_Instances/UDS_KCAD.uexp" 2242
"C:/Users/Admin/Desktop/MainProject/Mutants/Content/UltraDynamicSky/Materials/Material_Instances/UDS_KCADO.uasset" 2243
"C:/Users/Admin/Desktop/MainProject/Mutants/Content/UltraDynamicSky/Materials/Material_Instances/UDS_KCADO.uexp" 2244
"C:/Users/Admin/Desktop/MainProject/Mutants/Content/UltraDynamicSky/Materials/Material_Instances/UDS_KCAS.uasset" 2245
"C:/Users/Admin/Desktop/MainProject/Mutants/Content/UltraDynamicSky/Materials/Material_Instances/UDS_KCAS.uexp" 2246
"C:/Users/Admin/Desktop/MainProject/Mutants/Content/UltraDynamicSky/Materials/Material_Instances/UDS_KCD.uasset" 2247
"C:/Users/Admin/Desktop/MainProject/Mutants/Content/UltraDynamicSky/Materials/Material_Instances/UDS_KCD.uexp" 2248
"C:/Users/Admin/Desktop/MainProject/Mutants/Content/UltraDynamicSky/Materials/Material_Instances/UDS_KCDO.uasset" 2249
"C:/Users/Admin/Desktop/MainProject/Mutants/Content/UltraDynamicSky/Materials/Material_Instances/UDS_KCDO.uexp" 2250
"C:/Users/Admin/Desktop/MainProject/Mutants/Content/UltraDynamicSky/Materials/Material_Instances/UDS_KCS.uasset" 2251
"C:/Users/Admin/Desktop/MainProject/Mutants/Content/UltraDynamicSky/Materials/Material_Instances/UDS_KCS.uexp" 2252
"C:/Users/Admin/Desktop/MainProject/Mutants/Content/UltraDynamicSky/Materials/Material_Instances/UDS_KD.uasset" 2253
"C:/Users/Admin/Desktop/MainProject/Mutants/Content/UltraDynamicSky/Materials/Material_Instances/UDS_KD.uexp" 2254
"C:/Users/Admin/Desktop/MainProject/Mutants/Content/UltraDynamicSky/Materials/Material_Instances/UDS_KDO.uasset" 2255
"C:/Users/Admin/Desktop/MainProject/Mutants/Content/UltraDynamicSky/Materials/Material_Instances/UDS_KDO.uexp" 2256
"C:/Users/Admin/Desktop/MainProject/Mutants/Content/UltraDynamicSky/Materials/Material_Instances/UDS_KS.uasset" 2257
"C:/Users/Admin/Desktop/MainProject/Mutants/Content/UltraDynamicSky/Materials/Material_Instances/UDS_KS.uexp" 2258
"C:/Users/Admin/Desktop/MainProject/Mutants/Content/UltraDynamicSky/Materials/Material_Instances/UDS_P.uasset" 2259
"C:/Users/Admin/Desktop/MainProject/Mutants/Content/UltraDynamicSky/Materials/Material_Instances/UDS_P.uexp" 2260
"C:/Users/Admin/Desktop/MainProject/Mutants/Content/UltraDynamicSky/Materials/Material_Instances/UDS_PC.uasset" 2261
"C:/Users/Admin/Desktop/MainProject/Mutants/Content/UltraDynamicSky/Materials/Material_Instances/UDS_PC.uexp" 2262
"C:/Users/Admin/Desktop/MainProject/Mutants/Content/UltraDynamicSky/Materials/Material_Instances/UDS_S.uasset" 2263
"C:/Users/Admin/Desktop/MainProject/Mutants/Content/UltraDynamicSky/Materials/Material_Instances/UDS_S.uexp" 2264
"C:/Users/Admin/Desktop/MainProject/Mutants/Content/UltraDynamicSky/Textures/Clouds/clouds_diverse.uasset" 2265
"C:/Users/Admin/Desktop/MainProject/Mutants/Content/UltraDynamicSky/Textures/Clouds/clouds_diverse.uexp" 2266
"C:/Users/Admin/Desktop/MainProject/Mutants/Content/UltraDynamicSky/Materials/Volumetric_Clouds.uasset" 2267
"C:/Users/Admin/Desktop/MainProject/Mutants/Content/UltraDynamicSky/Materials/Volumetric_Clouds.uexp" 2268
"C:/Users/Admin/Desktop/MainProject/Mutants/Content/UltraDynamicSky/Materials/Material_Instances/Volumetric_Clouds_default.uasset" 2269
"C:/Users/Admin/Desktop/MainProject/Mutants/Content/UltraDynamicSky/Materials/Material_Instances/Volumetric_Clouds_default.uexp" 2270
"C:/Users/Admin/Desktop/MainProject/Mutants/Content/UltraDynamicSky/Materials/Material_Instances/Volumetric_Clouds_2L.uasset" 2271
"C:/Users/Admin/Desktop/MainProject/Mutants/Content/UltraDynamicSky/Materials/Material_Instances/Volumetric_Clouds_2L.uexp" 2272
"C:/Users/Admin/Desktop/MainProject/Mutants/Content/UltraDynamicSky/Materials/Material_Instances/Volumetric_Clouds_2L_S.uasset" 2273
"C:/Users/Admin/Desktop/MainProject/Mutants/Content/UltraDynamicSky/Materials/Material_Instances/Volumetric_Clouds_2L_S.uexp" 2274
"C:/Users/Admin/Desktop/MainProject/Mutants/Content/UltraDynamicSky/Materials/Material_Functions/Volumetric_Cloud_Shadows_MF.uasset" 2275
"C:/Users/Admin/Desktop/MainProject/Mutants/Content/UltraDynamicSky/Materials/Material_Functions/Volumetric_Cloud_Shadows_MF.uexp" 2276
"C:/Users/Admin/Desktop/MainProject/Mutants/Content/UltraDynamicSky/Materials/Volumetric_Cloud_Shadows.uasset" 2277
"C:/Users/Admin/Desktop/MainProject/Mutants/Content/UltraDynamicSky/Materials/Volumetric_Cloud_Shadows.uexp" 2278
"C:/Users/Admin/Desktop/MainProject/Mutants/Content/UltraDynamicSky/Materials/Material_Instances/Volumetric_Cloud_Shadows_Caustics.uasset" 2279
"C:/Users/Admin/Desktop/MainProject/Mutants/Content/UltraDynamicSky/Materials/Material_Instances/Volumetric_Cloud_Shadows_Caustics.uexp" 2280
"C:/Users/Admin/Desktop/MainProject/Mutants/Content/UltraDynamicSky/Textures/Weather/Rainbow_gradient.ubulk" 2281
"C:/Users/Admin/Desktop/MainProject/Mutants/Content/UltraDynamicSky/Textures/Weather/Rainbow_gradient.uasset" 2282
"C:/Users/Admin/Desktop/MainProject/Mutants/Content/UltraDynamicSky/Textures/Weather/Rainbow_gradient.uexp" 2283
"C:/Users/Admin/Desktop/MainProject/Mutants/Content/UltraDynamicSky/Materials/Weather/Cloud_Altitude_Mask.uasset" 2284
"C:/Users/Admin/Desktop/MainProject/Mutants/Content/UltraDynamicSky/Materials/Weather/Cloud_Altitude_Mask.uexp" 2285
"C:/Users/Admin/Desktop/MainProject/Mutants/Content/UltraDynamicSky/Materials/Weather/Rainbow_Mat.uasset" 2286
"C:/Users/Admin/Desktop/MainProject/Mutants/Content/UltraDynamicSky/Materials/Weather/Rainbow_Mat.uexp" 2287
"C:/Users/Admin/Desktop/MainProject/Mutants/Content/UltraDynamicSky/Materials/Weather/Rainbow_Mat_Volumetric.uasset" 2288
"C:/Users/Admin/Desktop/MainProject/Mutants/Content/UltraDynamicSky/Materials/Weather/Rainbow_Mat_Volumetric.uexp" 2289
"../../../Engine/Content/EditorMaterials/Camera/CineMat.uasset" 2290
"../../../Engine/Content/EditorMaterials/Camera/CineMat.uexp" 2291
"../../../Engine/Content/EditorMaterials/Camera/MI_CineMat_Rig.uasset" 2292
"../../../Engine/Content/EditorMaterials/Camera/MI_CineMat_Rig.uexp" 2293
"../../../Engine/Content/EditorMeshes/Camera/SM_CraneRig_Arm.ubulk" 2294
"../../../Engine/Content/EditorMeshes/Camera/SM_CraneRig_Arm.uasset" 2295
"../../../Engine/Content/EditorMeshes/Camera/SM_CraneRig_Arm.uexp" 2296
"../../../Engine/Content/EditorMeshes/Camera/SM_CraneRig_Base.ubulk" 2297
"../../../Engine/Content/EditorMeshes/Camera/SM_CraneRig_Base.uasset" 2298
"../../../Engine/Content/EditorMeshes/Camera/SM_CraneRig_Base.uexp" 2299
"../../../Engine/Content/EditorMeshes/Camera/SM_CraneRig_Body.ubulk" 2300
"../../../Engine/Content/EditorMeshes/Camera/SM_CraneRig_Body.uasset" 2301
"../../../Engine/Content/EditorMeshes/Camera/SM_CraneRig_Body.uexp" 2302
"../../../Engine/Content/EditorMeshes/Camera/SM_CraneRig_Mount.ubulk" 2303
"../../../Engine/Content/EditorMeshes/Camera/SM_CraneRig_Mount.uasset" 2304
"../../../Engine/Content/EditorMeshes/Camera/SM_CraneRig_Mount.uexp" 2305
"../../../Engine/Content/EditorMeshes/Camera/SM_RailRig_Mount.ubulk" 2306
"../../../Engine/Content/EditorMeshes/Camera/SM_RailRig_Mount.uasset" 2307
"../../../Engine/Content/EditorMeshes/Camera/SM_RailRig_Mount.uexp" 2308
"../../../Engine/Content/EditorMeshes/Camera/SM_RailRig_Track.ubulk" 2309
"../../../Engine/Content/EditorMeshes/Camera/SM_RailRig_Track.uasset" 2310
"../../../Engine/Content/EditorMeshes/Camera/SM_RailRig_Track.uexp" 2311
"../../../Engine/Content/EngineSky/VolumetricClouds/T_CloudMask.ubulk" 2312
"../../../Engine/Content/EngineSky/VolumetricClouds/T_CloudMask.uasset" 2313
"../../../Engine/Content/EngineSky/VolumetricClouds/T_CloudMask.uexp" 2314
"../../../Engine/Content/EngineSky/VolumetricClouds/VT_Lightning.uasset" 2315
"../../../Engine/Content/EngineSky/VolumetricClouds/VT_Lightning.uexp" 2316
"../../../Engine/Content/EngineSky/VolumetricClouds/T_Profile_08.ubulk" 2317
"../../../Engine/Content/EngineSky/VolumetricClouds/T_Profile_08.uasset" 2318
"../../../Engine/Content/EngineSky/VolumetricClouds/T_Profile_08.uexp" 2319
"../../../Engine/Content/Functions/Engine_MaterialFunctions02/Utility/MakeFloat4.uasset" 2320
"../../../Engine/Content/Functions/Engine_MaterialFunctions02/Utility/MakeFloat4.uexp" 2321
"../../../Engine/Content/Functions/Engine_MaterialFunctions01/Units/Km-to-Cm.uasset" 2322
"../../../Engine/Content/Functions/Engine_MaterialFunctions01/Units/Km-to-Cm.uexp" 2323
"../../../Engine/Content/Functions/Engine_MaterialFunctions02/Utility/BreakOutFloat4Components.uasset" 2324
"../../../Engine/Content/Functions/Engine_MaterialFunctions02/Utility/BreakOutFloat4Components.uexp" 2325
"../../../Engine/Content/EngineSky/VolumetricClouds/T_CloudPattern.ubulk" 2326
"../../../Engine/Content/EngineSky/VolumetricClouds/T_CloudPattern.uasset" 2327
"../../../Engine/Content/EngineSky/VolumetricClouds/T_CloudPattern.uexp" 2328
"../../../Engine/Content/EngineSky/VolumetricClouds/VT_PerlinWorley_Balanced.uasset" 2329
"../../../Engine/Content/EngineSky/VolumetricClouds/VT_PerlinWorley_Balanced.uexp" 2330
"../../../Engine/Content/EngineSky/VolumetricClouds/m_SimpleVolumetricCloud.uasset" 2331
"../../../Engine/Content/EngineSky/VolumetricClouds/m_SimpleVolumetricCloud.uexp" 2332
"../../../Engine/Content/EngineSky/VolumetricClouds/m_SimpleVolumetricCloud_Inst.uasset" 2333
"../../../Engine/Content/EngineSky/VolumetricClouds/m_SimpleVolumetricCloud_Inst.uexp" 2334
"../../../Engine/Content/VREditor/LaserPointer/VR_LaserPower_01.ubulk" 2335
"../../../Engine/Content/VREditor/LaserPointer/VR_LaserPower_01.uasset" 2336
"../../../Engine/Content/VREditor/LaserPointer/VR_LaserPower_01.uexp" 2337
"../../../Engine/Content/VREditor/TransformGizmo/TransformGizmoMaterial.uasset" 2338
"../../../Engine/Content/VREditor/TransformGizmo/TransformGizmoMaterial.uexp" 2339
"../../../Engine/Content/VREditor/TransformGizmo/TranslucentTransformGizmoMaterial.uasset" 2340
"../../../Engine/Content/VREditor/TransformGizmo/TranslucentTransformGizmoMaterial.uexp" 2341
"../../../Engine/Content/VREditor/TransformGizmo/BoundingBoxCorner.ubulk" 2342
"../../../Engine/Content/VREditor/TransformGizmo/BoundingBoxCorner.uasset" 2343
"../../../Engine/Content/VREditor/TransformGizmo/BoundingBoxCorner.uexp" 2344
"../../../Engine/Content/VREditor/TransformGizmo/BoundingBoxEdge.ubulk" 2345
"../../../Engine/Content/VREditor/TransformGizmo/BoundingBoxEdge.uasset" 2346
"../../../Engine/Content/VREditor/TransformGizmo/BoundingBoxEdge.uexp" 2347
"../../../Engine/Content/Functions/Engine_MaterialFunctions02/Math/Transform3x3Matrix.uasset" 2348
"../../../Engine/Content/Functions/Engine_MaterialFunctions02/Math/Transform3x3Matrix.uexp" 2349
"../../../Engine/Plugins/Interchange/Assets/Content/gltf/Textures/T_White_srgb.uasset" 2350
"../../../Engine/Plugins/Interchange/Assets/Content/gltf/Textures/T_White_srgb.uexp" 2351
"../../../Engine/Plugins/Interchange/Assets/Content/gltf/MaterialFunctions/MF_Specular.uasset" 2352
"../../../Engine/Plugins/Interchange/Assets/Content/gltf/MaterialFunctions/MF_Specular.uexp" 2353
"../../../Engine/Plugins/Interchange/Assets/Content/gltf/Textures/T_Anisotropy_Direction_Linear.uasset" 2354
"../../../Engine/Plugins/Interchange/Assets/Content/gltf/Textures/T_Anisotropy_Direction_Linear.uexp" 2355
"../../../Engine/Plugins/Interchange/Assets/Content/gltf/MaterialFunctions/MF_SpecularAnisotropy.uasset" 2356
"../../../Engine/Plugins/Interchange/Assets/Content/gltf/MaterialFunctions/MF_SpecularAnisotropy.uexp" 2357
"../../../Engine/Plugins/Interchange/Assets/Content/gltf/Textures/T_White_Linear.uasset" 2358
"../../../Engine/Plugins/Interchange/Assets/Content/gltf/Textures/T_White_Linear.uexp" 2359
"../../../Engine/Plugins/Interchange/Assets/Content/gltf/MaterialFunctions/MF_MetallicRoughness.uasset" 2360
"../../../Engine/Plugins/Interchange/Assets/Content/gltf/MaterialFunctions/MF_MetallicRoughness.uexp" 2361
"../../../Engine/Plugins/Interchange/Assets/Content/gltf/Textures/T_Generic_N.uasset" 2362
"../../../Engine/Plugins/Interchange/Assets/Content/gltf/Textures/T_Generic_N.uexp" 2363
"../../../Engine/Plugins/Interchange/Assets/Content/gltf/MaterialFunctions/MF_ScaleNormal.uasset" 2364
"../../../Engine/Plugins/Interchange/Assets/Content/gltf/MaterialFunctions/MF_ScaleNormal.uexp" 2365
"../../../Engine/Plugins/Interchange/Assets/Content/gltf/MaterialFunctions/MF_BaseColor.uasset" 2366
"../../../Engine/Plugins/Interchange/Assets/Content/gltf/MaterialFunctions/MF_BaseColor.uexp" 2367
"../../../Engine/Plugins/Interchange/Assets/Content/gltf/MaterialFunctions/MF_Iridescence.uasset" 2368
"../../../Engine/Plugins/Interchange/Assets/Content/gltf/MaterialFunctions/MF_Iridescence.uexp" 2369
"../../../Engine/Plugins/Interchange/Assets/Content/gltf/MaterialFunctions/MF_Occlusion.uasset" 2370
"../../../Engine/Plugins/Interchange/Assets/Content/gltf/MaterialFunctions/MF_Occlusion.uexp" 2371
"../../../Engine/Plugins/Interchange/Assets/Content/gltf/MaterialFunctions/MF_IOR.uasset" 2372
"../../../Engine/Plugins/Interchange/Assets/Content/gltf/MaterialFunctions/MF_IOR.uexp" 2373
"../../../Engine/Plugins/Interchange/Assets/Content/gltf/MaterialFunctions/MF_RotateV2.uasset" 2374
"../../../Engine/Plugins/Interchange/Assets/Content/gltf/MaterialFunctions/MF_RotateV2.uexp" 2375
"../../../Engine/Plugins/Interchange/Assets/Content/gltf/MaterialFunctions/MF_TransformUVs.uasset" 2376
"../../../Engine/Plugins/Interchange/Assets/Content/gltf/MaterialFunctions/MF_TransformUVs.uexp" 2377
"../../../Engine/Plugins/Interchange/Assets/Content/gltf/MaterialFunctions/MF_Emissive.uasset" 2378
"../../../Engine/Plugins/Interchange/Assets/Content/gltf/MaterialFunctions/MF_Emissive.uexp" 2379
"../../../Engine/Plugins/Interchange/Assets/Content/gltf/MaterialFunctions/MF_RotateNormals_TS.uasset" 2380
"../../../Engine/Plugins/Interchange/Assets/Content/gltf/MaterialFunctions/MF_RotateNormals_TS.uexp" 2381
"../../../Engine/Plugins/Interchange/Assets/Content/gltf/MaterialFunctions/MF_Normals.uasset" 2382
"../../../Engine/Plugins/Interchange/Assets/Content/gltf/MaterialFunctions/MF_Normals.uexp" 2383
"../../../Engine/Plugins/Interchange/Assets/Content/gltf/MaterialFunctions/MF_Clearcoat.uasset" 2384
"../../../Engine/Plugins/Interchange/Assets/Content/gltf/MaterialFunctions/MF_Clearcoat.uexp" 2385
"../../../Engine/Plugins/Interchange/Assets/Content/gltf/MaterialBodies/MF_ClearCoat_Body.uasset" 2386
"../../../Engine/Plugins/Interchange/Assets/Content/gltf/MaterialBodies/MF_ClearCoat_Body.uexp" 2387
"../../../Engine/Plugins/Interchange/Assets/Content/gltf/M_ClearCoat.uasset" 2388
"../../../Engine/Plugins/Interchange/Assets/Content/gltf/M_ClearCoat.uexp" 2389
"../../../Engine/Plugins/Interchange/Assets/Content/gltf/MaterialInstances/MI_ClearCoat_Blend.uasset" 2390
"../../../Engine/Plugins/Interchange/Assets/Content/gltf/MaterialInstances/MI_ClearCoat_Blend.uexp" 2391
"../../../Engine/Plugins/Interchange/Assets/Content/gltf/MaterialInstances/MI_ClearCoat_Blend_DS.uasset" 2392
"../../../Engine/Plugins/Interchange/Assets/Content/gltf/MaterialInstances/MI_ClearCoat_Blend_DS.uexp" 2393
"../../../Engine/Plugins/Interchange/Assets/Content/gltf/MaterialInstances/MI_ClearCoat_Mask.uasset" 2394
"../../../Engine/Plugins/Interchange/Assets/Content/gltf/MaterialInstances/MI_ClearCoat_Mask.uexp" 2395
"../../../Engine/Plugins/Interchange/Assets/Content/gltf/MaterialInstances/MI_ClearCoat_Mask_DS.uasset" 2396
"../../../Engine/Plugins/Interchange/Assets/Content/gltf/MaterialInstances/MI_ClearCoat_Mask_DS.uexp" 2397
"../../../Engine/Plugins/Interchange/Assets/Content/gltf/MaterialInstances/MI_ClearCoat_Opaque.uasset" 2398
"../../../Engine/Plugins/Interchange/Assets/Content/gltf/MaterialInstances/MI_ClearCoat_Opaque.uexp" 2399
"../../../Engine/Plugins/Interchange/Assets/Content/gltf/MaterialBodies/MF_Default_Body.uasset" 2400
"../../../Engine/Plugins/Interchange/Assets/Content/gltf/MaterialBodies/MF_Default_Body.uexp" 2401
"../../../Engine/Plugins/Interchange/Assets/Content/gltf/M_Default.uasset" 2402
"../../../Engine/Plugins/Interchange/Assets/Content/gltf/M_Default.uexp" 2403
"../../../Engine/Plugins/Interchange/Assets/Content/gltf/MaterialInstances/MI_Default_Blend.uasset" 2404
"../../../Engine/Plugins/Interchange/Assets/Content/gltf/MaterialInstances/MI_Default_Blend.uexp" 2405
"../../../Engine/Plugins/Interchange/Assets/Content/gltf/MaterialInstances/MI_Default_Blend_DS.uasset" 2406
"../../../Engine/Plugins/Interchange/Assets/Content/gltf/MaterialInstances/MI_Default_Blend_DS.uexp" 2407
"../../../Engine/Plugins/Interchange/Assets/Content/gltf/MaterialInstances/MI_Default_Mask.uasset" 2408
"../../../Engine/Plugins/Interchange/Assets/Content/gltf/MaterialInstances/MI_Default_Mask.uexp" 2409
"../../../Engine/Plugins/Interchange/Assets/Content/gltf/MaterialInstances/MI_Default_Mask_DS.uasset" 2410
"../../../Engine/Plugins/Interchange/Assets/Content/gltf/MaterialInstances/MI_Default_Mask_DS.uexp" 2411
"../../../Engine/Plugins/Interchange/Assets/Content/gltf/MaterialInstances/MI_Default_Opaque.uasset" 2412
"../../../Engine/Plugins/Interchange/Assets/Content/gltf/MaterialInstances/MI_Default_Opaque.uexp" 2413
"../../../Engine/Plugins/Interchange/Assets/Content/gltf/MaterialFunctions/MF_Sheen.uasset" 2414
"../../../Engine/Plugins/Interchange/Assets/Content/gltf/MaterialFunctions/MF_Sheen.uexp" 2415
"../../../Engine/Plugins/Interchange/Assets/Content/gltf/MaterialBodies/MF_Sheen_Body.uasset" 2416
"../../../Engine/Plugins/Interchange/Assets/Content/gltf/MaterialBodies/MF_Sheen_Body.uexp" 2417
"../../../Engine/Plugins/Interchange/Assets/Content/gltf/M_Sheen.uasset" 2418
"../../../Engine/Plugins/Interchange/Assets/Content/gltf/M_Sheen.uexp" 2419
"../../../Engine/Plugins/Interchange/Assets/Content/gltf/MaterialInstances/MI_Sheen_Blend.uasset" 2420
"../../../Engine/Plugins/Interchange/Assets/Content/gltf/MaterialInstances/MI_Sheen_Blend.uexp" 2421
"../../../Engine/Plugins/Interchange/Assets/Content/gltf/MaterialInstances/MI_Sheen_Blend_DS.uasset" 2422
"../../../Engine/Plugins/Interchange/Assets/Content/gltf/MaterialInstances/MI_Sheen_Blend_DS.uexp" 2423
"../../../Engine/Plugins/Interchange/Assets/Content/gltf/MaterialInstances/MI_Sheen_Mask.uasset" 2424
"../../../Engine/Plugins/Interchange/Assets/Content/gltf/MaterialInstances/MI_Sheen_Mask.uexp" 2425
"../../../Engine/Plugins/Interchange/Assets/Content/gltf/MaterialInstances/MI_Sheen_Mask_DS.uasset" 2426
"../../../Engine/Plugins/Interchange/Assets/Content/gltf/MaterialInstances/MI_Sheen_Mask_DS.uexp" 2427
"../../../Engine/Plugins/Interchange/Assets/Content/gltf/MaterialInstances/MI_Sheen_Opaque.uasset" 2428
"../../../Engine/Plugins/Interchange/Assets/Content/gltf/MaterialInstances/MI_Sheen_Opaque.uexp" 2429
"../../../Engine/Plugins/Interchange/Assets/Content/gltf/MaterialInstances/MI_Sheen_Opaque_DS.uasset" 2430
"../../../Engine/Plugins/Interchange/Assets/Content/gltf/MaterialInstances/MI_Sheen_Opaque_DS.uexp" 2431
"../../../Engine/Content/Functions/Engine_MaterialFunctions02/Math/AddComponents.uasset" 2432
"../../../Engine/Content/Functions/Engine_MaterialFunctions02/Math/AddComponents.uexp" 2433
"../../../Engine/Plugins/Interchange/Assets/Content/gltf/MaterialFunctions/MF_DiffuseSpecGloss.uasset" 2434
"../../../Engine/Plugins/Interchange/Assets/Content/gltf/MaterialFunctions/MF_DiffuseSpecGloss.uexp" 2435
"../../../Engine/Plugins/Interchange/Assets/Content/gltf/MaterialFunctions/MF_PerceivedBrightness.uasset" 2436
"../../../Engine/Plugins/Interchange/Assets/Content/gltf/MaterialFunctions/MF_PerceivedBrightness.uexp" 2437
"../../../Engine/Plugins/Interchange/Assets/Content/gltf/MaterialFunctions/MF_SpecGlossToMetalRoughness.uasset" 2438
"../../../Engine/Plugins/Interchange/Assets/Content/gltf/MaterialFunctions/MF_SpecGlossToMetalRoughness.uexp" 2439
"../../../Engine/Plugins/Interchange/Assets/Content/gltf/MaterialFunctions/MF_MaxComponentValue.uasset" 2440
"../../../Engine/Plugins/Interchange/Assets/Content/gltf/MaterialFunctions/MF_MaxComponentValue.uexp" 2441
"../../../Engine/Plugins/Interchange/Assets/Content/gltf/MaterialBodies/MF_SpecularGlossiness_Body.uasset" 2442
"../../../Engine/Plugins/Interchange/Assets/Content/gltf/MaterialBodies/MF_SpecularGlossiness_Body.uexp" 2443
"../../../Engine/Plugins/Interchange/Assets/Content/gltf/M_SpecularGlossiness.uasset" 2444
"../../../Engine/Plugins/Interchange/Assets/Content/gltf/M_SpecularGlossiness.uexp" 2445
"../../../Engine/Plugins/Interchange/Assets/Content/gltf/MaterialInstances/MI_SpecularGlossiness_Blend.uasset" 2446
"../../../Engine/Plugins/Interchange/Assets/Content/gltf/MaterialInstances/MI_SpecularGlossiness_Blend.uexp" 2447
"../../../Engine/Plugins/Interchange/Assets/Content/gltf/MaterialInstances/MI_SpecularGlossiness_Blend_DS.uasset" 2448
"../../../Engine/Plugins/Interchange/Assets/Content/gltf/MaterialInstances/MI_SpecularGlossiness_Blend_DS.uexp" 2449
"../../../Engine/Plugins/Interchange/Assets/Content/gltf/MaterialInstances/MI_SpecularGlossiness_Mask.uasset" 2450
"../../../Engine/Plugins/Interchange/Assets/Content/gltf/MaterialInstances/MI_SpecularGlossiness_Mask.uexp" 2451
"../../../Engine/Plugins/Interchange/Assets/Content/gltf/MaterialInstances/MI_SpecularGlossiness_Mask_DS.uasset" 2452
"../../../Engine/Plugins/Interchange/Assets/Content/gltf/MaterialInstances/MI_SpecularGlossiness_Mask_DS.uexp" 2453
"../../../Engine/Plugins/Interchange/Assets/Content/gltf/MaterialInstances/MI_SpecularGlossiness_Opaque.uasset" 2454
"../../../Engine/Plugins/Interchange/Assets/Content/gltf/MaterialInstances/MI_SpecularGlossiness_Opaque.uexp" 2455
"../../../Engine/Plugins/Interchange/Assets/Content/gltf/MaterialInstances/MI_SpecularGlossiness_Opaque_DS.uasset" 2456
"../../../Engine/Plugins/Interchange/Assets/Content/gltf/MaterialInstances/MI_SpecularGlossiness_Opaque_DS.uexp" 2457
"../../../Engine/Plugins/Interchange/Assets/Content/gltf/MaterialFunctions/MF_Temporal_Blur.uasset" 2458
"../../../Engine/Plugins/Interchange/Assets/Content/gltf/MaterialFunctions/MF_Temporal_Blur.uexp" 2459
"../../../Engine/Plugins/Interchange/Assets/Content/gltf/MaterialFunctions/MF_Fresnel_DS.uasset" 2460
"../../../Engine/Plugins/Interchange/Assets/Content/gltf/MaterialFunctions/MF_Fresnel_DS.uexp" 2461
"../../../Engine/Plugins/Interchange/Assets/Content/gltf/MaterialFunctions/MF_Transmission.uasset" 2462
"../../../Engine/Plugins/Interchange/Assets/Content/gltf/MaterialFunctions/MF_Transmission.uexp" 2463
"../../../Engine/Plugins/Interchange/Assets/Content/gltf/MaterialBodies/MF_Transmission_Body.uasset" 2464
"../../../Engine/Plugins/Interchange/Assets/Content/gltf/MaterialBodies/MF_Transmission_Body.uexp" 2465
"../../../Engine/Plugins/Interchange/Assets/Content/gltf/M_Transmission.uasset" 2466
"../../../Engine/Plugins/Interchange/Assets/Content/gltf/M_Transmission.uexp" 2467
"../../../Engine/Plugins/Interchange/Assets/Content/gltf/MaterialInstances/MI_Transmission.uasset" 2468
"../../../Engine/Plugins/Interchange/Assets/Content/gltf/MaterialInstances/MI_Transmission.uexp" 2469
"../../../Engine/Plugins/Interchange/Assets/Content/gltf/MaterialInstances/MI_Transmission_DS.uasset" 2470
"../../../Engine/Plugins/Interchange/Assets/Content/gltf/MaterialInstances/MI_Transmission_DS.uexp" 2471
"../../../Engine/Plugins/Interchange/Assets/Content/gltf/MaterialBodies/MF_Unlit_Body.uasset" 2472
"../../../Engine/Plugins/Interchange/Assets/Content/gltf/MaterialBodies/MF_Unlit_Body.uexp" 2473
"../../../Engine/Plugins/Interchange/Assets/Content/gltf/M_Unlit.uasset" 2474
"../../../Engine/Plugins/Interchange/Assets/Content/gltf/M_Unlit.uexp" 2475
"../../../Engine/Plugins/Interchange/Assets/Content/gltf/MaterialInstances/MI_Unlit_Blend.uasset" 2476
"../../../Engine/Plugins/Interchange/Assets/Content/gltf/MaterialInstances/MI_Unlit_Blend.uexp" 2477
"../../../Engine/Plugins/Interchange/Assets/Content/gltf/MaterialInstances/MI_Unlit_Blend_DS.uasset" 2478
"../../../Engine/Plugins/Interchange/Assets/Content/gltf/MaterialInstances/MI_Unlit_Blend_DS.uexp" 2479
"../../../Engine/Plugins/Interchange/Assets/Content/gltf/MaterialInstances/MI_Unlit_Mask.uasset" 2480
"../../../Engine/Plugins/Interchange/Assets/Content/gltf/MaterialInstances/MI_Unlit_Mask.uexp" 2481
"../../../Engine/Plugins/Interchange/Assets/Content/gltf/MaterialInstances/MI_Unlit_Mask_DS.uasset" 2482
"../../../Engine/Plugins/Interchange/Assets/Content/gltf/MaterialInstances/MI_Unlit_Mask_DS.uexp" 2483
"../../../Engine/Plugins/Interchange/Assets/Content/gltf/MaterialInstances/MI_Unlit_Opaque.uasset" 2484
"../../../Engine/Plugins/Interchange/Assets/Content/gltf/MaterialInstances/MI_Unlit_Opaque.uexp" 2485
"C:/Users/Admin/Desktop/MainProject/Mutants/Content/Stylized_NatureLite_JC/Textures/T_AllModels_01_Base.ubulk" 2486
"C:/Users/Admin/Desktop/MainProject/Mutants/Content/Stylized_NatureLite_JC/Textures/T_AllModels_01_Base.uasset" 2487
"C:/Users/Admin/Desktop/MainProject/Mutants/Content/Stylized_NatureLite_JC/Textures/T_AllModels_01_Base.uexp" 2488
"C:/Users/Admin/Desktop/MainProject/Mutants/Content/Stylized_NatureLite_JC/Textures/T_AllModels_01_Normal.ubulk" 2489
"C:/Users/Admin/Desktop/MainProject/Mutants/Content/Stylized_NatureLite_JC/Textures/T_AllModels_01_Normal.uasset" 2490
"C:/Users/Admin/Desktop/MainProject/Mutants/Content/Stylized_NatureLite_JC/Textures/T_AllModels_01_Normal.uexp" 2491
"../../../Engine/Content/Functions/Engine_MaterialFunctions01/WorldPositionOffset/SimpleGrassWind.uasset" 2492
"../../../Engine/Content/Functions/Engine_MaterialFunctions01/WorldPositionOffset/SimpleGrassWind.uexp" 2493
"C:/Users/Admin/Desktop/MainProject/Mutants/Content/Stylized_NatureLite_JC/Materials/MasterMaterials/M_StylizedNatureLite_Plants.uasset" 2494
"C:/Users/Admin/Desktop/MainProject/Mutants/Content/Stylized_NatureLite_JC/Materials/MasterMaterials/M_StylizedNatureLite_Plants.uexp" 2495
"C:/Users/Admin/Desktop/MainProject/Mutants/Content/Stylized_NatureLite_JC/Materials/MI_StylizedNatureLite_Plants.uasset" 2496
"C:/Users/Admin/Desktop/MainProject/Mutants/Content/Stylized_NatureLite_JC/Materials/MI_StylizedNatureLite_Plants.uexp" 2497
"C:/Users/Admin/Desktop/MainProject/Mutants/Content/Stylized_NatureLite_JC/Models/SM_Plant_01.ubulk" 2498
"C:/Users/Admin/Desktop/MainProject/Mutants/Content/Stylized_NatureLite_JC/Models/SM_Plant_01.uasset" 2499
"C:/Users/Admin/Desktop/MainProject/Mutants/Content/Stylized_NatureLite_JC/Models/SM_Plant_01.uexp" 2500
"C:/Users/Admin/Desktop/MainProject/Mutants/Content/Stylized_NatureLite_JC/Models/SM_Plant_02.ubulk" 2501
"C:/Users/Admin/Desktop/MainProject/Mutants/Content/Stylized_NatureLite_JC/Models/SM_Plant_02.uasset" 2502
"C:/Users/Admin/Desktop/MainProject/Mutants/Content/Stylized_NatureLite_JC/Models/SM_Plant_02.uexp" 2503
"../../../Engine/Plugins/Animation/ControlRig/Content/Controls/ControlRig_Arrow2_1mm.ubulk" 2504
"../../../Engine/Plugins/Animation/ControlRig/Content/Controls/ControlRig_Arrow2_1mm.uasset" 2505
"../../../Engine/Plugins/Animation/ControlRig/Content/Controls/ControlRig_Arrow2_1mm.uexp" 2506
"../../../Engine/Plugins/Animation/ControlRig/Content/Controls/ControlRig_Arrow2_3mm.ubulk" 2507
"../../../Engine/Plugins/Animation/ControlRig/Content/Controls/ControlRig_Arrow2_3mm.uasset" 2508
"../../../Engine/Plugins/Animation/ControlRig/Content/Controls/ControlRig_Arrow2_3mm.uexp" 2509
"../../../Engine/Plugins/Animation/ControlRig/Content/Controls/ControlRig_Arrow2_solid.ubulk" 2510
"../../../Engine/Plugins/Animation/ControlRig/Content/Controls/ControlRig_Arrow2_solid.uasset" 2511
"../../../Engine/Plugins/Animation/ControlRig/Content/Controls/ControlRig_Arrow2_solid.uexp" 2512
"../../../Engine/Plugins/Animation/ControlRig/Content/Controls/ControlRig_Arrow4_1mm.ubulk" 2513
"../../../Engine/Plugins/Animation/ControlRig/Content/Controls/ControlRig_Arrow4_1mm.uasset" 2514
"../../../Engine/Plugins/Animation/ControlRig/Content/Controls/ControlRig_Arrow4_1mm.uexp" 2515
"../../../Engine/Plugins/Animation/ControlRig/Content/Controls/ControlRig_Arrow4_3mm.ubulk" 2516
"../../../Engine/Plugins/Animation/ControlRig/Content/Controls/ControlRig_Arrow4_3mm.uasset" 2517
"../../../Engine/Plugins/Animation/ControlRig/Content/Controls/ControlRig_Arrow4_3mm.uexp" 2518
"../../../Engine/Plugins/Animation/ControlRig/Content/Controls/ControlRig_Arrow4_solid.ubulk" 2519
"../../../Engine/Plugins/Animation/ControlRig/Content/Controls/ControlRig_Arrow4_solid.uasset" 2520
"../../../Engine/Plugins/Animation/ControlRig/Content/Controls/ControlRig_Arrow4_solid.uexp" 2521
"../../../Engine/Plugins/Animation/ControlRig/Content/Controls/ControlRig_Arrow_1mm.ubulk" 2522
"../../../Engine/Plugins/Animation/ControlRig/Content/Controls/ControlRig_Arrow_1mm.uasset" 2523
"../../../Engine/Plugins/Animation/ControlRig/Content/Controls/ControlRig_Arrow_1mm.uexp" 2524
"../../../Engine/Plugins/Animation/ControlRig/Content/Controls/ControlRig_Arrow_3mm.ubulk" 2525
"../../../Engine/Plugins/Animation/ControlRig/Content/Controls/ControlRig_Arrow_3mm.uasset" 2526
"../../../Engine/Plugins/Animation/ControlRig/Content/Controls/ControlRig_Arrow_3mm.uexp" 2527
"../../../Engine/Plugins/Animation/ControlRig/Content/Controls/ControlRig_Arrow_solid.ubulk" 2528
"../../../Engine/Plugins/Animation/ControlRig/Content/Controls/ControlRig_Arrow_solid.uasset" 2529
"../../../Engine/Plugins/Animation/ControlRig/Content/Controls/ControlRig_Arrow_solid.uexp" 2530
"../../../Engine/Plugins/Animation/ControlRig/Content/Controls/ControlRig_Box_1mm.ubulk" 2531
"../../../Engine/Plugins/Animation/ControlRig/Content/Controls/ControlRig_Box_1mm.uasset" 2532
"../../../Engine/Plugins/Animation/ControlRig/Content/Controls/ControlRig_Box_1mm.uexp" 2533
"../../../Engine/Plugins/Animation/ControlRig/Content/Controls/ControlRig_Box_3mm.ubulk" 2534
"../../../Engine/Plugins/Animation/ControlRig/Content/Controls/ControlRig_Box_3mm.uasset" 2535
"../../../Engine/Plugins/Animation/ControlRig/Content/Controls/ControlRig_Box_3mm.uexp" 2536
"../../../Engine/Plugins/Animation/ControlRig/Content/Controls/ControlRig_Box_solid.ubulk" 2537
"../../../Engine/Plugins/Animation/ControlRig/Content/Controls/ControlRig_Box_solid.uasset" 2538
"../../../Engine/Plugins/Animation/ControlRig/Content/Controls/ControlRig_Box_solid.uexp" 2539
"../../../Engine/Plugins/Animation/ControlRig/Content/Controls/ControlRig_Circle_1mm.ubulk" 2540
"../../../Engine/Plugins/Animation/ControlRig/Content/Controls/ControlRig_Circle_1mm.uasset" 2541
"../../../Engine/Plugins/Animation/ControlRig/Content/Controls/ControlRig_Circle_1mm.uexp" 2542
"../../../Engine/Plugins/Animation/ControlRig/Content/Controls/ControlRig_Circle_3mm.ubulk" 2543
"../../../Engine/Plugins/Animation/ControlRig/Content/Controls/ControlRig_Circle_3mm.uasset" 2544
"../../../Engine/Plugins/Animation/ControlRig/Content/Controls/ControlRig_Circle_3mm.uexp" 2545
"../../../Engine/Plugins/Animation/ControlRig/Content/Controls/ControlRig_Circle_solid.ubulk" 2546
"../../../Engine/Plugins/Animation/ControlRig/Content/Controls/ControlRig_Circle_solid.uasset" 2547
"../../../Engine/Plugins/Animation/ControlRig/Content/Controls/ControlRig_Circle_solid.uexp" 2548
"../../../Engine/Plugins/Animation/ControlRig/Content/Controls/ControlRig_Diamond_1mm.ubulk" 2549
"../../../Engine/Plugins/Animation/ControlRig/Content/Controls/ControlRig_Diamond_1mm.uasset" 2550
"../../../Engine/Plugins/Animation/ControlRig/Content/Controls/ControlRig_Diamond_1mm.uexp" 2551
"../../../Engine/Plugins/Animation/ControlRig/Content/Controls/ControlRig_Diamond_3mm.ubulk" 2552
"../../../Engine/Plugins/Animation/ControlRig/Content/Controls/ControlRig_Diamond_3mm.uasset" 2553
"../../../Engine/Plugins/Animation/ControlRig/Content/Controls/ControlRig_Diamond_3mm.uexp" 2554
"../../../Engine/Plugins/Animation/ControlRig/Content/Controls/ControlRig_Diamond_solid.ubulk" 2555
"../../../Engine/Plugins/Animation/ControlRig/Content/Controls/ControlRig_Diamond_solid.uasset" 2556
"../../../Engine/Plugins/Animation/ControlRig/Content/Controls/ControlRig_Diamond_solid.uexp" 2557
"../../../Engine/Plugins/Animation/ControlRig/Content/Controls/ControlRig_HalfCircle_1mm.ubulk" 2558
"../../../Engine/Plugins/Animation/ControlRig/Content/Controls/ControlRig_HalfCircle_1mm.uasset" 2559
"../../../Engine/Plugins/Animation/ControlRig/Content/Controls/ControlRig_HalfCircle_1mm.uexp" 2560
"../../../Engine/Plugins/Animation/ControlRig/Content/Controls/ControlRig_HalfCircle_3mm.ubulk" 2561
"../../../Engine/Plugins/Animation/ControlRig/Content/Controls/ControlRig_HalfCircle_3mm.uasset" 2562
"../../../Engine/Plugins/Animation/ControlRig/Content/Controls/ControlRig_HalfCircle_3mm.uexp" 2563
"../../../Engine/Plugins/Animation/ControlRig/Content/Controls/ControlRig_HalfCircle_solid.ubulk" 2564
"../../../Engine/Plugins/Animation/ControlRig/Content/Controls/ControlRig_HalfCircle_solid.uasset" 2565
"../../../Engine/Plugins/Animation/ControlRig/Content/Controls/ControlRig_HalfCircle_solid.uexp" 2566
"../../../Engine/Plugins/Animation/ControlRig/Content/Controls/ControlRig_Hexagon_1mm.ubulk" 2567
"../../../Engine/Plugins/Animation/ControlRig/Content/Controls/ControlRig_Hexagon_1mm.uasset" 2568
"../../../Engine/Plugins/Animation/ControlRig/Content/Controls/ControlRig_Hexagon_1mm.uexp" 2569
"../../../Engine/Plugins/Animation/ControlRig/Content/Controls/ControlRig_Hexagon_3mm.ubulk" 2570
"../../../Engine/Plugins/Animation/ControlRig/Content/Controls/ControlRig_Hexagon_3mm.uasset" 2571
"../../../Engine/Plugins/Animation/ControlRig/Content/Controls/ControlRig_Hexagon_3mm.uexp" 2572
"../../../Engine/Plugins/Animation/ControlRig/Content/Controls/ControlRig_Hexagon_solid.ubulk" 2573
"../../../Engine/Plugins/Animation/ControlRig/Content/Controls/ControlRig_Hexagon_solid.uasset" 2574
"../../../Engine/Plugins/Animation/ControlRig/Content/Controls/ControlRig_Hexagon_solid.uexp" 2575
"../../../Engine/Plugins/Animation/ControlRig/Content/Controls/ControlRig_Octagon_1mm.ubulk" 2576
"../../../Engine/Plugins/Animation/ControlRig/Content/Controls/ControlRig_Octagon_1mm.uasset" 2577
"../../../Engine/Plugins/Animation/ControlRig/Content/Controls/ControlRig_Octagon_1mm.uexp" 2578
"../../../Engine/Plugins/Animation/ControlRig/Content/Controls/ControlRig_Octagon_3mm.ubulk" 2579
"../../../Engine/Plugins/Animation/ControlRig/Content/Controls/ControlRig_Octagon_3mm.uasset" 2580
"../../../Engine/Plugins/Animation/ControlRig/Content/Controls/ControlRig_Octagon_3mm.uexp" 2581
"../../../Engine/Plugins/Animation/ControlRig/Content/Controls/ControlRig_Octagon_solid.ubulk" 2582
"../../../Engine/Plugins/Animation/ControlRig/Content/Controls/ControlRig_Octagon_solid.uasset" 2583
"../../../Engine/Plugins/Animation/ControlRig/Content/Controls/ControlRig_Octagon_solid.uexp" 2584
"../../../Engine/Plugins/Animation/ControlRig/Content/Controls/ControlRig_Pyramid_1mm.ubulk" 2585
"../../../Engine/Plugins/Animation/ControlRig/Content/Controls/ControlRig_Pyramid_1mm.uasset" 2586
"../../../Engine/Plugins/Animation/ControlRig/Content/Controls/ControlRig_Pyramid_1mm.uexp" 2587
"../../../Engine/Plugins/Animation/ControlRig/Content/Controls/ControlRig_Pyramid_3mm.ubulk" 2588
"../../../Engine/Plugins/Animation/ControlRig/Content/Controls/ControlRig_Pyramid_3mm.uasset" 2589
"../../../Engine/Plugins/Animation/ControlRig/Content/Controls/ControlRig_Pyramid_3mm.uexp" 2590
"../../../Engine/Plugins/Animation/ControlRig/Content/Controls/ControlRig_Pyramid_solid.ubulk" 2591
"../../../Engine/Plugins/Animation/ControlRig/Content/Controls/ControlRig_Pyramid_solid.uasset" 2592
"../../../Engine/Plugins/Animation/ControlRig/Content/Controls/ControlRig_Pyramid_solid.uexp" 2593
"../../../Engine/Plugins/Animation/ControlRig/Content/Controls/ControlRig_QuarterCircle_1mm.ubulk" 2594
"../../../Engine/Plugins/Animation/ControlRig/Content/Controls/ControlRig_QuarterCircle_1mm.uasset" 2595
"../../../Engine/Plugins/Animation/ControlRig/Content/Controls/ControlRig_QuarterCircle_1mm.uexp" 2596
"../../../Engine/Plugins/Animation/ControlRig/Content/Controls/ControlRig_QuarterCircle_3mm.ubulk" 2597
"../../../Engine/Plugins/Animation/ControlRig/Content/Controls/ControlRig_QuarterCircle_3mm.uasset" 2598
"../../../Engine/Plugins/Animation/ControlRig/Content/Controls/ControlRig_QuarterCircle_3mm.uexp" 2599
"../../../Engine/Plugins/Animation/ControlRig/Content/Controls/ControlRig_QuarterCircle_solid.ubulk" 2600
"../../../Engine/Plugins/Animation/ControlRig/Content/Controls/ControlRig_QuarterCircle_solid.uasset" 2601
"../../../Engine/Plugins/Animation/ControlRig/Content/Controls/ControlRig_QuarterCircle_solid.uexp" 2602
"../../../Engine/Plugins/Animation/ControlRig/Content/Controls/ControlRig_RoundedSquare_1mm.ubulk" 2603
"../../../Engine/Plugins/Animation/ControlRig/Content/Controls/ControlRig_RoundedSquare_1mm.uasset" 2604
"../../../Engine/Plugins/Animation/ControlRig/Content/Controls/ControlRig_RoundedSquare_1mm.uexp" 2605
"../../../Engine/Plugins/Animation/ControlRig/Content/Controls/ControlRig_RoundedSquare_3mm.ubulk" 2606
"../../../Engine/Plugins/Animation/ControlRig/Content/Controls/ControlRig_RoundedSquare_3mm.uasset" 2607
"../../../Engine/Plugins/Animation/ControlRig/Content/Controls/ControlRig_RoundedSquare_3mm.uexp" 2608
"../../../Engine/Plugins/Animation/ControlRig/Content/Controls/ControlRig_RoundedSquare_solid.ubulk" 2609
"../../../Engine/Plugins/Animation/ControlRig/Content/Controls/ControlRig_RoundedSquare_solid.uasset" 2610
"../../../Engine/Plugins/Animation/ControlRig/Content/Controls/ControlRig_RoundedSquare_solid.uexp" 2611
"../../../Engine/Plugins/Animation/ControlRig/Content/Controls/ControlRig_RoundedTriangle_1mm.ubulk" 2612
"../../../Engine/Plugins/Animation/ControlRig/Content/Controls/ControlRig_RoundedTriangle_1mm.uasset" 2613
"../../../Engine/Plugins/Animation/ControlRig/Content/Controls/ControlRig_RoundedTriangle_1mm.uexp" 2614
"../../../Engine/Plugins/Animation/ControlRig/Content/Controls/ControlRig_RoundedTriangle_3mm.ubulk" 2615
"../../../Engine/Plugins/Animation/ControlRig/Content/Controls/ControlRig_RoundedTriangle_3mm.uasset" 2616
"../../../Engine/Plugins/Animation/ControlRig/Content/Controls/ControlRig_RoundedTriangle_3mm.uexp" 2617
"../../../Engine/Plugins/Animation/ControlRig/Content/Controls/ControlRig_RoundedTriangle_solid.ubulk" 2618
"../../../Engine/Plugins/Animation/ControlRig/Content/Controls/ControlRig_RoundedTriangle_solid.uasset" 2619
"../../../Engine/Plugins/Animation/ControlRig/Content/Controls/ControlRig_RoundedTriangle_solid.uexp" 2620
"../../../Engine/Plugins/Animation/ControlRig/Content/Controls/ControlRig_Sphere_1mm.ubulk" 2621
"../../../Engine/Plugins/Animation/ControlRig/Content/Controls/ControlRig_Sphere_1mm.uasset" 2622
"../../../Engine/Plugins/Animation/ControlRig/Content/Controls/ControlRig_Sphere_1mm.uexp" 2623
"../../../Engine/Plugins/Animation/ControlRig/Content/Controls/ControlRig_Sphere_3mm.ubulk" 2624
"../../../Engine/Plugins/Animation/ControlRig/Content/Controls/ControlRig_Sphere_3mm.uasset" 2625
"../../../Engine/Plugins/Animation/ControlRig/Content/Controls/ControlRig_Sphere_3mm.uexp" 2626
"../../../Engine/Plugins/Animation/ControlRig/Content/Controls/ControlRig_Sphere_solid.ubulk" 2627
"../../../Engine/Plugins/Animation/ControlRig/Content/Controls/ControlRig_Sphere_solid.uasset" 2628
"../../../Engine/Plugins/Animation/ControlRig/Content/Controls/ControlRig_Sphere_solid.uexp" 2629
"../../../Engine/Plugins/Animation/ControlRig/Content/Controls/ControlRig_Square_1mm.ubulk" 2630
"../../../Engine/Plugins/Animation/ControlRig/Content/Controls/ControlRig_Square_1mm.uasset" 2631
"../../../Engine/Plugins/Animation/ControlRig/Content/Controls/ControlRig_Square_1mm.uexp" 2632
"../../../Engine/Plugins/Animation/ControlRig/Content/Controls/ControlRig_Square_3mm.ubulk" 2633
"../../../Engine/Plugins/Animation/ControlRig/Content/Controls/ControlRig_Square_3mm.uasset" 2634
"../../../Engine/Plugins/Animation/ControlRig/Content/Controls/ControlRig_Square_3mm.uexp" 2635
"../../../Engine/Plugins/Animation/ControlRig/Content/Controls/ControlRig_Square_solid.ubulk" 2636
"../../../Engine/Plugins/Animation/ControlRig/Content/Controls/ControlRig_Square_solid.uasset" 2637
"../../../Engine/Plugins/Animation/ControlRig/Content/Controls/ControlRig_Square_solid.uexp" 2638
"../../../Engine/Plugins/Animation/ControlRig/Content/Controls/ControlRig_Star4_1mm.ubulk" 2639
"../../../Engine/Plugins/Animation/ControlRig/Content/Controls/ControlRig_Star4_1mm.uasset" 2640
"../../../Engine/Plugins/Animation/ControlRig/Content/Controls/ControlRig_Star4_1mm.uexp" 2641
"../../../Engine/Plugins/Animation/ControlRig/Content/Controls/ControlRig_Star4_3mm.ubulk" 2642
"../../../Engine/Plugins/Animation/ControlRig/Content/Controls/ControlRig_Star4_3mm.uasset" 2643
"../../../Engine/Plugins/Animation/ControlRig/Content/Controls/ControlRig_Star4_3mm.uexp" 2644
"../../../Engine/Plugins/Animation/ControlRig/Content/Controls/ControlRig_Star4_solid.ubulk" 2645
"../../../Engine/Plugins/Animation/ControlRig/Content/Controls/ControlRig_Star4_solid.uasset" 2646
"../../../Engine/Plugins/Animation/ControlRig/Content/Controls/ControlRig_Star4_solid.uexp" 2647
"../../../Engine/Plugins/Animation/ControlRig/Content/Controls/ControlRig_Triangle_1mm.ubulk" 2648
"../../../Engine/Plugins/Animation/ControlRig/Content/Controls/ControlRig_Triangle_1mm.uasset" 2649
"../../../Engine/Plugins/Animation/ControlRig/Content/Controls/ControlRig_Triangle_1mm.uexp" 2650
"../../../Engine/Plugins/Animation/ControlRig/Content/Controls/ControlRig_Triangle_3mm.ubulk" 2651
"../../../Engine/Plugins/Animation/ControlRig/Content/Controls/ControlRig_Triangle_3mm.uasset" 2652
"../../../Engine/Plugins/Animation/ControlRig/Content/Controls/ControlRig_Triangle_3mm.uexp" 2653
"../../../Engine/Plugins/Animation/ControlRig/Content/Controls/ControlRig_Triangle_solid.ubulk" 2654
"../../../Engine/Plugins/Animation/ControlRig/Content/Controls/ControlRig_Triangle_solid.uasset" 2655
"../../../Engine/Plugins/Animation/ControlRig/Content/Controls/ControlRig_Triangle_solid.uexp" 2656
"../../../Engine/Plugins/Animation/ControlRig/Content/Controls/ControlRig_Wedge_1mm.ubulk" 2657
"../../../Engine/Plugins/Animation/ControlRig/Content/Controls/ControlRig_Wedge_1mm.uasset" 2658
"../../../Engine/Plugins/Animation/ControlRig/Content/Controls/ControlRig_Wedge_1mm.uexp" 2659
"../../../Engine/Plugins/Animation/ControlRig/Content/Controls/ControlRig_Wedge_3mm.ubulk" 2660
"../../../Engine/Plugins/Animation/ControlRig/Content/Controls/ControlRig_Wedge_3mm.uasset" 2661
"../../../Engine/Plugins/Animation/ControlRig/Content/Controls/ControlRig_Wedge_3mm.uexp" 2662
"../../../Engine/Plugins/Animation/ControlRig/Content/Controls/ControlRig_Wedge_solid.ubulk" 2663
"../../../Engine/Plugins/Animation/ControlRig/Content/Controls/ControlRig_Wedge_solid.uasset" 2664
"../../../Engine/Plugins/Animation/ControlRig/Content/Controls/ControlRig_Wedge_solid.uexp" 2665
"../../../Engine/Content/Functions/Engine_MaterialFunctions01/Gradient/GeneratedRoundRect.uasset" 2666
"../../../Engine/Content/Functions/Engine_MaterialFunctions01/Gradient/GeneratedRoundRect.uexp" 2667
"../../../Engine/Content/Functions/Engine_MaterialFunctions01/Gradient/SphereGradient-2D.uasset" 2668
"../../../Engine/Content/Functions/Engine_MaterialFunctions01/Gradient/SphereGradient-2D.uexp" 2669
"../../../Engine/Plugins/Runtime/AudioWidgets/Content/AudioMaterialSlate/Functions/MF_DotOutlined.uasset" 2670
"../../../Engine/Plugins/Runtime/AudioWidgets/Content/AudioMaterialSlate/Functions/MF_DotOutlined.uexp" 2671
"../../../Engine/Plugins/Runtime/AudioWidgets/Content/AudioMaterialSlate/M_AudioMaterialEnvelope_ADSR.uasset" 2672
"../../../Engine/Plugins/Runtime/AudioWidgets/Content/AudioMaterialSlate/M_AudioMaterialEnvelope_ADSR.uexp" 2673
"../../../Engine/Plugins/Runtime/AudioWidgets/Content/AudioMaterialSlate/MI_AudioMaterialEnvelope_ADSR.uasset" 2674
"../../../Engine/Plugins/Runtime/AudioWidgets/Content/AudioMaterialSlate/MI_AudioMaterialEnvelope_ADSR.uexp" 2675
"../../../Engine/Plugins/Runtime/AudioWidgets/Content/AudioMaterialSlate/Functions/MF_SingleLine_Smooth.uasset" 2676
"../../../Engine/Plugins/Runtime/AudioWidgets/Content/AudioMaterialSlate/Functions/MF_SingleLine_Smooth.uexp" 2677
"../../../Engine/Plugins/Runtime/AudioWidgets/Content/AudioMaterialSlate/Functions/MF_AngleGradient.uasset" 2678
"../../../Engine/Plugins/Runtime/AudioWidgets/Content/AudioMaterialSlate/Functions/MF_AngleGradient.uexp" 2679
"../../../Engine/Content/Functions/Engine_MaterialFunctions02/Lerp_3Color.uasset" 2680
"../../../Engine/Content/Functions/Engine_MaterialFunctions02/Lerp_3Color.uexp" 2681
"../../../Engine/Plugins/Runtime/AudioWidgets/Content/AudioMaterialSlate/M_AudioMaterialKnob.uasset" 2682
"../../../Engine/Plugins/Runtime/AudioWidgets/Content/AudioMaterialSlate/M_AudioMaterialKnob.uexp" 2683
"../../../Engine/Plugins/Runtime/AudioWidgets/Content/AudioMaterialSlate/MI_AudioMaterialKnob.uasset" 2684
"../../../Engine/Plugins/Runtime/AudioWidgets/Content/AudioMaterialSlate/MI_AudioMaterialKnob.uexp" 2685
"../../../Engine/Plugins/Runtime/AudioWidgets/Content/AudioMaterialSlate/Functions/MF_Lines.uasset" 2686
"../../../Engine/Plugins/Runtime/AudioWidgets/Content/AudioMaterialSlate/Functions/MF_Lines.uexp" 2687
"../../../Engine/Plugins/Runtime/AudioWidgets/Content/AudioMaterialSlate/M_AudioMaterialMeter.uasset" 2688
"../../../Engine/Plugins/Runtime/AudioWidgets/Content/AudioMaterialSlate/M_AudioMaterialMeter.uexp" 2689
"../../../Engine/Plugins/Runtime/AudioWidgets/Content/AudioMaterialSlate/MI_AudioMaterialMeter.uasset" 2690
"../../../Engine/Plugins/Runtime/AudioWidgets/Content/AudioMaterialSlate/MI_AudioMaterialMeter.uexp" 2691
"../../../Engine/Plugins/Runtime/AudioWidgets/Content/AudioMaterialSlate/M_AudioMaterialRoundedSlider.uasset" 2692
"../../../Engine/Plugins/Runtime/AudioWidgets/Content/AudioMaterialSlate/M_AudioMaterialRoundedSlider.uexp" 2693
"../../../Engine/Plugins/Runtime/AudioWidgets/Content/AudioMaterialSlate/MI_AudioMaterialRoundedSlider.uasset" 2694
"../../../Engine/Plugins/Runtime/AudioWidgets/Content/AudioMaterialSlate/MI_AudioMaterialRoundedSlider.uexp" 2695
"../../../Engine/Plugins/Runtime/AudioWidgets/Content/AudioMaterialSlate/Functions/MF_SingleLine.uasset" 2696
"../../../Engine/Plugins/Runtime/AudioWidgets/Content/AudioMaterialSlate/Functions/MF_SingleLine.uexp" 2697
"../../../Engine/Plugins/Runtime/AudioWidgets/Content/AudioMaterialSlate/M_AudioMaterialToggleButton.uasset" 2698
"../../../Engine/Plugins/Runtime/AudioWidgets/Content/AudioMaterialSlate/M_AudioMaterialToggleButton.uexp" 2699
"../../../Engine/Plugins/Runtime/AudioWidgets/Content/AudioMaterialSlate/MI_AudioMaterialToggleButton.uasset" 2700
"../../../Engine/Plugins/Runtime/AudioWidgets/Content/AudioMaterialSlate/MI_AudioMaterialToggleButton.uexp" 2701
"../../../Engine/Content/EngineMaterials/Widget3DPassThrough.uasset" 2702
"../../../Engine/Content/EngineMaterials/Widget3DPassThrough.uexp" 2703
"../../../Engine/Content/EngineMaterials/Widget3DPassThrough_Masked.uasset" 2704
"../../../Engine/Content/EngineMaterials/Widget3DPassThrough_Masked.uexp" 2705
"../../../Engine/Content/EngineMaterials/Widget3DPassThrough_Opaque.uasset" 2706
"../../../Engine/Content/EngineMaterials/Widget3DPassThrough_Opaque.uexp" 2707
"../../../Engine/Content/EngineMaterials/Widget3DPassThrough_Masked_OneSided.uasset" 2708
"../../../Engine/Content/EngineMaterials/Widget3DPassThrough_Masked_OneSided.uexp" 2709
"../../../Engine/Content/EngineMaterials/Widget3DPassThrough_Opaque_OneSided.uasset" 2710
"../../../Engine/Content/EngineMaterials/Widget3DPassThrough_Opaque_OneSided.uexp" 2711
"../../../Engine/Content/EngineMaterials/Widget3DPassThrough_Translucent.uasset" 2712
"../../../Engine/Content/EngineMaterials/Widget3DPassThrough_Translucent.uexp" 2713
"../../../Engine/Content/EngineMaterials/Widget3DPassThrough_Translucent_OneSided.uasset" 2714
"../../../Engine/Content/EngineMaterials/Widget3DPassThrough_Translucent_OneSided.uexp" 2715
"../../../Engine/Content/EngineMaterials/DefaultMaterial.uasset" 2716
"../../../Engine/Content/EngineMaterials/DefaultMaterial.uexp" 2717
"../../../Engine/Content/BasicShapes/Cone.ubulk" 2718
"../../../Engine/Content/BasicShapes/Cone.uasset" 2719
"../../../Engine/Content/BasicShapes/Cone.uexp" 2720
"../../../Engine/Content/BasicShapes/Cylinder.ubulk" 2721
"../../../Engine/Content/BasicShapes/Cylinder.uasset" 2722
"../../../Engine/Content/BasicShapes/Cylinder.uexp" 2723
"../../../Engine/Content/BasicShapes/Plane.ubulk" 2724
"../../../Engine/Content/BasicShapes/Plane.uasset" 2725
"../../../Engine/Content/BasicShapes/Plane.uexp" 2726
"../../../Engine/Content/BasicShapes/Sphere.ubulk" 2727
"../../../Engine/Content/BasicShapes/Sphere.uasset" 2728
"../../../Engine/Content/BasicShapes/Sphere.uexp" 2729
"../../../Engine/Content/EditorLandscapeResources/SplineEditorMeshMat.uasset" 2730
"../../../Engine/Content/EditorLandscapeResources/SplineEditorMeshMat.uexp" 2731
"../../../Engine/Content/EditorLandscapeResources/SplineEditorMesh.ubulk" 2732
"../../../Engine/Content/EditorLandscapeResources/SplineEditorMesh.uasset" 2733
"../../../Engine/Content/EditorLandscapeResources/SplineEditorMesh.uexp" 2734
"../../../Engine/Plugins/2D/Paper2D/Content/DefaultSpriteMaterial.uasset" 2735
"../../../Engine/Plugins/2D/Paper2D/Content/DefaultSpriteMaterial.uexp" 2736
"../../../Engine/Plugins/2D/Paper2D/Content/MaskedUnlitSpriteMaterial.uasset" 2737
"../../../Engine/Plugins/2D/Paper2D/Content/MaskedUnlitSpriteMaterial.uexp" 2738
"../../../Engine/Plugins/2D/Paper2D/Content/OpaqueUnlitSpriteMaterial.uasset" 2739
"../../../Engine/Plugins/2D/Paper2D/Content/OpaqueUnlitSpriteMaterial.uexp" 2740
"../../../Engine/Plugins/Media/MediaPlate/Content/SM_MediaPlateScreen.ubulk" 2741
"../../../Engine/Plugins/Media/MediaPlate/Content/SM_MediaPlateScreen.uasset" 2742
"../../../Engine/Plugins/Media/MediaPlate/Content/SM_MediaPlateScreen.uexp" 2743
"C:/Users/Admin/Desktop/MainProject/Mutants/Content/UltraDynamicSky/Textures/Tools/Static_Clouds_Authoring_Target.uasset" 2744
"C:/Users/Admin/Desktop/MainProject/Mutants/Content/UltraDynamicSky/Textures/Tools/Static_Clouds_Authoring_Target.uexp" 2745
"C:/Users/Admin/Desktop/MainProject/Mutants/Content/UltraDynamicSky/Materials/Tools/Static_Clouds_Cubemap_Transform.uasset" 2746
"C:/Users/Admin/Desktop/MainProject/Mutants/Content/UltraDynamicSky/Materials/Tools/Static_Clouds_Cubemap_Transform.uexp" 2747
"C:/Users/Admin/Desktop/MainProject/Mutants/Content/UltraDynamicSky/Materials/Tools/Static_Clouds_Tool_Composite.uasset" 2748
"C:/Users/Admin/Desktop/MainProject/Mutants/Content/UltraDynamicSky/Materials/Tools/Static_Clouds_Tool_Composite.uexp" 2749
"C:/Users/Admin/Desktop/MainProject/Mutants/Content/UltraDynamicSky/Blueprints/System/Editor_UI/Cloud_Painter/Cloud_Painter_BrushFrame.uasset" 2750
"C:/Users/Admin/Desktop/MainProject/Mutants/Content/UltraDynamicSky/Blueprints/System/Editor_UI/Cloud_Painter/Cloud_Painter_BrushFrame.uexp" 2751
"C:/Users/Admin/Desktop/MainProject/Mutants/Content/UltraDynamicSky/Blueprints/System/Editor_UI/Cloud_Painter/Cloud_Painter_Brush_Mat.uasset" 2752
"C:/Users/Admin/Desktop/MainProject/Mutants/Content/UltraDynamicSky/Blueprints/System/Editor_UI/Cloud_Painter/Cloud_Painter_Brush_Mat.uexp" 2753
"C:/Users/Admin/Desktop/MainProject/Mutants/Content/UltraDynamicSky/Blueprints/System/Editor_UI/Cloud_Painter/Cloud_Painter_Brush_Mat_Cursor.uasset" 2754
"C:/Users/Admin/Desktop/MainProject/Mutants/Content/UltraDynamicSky/Blueprints/System/Editor_UI/Cloud_Painter/Cloud_Painter_Brush_Mat_Cursor.uexp" 2755
"C:/Users/Admin/Desktop/MainProject/Mutants/Content/UltraDynamicSky/Blueprints/System/Editor_UI/Weather_Mask_Brush_Painter/WeatherMaskBrushPainter_Settings.uasset" 2756
"C:/Users/Admin/Desktop/MainProject/Mutants/Content/UltraDynamicSky/Blueprints/System/Editor_UI/Weather_Mask_Brush_Painter/WeatherMaskBrushPainter_Settings.uexp" 2757
"C:/Users/Admin/Desktop/MainProject/Mutants/Content/UltraDynamicSky/Blueprints/System/Editor_UI/Weather_Mask_Brush_Painter/WeatherMaskPainter_PreviewMat.uasset" 2758
"C:/Users/Admin/Desktop/MainProject/Mutants/Content/UltraDynamicSky/Blueprints/System/Editor_UI/Weather_Mask_Brush_Painter/WeatherMaskPainter_PreviewMat.uexp" 2759
"C:/Users/Admin/Desktop/MainProject/Mutants/Content/UltraDynamicSky/Sound/UDS_Weather.uasset" 2760
"C:/Users/Admin/Desktop/MainProject/Mutants/Content/UltraDynamicSky/Sound/UDS_Weather.uexp" 2761
"C:/Users/Admin/Desktop/MainProject/Mutants/Content/UltraDynamicSky/Sound/Rain/MediumRain_1.uasset" 2762
"C:/Users/Admin/Desktop/MainProject/Mutants/Content/UltraDynamicSky/Sound/Rain/MediumRain_1.uexp" 2763
"C:/Users/Admin/Desktop/MainProject/Mutants/Content/UltraDynamicSky/Sound/Rain/MediumRain_2.uasset" 2764
"C:/Users/Admin/Desktop/MainProject/Mutants/Content/UltraDynamicSky/Sound/Rain/MediumRain_2.uexp" 2765
"C:/Users/Admin/Desktop/MainProject/Mutants/Content/UltraDynamicSky/Sound/Rain/MediumRain_3.uasset" 2766
"C:/Users/Admin/Desktop/MainProject/Mutants/Content/UltraDynamicSky/Sound/Rain/MediumRain_3.uexp" 2767
"C:/Users/Admin/Desktop/MainProject/Mutants/Content/UltraDynamicSky/Sound/Rain/MediumRain_4.uasset" 2768
"C:/Users/Admin/Desktop/MainProject/Mutants/Content/UltraDynamicSky/Sound/Rain/MediumRain_4.uexp" 2769
"C:/Users/Admin/Desktop/MainProject/Mutants/Content/UltraDynamicSky/Sound/Rain/RainHit_1.ubulk" 2770
"C:/Users/Admin/Desktop/MainProject/Mutants/Content/UltraDynamicSky/Sound/Rain/RainHit_1.uasset" 2771
"C:/Users/Admin/Desktop/MainProject/Mutants/Content/UltraDynamicSky/Sound/Rain/RainHit_1.uexp" 2772
"C:/Users/Admin/Desktop/MainProject/Mutants/Content/UltraDynamicSky/Sound/Rain/RainHit_2.ubulk" 2773
"C:/Users/Admin/Desktop/MainProject/Mutants/Content/UltraDynamicSky/Sound/Rain/RainHit_2.uasset" 2774
"C:/Users/Admin/Desktop/MainProject/Mutants/Content/UltraDynamicSky/Sound/Rain/RainHit_2.uexp" 2775
"C:/Users/Admin/Desktop/MainProject/Mutants/Content/UltraDynamicSky/Sound/Rain/RainHit_3.ubulk" 2776
"C:/Users/Admin/Desktop/MainProject/Mutants/Content/UltraDynamicSky/Sound/Rain/RainHit_3.uasset" 2777
"C:/Users/Admin/Desktop/MainProject/Mutants/Content/UltraDynamicSky/Sound/Rain/RainHit_3.uexp" 2778
"C:/Users/Admin/Desktop/MainProject/Mutants/Content/UltraDynamicSky/Sound/Rain/LightRain_1.uasset" 2779
"C:/Users/Admin/Desktop/MainProject/Mutants/Content/UltraDynamicSky/Sound/Rain/LightRain_1.uexp" 2780
"C:/Users/Admin/Desktop/MainProject/Mutants/Content/UltraDynamicSky/Sound/Rain/LightRain_2.ubulk" 2781
"C:/Users/Admin/Desktop/MainProject/Mutants/Content/UltraDynamicSky/Sound/Rain/LightRain_2.uasset" 2782
"C:/Users/Admin/Desktop/MainProject/Mutants/Content/UltraDynamicSky/Sound/Rain/LightRain_2.uexp" 2783
"C:/Users/Admin/Desktop/MainProject/Mutants/Content/UltraDynamicSky/Sound/Rain/LightRain_3.uasset" 2784
"C:/Users/Admin/Desktop/MainProject/Mutants/Content/UltraDynamicSky/Sound/Rain/LightRain_3.uexp" 2785
"C:/Users/Admin/Desktop/MainProject/Mutants/Content/UltraDynamicSky/Sound/Rain/LightRain_4.uasset" 2786
"C:/Users/Admin/Desktop/MainProject/Mutants/Content/UltraDynamicSky/Sound/Rain/LightRain_4.uexp" 2787
"C:/Users/Admin/Desktop/MainProject/Mutants/Content/UltraDynamicSky/Sound/MetaSounds/UDS_Rain_Loop.uasset" 2788
"C:/Users/Admin/Desktop/MainProject/Mutants/Content/UltraDynamicSky/Sound/MetaSounds/UDS_Rain_Loop.uexp" 2789
"C:/Users/Admin/Desktop/MainProject/Mutants/Content/UltraDynamicSky/Sound/MetaSounds/UDS_Stereo_Panning_and_Occlusion.uasset" 2790
"C:/Users/Admin/Desktop/MainProject/Mutants/Content/UltraDynamicSky/Sound/MetaSounds/UDS_Stereo_Panning_and_Occlusion.uexp" 2791
"../../../Engine/Content/EngineSounds/Master.uasset" 2792
"../../../Engine/Content/EngineSounds/Master.uexp" 2793
"../../../Engine/Content/EngineSounds/Normal_Attack.uasset" 2794
"../../../Engine/Content/EngineSounds/Normal_Attack.uexp" 2795
"../../../Engine/Content/EngineSounds/Duck_Normal_Attack_MixMod.uasset" 2796
"../../../Engine/Content/EngineSounds/Duck_Normal_Attack_MixMod.uexp" 2797
"../../../Engine/Content/EngineSounds/Special_Attack_PSM.uasset" 2798
"../../../Engine/Content/EngineSounds/Special_Attack_PSM.uexp" 2799
"../../../Engine/Content/EngineSounds/SFX.uasset" 2800
"../../../Engine/Content/EngineSounds/SFX.uexp" 2801
"C:/Users/Admin/Desktop/MainProject/Mutants/Content/UltraDynamicSky/Sound/Wind/BrownianNoise_1.uasset" 2802
"C:/Users/Admin/Desktop/MainProject/Mutants/Content/UltraDynamicSky/Sound/Wind/BrownianNoise_1.uexp" 2803
"C:/Users/Admin/Desktop/MainProject/Mutants/Content/UltraDynamicSky/Sound/Wind/BrownianNoise_2.uasset" 2804
"C:/Users/Admin/Desktop/MainProject/Mutants/Content/UltraDynamicSky/Sound/Wind/BrownianNoise_2.uexp" 2805
"C:/Users/Admin/Desktop/MainProject/Mutants/Content/UltraDynamicSky/Sound/Wind/BrownianNoise_3.uasset" 2806
"C:/Users/Admin/Desktop/MainProject/Mutants/Content/UltraDynamicSky/Sound/Wind/BrownianNoise_3.uexp" 2807
"C:/Users/Admin/Desktop/MainProject/Mutants/Content/UltraDynamicSky/Sound/Wind/BrownianNoise_4.uasset" 2808
"C:/Users/Admin/Desktop/MainProject/Mutants/Content/UltraDynamicSky/Sound/Wind/BrownianNoise_4.uexp" 2809
"C:/Users/Admin/Desktop/MainProject/Mutants/Content/UltraDynamicSky/Sound/MetaSounds/UDS_Wind_Loop.uasset" 2810
"C:/Users/Admin/Desktop/MainProject/Mutants/Content/UltraDynamicSky/Sound/MetaSounds/UDS_Wind_Loop.uexp" 2811
"C:/Users/Admin/Desktop/MainProject/Mutants/Content/UltraDynamicSky/Sound/MetaSounds/UDS_Directional_WeatherSounds.uasset" 2812
"C:/Users/Admin/Desktop/MainProject/Mutants/Content/UltraDynamicSky/Sound/MetaSounds/UDS_Directional_WeatherSounds.uexp" 2813
"C:/Users/Admin/Desktop/MainProject/Mutants/Content/UltraDynamicSky/Sound/Wind/Wind_Whistling.ubulk" 2814
"C:/Users/Admin/Desktop/MainProject/Mutants/Content/UltraDynamicSky/Sound/Wind/Wind_Whistling.uasset" 2815
"C:/Users/Admin/Desktop/MainProject/Mutants/Content/UltraDynamicSky/Sound/Wind/Wind_Whistling.uexp" 2816
"C:/Users/Admin/Desktop/MainProject/Mutants/Content/UltraDynamicSky/Sound/Distant_Thunder/DistantThunder_1.uasset" 2817
"C:/Users/Admin/Desktop/MainProject/Mutants/Content/UltraDynamicSky/Sound/Distant_Thunder/DistantThunder_1.uexp" 2818
"C:/Users/Admin/Desktop/MainProject/Mutants/Content/UltraDynamicSky/Sound/Distant_Thunder/DistantThunder_2.uasset" 2819
"C:/Users/Admin/Desktop/MainProject/Mutants/Content/UltraDynamicSky/Sound/Distant_Thunder/DistantThunder_2.uexp" 2820
"C:/Users/Admin/Desktop/MainProject/Mutants/Content/UltraDynamicSky/Sound/Distant_Thunder/DistantThunder_3.uasset" 2821
"C:/Users/Admin/Desktop/MainProject/Mutants/Content/UltraDynamicSky/Sound/Distant_Thunder/DistantThunder_3.uexp" 2822
"C:/Users/Admin/Desktop/MainProject/Mutants/Content/UltraDynamicSky/Sound/Distant_Thunder/DistantThunder_4.uasset" 2823
"C:/Users/Admin/Desktop/MainProject/Mutants/Content/UltraDynamicSky/Sound/Distant_Thunder/DistantThunder_4.uexp" 2824
"C:/Users/Admin/Desktop/MainProject/Mutants/Content/UltraDynamicSky/Sound/Distant_Thunder/DistantThunder_5.uasset" 2825
"C:/Users/Admin/Desktop/MainProject/Mutants/Content/UltraDynamicSky/Sound/Distant_Thunder/DistantThunder_5.uexp" 2826
"C:/Users/Admin/Desktop/MainProject/Mutants/Content/UltraDynamicSky/Sound/Distant_Thunder/DistantThunder_6.uasset" 2827
"C:/Users/Admin/Desktop/MainProject/Mutants/Content/UltraDynamicSky/Sound/Distant_Thunder/DistantThunder_6.uexp" 2828
"C:/Users/Admin/Desktop/MainProject/Mutants/Content/UltraDynamicSky/Sound/Distant_Thunder/DistantThunder_7.uasset" 2829
"C:/Users/Admin/Desktop/MainProject/Mutants/Content/UltraDynamicSky/Sound/Distant_Thunder/DistantThunder_7.uexp" 2830
"C:/Users/Admin/Desktop/MainProject/Mutants/Content/UltraDynamicSky/Sound/Distant_Thunder/DistantThunder_8.uasset" 2831
"C:/Users/Admin/Desktop/MainProject/Mutants/Content/UltraDynamicSky/Sound/Distant_Thunder/DistantThunder_8.uexp" 2832
"C:/Users/Admin/Desktop/MainProject/Mutants/Content/UltraDynamicSky/Sound/Distant_Thunder/DistantThunder_9.uasset" 2833
"C:/Users/Admin/Desktop/MainProject/Mutants/Content/UltraDynamicSky/Sound/Distant_Thunder/DistantThunder_9.uexp" 2834
"C:/Users/Admin/Desktop/MainProject/Mutants/Content/UltraDynamicSky/Sound/Distant_Thunder/DistantThunder_10.uasset" 2835
"C:/Users/Admin/Desktop/MainProject/Mutants/Content/UltraDynamicSky/Sound/Distant_Thunder/DistantThunder_10.uexp" 2836
"C:/Users/Admin/Desktop/MainProject/Mutants/Content/UltraDynamicSky/Sound/Distant_Thunder/DistantThunder_11.uasset" 2837
"C:/Users/Admin/Desktop/MainProject/Mutants/Content/UltraDynamicSky/Sound/Distant_Thunder/DistantThunder_11.uexp" 2838
"C:/Users/Admin/Desktop/MainProject/Mutants/Content/UltraDynamicSky/Sound/MetaSounds/UDS_Distant_Thunder_Loop.uasset" 2839
"C:/Users/Admin/Desktop/MainProject/Mutants/Content/UltraDynamicSky/Sound/MetaSounds/UDS_Distant_Thunder_Loop.uexp" 2840
"C:/Users/Admin/Desktop/MainProject/Mutants/Content/UltraDynamicSky/Sound/Close_Thunder/CloseThunder_1.ubulk" 2841
"C:/Users/Admin/Desktop/MainProject/Mutants/Content/UltraDynamicSky/Sound/Close_Thunder/CloseThunder_1.uasset" 2842
"C:/Users/Admin/Desktop/MainProject/Mutants/Content/UltraDynamicSky/Sound/Close_Thunder/CloseThunder_1.uexp" 2843
"C:/Users/Admin/Desktop/MainProject/Mutants/Content/UltraDynamicSky/Sound/Close_Thunder/CloseThunder_2.ubulk" 2844
"C:/Users/Admin/Desktop/MainProject/Mutants/Content/UltraDynamicSky/Sound/Close_Thunder/CloseThunder_2.uasset" 2845
"C:/Users/Admin/Desktop/MainProject/Mutants/Content/UltraDynamicSky/Sound/Close_Thunder/CloseThunder_2.uexp" 2846
"C:/Users/Admin/Desktop/MainProject/Mutants/Content/UltraDynamicSky/Sound/Close_Thunder/CloseThunder_3.ubulk" 2847
"C:/Users/Admin/Desktop/MainProject/Mutants/Content/UltraDynamicSky/Sound/Close_Thunder/CloseThunder_3.uasset" 2848
"C:/Users/Admin/Desktop/MainProject/Mutants/Content/UltraDynamicSky/Sound/Close_Thunder/CloseThunder_3.uexp" 2849
"C:/Users/Admin/Desktop/MainProject/Mutants/Content/UltraDynamicSky/Sound/Close_Thunder/CloseThunder_4.ubulk" 2850
"C:/Users/Admin/Desktop/MainProject/Mutants/Content/UltraDynamicSky/Sound/Close_Thunder/CloseThunder_4.uasset" 2851
"C:/Users/Admin/Desktop/MainProject/Mutants/Content/UltraDynamicSky/Sound/Close_Thunder/CloseThunder_4.uexp" 2852
"C:/Users/Admin/Desktop/MainProject/Mutants/Content/UltraDynamicSky/Sound/Close_Thunder/CloseThunder_5.ubulk" 2853
"C:/Users/Admin/Desktop/MainProject/Mutants/Content/UltraDynamicSky/Sound/Close_Thunder/CloseThunder_5.uasset" 2854
"C:/Users/Admin/Desktop/MainProject/Mutants/Content/UltraDynamicSky/Sound/Close_Thunder/CloseThunder_5.uexp" 2855
"C:/Users/Admin/Desktop/MainProject/Mutants/Content/UltraDynamicSky/Sound/Close_Thunder/CloseThunder_6.ubulk" 2856
"C:/Users/Admin/Desktop/MainProject/Mutants/Content/UltraDynamicSky/Sound/Close_Thunder/CloseThunder_6.uasset" 2857
"C:/Users/Admin/Desktop/MainProject/Mutants/Content/UltraDynamicSky/Sound/Close_Thunder/CloseThunder_6.uexp" 2858
"C:/Users/Admin/Desktop/MainProject/Mutants/Content/UltraDynamicSky/Sound/MetaSounds/UDS_Close_Thunder.uasset" 2859
"C:/Users/Admin/Desktop/MainProject/Mutants/Content/UltraDynamicSky/Sound/MetaSounds/UDS_Close_Thunder.uexp" 2860
"C:/Users/Admin/Desktop/MainProject/Mutants/Content/UltraDynamicSky/Sound/MetaSounds/UDS_Global_WeatherSounds.uasset" 2861
"C:/Users/Admin/Desktop/MainProject/Mutants/Content/UltraDynamicSky/Sound/MetaSounds/UDS_Global_WeatherSounds.uexp" 2862
"../../../Engine/Content/Functions/Engine_MaterialFunctions02/Math/CreateThirdOrthogonalVector.uasset" 2863
"../../../Engine/Content/Functions/Engine_MaterialFunctions02/Math/CreateThirdOrthogonalVector.uexp" 2864
"../../../Engine/Content/Functions/Engine_MaterialFunctions01/Coordinates/VirtualPlaneCoordinates.uasset" 2865
"../../../Engine/Content/Functions/Engine_MaterialFunctions01/Coordinates/VirtualPlaneCoordinates.uexp" 2866
"C:/Users/Admin/Desktop/MainProject/Mutants/Content/UltraDynamicSky/Blueprints/System/Editor_UI/Cloud_Painter/Cloud_Painter_Capture_Post_Mat.uasset" 2867
"C:/Users/Admin/Desktop/MainProject/Mutants/Content/UltraDynamicSky/Blueprints/System/Editor_UI/Cloud_Painter/Cloud_Painter_Capture_Post_Mat.uexp" 2868
"../../../Engine/Content/EngineMaterials/DefaultWhiteGrid.ubulk" 2869
"../../../Engine/Content/EngineMaterials/DefaultWhiteGrid.uasset" 2870
"../../../Engine/Content/EngineMaterials/DefaultWhiteGrid.uexp" 2871
"C:/Users/Admin/Desktop/MainProject/Mutants/Content/UltraDynamicSky/Blueprints/System/Editor_UI/Cloud_Painter/Cloud_Painter_Draw_Panel_Mat.uasset" 2872
"C:/Users/Admin/Desktop/MainProject/Mutants/Content/UltraDynamicSky/Blueprints/System/Editor_UI/Cloud_Painter/Cloud_Painter_Draw_Panel_Mat.uexp" 2873
"C:/Users/Admin/Desktop/MainProject/Mutants/Content/UltraDynamicSky/Blueprints/System/Editor_UI/Cloud_Painter/Cloud_Painter_Settings.uasset" 2874
"C:/Users/Admin/Desktop/MainProject/Mutants/Content/UltraDynamicSky/Blueprints/System/Editor_UI/Cloud_Painter/Cloud_Painter_Settings.uexp" 2875
"C:/Users/Admin/Desktop/MainProject/Mutants/Content/UltraDynamicSky/Particles/DF_Occlusion_Test.uasset" 2876
"C:/Users/Admin/Desktop/MainProject/Mutants/Content/UltraDynamicSky/Particles/DF_Occlusion_Test.uexp" 2877
"C:/Users/Admin/Desktop/MainProject/Mutants/Content/UltraDynamicSky/Materials/Weather/Fog_ParticleMat.uasset" 2878
"C:/Users/Admin/Desktop/MainProject/Mutants/Content/UltraDynamicSky/Materials/Weather/Fog_ParticleMat.uexp" 2879
"C:/Users/Admin/Desktop/MainProject/Mutants/Content/UltraDynamicSky/Materials/Weather/Rain_ParticleMat.uasset" 2880
"C:/Users/Admin/Desktop/MainProject/Mutants/Content/UltraDynamicSky/Materials/Weather/Rain_ParticleMat.uexp" 2881
"C:/Users/Admin/Desktop/MainProject/Mutants/Content/UltraDynamicSky/Textures/Weather/Dust_Alpha.ubulk" 2882
"C:/Users/Admin/Desktop/MainProject/Mutants/Content/UltraDynamicSky/Textures/Weather/Dust_Alpha.uasset" 2883
"C:/Users/Admin/Desktop/MainProject/Mutants/Content/UltraDynamicSky/Textures/Weather/Dust_Alpha.uexp" 2884
"C:/Users/Admin/Desktop/MainProject/Mutants/Content/UltraDynamicSky/Materials/Weather/Dust_ParticleMat.uasset" 2885
"C:/Users/Admin/Desktop/MainProject/Mutants/Content/UltraDynamicSky/Materials/Weather/Dust_ParticleMat.uexp" 2886
"C:/Users/Admin/Desktop/MainProject/Mutants/Content/UltraDynamicSky/Materials/Weather/Dust_Spot_ParticleMat.uasset" 2887
"C:/Users/Admin/Desktop/MainProject/Mutants/Content/UltraDynamicSky/Materials/Weather/Dust_Spot_ParticleMat.uexp" 2888
"C:/Users/Admin/Desktop/MainProject/Mutants/Content/UltraDynamicSky/Particles/Dust.uasset" 2889
"C:/Users/Admin/Desktop/MainProject/Mutants/Content/UltraDynamicSky/Particles/Dust.uexp" 2890
"C:/Users/Admin/Desktop/MainProject/Mutants/Content/UltraDynamicSky/Particles/Dust_DF.uasset" 2891
"C:/Users/Admin/Desktop/MainProject/Mutants/Content/UltraDynamicSky/Particles/Dust_DF.uexp" 2892
"C:/Users/Admin/Desktop/MainProject/Mutants/Content/UltraDynamicSky/Materials/Weather/Hide_Weather_Particle_With_Local_Cloud_Coverage.uasset" 2893
"C:/Users/Admin/Desktop/MainProject/Mutants/Content/UltraDynamicSky/Materials/Weather/Hide_Weather_Particle_With_Local_Cloud_Coverage.uexp" 2894
"C:/Users/Admin/Desktop/MainProject/Mutants/Content/UltraDynamicSky/Materials/Weather/Lightning_Rainfall_Particle.uasset" 2895
"C:/Users/Admin/Desktop/MainProject/Mutants/Content/UltraDynamicSky/Materials/Weather/Lightning_Rainfall_Particle.uexp" 2896
"C:/Users/Admin/Desktop/MainProject/Mutants/Content/UltraDynamicSky/Textures/Weather/Lightning_Bolt.ubulk" 2897
"C:/Users/Admin/Desktop/MainProject/Mutants/Content/UltraDynamicSky/Textures/Weather/Lightning_Bolt.uasset" 2898
"C:/Users/Admin/Desktop/MainProject/Mutants/Content/UltraDynamicSky/Textures/Weather/Lightning_Bolt.uexp" 2899
"C:/Users/Admin/Desktop/MainProject/Mutants/Content/UltraDynamicSky/Materials/Weather/LightningBolt_ParticleMat.uasset" 2900
"C:/Users/Admin/Desktop/MainProject/Mutants/Content/UltraDynamicSky/Materials/Weather/LightningBolt_ParticleMat.uexp" 2901
"C:/Users/Admin/Desktop/MainProject/Mutants/Content/UltraDynamicSky/Textures/Weather/ObscuredLightningSheet.ubulk" 2902
"C:/Users/Admin/Desktop/MainProject/Mutants/Content/UltraDynamicSky/Textures/Weather/ObscuredLightningSheet.uasset" 2903
"C:/Users/Admin/Desktop/MainProject/Mutants/Content/UltraDynamicSky/Textures/Weather/ObscuredLightningSheet.uexp" 2904
"C:/Users/Admin/Desktop/MainProject/Mutants/Content/UltraDynamicSky/Materials/Weather/LightningFlare_ParticleMat.uasset" 2905
"C:/Users/Admin/Desktop/MainProject/Mutants/Content/UltraDynamicSky/Materials/Weather/LightningFlare_ParticleMat.uexp" 2906
"C:/Users/Admin/Desktop/MainProject/Mutants/Content/UltraDynamicSky/Materials/Weather/Lightning_Light_Rays_Card.uasset" 2907
"C:/Users/Admin/Desktop/MainProject/Mutants/Content/UltraDynamicSky/Materials/Weather/Lightning_Light_Rays_Card.uexp" 2908
"C:/Users/Admin/Desktop/MainProject/Mutants/Content/UltraDynamicSky/Particles/Lightning_Strike.uasset" 2909
"C:/Users/Admin/Desktop/MainProject/Mutants/Content/UltraDynamicSky/Particles/Lightning_Strike.uexp" 2910
"C:/Users/Admin/Desktop/MainProject/Mutants/Content/UltraDynamicSky/Materials/Weather/Lightning_Glow.uasset" 2911
"C:/Users/Admin/Desktop/MainProject/Mutants/Content/UltraDynamicSky/Materials/Weather/Lightning_Glow.uexp" 2912
"C:/Users/Admin/Desktop/MainProject/Mutants/Content/UltraDynamicSky/Particles/Obscured_Lightning.uasset" 2913
"C:/Users/Admin/Desktop/MainProject/Mutants/Content/UltraDynamicSky/Particles/Obscured_Lightning.uexp" 2914
"C:/Users/Admin/Desktop/MainProject/Mutants/Content/UltraDynamicSky/Materials/Weather/Splash_ParticleMat.uasset" 2915
"C:/Users/Admin/Desktop/MainProject/Mutants/Content/UltraDynamicSky/Materials/Weather/Splash_ParticleMat.uexp" 2916
"C:/Users/Admin/Desktop/MainProject/Mutants/Content/UltraDynamicSky/Materials/Weather/Splash_Droplet_Particle.uasset" 2917
"C:/Users/Admin/Desktop/MainProject/Mutants/Content/UltraDynamicSky/Materials/Weather/Splash_Droplet_Particle.uexp" 2918
"C:/Users/Admin/Desktop/MainProject/Mutants/Content/UltraDynamicSky/Materials/Weather/Rain_Ripple_Decal.uasset" 2919
"C:/Users/Admin/Desktop/MainProject/Mutants/Content/UltraDynamicSky/Materials/Weather/Rain_Ripple_Decal.uexp" 2920
"C:/Users/Admin/Desktop/MainProject/Mutants/Content/UltraDynamicSky/Materials/Weather/Rain_Spot_Decal.uasset" 2921
"C:/Users/Admin/Desktop/MainProject/Mutants/Content/UltraDynamicSky/Materials/Weather/Rain_Spot_Decal.uexp" 2922
"C:/Users/Admin/Desktop/MainProject/Mutants/Content/UltraDynamicSky/Particles/Rain.uasset" 2923
"C:/Users/Admin/Desktop/MainProject/Mutants/Content/UltraDynamicSky/Particles/Rain.uexp" 2924
"C:/Users/Admin/Desktop/MainProject/Mutants/Content/UltraDynamicSky/Particles/Rain_DF.uasset" 2925
"C:/Users/Admin/Desktop/MainProject/Mutants/Content/UltraDynamicSky/Particles/Rain_DF.uexp" 2926
"C:/Users/Admin/Desktop/MainProject/Mutants/Content/UltraDynamicSky/Materials/Weather/Stuck_Snow_Decal_Mat.uasset" 2927
"C:/Users/Admin/Desktop/MainProject/Mutants/Content/UltraDynamicSky/Materials/Weather/Stuck_Snow_Decal_Mat.uexp" 2928
"C:/Users/Admin/Desktop/MainProject/Mutants/Content/UltraDynamicSky/Materials/Weather/Snow_ParticleMat.uasset" 2929
"C:/Users/Admin/Desktop/MainProject/Mutants/Content/UltraDynamicSky/Materials/Weather/Snow_ParticleMat.uexp" 2930
"C:/Users/Admin/Desktop/MainProject/Mutants/Content/UltraDynamicSky/Particles/Snow.uasset" 2931
"C:/Users/Admin/Desktop/MainProject/Mutants/Content/UltraDynamicSky/Particles/Snow.uexp" 2932
"C:/Users/Admin/Desktop/MainProject/Mutants/Content/UltraDynamicSky/Particles/Snow_DF.uasset" 2933
"C:/Users/Admin/Desktop/MainProject/Mutants/Content/UltraDynamicSky/Particles/Snow_DF.uexp" 2934
"C:/Users/Admin/Desktop/MainProject/Mutants/Content/UltraDynamicSky/Particles/UDW_Niagara_Parameters.uasset" 2935
"C:/Users/Admin/Desktop/MainProject/Mutants/Content/UltraDynamicSky/Particles/UDW_Niagara_Parameters.uexp" 2936
"C:/Users/Admin/Desktop/MainProject/Mutants/Content/UltraDynamicSky/Particles/UDS_VolumetricClouds_Niagara_Properties.uasset" 2937
"C:/Users/Admin/Desktop/MainProject/Mutants/Content/UltraDynamicSky/Particles/UDS_VolumetricClouds_Niagara_Properties.uexp" 2938
"C:/Users/Admin/Desktop/MainProject/Mutants/Content/UltraDynamicSky/Textures/Sky/LightRay_Card.uasset" 2939
"C:/Users/Admin/Desktop/MainProject/Mutants/Content/UltraDynamicSky/Textures/Sky/LightRay_Card.uexp" 2940
"C:/Users/Admin/Desktop/MainProject/Mutants/Content/UltraDynamicSky/Materials/VolumetricCloud_LightRay.uasset" 2941
"C:/Users/Admin/Desktop/MainProject/Mutants/Content/UltraDynamicSky/Materials/VolumetricCloud_LightRay.uexp" 2942
"C:/Users/Admin/Desktop/MainProject/Mutants/Content/UltraDynamicSky/Particles/VolumetricCloud_LightRays.uasset" 2943
"C:/Users/Admin/Desktop/MainProject/Mutants/Content/UltraDynamicSky/Particles/VolumetricCloud_LightRays.uexp" 2944
"C:/Users/Admin/Desktop/MainProject/Mutants/Content/UltraDynamicSky/Textures/Weather/Debris_Twigs_and_Leaves.ubulk" 2945
"C:/Users/Admin/Desktop/MainProject/Mutants/Content/UltraDynamicSky/Textures/Weather/Debris_Twigs_and_Leaves.uasset" 2946
"C:/Users/Admin/Desktop/MainProject/Mutants/Content/UltraDynamicSky/Textures/Weather/Debris_Twigs_and_Leaves.uexp" 2947
"C:/Users/Admin/Desktop/MainProject/Mutants/Content/UltraDynamicSky/Materials/Weather/Wind_Debris.uasset" 2948
"C:/Users/Admin/Desktop/MainProject/Mutants/Content/UltraDynamicSky/Materials/Weather/Wind_Debris.uexp" 2949
"C:/Users/Admin/Desktop/MainProject/Mutants/Content/UltraDynamicSky/Particles/Wind_Debris.uasset" 2950
"C:/Users/Admin/Desktop/MainProject/Mutants/Content/UltraDynamicSky/Particles/Wind_Debris.uexp" 2951
"C:/Users/Admin/Desktop/MainProject/Mutants/Content/UltraDynamicSky/Particles/Wind_Debris_DF.uasset" 2952
"C:/Users/Admin/Desktop/MainProject/Mutants/Content/UltraDynamicSky/Particles/Wind_Debris_DF.uexp" 2953
"../../../Engine/Content/EngineResources/LandscapeVisibilityLayerInfo.uasset" 2954
"../../../Engine/Content/EngineResources/LandscapeVisibilityLayerInfo.uexp" 2955
"../../../Engine/Content/VREditor/TransformGizmo/StartRotationHandleIndicator.ubulk" 2956
"../../../Engine/Content/VREditor/TransformGizmo/StartRotationHandleIndicator.uasset" 2957
"../../../Engine/Content/VREditor/TransformGizmo/StartRotationHandleIndicator.uexp" 2958
"../../../Engine/Content/VREditor/Sounds/UI/Drop_Item_From_ContentBrowser.ubulk" 2959
"../../../Engine/Content/VREditor/Sounds/UI/Drop_Item_From_ContentBrowser.uasset" 2960
"../../../Engine/Content/VREditor/Sounds/UI/Drop_Item_From_ContentBrowser.uexp" 2961
"../../../Engine/Content/VREditor/TransformGizmo/PlaneTranslationHandle.ubulk" 2962
"../../../Engine/Content/VREditor/TransformGizmo/PlaneTranslationHandle.uasset" 2963
"../../../Engine/Content/VREditor/TransformGizmo/PlaneTranslationHandle.uexp" 2964
"../../../Engine/Content/VREditor/Sounds/UI/Object_Snaps_To_Grid.ubulk" 2965
"../../../Engine/Content/VREditor/Sounds/UI/Object_Snaps_To_Grid.uasset" 2966
"../../../Engine/Content/VREditor/Sounds/UI/Object_Snaps_To_Grid.uexp" 2967
"../../../Engine/Content/VREditor/Sounds/UI/Selection_Changes.ubulk" 2968
"../../../Engine/Content/VREditor/Sounds/UI/Selection_Changes.uasset" 2969
"../../../Engine/Content/VREditor/Sounds/UI/Selection_Changes.uexp" 2970
"../../../Engine/Content/VREditor/Sounds/UI/Object_Snaps_To_Another_Actor.ubulk" 2971
"../../../Engine/Content/VREditor/Sounds/UI/Object_Snaps_To_Another_Actor.uasset" 2972
"../../../Engine/Content/VREditor/Sounds/UI/Object_Snaps_To_Another_Actor.uexp" 2973
"../../../Engine/Content/VREditor/TransformGizmo/TranslucentTransformGizmoMaterial_Inst.uasset" 2974
"../../../Engine/Content/VREditor/TransformGizmo/TranslucentTransformGizmoMaterial_Inst.uexp" 2975
"../../../Engine/Content/VREditor/TransformGizmo/TransformGizmoFreeRotation.ubulk" 2976
"../../../Engine/Content/VREditor/TransformGizmo/TransformGizmoFreeRotation.uasset" 2977
"../../../Engine/Content/VREditor/TransformGizmo/TransformGizmoFreeRotation.uexp" 2978
"../../../Engine/Content/VREditor/Sounds/UI/Scaling_Down.ubulk" 2979
"../../../Engine/Content/VREditor/Sounds/UI/Scaling_Down.uasset" 2980
"../../../Engine/Content/VREditor/Sounds/UI/Scaling_Down.uexp" 2981
"../../../Engine/Content/Functions/Engine_MaterialFunctions02/SplitComponents.uasset" 2982
"../../../Engine/Content/Functions/Engine_MaterialFunctions02/SplitComponents.uexp" 2983
"../../../Engine/Content/VREditor/SnapGrid/SnapGridMaterial.uasset" 2984
"../../../Engine/Content/VREditor/SnapGrid/SnapGridMaterial.uexp" 2985
"../../../Engine/Content/VREditor/SnapGrid/SnapGridPlaneMesh.ubulk" 2986
"../../../Engine/Content/VREditor/SnapGrid/SnapGridPlaneMesh.uasset" 2987
"../../../Engine/Content/VREditor/SnapGrid/SnapGridPlaneMesh.uexp" 2988
"../../../Engine/Content/VREditor/Sounds/UI/Scaling_Up.ubulk" 2989
"../../../Engine/Content/VREditor/Sounds/UI/Scaling_Up.uasset" 2990
"../../../Engine/Content/VREditor/Sounds/UI/Scaling_Up.uexp" 2991
"../../../Engine/Content/VREditor/TransformGizmo/TransformGizmoMaterial_Inst.uasset" 2992
"../../../Engine/Content/VREditor/TransformGizmo/TransformGizmoMaterial_Inst.uexp" 2993
"../../../Engine/Content/VREditor/Sounds/UI/Gizmo_Handle_Clicked.ubulk" 2994
"../../../Engine/Content/VREditor/Sounds/UI/Gizmo_Handle_Clicked.uasset" 2995
"../../../Engine/Content/VREditor/Sounds/UI/Gizmo_Handle_Clicked.uexp" 2996
"../../../Engine/Content/VREditor/TransformGizmo/RotationHandleQuarter.ubulk" 2997
"../../../Engine/Content/VREditor/TransformGizmo/RotationHandleQuarter.uasset" 2998
"../../../Engine/Content/VREditor/TransformGizmo/RotationHandleQuarter.uexp" 2999
"../../../Engine/Content/VREditor/TransformGizmo/TranslateArrowHandle.ubulk" 3000
"../../../Engine/Content/VREditor/TransformGizmo/TranslateArrowHandle.uasset" 3001
"../../../Engine/Content/VREditor/TransformGizmo/TranslateArrowHandle.uexp" 3002
"../../../Engine/Content/VREditor/TransformGizmo/RotationHandleIndicator.ubulk" 3003
"../../../Engine/Content/VREditor/TransformGizmo/RotationHandleIndicator.uasset" 3004
"../../../Engine/Content/VREditor/TransformGizmo/RotationHandleIndicator.uexp" 3005
"../../../Engine/Content/VREditor/TransformGizmo/UniformScaleHandle.ubulk" 3006
"../../../Engine/Content/VREditor/TransformGizmo/UniformScaleHandle.uasset" 3007
"../../../Engine/Content/VREditor/TransformGizmo/UniformScaleHandle.uexp" 3008
"../../../Engine/Content/VREditor/TransformGizmo/RotationHandleFull.ubulk" 3009
"../../../Engine/Content/VREditor/TransformGizmo/RotationHandleFull.uasset" 3010
"../../../Engine/Content/VREditor/TransformGizmo/RotationHandleFull.uexp" 3011
"../../../Engine/Content/VREditor/Sounds/UI/Object_PickUp.ubulk" 3012
"../../../Engine/Content/VREditor/Sounds/UI/Object_PickUp.uasset" 3013
"../../../Engine/Content/VREditor/Sounds/UI/Object_PickUp.uexp" 3014
"../../../Engine/Plugins/Animation/DeformerGraph/Content/DeformerFunctions/DG_Function_ComputeNormalsTangents.uasset" 3015
"../../../Engine/Plugins/Animation/DeformerGraph/Content/DeformerFunctions/DG_Function_ComputeNormalsTangents.uexp" 3016
"../../../Engine/Plugins/Animation/DeformerGraph/Content/DeformerFunctions/DG_Function_LinearBlendSkin_Morph_Cloth.uasset" 3017
"../../../Engine/Plugins/Animation/DeformerGraph/Content/DeformerFunctions/DG_Function_LinearBlendSkin_Morph_Cloth.uexp" 3018
"../../../Engine/Plugins/Animation/DeformerGraph/Content/DeformerFunctions/DG_Function_LinearBlendSkin_Morph_Cloth_PositionOnly.uasset" 3019
"../../../Engine/Plugins/Animation/DeformerGraph/Content/DeformerFunctions/DG_Function_LinearBlendSkin_Morph_Cloth_PositionOnly.uexp" 3020
"../../../Engine/Plugins/Animation/DeformerGraph/Content/Deformers/DG_LinearBlendSkin_Morph_Cloth.uasset" 3021
"../../../Engine/Plugins/Animation/DeformerGraph/Content/Deformers/DG_LinearBlendSkin_Morph_Cloth.uexp" 3022
"../../../Engine/Plugins/Animation/DeformerGraph/Content/Deformers/DG_LinearBlendSkin_Morph_Cloth_RecomputeNormals.uasset" 3023
"../../../Engine/Plugins/Animation/DeformerGraph/Content/Deformers/DG_LinearBlendSkin_Morph_Cloth_RecomputeNormals.uexp" 3024
"../../../Engine/Plugins/NNE/NNEDenoiser/Content/NNEDT_Oidn2-3_Balanced.uasset" 3025
"../../../Engine/Plugins/NNE/NNEDenoiser/Content/NNEDT_Oidn2-3_Balanced.uexp" 3026
"../../../Engine/Plugins/NNE/NNEDenoiser/Content/NNEDT_Oidn2-3_Balanced_Alpha.uasset" 3027
"../../../Engine/Plugins/NNE/NNEDenoiser/Content/NNEDT_Oidn2-3_Balanced_Alpha.uexp" 3028
"../../../Engine/Plugins/NNE/NNEDenoiser/Content/NNED_Oidn2-3_Balanced.uasset" 3029
"../../../Engine/Plugins/NNE/NNEDenoiser/Content/NNED_Oidn2-3_Balanced.uexp" 3030
"../../../Engine/Plugins/NNE/NNEDenoiser/Content/NNED_Oidn2-3_Balanced_Alpha.uasset" 3031
"../../../Engine/Plugins/NNE/NNEDenoiser/Content/NNED_Oidn2-3_Balanced_Alpha.uexp" 3032
"../../../Engine/Plugins/NNE/NNEDenoiser/Content/NNED_Oidn2-3_Fast.uasset" 3033
"../../../Engine/Plugins/NNE/NNEDenoiser/Content/NNED_Oidn2-3_Fast.uexp" 3034
"../../../Engine/Plugins/NNE/NNEDenoiser/Content/NNED_Oidn2-3_Fast_Alpha.uasset" 3035
"../../../Engine/Plugins/NNE/NNEDenoiser/Content/NNED_Oidn2-3_Fast_Alpha.uexp" 3036
"../../../Engine/Plugins/NNE/NNEDenoiser/Content/NNED_Oidn2-3_HighQuality.uasset" 3037
"../../../Engine/Plugins/NNE/NNEDenoiser/Content/NNED_Oidn2-3_HighQuality.uexp" 3038
"../../../Engine/Plugins/NNE/NNEDenoiser/Content/NNED_Oidn2-3_HighQuality_Alpha.uasset" 3039
"../../../Engine/Plugins/NNE/NNEDenoiser/Content/NNED_Oidn2-3_HighQuality_Alpha.uexp" 3040
"../../../Engine/Plugins/NNE/NNEDenoiser/Content/NNE_oidn2-3-0_rt_hdr_alb_nrm_small__dyn__fp16_opset11_DenoiseAlpha.uasset" 3041
"../../../Engine/Plugins/NNE/NNEDenoiser/Content/NNE_oidn2-3-0_rt_hdr_alb_nrm_small__dyn__fp16_opset11_DenoiseAlpha.uexp" 3042
"../../../Engine/Plugins/NNE/NNEDenoiser/Content/NNE_oidn2-3-0_rt_hdr_alb_nrm_small__dyn__fp16_opset11_ForwardAlpha.uasset" 3043
"../../../Engine/Plugins/NNE/NNEDenoiser/Content/NNE_oidn2-3-0_rt_hdr_alb_nrm_small__dyn__fp16_opset11_ForwardAlpha.uexp" 3044
"../../../Engine/Plugins/NNE/NNEDenoiser/Content/NNE_oidn2-3-0_rt_hdr_alb_nrm__dyn__fp16_opset11_DenoiseAlpha.uasset" 3045
"../../../Engine/Plugins/NNE/NNEDenoiser/Content/NNE_oidn2-3-0_rt_hdr_alb_nrm__dyn__fp16_opset11_DenoiseAlpha.uexp" 3046
"../../../Engine/Plugins/NNE/NNEDenoiser/Content/NNE_oidn2-3-0_rt_hdr_alb_nrm__dyn__fp16_opset11_ForwardAlpha.uasset" 3047
"../../../Engine/Plugins/NNE/NNEDenoiser/Content/NNE_oidn2-3-0_rt_hdr_alb_nrm__dyn__fp16_opset11_ForwardAlpha.uexp" 3048
"../../../Engine/Plugins/NNE/NNEDenoiser/Content/NNE_oidn2-3-0_rt_hdr_calb_cnrm_large__dyn__fp16_opset11_DenoiseAlpha.uasset" 3049
"../../../Engine/Plugins/NNE/NNEDenoiser/Content/NNE_oidn2-3-0_rt_hdr_calb_cnrm_large__dyn__fp16_opset11_DenoiseAlpha.uexp" 3050
"../../../Engine/Plugins/NNE/NNEDenoiser/Content/NNE_oidn2-3-0_rt_hdr_calb_cnrm_large__dyn__fp16_opset11_ForwardAlpha.uasset" 3051
"../../../Engine/Plugins/NNE/NNEDenoiser/Content/NNE_oidn2-3-0_rt_hdr_calb_cnrm_large__dyn__fp16_opset11_ForwardAlpha.uexp" 3052
"C:/Users/Admin/Desktop/MainProject/Mutants/Content/GameModesLevels/MusicLevel/Sounds/SoundColor3.ubulk" 3053
"C:/Users/Admin/Desktop/MainProject/Mutants/Content/GameModesLevels/MusicLevel/Sounds/SoundColor3.uasset" 3054
"C:/Users/Admin/Desktop/MainProject/Mutants/Content/GameModesLevels/MusicLevel/Sounds/SoundColor3.uexp" 3055
"C:/Users/Admin/Desktop/MainProject/Mutants/Content/GameModesLevels/MusicLevel/Sounds/SoundColor4.ubulk" 3056
"C:/Users/Admin/Desktop/MainProject/Mutants/Content/GameModesLevels/MusicLevel/Sounds/SoundColor4.uasset" 3057
"C:/Users/Admin/Desktop/MainProject/Mutants/Content/GameModesLevels/MusicLevel/Sounds/SoundColor4.uexp" 3058
"C:/Users/Admin/Desktop/MainProject/Mutants/Content/GameModesLevels/MusicLevel/Colors/M_TitlePink.uasset" 3059
"C:/Users/Admin/Desktop/MainProject/Mutants/Content/GameModesLevels/MusicLevel/Colors/M_TitlePink.uexp" 3060
"C:/Users/Admin/Desktop/MainProject/Mutants/Content/GameModesLevels/MusicLevel/BP_TitleMusicStructure.uasset" 3061
"C:/Users/Admin/Desktop/MainProject/Mutants/Content/GameModesLevels/MusicLevel/BP_TitleMusicStructure.uexp" 3062
"C:/Users/Admin/Desktop/MainProject/Mutants/Content/GameModesLevels/MusicLevel/BP_MusicCharacter.uasset" 3063
"C:/Users/Admin/Desktop/MainProject/Mutants/Content/GameModesLevels/MusicLevel/BP_MusicCharacter.uexp" 3064
"C:/Users/Admin/Desktop/MainProject/Mutants/Content/StarterContent/Shapes/Shape_Cube.ubulk" 3065
"C:/Users/Admin/Desktop/MainProject/Mutants/Content/StarterContent/Shapes/Shape_Cube.uasset" 3066
"C:/Users/Admin/Desktop/MainProject/Mutants/Content/StarterContent/Shapes/Shape_Cube.uexp" 3067
"C:/Users/Admin/Desktop/MainProject/Mutants/Content/Lobby/Icons/Heart.ubulk" 3068
"C:/Users/Admin/Desktop/MainProject/Mutants/Content/Lobby/Icons/Heart.uasset" 3069
"C:/Users/Admin/Desktop/MainProject/Mutants/Content/Lobby/Icons/Heart.uexp" 3070
"C:/Users/Admin/Desktop/MainProject/Mutants/Content/Lobby/Widgets/BP_Health.uasset" 3071
"C:/Users/Admin/Desktop/MainProject/Mutants/Content/Lobby/Widgets/BP_Health.uexp" 3072
"C:/Users/Admin/Desktop/MainProject/Mutants/Content/GameModesLevels/MusicLevel/Widgets/BP_MusicWidget.uasset" 3073
"C:/Users/Admin/Desktop/MainProject/Mutants/Content/GameModesLevels/MusicLevel/Widgets/BP_MusicWidget.uexp" 3074
"C:/Users/Admin/Desktop/MainProject/Mutants/Content/GameModesLevels/MusicLevel/PC_SoundTile.uasset" 3075
"C:/Users/Admin/Desktop/MainProject/Mutants/Content/GameModesLevels/MusicLevel/PC_SoundTile.uexp" 3076
"C:/Users/Admin/Desktop/MainProject/Mutants/Content/GameModesLevels/MusicLevel/BPI_Tiles.uasset" 3077
"C:/Users/Admin/Desktop/MainProject/Mutants/Content/GameModesLevels/MusicLevel/BPI_Tiles.uexp" 3078
"C:/Users/Admin/Desktop/MainProject/Mutants/Content/GameModesLevels/MusicLevel/Sounds/SoundColor2.ubulk" 3079
"C:/Users/Admin/Desktop/MainProject/Mutants/Content/GameModesLevels/MusicLevel/Sounds/SoundColor2.uasset" 3080
"C:/Users/Admin/Desktop/MainProject/Mutants/Content/GameModesLevels/MusicLevel/Sounds/SoundColor2.uexp" 3081
"C:/Users/Admin/Desktop/MainProject/Mutants/Content/GameModesLevels/MusicLevel/Sounds/SoundColor0.ubulk" 3082
"C:/Users/Admin/Desktop/MainProject/Mutants/Content/GameModesLevels/MusicLevel/Sounds/SoundColor0.uasset" 3083
"C:/Users/Admin/Desktop/MainProject/Mutants/Content/GameModesLevels/MusicLevel/Sounds/SoundColor0.uexp" 3084
"C:/Users/Admin/Desktop/MainProject/Mutants/Content/GameModesLevels/MusicLevel/Colors/M_TitleYellow.uasset" 3085
"C:/Users/Admin/Desktop/MainProject/Mutants/Content/GameModesLevels/MusicLevel/Colors/M_TitleYellow.uexp" 3086
"C:/Users/Admin/Desktop/MainProject/Mutants/Content/GameModesLevels/MusicLevel/Sounds/SoundColor1.ubulk" 3087
"C:/Users/Admin/Desktop/MainProject/Mutants/Content/GameModesLevels/MusicLevel/Sounds/SoundColor1.uasset" 3088
"C:/Users/Admin/Desktop/MainProject/Mutants/Content/GameModesLevels/MusicLevel/Sounds/SoundColor1.uexp" 3089
"C:/Users/Admin/Desktop/MainProject/Mutants/Content/GameModesLevels/MusicLevel/Colors/M_TitleGreen.uasset" 3090
"C:/Users/Admin/Desktop/MainProject/Mutants/Content/GameModesLevels/MusicLevel/Colors/M_TitleGreen.uexp" 3091
"C:/Users/Admin/Desktop/MainProject/Mutants/Content/GameModesLevels/MusicLevel/Colors/M_TitleRed.uasset" 3092
"C:/Users/Admin/Desktop/MainProject/Mutants/Content/GameModesLevels/MusicLevel/Colors/M_TitleRed.uexp" 3093
"C:/Users/Admin/Desktop/MainProject/Mutants/Content/GameModesLevels/MusicLevel/Colors/M_TitleBlue.uasset" 3094
"C:/Users/Admin/Desktop/MainProject/Mutants/Content/GameModesLevels/MusicLevel/Colors/M_TitleBlue.uexp" 3095
"C:/Users/Admin/Desktop/MainProject/Mutants/Content/GameModesLevels/MusicLevel/Titles/BP_MusicalTitle.uasset" 3096
"C:/Users/Admin/Desktop/MainProject/Mutants/Content/GameModesLevels/MusicLevel/Titles/BP_MusicalTitle.uexp" 3097
"C:/Users/Admin/Desktop/MainProject/Mutants/Content/GameModesLevels/MusicLevel/GM_SoundTile.uasset" 3098
"C:/Users/Admin/Desktop/MainProject/Mutants/Content/GameModesLevels/MusicLevel/GM_SoundTile.uexp" 3099
"../../../Engine/Content/Functions/Engine_MaterialFunctions02/Utility/BlendAngleCorrectedNormals.uasset" 3100
"../../../Engine/Content/Functions/Engine_MaterialFunctions02/Utility/BlendAngleCorrectedNormals.uexp" 3101
"C:/Users/Admin/Desktop/MainProject/Mutants/Content/StarterContent/Textures/T_Metal_Rust_N.ubulk" 3102
"C:/Users/Admin/Desktop/MainProject/Mutants/Content/StarterContent/Textures/T_Metal_Rust_N.uasset" 3103
"C:/Users/Admin/Desktop/MainProject/Mutants/Content/StarterContent/Textures/T_Metal_Rust_N.uexp" 3104
"C:/Users/Admin/Desktop/MainProject/Mutants/Content/StarterContent/Textures/T_Metal_Rust_D.ubulk" 3105
"C:/Users/Admin/Desktop/MainProject/Mutants/Content/StarterContent/Textures/T_Metal_Rust_D.uasset" 3106
"C:/Users/Admin/Desktop/MainProject/Mutants/Content/StarterContent/Textures/T_Metal_Rust_D.uexp" 3107
"C:/Users/Admin/Desktop/MainProject/Mutants/Content/StarterContent/Textures/T_MacroVariation.uasset" 3108
"C:/Users/Admin/Desktop/MainProject/Mutants/Content/StarterContent/Textures/T_MacroVariation.uexp" 3109
"C:/Users/Admin/Desktop/MainProject/Mutants/Content/StarterContent/Materials/M_Metal_Rust.uasset" 3110
"C:/Users/Admin/Desktop/MainProject/Mutants/Content/StarterContent/Materials/M_Metal_Rust.uexp" 3111
"C:/Users/Admin/Desktop/MainProject/Mutants/Content/UltraDynamicSky/Textures/Sky/Tiling_Stars.uasset" 3112
"C:/Users/Admin/Desktop/MainProject/Mutants/Content/UltraDynamicSky/Textures/Sky/Tiling_Stars.uexp" 3113
"C:/Users/Admin/Desktop/MainProject/Mutants/Content/UltraDynamicSky/Textures/Sky/Moon_Color.ubulk" 3114
"C:/Users/Admin/Desktop/MainProject/Mutants/Content/UltraDynamicSky/Textures/Sky/Moon_Color.uasset" 3115
"C:/Users/Admin/Desktop/MainProject/Mutants/Content/UltraDynamicSky/Textures/Sky/Moon_Color.uexp" 3116
"C:/Users/Admin/Desktop/MainProject/Mutants/Content/UltraDynamicSky/Materials/Overcast_Turbulence.uasset" 3117
"C:/Users/Admin/Desktop/MainProject/Mutants/Content/UltraDynamicSky/Materials/Overcast_Turbulence.uexp" 3118
"C:/Users/Admin/Desktop/MainProject/Mutants/Content/UltraDynamicSky/Materials/Material_Instances/Volumetric_Clouds_default_S.uasset" 3119
"C:/Users/Admin/Desktop/MainProject/Mutants/Content/UltraDynamicSky/Materials/Material_Instances/Volumetric_Clouds_default_S.uexp" 3120
"C:/Users/Admin/Desktop/MainProject/Mutants/Content/UltraDynamicSky/Textures/Sky/Moon_PhaseNormal.ubulk" 3121
"C:/Users/Admin/Desktop/MainProject/Mutants/Content/UltraDynamicSky/Textures/Sky/Moon_PhaseNormal.uasset" 3122
"C:/Users/Admin/Desktop/MainProject/Mutants/Content/UltraDynamicSky/Textures/Sky/Moon_PhaseNormal.uexp" 3123
"../../../Engine/Content/EngineMaterials/DefaultPhysicalMaterial.uasset" 3124
"../../../Engine/Content/EngineMaterials/DefaultPhysicalMaterial.uexp" 3125
"C:/Users/Admin/Desktop/MainProject/Mutants/Content/GameModesLevels/MusicLevel/SoundTitleLevel.uexp" 3126
"C:/Users/Admin/Desktop/MainProject/Mutants/Content/GameModesLevels/MusicLevel/SoundTitleLevel.umap" 3127
"C:/Users/Admin/Desktop/MainProject/Mutants/Content/GameModesLevels/PlatformCrush/Objects/BPI_Platform.uasset" 3128
"C:/Users/Admin/Desktop/MainProject/Mutants/Content/GameModesLevels/PlatformCrush/Objects/BPI_Platform.uexp" 3129
"C:/Users/Admin/Desktop/MainProject/Mutants/Content/GameModesLevels/PlatformCrush/BP_PlatformCharacter.uasset" 3130
"C:/Users/Admin/Desktop/MainProject/Mutants/Content/GameModesLevels/PlatformCrush/BP_PlatformCharacter.uexp" 3131
"C:/Users/Admin/Desktop/MainProject/Mutants/Content/GameModesLevels/PlatformCrush/Widget/BP_PlatformCrushWidget.uasset" 3132
"C:/Users/Admin/Desktop/MainProject/Mutants/Content/GameModesLevels/PlatformCrush/Widget/BP_PlatformCrushWidget.uexp" 3133
"C:/Users/Admin/Desktop/MainProject/Mutants/Content/GameModesLevels/BoomPass/Blueprints/BP_GameModeInterface.uasset" 3134
"C:/Users/Admin/Desktop/MainProject/Mutants/Content/GameModesLevels/BoomPass/Blueprints/BP_GameModeInterface.uexp" 3135
"C:/Users/Admin/Desktop/MainProject/Mutants/Content/GameModesLevels/PlatformCrush/PC_PlatformCrush.uasset" 3136
"C:/Users/Admin/Desktop/MainProject/Mutants/Content/GameModesLevels/PlatformCrush/PC_PlatformCrush.uexp" 3137
"C:/Users/Admin/Desktop/MainProject/Mutants/Content/GameModesLevels/PlatformCrush/GM_PlatformCrush.uasset" 3138
"C:/Users/Admin/Desktop/MainProject/Mutants/Content/GameModesLevels/PlatformCrush/GM_PlatformCrush.uexp" 3139
"C:/Users/Admin/Desktop/MainProject/Mutants/Content/ThirdPerson/Maps/LevelObjects/Blueprints/BPI_PlatformCrush.uasset" 3140
"C:/Users/Admin/Desktop/MainProject/Mutants/Content/ThirdPerson/Maps/LevelObjects/Blueprints/BPI_PlatformCrush.uexp" 3141
"C:/Users/Admin/Desktop/MainProject/Mutants/Content/GameModesLevels/PlatformCrush/Materials/M_Platform.uasset" 3142
"C:/Users/Admin/Desktop/MainProject/Mutants/Content/GameModesLevels/PlatformCrush/Materials/M_Platform.uexp" 3143
"C:/Users/Admin/Desktop/MainProject/Mutants/Content/GameModesLevels/PlatformCrush/Objects/Platform.ubulk" 3144
"C:/Users/Admin/Desktop/MainProject/Mutants/Content/GameModesLevels/PlatformCrush/Objects/Platform.uasset" 3145
"C:/Users/Admin/Desktop/MainProject/Mutants/Content/GameModesLevels/PlatformCrush/Objects/Platform.uexp" 3146
"C:/Users/Admin/Desktop/MainProject/Mutants/Content/GameModesLevels/PlatformCrush/Objects/BP_Tile.uasset" 3147
"C:/Users/Admin/Desktop/MainProject/Mutants/Content/GameModesLevels/PlatformCrush/Objects/BP_Tile.uexp" 3148
"C:/Users/Admin/Desktop/MainProject/Mutants/Content/GameModesLevels/PlatformCrush/Objects/BP_PlatformCrushBlock.uasset" 3149
"C:/Users/Admin/Desktop/MainProject/Mutants/Content/GameModesLevels/PlatformCrush/Objects/BP_PlatformCrushBlock.uexp" 3150
"C:/Users/Admin/Desktop/MainProject/Mutants/Content/GameModesLevels/PlatformCrush/PlatformCrushLevel.uexp" 3151
"C:/Users/Admin/Desktop/MainProject/Mutants/Content/GameModesLevels/PlatformCrush/PlatformCrushLevel.umap" 3152
"C:/Users/Admin/Desktop/MainProject/Mutants/Content/GameModesLevels/MusicLevel/Glass.uasset" 3153
"C:/Users/Admin/Desktop/MainProject/Mutants/Content/GameModesLevels/MusicLevel/Glass.uexp" 3154
"../../../Engine/Plugins/Interchange/Assets/Content/gltf/MaterialInstances/MI_Unlit_Opaque_DS.uasset" 3155
"../../../Engine/Plugins/Interchange/Assets/Content/gltf/MaterialInstances/MI_Unlit_Opaque_DS.uexp" 3156
"C:/Users/Admin/Desktop/MainProject/Mutants/Content/GameModesLevels/PotionChaos/Meshes/Frog/ORBEmissive.uasset" 3157
"C:/Users/Admin/Desktop/MainProject/Mutants/Content/GameModesLevels/PotionChaos/Meshes/Frog/ORBEmissive.uexp" 3158
"C:/Users/Admin/Desktop/MainProject/Mutants/Content/GameModesLevels/PotionChaos/Meshes/Frog/ponder_frog_creach_texture_0.ubulk" 3159
"C:/Users/Admin/Desktop/MainProject/Mutants/Content/GameModesLevels/PotionChaos/Meshes/Frog/ponder_frog_creach_texture_0.uasset" 3160
"C:/Users/Admin/Desktop/MainProject/Mutants/Content/GameModesLevels/PotionChaos/Meshes/Frog/ponder_frog_creach_texture_0.uexp" 3161
"C:/Users/Admin/Desktop/MainProject/Mutants/Content/GameModesLevels/PotionChaos/Meshes/Frog/BallFrogSkin.uasset" 3162
"C:/Users/Admin/Desktop/MainProject/Mutants/Content/GameModesLevels/PotionChaos/Meshes/Frog/BallFrogSkin.uexp" 3163
"C:/Users/Admin/Desktop/MainProject/Mutants/Content/GameModesLevels/PotionChaos/Meshes/Frog/ponder_frog_creach_texture_1.ubulk" 3164
"C:/Users/Admin/Desktop/MainProject/Mutants/Content/GameModesLevels/PotionChaos/Meshes/Frog/ponder_frog_creach_texture_1.uasset" 3165
"C:/Users/Admin/Desktop/MainProject/Mutants/Content/GameModesLevels/PotionChaos/Meshes/Frog/ponder_frog_creach_texture_1.uexp" 3166
"C:/Users/Admin/Desktop/MainProject/Mutants/Content/GameModesLevels/PotionChaos/Meshes/Frog/BallFrogEyes.uasset" 3167
"C:/Users/Admin/Desktop/MainProject/Mutants/Content/GameModesLevels/PotionChaos/Meshes/Frog/BallFrogEyes.uexp" 3168
"C:/Users/Admin/Desktop/MainProject/Mutants/Content/GameModesLevels/PotionChaos/Meshes/Frog/ponder_frog_creach.ubulk" 3169
"C:/Users/Admin/Desktop/MainProject/Mutants/Content/GameModesLevels/PotionChaos/Meshes/Frog/ponder_frog_creach.uasset" 3170
"C:/Users/Admin/Desktop/MainProject/Mutants/Content/GameModesLevels/PotionChaos/Meshes/Frog/ponder_frog_creach.uexp" 3171
"C:/Users/Admin/Desktop/MainProject/Mutants/Content/GameModesLevels/PotionChaos/IngredientsIcons/AnimalLegBone.ubulk" 3172
"C:/Users/Admin/Desktop/MainProject/Mutants/Content/GameModesLevels/PotionChaos/IngredientsIcons/AnimalLegBone.uasset" 3173
"C:/Users/Admin/Desktop/MainProject/Mutants/Content/GameModesLevels/PotionChaos/IngredientsIcons/AnimalLegBone.uexp" 3174
"../../../Engine/Plugins/Interchange/Assets/Content/gltf/MaterialInstances/MI_Default_Opaque_DS.uasset" 3175
"../../../Engine/Plugins/Interchange/Assets/Content/gltf/MaterialInstances/MI_Default_Opaque_DS.uexp" 3176
"C:/Users/Admin/Desktop/MainProject/Mutants/Content/GameModesLevels/PotionChaos/Meshes/Mushroom/Material.uasset" 3177
"C:/Users/Admin/Desktop/MainProject/Mutants/Content/GameModesLevels/PotionChaos/Meshes/Mushroom/Material.uexp" 3178
"C:/Users/Admin/Desktop/MainProject/Mutants/Content/GameModesLevels/PotionChaos/Meshes/Mushroom/Cylinder__0.uasset" 3179
"C:/Users/Admin/Desktop/MainProject/Mutants/Content/GameModesLevels/PotionChaos/Meshes/Mushroom/Cylinder__0.uexp" 3180
"C:/Users/Admin/Desktop/MainProject/Mutants/Content/GameModesLevels/PotionChaos/Meshes/Mushroom/mushroom.ubulk" 3181
"C:/Users/Admin/Desktop/MainProject/Mutants/Content/GameModesLevels/PotionChaos/Meshes/Mushroom/mushroom.uasset" 3182
"C:/Users/Admin/Desktop/MainProject/Mutants/Content/GameModesLevels/PotionChaos/Meshes/Mushroom/mushroom.uexp" 3183
"C:/Users/Admin/Desktop/MainProject/Mutants/Content/MainMenu/Icons/SandTimer.ubulk" 3184
"C:/Users/Admin/Desktop/MainProject/Mutants/Content/MainMenu/Icons/SandTimer.uasset" 3185
"C:/Users/Admin/Desktop/MainProject/Mutants/Content/MainMenu/Icons/SandTimer.uexp" 3186
"C:/Users/Admin/Desktop/MainProject/Mutants/Content/MainMenu/Icons/crosshair.uasset" 3187
"C:/Users/Admin/Desktop/MainProject/Mutants/Content/MainMenu/Icons/crosshair.uexp" 3188
"C:/Users/Admin/Desktop/MainProject/Mutants/Content/GameModesLevels/PotionChaos/Widgets/BP_RecipeWidget.uasset" 3189
"C:/Users/Admin/Desktop/MainProject/Mutants/Content/GameModesLevels/PotionChaos/Widgets/BP_RecipeWidget.uexp" 3190
"../../../Engine/Plugins/Fab/Content/Textures/Standard/T_DefaultDisplacement.uasset" 3191
"../../../Engine/Plugins/Fab/Content/Textures/Standard/T_DefaultDisplacement.uexp" 3192
"../../../Engine/Plugins/Fab/Content/MaterialFunctions/QMF_BaseColorAdjustments.uasset" 3193
"../../../Engine/Plugins/Fab/Content/MaterialFunctions/QMF_BaseColorAdjustments.uexp" 3194
"../../../Engine/Plugins/Fab/Content/Textures/Standard/T_DefaultNormal.uasset" 3195
"../../../Engine/Plugins/Fab/Content/Textures/Standard/T_DefaultNormal.uexp" 3196
"../../../Engine/Plugins/Fab/Content/Textures/Standard/T_DefaultMasks.uasset" 3197
"../../../Engine/Plugins/Fab/Content/Textures/Standard/T_DefaultMasks.uexp" 3198
"../../../Engine/Plugins/Fab/Content/MaterialFunctions/QMF_RoughnessAdjustments.uasset" 3199
"../../../Engine/Plugins/Fab/Content/MaterialFunctions/QMF_RoughnessAdjustments.uexp" 3200
"../../../Engine/Plugins/Fab/Content/MaterialFunctions/QMF_NormalAdjustments.uasset" 3201
"../../../Engine/Plugins/Fab/Content/MaterialFunctions/QMF_NormalAdjustments.uexp" 3202
"../../../Engine/Plugins/Fab/Content/MaterialFunctions/QMF_AOAdjustments.uasset" 3203
"../../../Engine/Plugins/Fab/Content/MaterialFunctions/QMF_AOAdjustments.uexp" 3204
"../../../Engine/Plugins/Fab/Content/Textures/Standard/T_DefaultColor.uasset" 3205
"../../../Engine/Plugins/Fab/Content/Textures/Standard/T_DefaultColor.uexp" 3206
"../../../Engine/Plugins/Fab/Content/Materials/Standard/M_MS_Base.uasset" 3207
"../../../Engine/Plugins/Fab/Content/Materials/Standard/M_MS_Base.uexp" 3208
"C:/Users/Admin/Desktop/MainProject/Mutants/Content/GameModesLevels/PotionChaos/Meshes/AnimalLegBone/T_vd5jei1aa_1K_N.ubulk" 3209
"C:/Users/Admin/Desktop/MainProject/Mutants/Content/GameModesLevels/PotionChaos/Meshes/AnimalLegBone/T_vd5jei1aa_1K_N.uasset" 3210
"C:/Users/Admin/Desktop/MainProject/Mutants/Content/GameModesLevels/PotionChaos/Meshes/AnimalLegBone/T_vd5jei1aa_1K_N.uexp" 3211
"C:/Users/Admin/Desktop/MainProject/Mutants/Content/GameModesLevels/PotionChaos/Meshes/AnimalLegBone/T_vd5jei1aa_1K_ORM.ubulk" 3212
"C:/Users/Admin/Desktop/MainProject/Mutants/Content/GameModesLevels/PotionChaos/Meshes/AnimalLegBone/T_vd5jei1aa_1K_ORM.uasset" 3213
"C:/Users/Admin/Desktop/MainProject/Mutants/Content/GameModesLevels/PotionChaos/Meshes/AnimalLegBone/T_vd5jei1aa_1K_ORM.uexp" 3214
"C:/Users/Admin/Desktop/MainProject/Mutants/Content/GameModesLevels/PotionChaos/Meshes/AnimalLegBone/T_vd5jei1aa_1K_B.ubulk" 3215
"C:/Users/Admin/Desktop/MainProject/Mutants/Content/GameModesLevels/PotionChaos/Meshes/AnimalLegBone/T_vd5jei1aa_1K_B.uasset" 3216
"C:/Users/Admin/Desktop/MainProject/Mutants/Content/GameModesLevels/PotionChaos/Meshes/AnimalLegBone/T_vd5jei1aa_1K_B.uexp" 3217
"C:/Users/Admin/Desktop/MainProject/Mutants/Content/GameModesLevels/PotionChaos/Meshes/AnimalLegBone/MI_vd5jei1aa.uasset" 3218
"C:/Users/Admin/Desktop/MainProject/Mutants/Content/GameModesLevels/PotionChaos/Meshes/AnimalLegBone/MI_vd5jei1aa.uexp" 3219
"C:/Users/Admin/Desktop/MainProject/Mutants/Content/GameModesLevels/PotionChaos/Meshes/AnimalLegBone/vd5jei1aa_tier_3.ubulk" 3220
"C:/Users/Admin/Desktop/MainProject/Mutants/Content/GameModesLevels/PotionChaos/Meshes/AnimalLegBone/vd5jei1aa_tier_3.uasset" 3221
"C:/Users/Admin/Desktop/MainProject/Mutants/Content/GameModesLevels/PotionChaos/Meshes/AnimalLegBone/vd5jei1aa_tier_3.uexp" 3222
"C:/Users/Admin/Desktop/MainProject/Mutants/Content/GameModesLevels/PotionChaos/IngredientsIcons/Mushroom.ubulk" 3223
"C:/Users/Admin/Desktop/MainProject/Mutants/Content/GameModesLevels/PotionChaos/IngredientsIcons/Mushroom.uasset" 3224
"C:/Users/Admin/Desktop/MainProject/Mutants/Content/GameModesLevels/PotionChaos/IngredientsIcons/Mushroom.uexp" 3225
"C:/Users/Admin/Desktop/MainProject/Mutants/Content/GameModesLevels/PotionChaos/BP_IngredientStruct.uasset" 3226
"C:/Users/Admin/Desktop/MainProject/Mutants/Content/GameModesLevels/PotionChaos/BP_IngredientStruct.uexp" 3227
"C:/Users/Admin/Desktop/MainProject/Mutants/Content/GameModesLevels/PotionChaos/IngredientsIcons/Bug.ubulk" 3228
"C:/Users/Admin/Desktop/MainProject/Mutants/Content/GameModesLevels/PotionChaos/IngredientsIcons/Bug.uasset" 3229
"C:/Users/Admin/Desktop/MainProject/Mutants/Content/GameModesLevels/PotionChaos/IngredientsIcons/Bug.uexp" 3230
"C:/Users/Admin/Desktop/MainProject/Mutants/Content/GameModesLevels/PotionChaos/IngredientsIcons/Monkey.ubulk" 3231
"C:/Users/Admin/Desktop/MainProject/Mutants/Content/GameModesLevels/PotionChaos/IngredientsIcons/Monkey.uasset" 3232
"C:/Users/Admin/Desktop/MainProject/Mutants/Content/GameModesLevels/PotionChaos/IngredientsIcons/Monkey.uexp" 3233
"C:/Users/Admin/Desktop/MainProject/Mutants/Content/GameModesLevels/PotionChaos/IngredientsIcons/Frog.ubulk" 3234
"C:/Users/Admin/Desktop/MainProject/Mutants/Content/GameModesLevels/PotionChaos/IngredientsIcons/Frog.uasset" 3235
"C:/Users/Admin/Desktop/MainProject/Mutants/Content/GameModesLevels/PotionChaos/IngredientsIcons/Frog.uexp" 3236
"C:/Users/Admin/Desktop/MainProject/Mutants/Content/GameModesLevels/PotionChaos/Meshes/HumanSkull/skull_texture_0.ubulk" 3237
"C:/Users/Admin/Desktop/MainProject/Mutants/Content/GameModesLevels/PotionChaos/Meshes/HumanSkull/skull_texture_0.uasset" 3238
"C:/Users/Admin/Desktop/MainProject/Mutants/Content/GameModesLevels/PotionChaos/Meshes/HumanSkull/skull_texture_0.uexp" 3239
"C:/Users/Admin/Desktop/MainProject/Mutants/Content/GameModesLevels/PotionChaos/Meshes/HumanSkull/skull_texture_1.ubulk" 3240
"C:/Users/Admin/Desktop/MainProject/Mutants/Content/GameModesLevels/PotionChaos/Meshes/HumanSkull/skull_texture_1.uasset" 3241
"C:/Users/Admin/Desktop/MainProject/Mutants/Content/GameModesLevels/PotionChaos/Meshes/HumanSkull/skull_texture_1.uexp" 3242
"C:/Users/Admin/Desktop/MainProject/Mutants/Content/GameModesLevels/PotionChaos/Meshes/HumanSkull/skull_texture_2.ubulk" 3243
"C:/Users/Admin/Desktop/MainProject/Mutants/Content/GameModesLevels/PotionChaos/Meshes/HumanSkull/skull_texture_2.uasset" 3244
"C:/Users/Admin/Desktop/MainProject/Mutants/Content/GameModesLevels/PotionChaos/Meshes/HumanSkull/skull_texture_2.uexp" 3245
"C:/Users/Admin/Desktop/MainProject/Mutants/Content/GameModesLevels/PotionChaos/Meshes/HumanSkull/Default_OBJ_002.uasset" 3246
"C:/Users/Admin/Desktop/MainProject/Mutants/Content/GameModesLevels/PotionChaos/Meshes/HumanSkull/Default_OBJ_002.uexp" 3247
"C:/Users/Admin/Desktop/MainProject/Mutants/Content/GameModesLevels/PotionChaos/Meshes/HumanSkull/skull.ubulk" 3248
"C:/Users/Admin/Desktop/MainProject/Mutants/Content/GameModesLevels/PotionChaos/Meshes/HumanSkull/skull.uasset" 3249
"C:/Users/Admin/Desktop/MainProject/Mutants/Content/GameModesLevels/PotionChaos/Meshes/HumanSkull/skull.uexp" 3250
"C:/Users/Admin/Desktop/MainProject/Mutants/Content/GameModesLevels/PotionChaos/Meshes/Bug/ladybug_texture_0.ubulk" 3251
"C:/Users/Admin/Desktop/MainProject/Mutants/Content/GameModesLevels/PotionChaos/Meshes/Bug/ladybug_texture_0.uasset" 3252
"C:/Users/Admin/Desktop/MainProject/Mutants/Content/GameModesLevels/PotionChaos/Meshes/Bug/ladybug_texture_0.uexp" 3253
"C:/Users/Admin/Desktop/MainProject/Mutants/Content/GameModesLevels/PotionChaos/Meshes/Bug/ladybug_texture_1.ubulk" 3254
"C:/Users/Admin/Desktop/MainProject/Mutants/Content/GameModesLevels/PotionChaos/Meshes/Bug/ladybug_texture_1.uasset" 3255
"C:/Users/Admin/Desktop/MainProject/Mutants/Content/GameModesLevels/PotionChaos/Meshes/Bug/ladybug_texture_1.uexp" 3256
"C:/Users/Admin/Desktop/MainProject/Mutants/Content/GameModesLevels/PotionChaos/Meshes/Bug/ladybug_texture_2.ubulk" 3257
"C:/Users/Admin/Desktop/MainProject/Mutants/Content/GameModesLevels/PotionChaos/Meshes/Bug/ladybug_texture_2.uasset" 3258
"C:/Users/Admin/Desktop/MainProject/Mutants/Content/GameModesLevels/PotionChaos/Meshes/Bug/ladybug_texture_2.uexp" 3259
"C:/Users/Admin/Desktop/MainProject/Mutants/Content/GameModesLevels/PotionChaos/Meshes/Bug/underbelly.uasset" 3260
"C:/Users/Admin/Desktop/MainProject/Mutants/Content/GameModesLevels/PotionChaos/Meshes/Bug/underbelly.uexp" 3261
"C:/Users/Admin/Desktop/MainProject/Mutants/Content/GameModesLevels/PotionChaos/Meshes/Bug/ladybug.ubulk" 3262
"C:/Users/Admin/Desktop/MainProject/Mutants/Content/GameModesLevels/PotionChaos/Meshes/Bug/ladybug.uasset" 3263
"C:/Users/Admin/Desktop/MainProject/Mutants/Content/GameModesLevels/PotionChaos/Meshes/Bug/ladybug.uexp" 3264
"C:/Users/Admin/Desktop/MainProject/Mutants/Content/GameModesLevels/PotionChaos/Meshes/Monkey/Material_005.uasset" 3265
"C:/Users/Admin/Desktop/MainProject/Mutants/Content/GameModesLevels/PotionChaos/Meshes/Monkey/Material_005.uexp" 3266
"C:/Users/Admin/Desktop/MainProject/Mutants/Content/GameModesLevels/PotionChaos/Meshes/Monkey/Material_009.uasset" 3267
"C:/Users/Admin/Desktop/MainProject/Mutants/Content/GameModesLevels/PotionChaos/Meshes/Monkey/Material_009.uexp" 3268
"C:/Users/Admin/Desktop/MainProject/Mutants/Content/GameModesLevels/PotionChaos/Meshes/Monkey/Material_004.uasset" 3269
"C:/Users/Admin/Desktop/MainProject/Mutants/Content/GameModesLevels/PotionChaos/Meshes/Monkey/Material_004.uexp" 3270
"C:/Users/Admin/Desktop/MainProject/Mutants/Content/GameModesLevels/PotionChaos/Meshes/Monkey/brown.uasset" 3271
"C:/Users/Admin/Desktop/MainProject/Mutants/Content/GameModesLevels/PotionChaos/Meshes/Monkey/brown.uexp" 3272
"C:/Users/Admin/Desktop/MainProject/Mutants/Content/GameModesLevels/PotionChaos/Meshes/Monkey/Material_007.uasset" 3273
"C:/Users/Admin/Desktop/MainProject/Mutants/Content/GameModesLevels/PotionChaos/Meshes/Monkey/Material_007.uexp" 3274
"C:/Users/Admin/Desktop/MainProject/Mutants/Content/GameModesLevels/PotionChaos/Meshes/Monkey/Material_010.uasset" 3275
"C:/Users/Admin/Desktop/MainProject/Mutants/Content/GameModesLevels/PotionChaos/Meshes/Monkey/Material_010.uexp" 3276
"C:/Users/Admin/Desktop/MainProject/Mutants/Content/GameModesLevels/PotionChaos/Meshes/Monkey/Material_008.uasset" 3277
"C:/Users/Admin/Desktop/MainProject/Mutants/Content/GameModesLevels/PotionChaos/Meshes/Monkey/Material_008.uexp" 3278
"C:/Users/Admin/Desktop/MainProject/Mutants/Content/GameModesLevels/PotionChaos/Meshes/Monkey/monkey.ubulk" 3279
"C:/Users/Admin/Desktop/MainProject/Mutants/Content/GameModesLevels/PotionChaos/Meshes/Monkey/monkey.uasset" 3280
"C:/Users/Admin/Desktop/MainProject/Mutants/Content/GameModesLevels/PotionChaos/Meshes/Monkey/monkey.uexp" 3281
"C:/Users/Admin/Desktop/MainProject/Mutants/Content/GameModesLevels/PotionChaos/IngredientsIcons/HumanSkull.ubulk" 3282
"C:/Users/Admin/Desktop/MainProject/Mutants/Content/GameModesLevels/PotionChaos/IngredientsIcons/HumanSkull.uasset" 3283
"C:/Users/Admin/Desktop/MainProject/Mutants/Content/GameModesLevels/PotionChaos/IngredientsIcons/HumanSkull.uexp" 3284
"C:/Users/Admin/Desktop/MainProject/Mutants/Content/GameModesLevels/PotionChaos/Meshes/BP_Ingredient.uasset" 3285
"C:/Users/Admin/Desktop/MainProject/Mutants/Content/GameModesLevels/PotionChaos/Meshes/BP_Ingredient.uexp" 3286
"C:/Users/Admin/Desktop/MainProject/Mutants/Content/GameModesLevels/PotionChaos/BP_RecipeStruct.uasset" 3287
"C:/Users/Admin/Desktop/MainProject/Mutants/Content/GameModesLevels/PotionChaos/BP_RecipeStruct.uexp" 3288
"C:/Users/Admin/Desktop/MainProject/Mutants/Content/GameModesLevels/PotionChaos/PC_Potion.uasset" 3289
"C:/Users/Admin/Desktop/MainProject/Mutants/Content/GameModesLevels/PotionChaos/PC_Potion.uexp" 3290
"C:/Users/Admin/Desktop/MainProject/Mutants/Content/GameModesLevels/PotionChaos/BP_PotionCharacter.uasset" 3291
"C:/Users/Admin/Desktop/MainProject/Mutants/Content/GameModesLevels/PotionChaos/BP_PotionCharacter.uexp" 3292
"C:/Users/Admin/Desktop/MainProject/Mutants/Content/GameModesLevels/PotionChaos/GM_Potion.uasset" 3293
"C:/Users/Admin/Desktop/MainProject/Mutants/Content/GameModesLevels/PotionChaos/GM_Potion.uexp" 3294
"C:/Users/Admin/Desktop/MainProject/Mutants/Content/Stylized_NatureLite_JC/Textures/T_Tree_01_Base.ubulk" 3295
"C:/Users/Admin/Desktop/MainProject/Mutants/Content/Stylized_NatureLite_JC/Textures/T_Tree_01_Base.uasset" 3296
"C:/Users/Admin/Desktop/MainProject/Mutants/Content/Stylized_NatureLite_JC/Textures/T_Tree_01_Base.uexp" 3297
"C:/Users/Admin/Desktop/MainProject/Mutants/Content/Stylized_NatureLite_JC/Textures/T_Tree_01_Normal.ubulk" 3298
"C:/Users/Admin/Desktop/MainProject/Mutants/Content/Stylized_NatureLite_JC/Textures/T_Tree_01_Normal.uasset" 3299
"C:/Users/Admin/Desktop/MainProject/Mutants/Content/Stylized_NatureLite_JC/Textures/T_Tree_01_Normal.uexp" 3300
"C:/Users/Admin/Desktop/MainProject/Mutants/Content/Stylized_NatureLite_JC/Materials/MasterMaterials/M_StylizedNatureLite_Tree_01.uasset" 3301
"C:/Users/Admin/Desktop/MainProject/Mutants/Content/Stylized_NatureLite_JC/Materials/MasterMaterials/M_StylizedNatureLite_Tree_01.uexp" 3302
"C:/Users/Admin/Desktop/MainProject/Mutants/Content/Stylized_NatureLite_JC/Textures/T_TreeAlpha_01.ubulk" 3303
"C:/Users/Admin/Desktop/MainProject/Mutants/Content/Stylized_NatureLite_JC/Textures/T_TreeAlpha_01.uasset" 3304
"C:/Users/Admin/Desktop/MainProject/Mutants/Content/Stylized_NatureLite_JC/Textures/T_TreeAlpha_01.uexp" 3305
"C:/Users/Admin/Desktop/MainProject/Mutants/Content/Stylized_NatureLite_JC/Materials/MasterMaterials/M_StylizedNatureLite_Tree_02.uasset" 3306
"C:/Users/Admin/Desktop/MainProject/Mutants/Content/Stylized_NatureLite_JC/Materials/MasterMaterials/M_StylizedNatureLite_Tree_02.uexp" 3307
"C:/Users/Admin/Desktop/MainProject/Mutants/Content/Stylized_NatureLite_JC/Materials/MI_StylizedNatureLite_Tree.uasset" 3308
"C:/Users/Admin/Desktop/MainProject/Mutants/Content/Stylized_NatureLite_JC/Materials/MI_StylizedNatureLite_Tree.uexp" 3309
"C:/Users/Admin/Desktop/MainProject/Mutants/Content/Stylized_NatureLite_JC/Models/SM_Tree_01.ubulk" 3310
"C:/Users/Admin/Desktop/MainProject/Mutants/Content/Stylized_NatureLite_JC/Models/SM_Tree_01.uasset" 3311
"C:/Users/Admin/Desktop/MainProject/Mutants/Content/Stylized_NatureLite_JC/Models/SM_Tree_01.uexp" 3312
"C:/Users/Admin/Desktop/MainProject/Mutants/Content/LevelPrototyping/Textures/T_GridChecker_A.ubulk" 3313
"C:/Users/Admin/Desktop/MainProject/Mutants/Content/LevelPrototyping/Textures/T_GridChecker_A.uasset" 3314
"C:/Users/Admin/Desktop/MainProject/Mutants/Content/LevelPrototyping/Textures/T_GridChecker_A.uexp" 3315
"../../../Engine/Content/Functions/Engine_MaterialFunctions01/Gradient/LinearGradient.uasset" 3316
"../../../Engine/Content/Functions/Engine_MaterialFunctions01/Gradient/LinearGradient.uexp" 3317
"../../../Engine/Content/Functions/Engine_MaterialFunctions01/ImageAdjustment/CheapContrast.uasset" 3318
"../../../Engine/Content/Functions/Engine_MaterialFunctions01/ImageAdjustment/CheapContrast.uexp" 3319
"C:/Users/Admin/Desktop/MainProject/Mutants/Content/LevelPrototyping/Materials/MF_ProcGrid.uasset" 3320
"C:/Users/Admin/Desktop/MainProject/Mutants/Content/LevelPrototyping/Materials/MF_ProcGrid.uexp" 3321
"C:/Users/Admin/Desktop/MainProject/Mutants/Content/LevelPrototyping/Materials/M_PrototypeGrid.uasset" 3322
"C:/Users/Admin/Desktop/MainProject/Mutants/Content/LevelPrototyping/Materials/M_PrototypeGrid.uexp" 3323
"C:/Users/Admin/Desktop/MainProject/Mutants/Content/LevelPrototyping/Materials/MI_PrototypeGrid_Gray.uasset" 3324
"C:/Users/Admin/Desktop/MainProject/Mutants/Content/LevelPrototyping/Materials/MI_PrototypeGrid_Gray.uexp" 3325
"C:/Users/Admin/Desktop/MainProject/Mutants/Content/LevelPrototyping/Meshes/SM_Cylinder.ubulk" 3326
"C:/Users/Admin/Desktop/MainProject/Mutants/Content/LevelPrototyping/Meshes/SM_Cylinder.uasset" 3327
"C:/Users/Admin/Desktop/MainProject/Mutants/Content/LevelPrototyping/Meshes/SM_Cylinder.uexp" 3328
"../../../Engine/Content/EngineSky/T_Sky_Stars.ubulk" 3329
"../../../Engine/Content/EngineSky/T_Sky_Stars.uasset" 3330
"../../../Engine/Content/EngineSky/T_Sky_Stars.uexp" 3331
"../../../Engine/Content/EngineSky/T_Sky_Clouds_M.ubulk" 3332
"../../../Engine/Content/EngineSky/T_Sky_Clouds_M.uasset" 3333
"../../../Engine/Content/EngineSky/T_Sky_Clouds_M.uexp" 3334
"../../../Engine/Content/EngineSky/T_Sky_Blue.ubulk" 3335
"../../../Engine/Content/EngineSky/T_Sky_Blue.uasset" 3336
"../../../Engine/Content/EngineSky/T_Sky_Blue.uexp" 3337
"../../../Engine/Content/EngineSky/M_Sky_Panning_Clouds2.uasset" 3338
"../../../Engine/Content/EngineSky/M_Sky_Panning_Clouds2.uexp" 3339
"../../../Engine/Content/EngineSky/SM_SkySphere.ubulk" 3340
"../../../Engine/Content/EngineSky/SM_SkySphere.uasset" 3341
"../../../Engine/Content/EngineSky/SM_SkySphere.uexp" 3342
"C:/Users/Admin/Desktop/MainProject/Mutants/Content/Stylized_NatureLite_JC/Textures/T_Landscape_GrassMask.ubulk" 3343
"C:/Users/Admin/Desktop/MainProject/Mutants/Content/Stylized_NatureLite_JC/Textures/T_Landscape_GrassMask.uasset" 3344
"C:/Users/Admin/Desktop/MainProject/Mutants/Content/Stylized_NatureLite_JC/Textures/T_Landscape_GrassMask.uexp" 3345
"C:/Users/Admin/Desktop/MainProject/Mutants/Content/Stylized_NatureLite_JC/Materials/MasterMaterials/M_StylizedNatureLite_Terrain.uasset" 3346
"C:/Users/Admin/Desktop/MainProject/Mutants/Content/Stylized_NatureLite_JC/Materials/MasterMaterials/M_StylizedNatureLite_Terrain.uexp" 3347
"C:/Users/Admin/Desktop/MainProject/Mutants/Content/Stylized_NatureLite_JC/Materials/MI_StylizedNatureLite_Terrain.uasset" 3348
"C:/Users/Admin/Desktop/MainProject/Mutants/Content/Stylized_NatureLite_JC/Materials/MI_StylizedNatureLite_Terrain.uexp" 3349
"C:/Users/Admin/Desktop/MainProject/Mutants/Content/StarterContent/Textures/T_Wood_Walnut_N.ubulk" 3350
"C:/Users/Admin/Desktop/MainProject/Mutants/Content/StarterContent/Textures/T_Wood_Walnut_N.uasset" 3351
"C:/Users/Admin/Desktop/MainProject/Mutants/Content/StarterContent/Textures/T_Wood_Walnut_N.uexp" 3352
"C:/Users/Admin/Desktop/MainProject/Mutants/Content/StarterContent/Textures/T_Wood_Walnut_D.ubulk" 3353
"C:/Users/Admin/Desktop/MainProject/Mutants/Content/StarterContent/Textures/T_Wood_Walnut_D.uasset" 3354
"C:/Users/Admin/Desktop/MainProject/Mutants/Content/StarterContent/Textures/T_Wood_Walnut_D.uexp" 3355
"C:/Users/Admin/Desktop/MainProject/Mutants/Content/StarterContent/Materials/M_Wood_Walnut.uasset" 3356
"C:/Users/Admin/Desktop/MainProject/Mutants/Content/StarterContent/Materials/M_Wood_Walnut.uexp" 3357
"C:/Users/Admin/Desktop/MainProject/Mutants/Content/LevelPrototyping/Meshes/SM_Cube.ubulk" 3358
"C:/Users/Admin/Desktop/MainProject/Mutants/Content/LevelPrototyping/Meshes/SM_Cube.uasset" 3359
"C:/Users/Admin/Desktop/MainProject/Mutants/Content/LevelPrototyping/Meshes/SM_Cube.uexp" 3360
"C:/Users/Admin/Desktop/MainProject/Mutants/Content/GameModesLevels/PotionChaos/Cauldron/cauldron_texture_0.ubulk" 3361
"C:/Users/Admin/Desktop/MainProject/Mutants/Content/GameModesLevels/PotionChaos/Cauldron/cauldron_texture_0.uasset" 3362
"C:/Users/Admin/Desktop/MainProject/Mutants/Content/GameModesLevels/PotionChaos/Cauldron/cauldron_texture_0.uexp" 3363
"C:/Users/Admin/Desktop/MainProject/Mutants/Content/GameModesLevels/PotionChaos/Cauldron/cauldron_texture_1.ubulk" 3364
"C:/Users/Admin/Desktop/MainProject/Mutants/Content/GameModesLevels/PotionChaos/Cauldron/cauldron_texture_1.uasset" 3365
"C:/Users/Admin/Desktop/MainProject/Mutants/Content/GameModesLevels/PotionChaos/Cauldron/cauldron_texture_1.uexp" 3366
"C:/Users/Admin/Desktop/MainProject/Mutants/Content/GameModesLevels/PotionChaos/Cauldron/cauldron_texture_2.ubulk" 3367
"C:/Users/Admin/Desktop/MainProject/Mutants/Content/GameModesLevels/PotionChaos/Cauldron/cauldron_texture_2.uasset" 3368
"C:/Users/Admin/Desktop/MainProject/Mutants/Content/GameModesLevels/PotionChaos/Cauldron/cauldron_texture_2.uexp" 3369
"C:/Users/Admin/Desktop/MainProject/Mutants/Content/GameModesLevels/PotionChaos/Cauldron/Rusty_Metal_tj4kedvcw.uasset" 3370
"C:/Users/Admin/Desktop/MainProject/Mutants/Content/GameModesLevels/PotionChaos/Cauldron/Rusty_Metal_tj4kedvcw.uexp" 3371
"C:/Users/Admin/Desktop/MainProject/Mutants/Content/GameModesLevels/PotionChaos/Cauldron/cauldron_texture_3.ubulk" 3372
"C:/Users/Admin/Desktop/MainProject/Mutants/Content/GameModesLevels/PotionChaos/Cauldron/cauldron_texture_3.uasset" 3373
"C:/Users/Admin/Desktop/MainProject/Mutants/Content/GameModesLevels/PotionChaos/Cauldron/cauldron_texture_3.uexp" 3374
"C:/Users/Admin/Desktop/MainProject/Mutants/Content/GameModesLevels/PotionChaos/Cauldron/cauldron_texture_4.ubulk" 3375
"C:/Users/Admin/Desktop/MainProject/Mutants/Content/GameModesLevels/PotionChaos/Cauldron/cauldron_texture_4.uasset" 3376
"C:/Users/Admin/Desktop/MainProject/Mutants/Content/GameModesLevels/PotionChaos/Cauldron/cauldron_texture_4.uexp" 3377
"C:/Users/Admin/Desktop/MainProject/Mutants/Content/GameModesLevels/PotionChaos/Cauldron/cauldron_texture_5.ubulk" 3378
"C:/Users/Admin/Desktop/MainProject/Mutants/Content/GameModesLevels/PotionChaos/Cauldron/cauldron_texture_5.uasset" 3379
"C:/Users/Admin/Desktop/MainProject/Mutants/Content/GameModesLevels/PotionChaos/Cauldron/cauldron_texture_5.uexp" 3380
"C:/Users/Admin/Desktop/MainProject/Mutants/Content/GameModesLevels/PotionChaos/Cauldron/Old_Rotten_vlzhfekn.uasset" 3381
"C:/Users/Admin/Desktop/MainProject/Mutants/Content/GameModesLevels/PotionChaos/Cauldron/Old_Rotten_vlzhfekn.uexp" 3382
"C:/Users/Admin/Desktop/MainProject/Mutants/Content/GameModesLevels/PotionChaos/Cauldron/Material_001.uasset" 3383
"C:/Users/Admin/Desktop/MainProject/Mutants/Content/GameModesLevels/PotionChaos/Cauldron/Material_001.uexp" 3384
"C:/Users/Admin/Desktop/MainProject/Mutants/Content/GameModesLevels/PotionChaos/Cauldron/cauldron.ubulk" 3385
"C:/Users/Admin/Desktop/MainProject/Mutants/Content/GameModesLevels/PotionChaos/Cauldron/cauldron.uasset" 3386
"C:/Users/Admin/Desktop/MainProject/Mutants/Content/GameModesLevels/PotionChaos/Cauldron/cauldron.uexp" 3387
"C:/Users/Admin/Desktop/MainProject/Mutants/Content/GameModesLevels/PotionChaos/Meshes/BP_Cauldron.uasset" 3388
"C:/Users/Admin/Desktop/MainProject/Mutants/Content/GameModesLevels/PotionChaos/Meshes/BP_Cauldron.uexp" 3389
"C:/Users/Admin/Desktop/MainProject/Mutants/Content/Stylized_NatureLite_JC/Materials/MasterMaterials/M_StylizedNatureLite_Rock.uasset" 3390
"C:/Users/Admin/Desktop/MainProject/Mutants/Content/Stylized_NatureLite_JC/Materials/MasterMaterials/M_StylizedNatureLite_Rock.uexp" 3391
"C:/Users/Admin/Desktop/MainProject/Mutants/Content/Stylized_NatureLite_JC/Models/SM_Rock_01.ubulk" 3392
"C:/Users/Admin/Desktop/MainProject/Mutants/Content/Stylized_NatureLite_JC/Models/SM_Rock_01.uasset" 3393
"C:/Users/Admin/Desktop/MainProject/Mutants/Content/Stylized_NatureLite_JC/Models/SM_Rock_01.uexp" 3394
"C:/Users/Admin/Desktop/MainProject/Mutants/Content/StarterContent/Textures/T_Wood_Oak_N.ubulk" 3395
"C:/Users/Admin/Desktop/MainProject/Mutants/Content/StarterContent/Textures/T_Wood_Oak_N.uasset" 3396
"C:/Users/Admin/Desktop/MainProject/Mutants/Content/StarterContent/Textures/T_Wood_Oak_N.uexp" 3397
"C:/Users/Admin/Desktop/MainProject/Mutants/Content/StarterContent/Textures/T_Wood_Oak_D.ubulk" 3398
"C:/Users/Admin/Desktop/MainProject/Mutants/Content/StarterContent/Textures/T_Wood_Oak_D.uasset" 3399
"C:/Users/Admin/Desktop/MainProject/Mutants/Content/StarterContent/Textures/T_Wood_Oak_D.uexp" 3400
"C:/Users/Admin/Desktop/MainProject/Mutants/Content/StarterContent/Materials/M_Wood_Oak.uasset" 3401
"C:/Users/Admin/Desktop/MainProject/Mutants/Content/StarterContent/Materials/M_Wood_Oak.uexp" 3402
"../../../Engine/Plugins/PCG/Content/BP_Elements/Deprecated/ScaleByDensity.uasset" 3403
"../../../Engine/Plugins/PCG/Content/BP_Elements/Deprecated/ScaleByDensity.uexp" 3404
"C:/Users/Admin/Desktop/MainProject/Mutants/Content/GameModesLevels/PotionChaos/PCG/PCGGraph.uasset" 3405
"C:/Users/Admin/Desktop/MainProject/Mutants/Content/GameModesLevels/PotionChaos/PCG/PCGGraph.uexp" 3406
"C:/Users/Admin/Desktop/MainProject/Mutants/Content/GameModesLevels/PotionChaos/BP_Spawner.uasset" 3407
"C:/Users/Admin/Desktop/MainProject/Mutants/Content/GameModesLevels/PotionChaos/BP_Spawner.uexp" 3408
"../../../Engine/Content/EngineSky/M_SimpleSkyDome.uasset" 3409
"../../../Engine/Content/EngineSky/M_SimpleSkyDome.uexp" 3410
"C:/Users/Admin/Desktop/MainProject/Mutants/Content/GameModesLevels/PotionChaos/PotionChaosLevel.uexp" 3411
"C:/Users/Admin/Desktop/MainProject/Mutants/Content/GameModesLevels/PotionChaos/PotionChaosLevel.ubulk" 3412
"C:/Users/Admin/Desktop/MainProject/Mutants/Content/GameModesLevels/PotionChaos/PotionChaosLevel.umap" 3413
"C:/Users/Admin/Desktop/MainProject/Mutants/Content/Lobby/Icons/BoomPass.ubulk" 3414
"C:/Users/Admin/Desktop/MainProject/Mutants/Content/Lobby/Icons/BoomPass.uasset" 3415
"C:/Users/Admin/Desktop/MainProject/Mutants/Content/Lobby/Icons/BoomPass.uexp" 3416
"C:/Users/Admin/Desktop/MainProject/Mutants/Content/Lobby/Icons/SoundTile.ubulk" 3417
"C:/Users/Admin/Desktop/MainProject/Mutants/Content/Lobby/Icons/SoundTile.uasset" 3418
"C:/Users/Admin/Desktop/MainProject/Mutants/Content/Lobby/Icons/SoundTile.uexp" 3419
"C:/Users/Admin/Desktop/MainProject/Mutants/Content/Lobby/Icons/BalanceLog.ubulk" 3420
"C:/Users/Admin/Desktop/MainProject/Mutants/Content/Lobby/Icons/BalanceLog.uasset" 3421
"C:/Users/Admin/Desktop/MainProject/Mutants/Content/Lobby/Icons/BalanceLog.uexp" 3422
"C:/Users/Admin/Desktop/MainProject/Mutants/Content/Lobby/Icons/PlatformCrush.ubulk" 3423
"C:/Users/Admin/Desktop/MainProject/Mutants/Content/Lobby/Icons/PlatformCrush.uasset" 3424
"C:/Users/Admin/Desktop/MainProject/Mutants/Content/Lobby/Icons/PlatformCrush.uexp" 3425
"C:/Users/Admin/Desktop/MainProject/Mutants/Content/Lobby/Icons/LobbyImage.uasset" 3426
"C:/Users/Admin/Desktop/MainProject/Mutants/Content/Lobby/Icons/LobbyImage.uexp" 3427
"C:/Users/Admin/Desktop/MainProject/Mutants/Content/MainMenu/Icons/CloseButton.uasset" 3428
"C:/Users/Admin/Desktop/MainProject/Mutants/Content/MainMenu/Icons/CloseButton.uexp" 3429
"C:/Users/Admin/Desktop/MainProject/Mutants/Content/Lobby/Icons/PotionOfChaos.ubulk" 3430
"C:/Users/Admin/Desktop/MainProject/Mutants/Content/Lobby/Icons/PotionOfChaos.uasset" 3431
"C:/Users/Admin/Desktop/MainProject/Mutants/Content/Lobby/Icons/PotionOfChaos.uexp" 3432
"C:/Users/Admin/Desktop/MainProject/Mutants/Content/Lobby/Widgets/BP_LobbyWidget.uasset" 3433
"C:/Users/Admin/Desktop/MainProject/Mutants/Content/Lobby/Widgets/BP_LobbyWidget.uexp" 3434
"C:/Users/Admin/Desktop/MainProject/Mutants/Content/Lobby/LobbyLevel.uexp" 3435
"C:/Users/Admin/Desktop/MainProject/Mutants/Content/Lobby/LobbyLevel.umap" 3436
"../../../Engine/Content/MapTemplates/SM_Template_Map_Floor.ubulk" 3437
"../../../Engine/Content/MapTemplates/SM_Template_Map_Floor.uasset" 3438
"../../../Engine/Content/MapTemplates/SM_Template_Map_Floor.uexp" 3439
"C:/Users/Admin/Desktop/MainProject/Mutants/Content/MainMenu/BP_MenuGameMode.uasset" 3440
"C:/Users/Admin/Desktop/MainProject/Mutants/Content/MainMenu/BP_MenuGameMode.uexp" 3441
"C:/Users/Admin/Desktop/MainProject/Mutants/Content/MainMenu/Icons/JoinSessionButton.uasset" 3442
"C:/Users/Admin/Desktop/MainProject/Mutants/Content/MainMenu/Icons/JoinSessionButton.uexp" 3443
"C:/Users/Admin/Desktop/MainProject/Mutants/Content/MainMenu/Shop/BP_ItemPreview.uasset" 3444
"C:/Users/Admin/Desktop/MainProject/Mutants/Content/MainMenu/Shop/BP_ItemPreview.uexp" 3445
"C:/Users/Admin/Desktop/MainProject/Mutants/Content/MainMenu/Shop/BP_ItemPreviewActor.uasset" 3446
"C:/Users/Admin/Desktop/MainProject/Mutants/Content/MainMenu/Shop/BP_ItemPreviewActor.uexp" 3447
"C:/Users/Admin/Desktop/MainProject/Mutants/Content/MainMenu/Icons/Background1.ubulk" 3448
"C:/Users/Admin/Desktop/MainProject/Mutants/Content/MainMenu/Icons/Background1.uasset" 3449
"C:/Users/Admin/Desktop/MainProject/Mutants/Content/MainMenu/Icons/Background1.uexp" 3450
"C:/Users/Admin/Desktop/MainProject/Mutants/Content/MainMenu/Icons/open.uasset" 3451
"C:/Users/Admin/Desktop/MainProject/Mutants/Content/MainMenu/Icons/open.uexp" 3452
"C:/Users/Admin/Desktop/MainProject/Mutants/Content/MainMenu/Icons/ExitButton.uasset" 3453
"C:/Users/Admin/Desktop/MainProject/Mutants/Content/MainMenu/Icons/ExitButton.uexp" 3454
"C:/Users/Admin/Desktop/MainProject/Mutants/Content/MainMenu/Icons/Start.uasset" 3455
"C:/Users/Admin/Desktop/MainProject/Mutants/Content/MainMenu/Icons/Start.uexp" 3456
"C:/Users/Admin/Desktop/MainProject/Mutants/Content/MainMenu/Icons/Background.ubulk" 3457
"C:/Users/Admin/Desktop/MainProject/Mutants/Content/MainMenu/Icons/Background.uasset" 3458
"C:/Users/Admin/Desktop/MainProject/Mutants/Content/MainMenu/Icons/Background.uexp" 3459
"C:/Users/Admin/Desktop/MainProject/Mutants/Content/MainMenu/Shop/RenderMaterial.uasset" 3460
"C:/Users/Admin/Desktop/MainProject/Mutants/Content/MainMenu/Shop/RenderMaterial.uexp" 3461
"C:/Users/Admin/Desktop/MainProject/Mutants/Content/MainMenu/Shop/BP_ItemWidget.uasset" 3462
"C:/Users/Admin/Desktop/MainProject/Mutants/Content/MainMenu/Shop/BP_ItemWidget.uexp" 3463
"C:/Users/Admin/Desktop/MainProject/Mutants/Content/MainMenu/Icons/PurchaseIcon.uasset" 3464
"C:/Users/Admin/Desktop/MainProject/Mutants/Content/MainMenu/Icons/PurchaseIcon.uexp" 3465
"C:/Users/Admin/Desktop/MainProject/Mutants/Content/MainMenu/Icons/ShopPicture.uasset" 3466
"C:/Users/Admin/Desktop/MainProject/Mutants/Content/MainMenu/Icons/ShopPicture.uexp" 3467
"C:/Users/Admin/Desktop/MainProject/Mutants/Content/MainMenu/Shop/BP_Shop.uasset" 3468
"C:/Users/Admin/Desktop/MainProject/Mutants/Content/MainMenu/Shop/BP_Shop.uexp" 3469
"C:/Users/Admin/Desktop/MainProject/Mutants/Content/MainMenu/Icons/JoinRandomSessionButton.uasset" 3470
"C:/Users/Admin/Desktop/MainProject/Mutants/Content/MainMenu/Icons/JoinRandomSessionButton.uexp" 3471
"C:/Users/Admin/Desktop/MainProject/Mutants/Content/MainMenu/Icons/EnterButton.uasset" 3472
"C:/Users/Admin/Desktop/MainProject/Mutants/Content/MainMenu/Icons/EnterButton.uexp" 3473
"C:/Users/Admin/Desktop/MainProject/Mutants/Content/MainMenu/Icons/private.uasset" 3474
"C:/Users/Admin/Desktop/MainProject/Mutants/Content/MainMenu/Icons/private.uexp" 3475
"C:/Users/Admin/Desktop/MainProject/Mutants/Content/MainMenu/Icons/Shop.uasset" 3476
"C:/Users/Admin/Desktop/MainProject/Mutants/Content/MainMenu/Icons/Shop.uexp" 3477
"C:/Users/Admin/Desktop/MainProject/Mutants/Content/MainMenu/Textures/Lock.ubulk" 3478
"C:/Users/Admin/Desktop/MainProject/Mutants/Content/MainMenu/Textures/Lock.uasset" 3479
"C:/Users/Admin/Desktop/MainProject/Mutants/Content/MainMenu/Textures/Lock.uexp" 3480
"C:/Users/Admin/Desktop/MainProject/Mutants/Content/MainMenu/Widgets/BP_SessionWidget.uasset" 3481
"C:/Users/Admin/Desktop/MainProject/Mutants/Content/MainMenu/Widgets/BP_SessionWidget.uexp" 3482
"C:/Users/Admin/Desktop/MainProject/Mutants/Content/MainMenu/Icons/ShowToUsMenu.uasset" 3483
"C:/Users/Admin/Desktop/MainProject/Mutants/Content/MainMenu/Icons/ShowToUsMenu.uexp" 3484
"C:/Users/Admin/Desktop/MainProject/Mutants/Content/MainMenu/Icons/CreateSessionButton.uasset" 3485
"C:/Users/Admin/Desktop/MainProject/Mutants/Content/MainMenu/Icons/CreateSessionButton.uexp" 3486
"C:/Users/Admin/Desktop/MainProject/Mutants/Content/MainMenu/Customize/BP_ItemInventory.uasset" 3487
"C:/Users/Admin/Desktop/MainProject/Mutants/Content/MainMenu/Customize/BP_ItemInventory.uexp" 3488
"C:/Users/Admin/Desktop/MainProject/Mutants/Content/MainMenu/Customize/CustomizeMaterial.uasset" 3489
"C:/Users/Admin/Desktop/MainProject/Mutants/Content/MainMenu/Customize/CustomizeMaterial.uexp" 3490
"C:/Users/Admin/Desktop/MainProject/Mutants/Content/MainMenu/Icons/Shkaf.uasset" 3491
"C:/Users/Admin/Desktop/MainProject/Mutants/Content/MainMenu/Icons/Shkaf.uexp" 3492
"C:/Users/Admin/Desktop/MainProject/Mutants/Content/MainMenu/Customize/BP_Customize.uasset" 3493
"C:/Users/Admin/Desktop/MainProject/Mutants/Content/MainMenu/Customize/BP_Customize.uexp" 3494
"C:/Users/Admin/Desktop/MainProject/Mutants/Content/MainMenu/Icons/JoinPrivateSession.uasset" 3495
"C:/Users/Admin/Desktop/MainProject/Mutants/Content/MainMenu/Icons/JoinPrivateSession.uexp" 3496
"C:/Users/Admin/Desktop/MainProject/Mutants/Content/MainMenu/Icons/Customize.uasset" 3497
"C:/Users/Admin/Desktop/MainProject/Mutants/Content/MainMenu/Icons/Customize.uexp" 3498
"C:/Users/Admin/Desktop/MainProject/Mutants/Content/MainMenu/Widgets/BP_MainMenuWidget.uasset" 3499
"C:/Users/Admin/Desktop/MainProject/Mutants/Content/MainMenu/Widgets/BP_MainMenuWidget.uexp" 3500
"C:/Users/Admin/Desktop/MainProject/Mutants/Content/MainMenu/Widgets/BP_LoginError.uasset" 3501
"C:/Users/Admin/Desktop/MainProject/Mutants/Content/MainMenu/Widgets/BP_LoginError.uexp" 3502
"C:/Users/Admin/Desktop/MainProject/Mutants/Content/MainMenu/MainMenu.uexp" 3503
"C:/Users/Admin/Desktop/MainProject/Mutants/Content/MainMenu/MainMenu.umap" 3504
"C:/Users/Admin/Desktop/MainProject/Mutants/Content/GameModesLevels/BoomPass/Materials/color_16741120.uasset" 3505
"C:/Users/Admin/Desktop/MainProject/Mutants/Content/GameModesLevels/BoomPass/Materials/color_16741120.uexp" 3506
"C:/Users/Admin/Desktop/MainProject/Mutants/Content/GameModesLevels/BoomPass/Meshes/Object_5.ubulk" 3507
"C:/Users/Admin/Desktop/MainProject/Mutants/Content/GameModesLevels/BoomPass/Meshes/Object_5.uasset" 3508
"C:/Users/Admin/Desktop/MainProject/Mutants/Content/GameModesLevels/BoomPass/Meshes/Object_5.uexp" 3509
"C:/Users/Admin/Desktop/MainProject/Mutants/Content/GameModesLevels/BoomPass/Materials/color_4523012.uasset" 3510
"C:/Users/Admin/Desktop/MainProject/Mutants/Content/GameModesLevels/BoomPass/Materials/color_4523012.uexp" 3511
"C:/Users/Admin/Desktop/MainProject/Mutants/Content/GameModesLevels/BoomPass/Meshes/Object_7.ubulk" 3512
"C:/Users/Admin/Desktop/MainProject/Mutants/Content/GameModesLevels/BoomPass/Meshes/Object_7.uasset" 3513
"C:/Users/Admin/Desktop/MainProject/Mutants/Content/GameModesLevels/BoomPass/Meshes/Object_7.uexp" 3514
"C:/Users/Admin/Desktop/MainProject/Mutants/Content/GameModesLevels/BoomPass/Blueprints/Floor.uasset" 3515
"C:/Users/Admin/Desktop/MainProject/Mutants/Content/GameModesLevels/BoomPass/Blueprints/Floor.uexp" 3516
"../../../Engine/Plugins/Interchange/Assets/Content/gltf/MaterialInstances/MI_ClearCoat_Opaque_DS.uasset" 3517
"../../../Engine/Plugins/Interchange/Assets/Content/gltf/MaterialInstances/MI_ClearCoat_Opaque_DS.uexp" 3518
"C:/Users/Admin/Desktop/MainProject/Mutants/Content/GameModesLevels/BoomPass/BombMesh/Material_001.uasset" 3519
"C:/Users/Admin/Desktop/MainProject/Mutants/Content/GameModesLevels/BoomPass/BombMesh/Material_001.uexp" 3520
"C:/Users/Admin/Desktop/MainProject/Mutants/Content/GameModesLevels/BoomPass/BombMesh/Material_003.uasset" 3521
"C:/Users/Admin/Desktop/MainProject/Mutants/Content/GameModesLevels/BoomPass/BombMesh/Material_003.uexp" 3522
"C:/Users/Admin/Desktop/MainProject/Mutants/Content/GameModesLevels/BoomPass/BombMesh/Material_002.uasset" 3523
"C:/Users/Admin/Desktop/MainProject/Mutants/Content/GameModesLevels/BoomPass/BombMesh/Material_002.uexp" 3524
"C:/Users/Admin/Desktop/MainProject/Mutants/Content/GameModesLevels/BoomPass/BombMesh/bomb.ubulk" 3525
"C:/Users/Admin/Desktop/MainProject/Mutants/Content/GameModesLevels/BoomPass/BombMesh/bomb.uasset" 3526
"C:/Users/Admin/Desktop/MainProject/Mutants/Content/GameModesLevels/BoomPass/BombMesh/bomb.uexp" 3527
"C:/Users/Admin/Desktop/MainProject/Mutants/Content/GameModesLevels/BoomPass/Blueprints/BP_BombActor.uasset" 3528
"C:/Users/Admin/Desktop/MainProject/Mutants/Content/GameModesLevels/BoomPass/Blueprints/BP_BombActor.uexp" 3529
"C:/Users/Admin/Desktop/MainProject/Mutants/Content/GameModesLevels/BoomPass/Blueprints/BP_BoomCharacter.uasset" 3530
"C:/Users/Admin/Desktop/MainProject/Mutants/Content/GameModesLevels/BoomPass/Blueprints/BP_BoomCharacter.uexp" 3531
"C:/Users/Admin/Desktop/MainProject/Mutants/Content/StarterContent/Audio/Explosion01.ubulk" 3532
"C:/Users/Admin/Desktop/MainProject/Mutants/Content/StarterContent/Audio/Explosion01.uasset" 3533
"C:/Users/Admin/Desktop/MainProject/Mutants/Content/StarterContent/Audio/Explosion01.uexp" 3534
"C:/Users/Admin/Desktop/MainProject/Mutants/Content/GameModesLevels/BoomPass/Icons/timericon.uasset" 3535
"C:/Users/Admin/Desktop/MainProject/Mutants/Content/GameModesLevels/BoomPass/Icons/timericon.uexp" 3536
"C:/Users/Admin/Desktop/MainProject/Mutants/Content/GameModesLevels/BoomPass/Widgets/BP_BoomPassWidget.uasset" 3537
"C:/Users/Admin/Desktop/MainProject/Mutants/Content/GameModesLevels/BoomPass/Widgets/BP_BoomPassWidget.uexp" 3538
"C:/Users/Admin/Desktop/MainProject/Mutants/Content/GameModesLevels/BoomPass/Blueprints/PC_BoomPass.uasset" 3539
"C:/Users/Admin/Desktop/MainProject/Mutants/Content/GameModesLevels/BoomPass/Blueprints/PC_BoomPass.uexp" 3540
"C:/Users/Admin/Desktop/MainProject/Mutants/Content/GameModesLevels/BoomPass/Blueprints/GM_BoomPass.uasset" 3541
"C:/Users/Admin/Desktop/MainProject/Mutants/Content/GameModesLevels/BoomPass/Blueprints/GM_BoomPass.uexp" 3542
"C:/Users/Admin/Desktop/MainProject/Mutants/Content/StarterContent/Textures/T_TableRound_N.ubulk" 3543
"C:/Users/Admin/Desktop/MainProject/Mutants/Content/StarterContent/Textures/T_TableRound_N.uasset" 3544
"C:/Users/Admin/Desktop/MainProject/Mutants/Content/StarterContent/Textures/T_TableRound_N.uexp" 3545
"C:/Users/Admin/Desktop/MainProject/Mutants/Content/StarterContent/Textures/T_TableRound_M.ubulk" 3546
"C:/Users/Admin/Desktop/MainProject/Mutants/Content/StarterContent/Textures/T_TableRound_M.uasset" 3547
"C:/Users/Admin/Desktop/MainProject/Mutants/Content/StarterContent/Textures/T_TableRound_M.uexp" 3548
"C:/Users/Admin/Desktop/MainProject/Mutants/Content/StarterContent/Props/Materials/M_TableRound.uasset" 3549
"C:/Users/Admin/Desktop/MainProject/Mutants/Content/StarterContent/Props/Materials/M_TableRound.uexp" 3550
"C:/Users/Admin/Desktop/MainProject/Mutants/Content/StarterContent/Props/SM_TableRound.ubulk" 3551
"C:/Users/Admin/Desktop/MainProject/Mutants/Content/StarterContent/Props/SM_TableRound.uasset" 3552
"C:/Users/Admin/Desktop/MainProject/Mutants/Content/StarterContent/Props/SM_TableRound.uexp" 3553
"C:/Users/Admin/Desktop/MainProject/Mutants/Content/LevelPrototyping/Meshes/SM_Ramp.ubulk" 3554
"C:/Users/Admin/Desktop/MainProject/Mutants/Content/LevelPrototyping/Meshes/SM_Ramp.uasset" 3555
"C:/Users/Admin/Desktop/MainProject/Mutants/Content/LevelPrototyping/Meshes/SM_Ramp.uexp" 3556
"C:/Users/Admin/Desktop/MainProject/Mutants/Content/GameModesLevels/BoomPass/Textures/asphalt_02_rough_2k.ubulk" 3557
"C:/Users/Admin/Desktop/MainProject/Mutants/Content/GameModesLevels/BoomPass/Textures/asphalt_02_rough_2k.uasset" 3558
"C:/Users/Admin/Desktop/MainProject/Mutants/Content/GameModesLevels/BoomPass/Textures/asphalt_02_rough_2k.uexp" 3559
"C:/Users/Admin/Desktop/MainProject/Mutants/Content/GameModesLevels/BoomPass/Textures/asphalt_02_nor_dx_2k.ubulk" 3560
"C:/Users/Admin/Desktop/MainProject/Mutants/Content/GameModesLevels/BoomPass/Textures/asphalt_02_nor_dx_2k.uasset" 3561
"C:/Users/Admin/Desktop/MainProject/Mutants/Content/GameModesLevels/BoomPass/Textures/asphalt_02_nor_dx_2k.uexp" 3562
"../../../Engine/Content/EngineMaterials/DefaultNormal_Uncompressed.ubulk" 3563
"../../../Engine/Content/EngineMaterials/DefaultNormal_Uncompressed.uasset" 3564
"../../../Engine/Content/EngineMaterials/DefaultNormal_Uncompressed.uexp" 3565
"../../../Engine/Content/Functions/Engine_MaterialFunctions02/WorldAlignedNormals_HighQuality.uasset" 3566
"../../../Engine/Content/Functions/Engine_MaterialFunctions02/WorldAlignedNormals_HighQuality.uexp" 3567
"../../../Engine/Content/Functions/Engine_MaterialFunctions01/Texturing/WorldAlignedNormal.uasset" 3568
"../../../Engine/Content/Functions/Engine_MaterialFunctions01/Texturing/WorldAlignedNormal.uexp" 3569
"C:/Users/Admin/Desktop/MainProject/Mutants/Content/GameModesLevels/BoomPass/Textures/asphalt_02_diff_2k.ubulk" 3570
"C:/Users/Admin/Desktop/MainProject/Mutants/Content/GameModesLevels/BoomPass/Textures/asphalt_02_diff_2k.uasset" 3571
"C:/Users/Admin/Desktop/MainProject/Mutants/Content/GameModesLevels/BoomPass/Textures/asphalt_02_diff_2k.uexp" 3572
"../../../Engine/Content/Functions/Engine_MaterialFunctions01/Texturing/WorldAlignedTexture.uasset" 3573
"../../../Engine/Content/Functions/Engine_MaterialFunctions01/Texturing/WorldAlignedTexture.uexp" 3574
"C:/Users/Admin/Desktop/MainProject/Mutants/Content/GameModesLevels/BoomPass/Materials/M_MossyBrick.uasset" 3575
"C:/Users/Admin/Desktop/MainProject/Mutants/Content/GameModesLevels/BoomPass/Materials/M_MossyBrick.uexp" 3576
"C:/Users/Admin/Desktop/MainProject/Mutants/Content/GameModesLevels/BoomPass/Materials/M_MossyBrick_Inst.uasset" 3577
"C:/Users/Admin/Desktop/MainProject/Mutants/Content/GameModesLevels/BoomPass/Materials/M_MossyBrick_Inst.uexp" 3578
"C:/Users/Admin/Desktop/MainProject/Mutants/Content/GameModesLevels/BoomPass/BoomPassLevel.uexp" 3579
"C:/Users/Admin/Desktop/MainProject/Mutants/Content/GameModesLevels/BoomPass/BoomPassLevel.umap" 3580
