"C:/Users/Admin/Desktop/MainProject/Mutants/Mutants.uproject" 1
"../../../Engine/Plugins/AudioGameplay/AudioGameplay.uplugin" 2
"../../../Engine/Plugins/AudioGameplayVolume/AudioGameplayVolume.uplugin" 3
"../../../Engine/Plugins/BlueprintFileUtils/BlueprintFileUtils.uplugin" 4
"../../../Engine/Plugins/ChaosCloth/ChaosCloth.uplugin" 5
"../../../Engine/Plugins/ChaosClothAssetEditor/ChaosClothAssetEditor.uplugin" 6
"../../../Engine/Plugins/AudioInsights/AudioInsights.uplugin" 7
"../../../Engine/Plugins/ChaosVD/ChaosVD.uplugin" 8
"../../../Engine/Plugins/Chooser/Chooser.uplugin" 9
"../../../Engine/Plugins/CmdLinkServer/CmdLinkServer.uplugin" 10
"../../../Engine/Plugins/ChaosClothAsset/ChaosClothAsset.uplugin" 11
"../../../Engine/Plugins/DiscoveryBeaconReceiver/DiscoveryBeaconReceiver.uplugin" 12
"../../../Engine/Plugins/EnhancedInput/EnhancedInput.uplugin" 13
"../../../Engine/Plugins/Fab/Fab.uplugin" 14
"../../../Engine/Plugins/JsonBlueprintUtilities/JsonBlueprintUtilities.uplugin" 15
"../../../Engine/Plugins/MemoryUsageQueries/MemoryUsageQueries.uplugin" 16
"../../../Engine/Plugins/LightWeightInstancesEditor/LightWeightInstancesEditor.uplugin" 17
"../../../Engine/Plugins/FastBuildController/FastBuildController.uplugin" 18
"../../../Engine/Plugins/PCG/PCG.uplugin" 19
"../../../Engine/Plugins/RenderGraphInsights/RenderGraphInsights.uplugin" 20
"../../../Engine/Plugins/MeshPainting/MeshPainting.uplugin" 21
"../../../Engine/Plugins/TraceUtilities/TraceUtilities.uplugin" 22
"../../../Engine/Plugins/UbaController/UbaController.uplugin" 23
"../../../Engine/Plugins/WorldMetrics/WorldMetrics.uplugin" 24
"../../../Engine/Plugins/ScriptPlugin/ScriptPlugin.uplugin" 25
"../../../Engine/Plugins/XGEController/XGEController.uplugin" 26
"../../../Engine/Plugins/Compositing/LensDistortion/LensDistortion.uplugin" 27
"../../../Engine/Plugins/Compositing/OpenColorIO/OpenColorIO.uplugin" 28
"../../../Engine/Plugins/Compositing/Composure/Composure.uplugin" 29
"../../../Engine/Plugins/Compositing/OpenCVLensDistortion/OpenCVLensDistortion.uplugin" 30
"../../../Engine/Plugins/Mutable/Mutable.uplugin" 31
"../../../Engine/Plugins/Experimental/AbilitySystemGameFeatureActions/AbilitySystemGameFeatureActions.uplugin" 32
"../../../Engine/Plugins/Experimental/ActorModifierCore/ActorModifierCore.uplugin" 33
"../../../Engine/Plugins/Experimental/AdvancedRenamer/AdvancedRenamer.uplugin" 34
"../../../Engine/Plugins/Experimental/ActorPalette/ActorPalette.uplugin" 35
"../../../Engine/Plugins/Experimental/AnimNextAnimGraph/AnimNextAnimGraph.uplugin" 36
"../../../Engine/Plugins/Experimental/AnimNext/AnimNext.uplugin" 37
"../../../Engine/Plugins/Experimental/AnimNextChooser/AnimNextChooser.uplugin" 38
"../../../Engine/Plugins/Experimental/AppleVision/AppleVision.uplugin" 39
"../../../Engine/Plugins/Experimental/AnimToTexture/AnimToTexture.uplugin" 40
"../../../Engine/Plugins/Experimental/AutomationUtils/AutomationUtils.uplugin" 41
"../../../Engine/Plugins/Experimental/Avalanche/Avalanche.uplugin" 42
"../../../Engine/Plugins/Experimental/AvalancheDisplayCluster/AvalancheDisplayCluster.uplugin" 43
"../../../Engine/Plugins/Experimental/BlueprintStats/BlueprintStats.uplugin" 44
"../../../Engine/Plugins/Experimental/AnimNextStateTree/AnimNextStateTree.uplugin" 45
"../../../Engine/Plugins/Experimental/BlueprintSnapNodes/BlueprintSnapNodes.uplugin" 46
"../../../Engine/Plugins/Experimental/BackChannel/BackChannel.uplugin" 47
"../../../Engine/Plugins/Experimental/Buoyancy/Buoyancy.uplugin" 48
"../../../Engine/Plugins/Experimental/ChaosCaching/ChaosCaching.uplugin" 49
"../../../Engine/Plugins/Experimental/ChaosCachingUSD/ChaosCachingUSD.uplugin" 50
"../../../Engine/Plugins/Experimental/ChaosClothEditor/ChaosClothEditor.uplugin" 51
"../../../Engine/Plugins/Experimental/ChaosModularVehicle/ChaosModularVehicle.uplugin" 52
"../../../Engine/Plugins/Experimental/ChaosEditor/ChaosEditor.uplugin" 53
"../../../Engine/Plugins/Experimental/ChaosModularVehicleExamples/ChaosModularVehicleExamples.uplugin" 54
"../../../Engine/Plugins/Experimental/ChaosSolverPlugin/ChaosSolverPlugin.uplugin" 55
"../../../Engine/Plugins/Experimental/ChaosNiagara/ChaosNiagara.uplugin" 56
"../../../Engine/Plugins/Experimental/ChaosFlesh/ChaosFlesh.uplugin" 57
"../../../Engine/Plugins/Experimental/CineCameraSceneCapture/CineCameraSceneCapture.uplugin" 58
"../../../Engine/Plugins/Experimental/CharacterAI/CharacterAI.uplugin" 59
"../../../Engine/Plugins/Experimental/ChaosVehiclesPlugin/ChaosVehiclesPlugin.uplugin" 60
"../../../Engine/Plugins/Experimental/ChaosUserDataPT/ChaosUserDataPT.uplugin" 61
"../../../Engine/Plugins/Experimental/CineCameraRigs/CineCameraRigs.uplugin" 62
"../../../Engine/Plugins/Experimental/CinematicPrestreaming/CinematicPrestreaming.uplugin" 63
"../../../Engine/Plugins/Experimental/CodeEditor/CodeEditor.uplugin" 64
"../../../Engine/Plugins/Experimental/ClonerEffector/ClonerEffector.uplugin" 65
"../../../Engine/Plugins/Experimental/ControlFlows/ControlFlows.uplugin" 66
"../../../Engine/Plugins/Experimental/ColorCorrectRegions/ColorCorrectRegions.uplugin" 67
"../../../Engine/Plugins/Experimental/CommonConversation/CommonConversation.uplugin" 68
"../../../Engine/Plugins/Experimental/CodeView/CodeView.uplugin" 69
"../../../Engine/Plugins/Experimental/Dataflow/Dataflow.uplugin" 70
"../../../Engine/Plugins/Experimental/DaySequence/DaySequence.uplugin" 71
"../../../Engine/Plugins/Experimental/DynamicMaterial/DynamicMaterial.uplugin" 72
"../../../Engine/Plugins/Experimental/CustomDetailsView/CustomDetailsView.uplugin" 73
"../../../Engine/Plugins/Experimental/DefaultInstallBundleManager/DefaultInstallBundleManager.uplugin" 74
"../../../Engine/Plugins/Experimental/EditorDataStorageFeatures/EditorDataStorageFeatures.uplugin" 75
"../../../Engine/Plugins/Experimental/EditorDataStorage/EditorDataStorage.uplugin" 76
"../../../Engine/Plugins/Experimental/EditorPerformance/EditorPerformance.uplugin" 77
"../../../Engine/Plugins/Experimental/EditorTelemetry/EditorTelemetry.uplugin" 78
"../../../Engine/Plugins/Experimental/FloatingProperties/FloatingProperties.uplugin" 79
"../../../Engine/Plugins/Experimental/FullBodyIK/FullBodyIK.uplugin" 80
"../../../Engine/Plugins/Experimental/FieldSystemPlugin/FieldSystemPlugin.uplugin" 81
"../../../Engine/Plugins/Experimental/Fracture/Fracture.uplugin" 82
"../../../Engine/Plugins/Experimental/GameInputWindows/GameInputWindows.uplugin" 83
"../../../Engine/Plugins/Experimental/GameplayBehaviors/GameplayBehaviors.uplugin" 84
"../../../Engine/Plugins/Experimental/GeometryCacheAbcFile/GeometryCacheAbcFile.uplugin" 85
"../../../Engine/Plugins/Experimental/Gauntlet/Gauntlet.uplugin" 86
"../../../Engine/Plugins/Experimental/GameplayTargetingSystem/TargetingSystem.uplugin" 87
"../../../Engine/Plugins/Experimental/GameplayGraph/GameplayGraph.uplugin" 88
"../../../Engine/Plugins/Experimental/GeometryMask/GeometryMask.uplugin" 89
"../../../Engine/Plugins/Experimental/GeometryFlow/GeometryFlow.uplugin" 90
"../../../Engine/Plugins/Experimental/GeometryCollectionPlugin/GeometryCollectionPlugin.uplugin" 91
"../../../Engine/Plugins/Experimental/GizmoEdMode/GizmoEdMode.uplugin" 92
"../../../Engine/Plugins/Experimental/GizmoFramework/GizmoFramework.uplugin" 93
"../../../Engine/Plugins/Experimental/GPULightmass/GPULightmass.uplugin" 94
"../../../Engine/Plugins/Experimental/HairStrandsMutable/HairStrandsMutable.uplugin" 95
"../../../Engine/Plugins/Experimental/HairCardGenerator/HairCardGenerator.uplugin" 96
"../../../Engine/Plugins/Experimental/ImagePlate/ImagePlate.uplugin" 97
"../../../Engine/Plugins/Experimental/JWT/JWT.uplugin" 98
"../../../Engine/Plugins/Experimental/HairModelingToolset/HairModelingToolset.uplugin" 99
"../../../Engine/Plugins/Experimental/Iris/Iris.uplugin" 100
"../../../Engine/Plugins/Experimental/ImageWidgets/ImageWidgets.uplugin" 101
"../../../Engine/Plugins/Experimental/InlineMaterialInstance/InlineMaterialInstance.uplugin" 102
"../../../Engine/Plugins/Experimental/ImpostorBaker/ImpostorBaker.uplugin" 103
"../../../Engine/Plugins/Experimental/InstanceDataObjectFixupTool/InstanceDataObjectFixupTool.uplugin" 104
"../../../Engine/Plugins/Experimental/Landmass/Landmass.uplugin" 105
"../../../Engine/Plugins/Experimental/LandscapePatch/LandscapePatch.uplugin" 106
"../../../Engine/Plugins/Experimental/LiveLinkFaceImporter/LiveLinkFaceImporter.uplugin" 107
"../../../Engine/Plugins/Experimental/LiveLinkControlRig/LiveLinkControlRig.uplugin" 108
"../../../Engine/Plugins/Experimental/MeshModelingToolsetExp/MeshModelingToolsetExp.uplugin" 109
"../../../Engine/Plugins/Experimental/LearningAgents/LearningAgents.uplugin" 110
"../../../Engine/Plugins/Experimental/MotorSimOutputMotoSynth/MotorSimOutputMotoSynth.uplugin" 111
"../../../Engine/Plugins/Experimental/LowLevelNetTrace/LowLevelNetTrace.uplugin" 112
"../../../Engine/Plugins/Experimental/LiveLinkOpenVR/LiveLinkOpenVR.uplugin" 113
"../../../Engine/Plugins/Experimental/LocalizableMessage/LocalizableMessage.uplugin" 114
"../../../Engine/Plugins/Experimental/Mover/Mover.uplugin" 115
"../../../Engine/Plugins/Experimental/MotoSynth/MotoSynth.uplugin" 116
"../../../Engine/Plugins/Experimental/MoverExamples/MoverExamples.uplugin" 117
"../../../Engine/Plugins/Experimental/MutablePopulation/MutablePopulation.uplugin" 118
"../../../Engine/Plugins/Experimental/MoverTests/MoverTests.uplugin" 119
"../../../Engine/Plugins/Experimental/NeuralRendering/NeuralRendering.uplugin" 120
"../../../Engine/Plugins/Experimental/NNERuntimeIREE/NNERuntimeIREE.uplugin" 121
"../../../Engine/Plugins/Experimental/NFORDenoise/NFORDenoise.uplugin" 122
"../../../Engine/Plugins/Experimental/NNERuntimeBasicCpu/NNERuntimeBasicCpu.uplugin" 123
"../../../Engine/Plugins/Experimental/NaniteDisplacedMesh/NaniteDisplacedMesh.uplugin" 124
"../../../Engine/Plugins/Experimental/NNERuntimeRDG/NNERuntimeRDG.uplugin" 125
"../../../Engine/Plugins/Experimental/OpenImageDenoise/OpenImageDenoise.uplugin" 126
"../../../Engine/Plugins/Experimental/OptiXDenoise/OptiXDenoise.uplugin" 127
"../../../Engine/Plugins/Experimental/PCGBiomeSample/PCGBiomeSample.uplugin" 128
"../../../Engine/Plugins/Experimental/PCGBiomeCore/PCGBiomeCore.uplugin" 129
"../../../Engine/Plugins/Experimental/PhysicsControl/PhysicsControl.uplugin" 130
"../../../Engine/Plugins/Experimental/OperatorStack/OperatorStack.uplugin" 131
"../../../Engine/Plugins/Experimental/PixelStreamingPlayer/PixelStreamingPlayer.uplugin" 132
"../../../Engine/Plugins/Experimental/PanoramicCapture/PanoramicCapture.uplugin" 133
"../../../Engine/Plugins/Experimental/PluginAudit/PluginAudit.uplugin" 134
"../../../Engine/Plugins/Experimental/PlanarCutPlugin/PlanarCut.uplugin" 135
"../../../Engine/Plugins/Experimental/PlainProps/PlainProps.uplugin" 136
"../../../Engine/Plugins/Experimental/PluginReferenceViewer/PluginReferenceViewer.uplugin" 137
"../../../Engine/Plugins/Experimental/PlatformCrypto/PlatformCrypto.uplugin" 138
"../../../Engine/Plugins/Experimental/PluginTemplateTool/PluginTemplateTool.uplugin" 139
"../../../Engine/Plugins/Experimental/PropertyAnimator/PropertyAnimator.uplugin" 140
"../../../Engine/Plugins/Experimental/PropertyAnimatorCore/PropertyAnimatorCore.uplugin" 141
"../../../Engine/Plugins/Experimental/PostProcessMaterialChainGraph/PostProcessMaterialChainGraph.uplugin" 142
"../../../Engine/Plugins/Experimental/PythonScriptPlugin/PythonScriptPlugin.uplugin" 143
"../../../Engine/Plugins/Experimental/RawInput/RawInput.uplugin" 144
"../../../Engine/Plugins/Experimental/PythonFoundationPackages/PythonFoundationPackages.uplugin" 145
"../../../Engine/Plugins/Experimental/QuicMessaging/QuicMessaging.uplugin" 146
"../../../Engine/Plugins/Experimental/RemoteControlComponents/RemoteControlComponents.uplugin" 147
"../../../Engine/Plugins/Experimental/RazerChromaDevices/RazerChromaDevices.uplugin" 148
"../../../Engine/Plugins/Experimental/RenderGrid/RenderGrid.uplugin" 149
"../../../Engine/Plugins/Experimental/RemoteSession/RemoteSession.uplugin" 150
"../../../Engine/Plugins/Experimental/RigLogicAnimNext/RigLogicAnimNext.uplugin" 151
"../../../Engine/Plugins/Experimental/RigLogicMutable/RigLogicMutable.uplugin" 152
"../../../Engine/Plugins/Experimental/SecuritySandbox/SecuritySandbox.uplugin" 153
"../../../Engine/Plugins/Experimental/SerializationUtils/SerializationUtils.uplugin" 154
"../../../Engine/Plugins/Experimental/SkeletalReduction/SkeletalReduction.uplugin" 155
"../../../Engine/Plugins/Experimental/ScreenReader/ScreenReader.uplugin" 156
"../../../Engine/Plugins/Experimental/Shotgrid/Shotgrid.uplugin" 157
"../../../Engine/Plugins/Experimental/SlateScreenReader/SlateScreenReader.uplugin" 158
"../../../Engine/Plugins/Experimental/StateGraph/StateGraph.uplugin" 159
"../../../Engine/Plugins/Experimental/SimpleHMD/SimpleHMD.uplugin" 160
"../../../Engine/Plugins/Experimental/SlateModelViewViewModel/SlateModelViewViewModel.uplugin" 161
"../../../Engine/Plugins/Experimental/StormSync/StormSync.uplugin" 162
"../../../Engine/Plugins/Experimental/StormSyncAvalancheBridge/StormSyncAvalancheBridge.uplugin" 163
"../../../Engine/Plugins/Experimental/StudioTelemetry/StudioTelemetry.uplugin" 164
"../../../Engine/Plugins/Experimental/TargetDeviceServicesScripting/TargetDeviceServicesScripting.uplugin" 165
"../../../Engine/Plugins/Experimental/TetMeshing/TetMeshing.uplugin" 166
"../../../Engine/Plugins/Experimental/SVGImporter/SVGImporter.uplugin" 167
"../../../Engine/Plugins/Experimental/Text3D/Text3D.uplugin" 168
"../../../Engine/Plugins/Experimental/TextToSpeech/TextToSpeech.uplugin" 169
"../../../Engine/Plugins/Experimental/StructUtils/StructUtils.uplugin" 170
"../../../Engine/Plugins/Experimental/TextureMediaPlayer/TextureMediaPlayer.uplugin" 171
"../../../Engine/Plugins/Experimental/SurfaceEffects/SurfaceEffects.uplugin" 172
"../../../Engine/Plugins/Experimental/UserToolBoxBasicCommand/UserToolBoxBasicCommand.uplugin" 173
"../../../Engine/Plugins/Experimental/UserToolBoxCore/UserToolBoxCore.uplugin" 174
"../../../Engine/Plugins/Experimental/UIFramework/UIFramework.uplugin" 175
"../../../Engine/Plugins/Experimental/VirtualHeightfieldMesh/VirtualHeightfieldMesh.uplugin" 176
"../../../Engine/Plugins/Experimental/Volumetrics/Volumetrics.uplugin" 177
"../../../Engine/Plugins/Experimental/WaterAdvanced/WaterAdvanced.uplugin" 178
"../../../Engine/Plugins/Experimental/VirtualProductionUtilities/VirtualProductionUtilities.uplugin" 179
"../../../Engine/Plugins/Experimental/WaveFunctionCollapse/WaveFunctionCollapse.uplugin" 180
"../../../Engine/Plugins/Experimental/Water/Water.uplugin" 181
"../../../Engine/Plugins/Experimental/ToolPresets/ToolPresets.uplugin" 182
"../../../Engine/Plugins/Experimental/WaterExtras/WaterExtras.uplugin" 183
"../../../Engine/Plugins/Experimental/WebSocketMessaging/WebSocketMessaging.uplugin" 184
"../../../Engine/Plugins/Marketplace/SteamCor77fed6fa6641V9/SteamCorePro.uplugin" 185
"../../../Engine/Plugins/Experimental/WebSocketNetworking/WebSocketNetworking.uplugin" 186
"../../../Engine/Plugins/Experimental/XRCreativeFramework/XRCreativeFramework.uplugin" 187
"../../../Engine/Plugins/Experimental/Workspace/Workspace.uplugin" 188
"../../../Engine/Plugins/MovieScene/ActorSequence/ActorSequence.uplugin" 189
"../../../Engine/Plugins/MovieScene/CustomizableSequencerTracks/CustomizableSequencerTracks.uplugin" 190
"../../../Engine/Plugins/MovieScene/MovieRenderPipeline/MovieRenderPipeline.uplugin" 191
"../../../Engine/Plugins/MovieScene/MovieSceneTextTrack/MovieSceneTextTrack.uplugin" 192
"../../../Engine/Plugins/MovieScene/MoviePipelineMaskRenderPass/MoviePipelineMaskRenderPass.uplugin" 193
"../../../Engine/Plugins/MovieScene/TemplateSequence/TemplateSequence.uplugin" 194
"../../../Engine/Plugins/NNE/NNEDenoiser/NNEDenoiser.uplugin" 195
"../../../Engine/Plugins/MovieScene/ReplayTracks/ReplayTracks.uplugin" 196
"../../../Engine/Plugins/NNE/NNERuntimeORT/NNERuntimeORT.uplugin" 197
"../../../Engine/Plugins/MovieScene/LevelSequenceEditor/LevelSequenceEditor.uplugin" 198
"../../../Engine/Plugins/Performance/PerformanceMonitor/PerformanceMonitor.uplugin" 199
"../../../Engine/Plugins/Protocols/MQTT/MQTT.uplugin" 200
"../../../Engine/Plugins/Tests/AutomationDriverTests/AutomationDriverTests.uplugin" 201
"../../../Engine/Plugins/Performance/AutomatedPerfTesting/AutomatedPerfTesting.uplugin" 202
"../../../Engine/Plugins/Experimental/TextureGraph/TextureGraph.uplugin" 203
"../../../Engine/Plugins/Tests/EditorTests/EditorTests.uplugin" 204
"../../../Engine/Plugins/Tests/CQTestEnhancedInput/CQTestEnhancedInput.uplugin" 205
"../../../Engine/Plugins/Experimental/WidgetEditorToolPalette/WidgetEditorToolPalette.uplugin" 206
"../../../Engine/Plugins/Tests/RHITests/RHITests.uplugin" 207
"../../../Engine/Plugins/Tests/FunctionalTestingEditor/FunctionalTestingEditor.uplugin" 208
"../../../Engine/Plugins/Tests/CQTest/CQTest.uplugin" 209
"../../../Engine/Plugins/Tests/InterchangeTests/InterchangeTests.uplugin" 210
"../../../Engine/Plugins/Tests/RuntimeTests/RuntimeTests.uplugin" 211
"../../../Engine/Plugins/Tests/TestSamples/TestSamples.uplugin" 212
"../../../Engine/Plugins/Tests/TestFramework/TestFramework.uplugin" 213
"../../../Engine/Plugins/Tests/WidgetAutomationTests/WidgetAutomationTests.uplugin" 214
"../../../Engine/Plugins/Tests/FbxAutomationTestBuilder/FbxAutomationTestBuilder.uplugin" 215
"../../../Engine/Plugins/VirtualProduction/CaptureData/CaptureData.uplugin" 216
"../../../Engine/Plugins/Tests/PythonAutomationTest/PythonAutomationTest.uplugin" 217
"../../../Engine/Plugins/VirtualProduction/CameraCalibrationML/CameraCalibrationML.uplugin" 218
"../../../Engine/Plugins/VirtualProduction/CameraCalibrationCore/CameraCalibrationCore.uplugin" 219
"../../../Engine/Plugins/VirtualProduction/ICVFXTesting/ICVFXTesting.uplugin" 220
"../../../Engine/Plugins/VirtualProduction/CameraCalibration/CameraCalibration.uplugin" 221
"../../../Engine/Plugins/VirtualProduction/ICVFX/ICVFX.uplugin" 222
"../../../Engine/Plugins/VirtualProduction/LevelSnapshots/LevelSnapshots.uplugin" 223
"../../../Engine/Plugins/VirtualProduction/CompositePlane/CompositePlane.uplugin" 224
"../../../Engine/Plugins/VirtualProduction/EpicStageApp/EpicStageApp.uplugin" 225
"../../../Engine/Plugins/MovieScene/SequencerScripting/SequencerScripting.uplugin" 226
"../../../Engine/Plugins/VirtualProduction/LiveLinkCamera/LiveLinkCamera.uplugin" 227
"../../../Engine/Plugins/VirtualProduction/LiveLinkFreeD/LiveLinkFreeD.uplugin" 228
"../../../Engine/Plugins/VirtualProduction/LiveLinkLens/LiveLinkLens.uplugin" 229
"../../../Engine/Plugins/VirtualProduction/LensComponent/LensComponent.uplugin" 230
"../../../Engine/Plugins/VirtualProduction/LiveLinkXR/LiveLinkXR.uplugin" 231
"../../../Engine/Plugins/VirtualProduction/RemoteControl/RemoteControl.uplugin" 232
"../../../Engine/Plugins/VirtualProduction/RemoteControlInterception/RemoteControlInterception.uplugin" 233
"../../../Engine/Plugins/VirtualProduction/MultiUserTakes/MultiUserTakes.uplugin" 234
"../../../Engine/Plugins/VirtualProduction/LiveLinkInputDevice/LiveLinkInputDevice.uplugin" 235
"../../../Engine/Plugins/VirtualProduction/LiveLinkPrestonMDR/LiveLinkPrestonMDR.uplugin" 236
"../../../Engine/Plugins/VirtualProduction/DataCharts/DataCharts.uplugin" 237
"../../../Engine/Plugins/VirtualProduction/LiveLinkVRPN/LiveLinkVRPN.uplugin" 238
"../../../Engine/Plugins/VirtualProduction/RemoteControlProtocolMIDI/RemoteControlProtocolMIDI.uplugin" 239
"../../../Engine/Plugins/VirtualProduction/RemoteControlProtocolDMX/RemoteControlProtocolDMX.uplugin" 240
"../../../Engine/Plugins/VirtualProduction/RemoteControlWebInterface/RemoteControlWebInterface.uplugin" 241
"../../../Engine/Plugins/VirtualProduction/RemoteControlProtocolOSC/RemoteControlProtocolOSC.uplugin" 242
"../../../Engine/Plugins/VirtualProduction/TimedDataMonitor/TimedDataMonitor.uplugin" 243
"../../../Engine/Plugins/VirtualProduction/StageMonitoring/StageMonitoring.uplugin" 244
"../../../Engine/Plugins/VirtualProduction/VirtualCameraCore/VirtualCameraCore.uplugin" 245
"../../../Engine/Plugins/VirtualProduction/Switchboard/Switchboard.uplugin" 246
"../../../Engine/Plugins/Importers/AlembicHairImporter/AlembicHairImporter.uplugin" 247
"../../../Engine/Plugins/VirtualProduction/SequencerPlaylists/SequencerPlaylists.uplugin" 248
"../../../Engine/Plugins/VirtualProduction/TextureShare/TextureShare.uplugin" 249
"../../../Engine/Plugins/VirtualProduction/Takes/Takes.uplugin" 250
"../../../Engine/Plugins/Importers/AlembicImporter/AlembicImporter.uplugin" 251
"../../../Engine/Plugins/Importers/USDMultiUser/USDMultiUser.uplugin" 252
"../../../Engine/Plugins/VirtualProduction/VirtualCamera/VirtualCamera.uplugin" 253
"../../../Engine/Plugins/VirtualProduction/LiveLinkMasterLockit/LiveLinkMasterLockit.uplugin" 254
"../../../Engine/Plugins/Online/EOSOverlayInputProvider/EOSOverlayInputProvider.uplugin" 255
"../../../Engine/Plugins/VirtualProduction/VirtualScouting/VirtualScouting.uplugin" 256
"../../../Engine/Plugins/Online/EOSShared/EOSShared.uplugin" 257
"../../../Engine/Plugins/Importers/USDImporter/USDImporter.uplugin" 258
"../../../Engine/Plugins/Online/OnlineServicesEOS/OnlineServicesEOS.uplugin" 259
"../../../Engine/Plugins/Online/OnlineServicesEOSGS/OnlineServicesEOSGS.uplugin" 260
"../../../Engine/Plugins/Online/OnlineBase/OnlineBase.uplugin" 261
"../../../Engine/Plugins/Online/OnlineServicesNull/OnlineServicesNull.uplugin" 262
"../../../Engine/Plugins/Online/OnlineFramework/OnlineFramework.uplugin" 263
"../../../Engine/Plugins/Online/OnlineServices/OnlineServices.uplugin" 264
"../../../Engine/Plugins/Online/OnlineSubsystem/OnlineSubsystem.uplugin" 265
"../../../Engine/Plugins/Online/OnlineSubsystemApple/OnlineSubsystemApple.uplugin" 266
"../../../Engine/Plugins/Online/OnlineServicesOSSAdapter/OnlineServicesOSSAdapter.uplugin" 267
"../../../Engine/Plugins/Online/OnlineSubsystemAmazon/OnlineSubsystemAmazon.uplugin" 268
"../../../Engine/Plugins/Online/OnlineSubsystemEOS/OnlineSubsystemEOS.uplugin" 269
"../../../Engine/Plugins/Online/OnlineSubsystemNull/OnlineSubsystemNull.uplugin" 270
"../../../Engine/Plugins/Online/OnlineSubsystemFacebook/OnlineSubsystemFacebook.uplugin" 271
"../../../Engine/Plugins/Online/OnlineSubsystemUtils/OnlineSubsystemUtils.uplugin" 272
"../../../Engine/Plugins/Online/OnlineSubsystemSteam/OnlineSubsystemSteam.uplugin" 273
"../../../Engine/Plugins/Online/OnlineSubsystemGoogle/OnlineSubsystemGoogle.uplugin" 274
"../../../Engine/Plugins/Online/SocketSubsystemEOS/SocketSubsystemEOS.uplugin" 275
"../../../Engine/Plugins/Online/OnlineSubsystemTencent/OnlineSubsystemTencent.uplugin" 276
"../../../Engine/Plugins/Runtime/AndroidBackgroundService/AndroidBackgroundService.uplugin" 277
"../../../Engine/Plugins/Runtime/ActorLayerUtilities/ActorLayerUtilities.uplugin" 278
"../../../Engine/Plugins/Runtime/AndroidDeviceProfileSelector/AndroidDeviceProfileSelector.uplugin" 279
"../../../Engine/Plugins/Online/WebAuth/WebAuth.uplugin" 280
"../../../Engine/Plugins/Runtime/AndroidFileServer/AndroidFileServer.uplugin" 281
"../../../Engine/Plugins/Runtime/AndroidMoviePlayer/AndroidMoviePlayer.uplugin" 282
"../../../Engine/Plugins/Runtime/AppleImageUtils/AppleImageUtils.uplugin" 283
"../../../Engine/Plugins/Runtime/AppleMoviePlayer/AppleMoviePlayer.uplugin" 284
"../../../Engine/Plugins/Runtime/ApexDestruction/ApexDestruction.uplugin" 285
"../../../Engine/Plugins/Runtime/AndroidPermission/AndroidPermission.uplugin" 286
"../../../Engine/Plugins/Runtime/AnimationBudgetAllocator/AnimationBudgetAllocator.uplugin" 287
"../../../Engine/Plugins/Runtime/ArchVisCharacter/ArchVisCharacter.uplugin" 288
"../../../Engine/Plugins/Runtime/AudioSynesthesia/AudioSynesthesia.uplugin" 289
"../../../Engine/Plugins/Runtime/AudioModulation/AudioModulation.uplugin" 290
"../../../Engine/Plugins/Runtime/AudioWidgets/AudioWidgets.uplugin" 291
"../../../Engine/Plugins/Runtime/AudioMotorSim/AudioMotorSim.uplugin" 292
"../../../Engine/Plugins/Runtime/AssetTags/AssetTags.uplugin" 293
"../../../Engine/Plugins/Runtime/CommonUI/CommonUI.uplugin" 294
"../../../Engine/Plugins/Runtime/AudioCapture/AudioCapture.uplugin" 295
"../../../Engine/Plugins/Runtime/CableComponent/CableComponent.uplugin" 296
"../../../Engine/Plugins/Runtime/Firebase/Firebase.uplugin" 297
"../../../Engine/Plugins/Runtime/CustomMeshComponent/CustomMeshComponent.uplugin" 298
"../../../Engine/Plugins/Runtime/ComputeFramework/ComputeFramework.uplugin" 299
"../../../Engine/Plugins/Runtime/DataRegistry/DataRegistry.uplugin" 300
"../../../Engine/Plugins/Runtime/GameFeatures/GameFeatures.uplugin" 301
"../../../Engine/Plugins/Runtime/ExampleDeviceProfileSelector/ExampleDeviceProfileSelector.uplugin" 302
"../../../Engine/Plugins/Runtime/GameInput/GameInput.uplugin" 303
"../../../Engine/Plugins/Runtime/GameplayAbilities/GameplayAbilities.uplugin" 304
"../../../Engine/Plugins/Runtime/GameplayStateTree/GameplayStateTree.uplugin" 305
"../../../Engine/Plugins/Runtime/ChunkDownloader/ChunkDownloader.uplugin" 306
"../../../Engine/Plugins/Runtime/GeometryCache/GeometryCache.uplugin" 307
"../../../Engine/Plugins/Runtime/GeometryProcessing/GeometryProcessing.uplugin" 308
"../../../Engine/Plugins/Runtime/GameplayInteractions/GameplayInteractions.uplugin" 309
"../../../Engine/Plugins/Runtime/GeoReferencing/GeoReferencing.uplugin" 310
"../../../Engine/Plugins/Runtime/GeometryScripting/GeometryScripting.uplugin" 311
"../../../Engine/Plugins/Runtime/GooglePAD/GooglePAD.uplugin" 312
"../../../Engine/Plugins/Runtime/HairStrands/HairStrands.uplugin" 313
"../../../Engine/Plugins/Runtime/GameplayBehaviorSmartObjects/GameplayBehaviorSmartObjects.uplugin" 314
"../../../Engine/Plugins/Runtime/Harmonix/Harmonix.uplugin" 315
"../../../Engine/Plugins/Runtime/HPMotionController/HPMotionController.uplugin" 316
"../../../Engine/Plugins/Runtime/GoogleCloudMessaging/GoogleCloudMessaging.uplugin" 317
"../../../Engine/Plugins/Runtime/InputDebugging/InputDebugging.uplugin" 318
"../../../Engine/Plugins/Runtime/LevelStreamingPersistence/LevelStreamingPersistence.uplugin" 319
"../../../Engine/Plugins/Runtime/IOSReplayKit/IOSReplayKit.uplugin" 320
"../../../Engine/Plugins/Runtime/HTTPChunkInstaller/HTTPChunkInstaller.uplugin" 321
"../../../Engine/Plugins/Runtime/LinuxDeviceProfileSelector/LinuxDeviceProfileSelector.uplugin" 322
"../../../Engine/Plugins/Runtime/InstancedActors/InstancedActors.uplugin" 323
"../../../Engine/Plugins/Runtime/LiveLinkOvernDisplay/LiveLinkOverNDisplay.uplugin" 324
"../../../Engine/Plugins/Runtime/IOSDeviceProfileSelector/IOSDeviceProfileSelector.uplugin" 325
"../../../Engine/Plugins/Runtime/LocationServicesIOSImpl/LocationServicesIOSImpl.uplugin" 326
"../../../Engine/Plugins/Runtime/LocationServicesAndroidImpl/LocationServicesAndroidImpl.uplugin" 327
"../../../Engine/Plugins/Runtime/MassEntity/MassEntity.uplugin" 328
"../../../Engine/Plugins/Runtime/MassGameplay/MassGameplay.uplugin" 329
"../../../Engine/Plugins/Runtime/MeshModelingToolset/MeshModelingToolset.uplugin" 330
"../../../Engine/Plugins/Runtime/HDRIBackdrop/HDRIBackdrop.uplugin" 331
"../../../Engine/Plugins/Runtime/LocationServicesBPLibrary/LocationServicesBPLibrary.uplugin" 332
"../../../Engine/Plugins/Runtime/Metasound/Metasound.uplugin" 333
"../../../Engine/Plugins/Runtime/MIDIDevice/MIDIDevice.uplugin" 334
"../../../Engine/Plugins/Runtime/MicrosoftSpatialAudio/MicroSoftSpatialSound.uplugin" 335
"../../../Engine/Plugins/Runtime/MixedRealityCaptureFramework/MixedRealityCaptureFramework.uplugin" 336
"../../../Engine/Plugins/Runtime/ModularGameplay/ModularGameplay.uplugin" 337
"../../../Engine/Plugins/Runtime/ModelViewViewModel/ModelViewViewModel.uplugin" 338
"../../../Engine/Plugins/Runtime/MsQuic/MsQuic.uplugin" 339
"../../../Engine/Plugins/Runtime/MobileFSR/MobileFSR.uplugin" 340
"../../../Engine/Plugins/Runtime/MultiServerReplication/MultiServerReplication.uplugin" 341
"../../../Engine/Plugins/Runtime/MobilePatchingUtils/MobilePatchingUtils.uplugin" 342
"../../../Engine/Plugins/Runtime/nDisplayModularFeatures/nDisplayModularFeatures.uplugin" 343
"../../../Engine/Plugins/Runtime/nDisplay/nDisplay.uplugin" 344
"../../../Engine/Plugins/Runtime/NetworkPrediction/NetworkPrediction.uplugin" 345
"../../../Engine/Plugins/Runtime/NavCorridor/NavCorridor.uplugin" 346
"../../../Engine/Plugins/Runtime/OpenCV/OpenCV.uplugin" 347
"../../../Engine/Plugins/Runtime/NetworkPredictionExtras/NetworkPredictionExtras.uplugin" 348
"../../../Engine/Plugins/Runtime/OpenXR/OpenXR.uplugin" 349
"../../../Engine/Plugins/Runtime/OpenXREyeTracker/OpenXREyeTracker.uplugin" 350
"../../../Engine/Plugins/Runtime/NetworkPredictionInsights/NetworkPredictionInsights.uplugin" 351
"../../../Engine/Plugins/Runtime/OptionalMobileFeaturesBPLibrary/OptionalMobileFeaturesBPLibrary.uplugin" 352
"../../../Engine/Plugins/Runtime/OpenXRViveTracker/OpenXRViveTracker.uplugin" 353
"../../../Engine/Plugins/Runtime/OSC/OSC.uplugin" 354
"../../../Engine/Plugins/Runtime/OpenXRHandTracking/OpenXRHandTracking.uplugin" 355
"../../../Engine/Plugins/Runtime/OpenXRMsftHandInteraction/OpenXRMsftHandInteraction.uplugin" 356
"../../../Engine/Plugins/Runtime/ProceduralMeshComponent/ProceduralMeshComponent.uplugin" 357
"../../../Engine/Plugins/Runtime/PropertyBindingUtils/PropertyBindingUtils.uplugin" 358
"../../../Engine/Plugins/Runtime/PreLoadScreenMoviePlayer/PreLoadScreenMoviePlayer.uplugin" 359
"../../../Engine/Plugins/Runtime/PropertyAccess/PropertyAccessEditor.uplugin" 360
"../../../Engine/Plugins/Runtime/ResonanceAudio/ResonanceAudio.uplugin" 361
"../../../Engine/Plugins/Runtime/RenderTrace/RenderTrace.uplugin" 362
"../../../Engine/Plugins/Runtime/ReplicationSystemTestPlugin/ReplicationSystemTestPlugin.uplugin" 363
"../../../Engine/Plugins/Runtime/ReplicationGraph/ReplicationGraph.uplugin" 364
"../../../Engine/Plugins/Runtime/RigVM/RigVM.uplugin" 365
"../../../Engine/Plugins/Runtime/SignificanceManager/SignificanceManager.uplugin" 366
"../../../Engine/Plugins/Runtime/ScriptableToolsFramework/ScriptableToolsFramework.uplugin" 367
"../../../Engine/Plugins/Runtime/SoundFields/SoundFields.uplugin" 368
"../../../Engine/Plugins/Runtime/SkeletalMerging/SkeletalMerging.uplugin" 369
"../../../Engine/Plugins/Runtime/SoundCueTemplates/SoundCueTemplates.uplugin" 370
"../../../Engine/Plugins/Runtime/Spatialization/Spatialization.uplugin" 371
"../../../Engine/Plugins/Runtime/SoundMod/SoundMod.uplugin" 372
"../../../Engine/Plugins/Runtime/StateTree/StateTree.uplugin" 373
"../../../Engine/Plugins/Runtime/SmartObjects/SmartObjects.uplugin" 374
"../../../Engine/Plugins/Runtime/Soundscape/Soundscape.uplugin" 375
"../../../Engine/Plugins/Runtime/Synthesis/Synthesis.uplugin" 376
"../../../Engine/Plugins/Runtime/SunPosition/SunPosition.uplugin" 377
"../../../Engine/Plugins/Runtime/WaveTable/WaveTable.uplugin" 378
"../../../Engine/Plugins/Runtime/WarpUtils/WarpUtils.uplugin" 379
"../../../Engine/Plugins/Runtime/SoundUtilities/SoundUtilities.uplugin" 380
"../../../Engine/Plugins/Runtime/WebBrowserWidget/WebBrowserWidget.uplugin" 381
"../../../Engine/Plugins/Runtime/WebBrowserNativeProxy/WebBrowserNativeProxy.uplugin" 382
"../../../Engine/Plugins/Runtime/WebMMoviePlayer/WebMMoviePlayer.uplugin" 383
"../../../Engine/Plugins/Runtime/USDCore/USDCore.uplugin" 384
"../../../Engine/Plugins/Runtime/WindowsDeviceProfileSelector/WindowsDeviceProfileSelector.uplugin" 385
"../../../Engine/Plugins/Runtime/WorldConditions/WorldConditions.uplugin" 386
"../../../Engine/Plugins/Runtime/WindowsMoviePlayer/WindowsMoviePlayer.uplugin" 387
"../../../Engine/Plugins/Runtime/ZoneGraph/ZoneGraph.uplugin" 388
"../../../Engine/Plugins/Runtime/ZoneGraphAnnotations/ZoneGraphAnnotations.uplugin" 389
"../../../Engine/Plugins/Slate/SlateInsights/SlateInsights.uplugin" 390
"../../../Engine/Plugins/NetcodeUnitTest/NUTUnrealEngine/NUTUnrealEngine.uplugin" 391
"../../../Engine/Plugins/Runtime/XRBase/XRBase.uplugin" 392
"../../../Engine/Plugins/Slate/SlateScripting/SlateScripting.uplugin" 393
"../../../Engine/Plugins/PCGInterops/PCGExternalDataInterop/PCGExternalDataInterop.uplugin" 394
"../../../Engine/Plugins/Web/HttpBlueprint/HttpBlueprint.uplugin" 395
"../../../Engine/Plugins/2D/Paper2D/Paper2D.uplugin" 396
"../../../Engine/Plugins/PCGInterops/PCGGeometryScriptInterop/PCGGeometryScriptInterop.uplugin" 397
"../../../Engine/Plugins/NetcodeUnitTest/NetcodeUnitTest/NetcodeUnitTest.uplugin" 398
"../../../Engine/Plugins/AI/AISupport/AISupport.uplugin" 399
"../../../Engine/Plugins/AI/EnvironmentQueryEditor/EnvironmentQueryEditor.uplugin" 400
"../../../Engine/Plugins/AI/HTNPlanner/HTNPlanner.uplugin" 401
"../../../Engine/Plugins/AI/MassAI/MassAI.uplugin" 402
"../../../Engine/Plugins/Animation/ACLPlugin/ACLPlugin.uplugin" 403
"../../../Engine/Plugins/AI/MLAdapter/MLAdapter.uplugin" 404
"../../../Engine/Plugins/Animation/AnimationData/AnimationData.uplugin" 405
"../../../Engine/Plugins/Animation/AnimatorKit/AnimatorKit.uplugin" 406
"../../../Engine/Plugins/Animation/AnimationLocomotionLibrary/AnimationLocomotionLibrary.uplugin" 407
"../../../Engine/Plugins/AI/MassCrowd/MassCrowd.uplugin" 408
"../../../Engine/Plugins/Animation/ControlRig/ControlRig.uplugin" 409
"../../../Engine/Plugins/Animation/ControlRigModules/ControlRigModules.uplugin" 410
"../../../Engine/Plugins/Animation/IKRig/IKRig.uplugin" 411
"../../../Engine/Plugins/Animation/AnimationWarping/AnimationWarping.uplugin" 412
"../../../Engine/Plugins/Animation/BlendSpaceMotionAnalysis/BlendSpaceMotionAnalysis.uplugin" 413
"../../../Engine/Plugins/Animation/LiveLink/LiveLink.uplugin" 414
"../../../Engine/Plugins/Animation/BlendStack/BlendStack.uplugin" 415
"../../../Engine/Plugins/Animation/GameplayInsights/GameplayInsights.uplugin" 416
"../../../Engine/Plugins/Animation/AnimationModifierLibrary/AnimationModifierLibrary.uplugin" 417
"../../../Engine/Plugins/Animation/MotionWarping/MotionWarping.uplugin" 418
"../../../Engine/Plugins/Animation/DeformerGraph/DeformerGraph.uplugin" 419
"../../../Engine/Plugins/Animation/ControlRigSpline/ControlRigSpline.uplugin" 420
"../../../Engine/Plugins/Animation/PerformanceCaptureCore/PerformanceCaptureCore.uplugin" 421
"../../../Engine/Plugins/Animation/LiveLinkCurveDebugUI/LiveLinkCurveDebugUI.uplugin" 422
"../../../Engine/Plugins/Animation/RigLogic/RigLogic.uplugin" 423
"../../../Engine/Plugins/Animation/PoseSearch/PoseSearch.uplugin" 424
"../../../Engine/Plugins/Compression/OodleNetwork/OodleNetwork.uplugin" 425
"../../../Engine/Plugins/Animation/LiveLinkHub/LiveLinkHub.uplugin" 426
"../../../Engine/Plugins/Developer/AnimationSharing/AnimationSharing.uplugin" 427
"../../../Engine/Plugins/Cameras/CameraShakePreviewer/CameraShakePreviewer.uplugin" 428
"../../../Engine/Plugins/Cameras/GameplayCameras/GameplayCameras.uplugin" 429
"../../../Engine/Plugins/Cameras/EngineCameras/EngineCameras.uplugin" 430
"../../../Engine/Plugins/Developer/CodeLiteSourceCodeAccess/CodeLiteSourceCodeAccess.uplugin" 431
"../../../Engine/Plugins/Developer/CLionSourceCodeAccess/CLionSourceCodeAccess.uplugin" 432
"../../../Engine/Plugins/Developer/DumpGPUServices/DumpGPUServices.uplugin" 433
"../../../Engine/Plugins/Developer/FieldNotificationTrace/FieldNotificationTrace.uplugin" 434
"../../../Engine/Plugins/Developer/GitSourceControl/GitSourceControl.uplugin" 435
"../../../Engine/Plugins/Developer/KDevelopSourceCodeAccess/KDevelopSourceCodeAccess.uplugin" 436
"../../../Engine/Plugins/Developer/OneSkyLocalizationService/OneSkyLocalizationService.uplugin" 437
"../../../Engine/Plugins/Developer/N10XSourceCodeAccess/N10XSourceCodeAccess.uplugin" 438
"../../../Engine/Plugins/Developer/PropertyAccessNode/PropertyAccessNode.uplugin" 439
"../../../Engine/Plugins/Developer/PlasticSourceControl/PlasticSourceControl.uplugin" 440
"../../../Engine/Plugins/Developer/NullSourceCodeAccess/NullSourceCodeAccess.uplugin" 441
"../../../Engine/Plugins/Developer/BlankPlugin/BlankPlugin.uplugin" 442
"../../../Engine/Plugins/Developer/PerforceSourceControl/PerforceSourceControl.uplugin" 443
"../../../Engine/Plugins/Developer/PixWinPlugin/PixWinPlugin.uplugin" 444
"../../../Engine/Plugins/Developer/RenderDocPlugin/RenderDocPlugin.uplugin" 445
"../../../Engine/Plugins/Developer/RiderSourceCodeAccess/RiderSourceCodeAccess.uplugin" 446
"../../../Engine/Plugins/Developer/PluginUtils/PluginUtils.uplugin" 447
"../../../Engine/Plugins/Developer/SubversionSourceControl/SubversionSourceControl.uplugin" 448
"../../../Engine/Plugins/Developer/TextureFormatOodle/TextureFormatOodle.uplugin" 449
"../../../Engine/Plugins/Developer/TraceDataFiltering/TraceDataFilters.uplugin" 450
"../../../Engine/Plugins/Developer/TraceSourceFiltering/TraceSourceFilters.uplugin" 451
"../../../Engine/Plugins/Developer/UObjectPlugin/UObjectPlugin.uplugin" 452
"../../../Engine/Plugins/Developer/XCodeSourceCodeAccess/XCodeSourceCodeAccess.uplugin" 453
"../../../Engine/Plugins/Developer/VisualStudioSourceCodeAccess/VisualStudioSourceCodeAccess.uplugin" 454
"../../../Engine/Plugins/Developer/XcodeGPUDebuggerPlugin/XcodeGPUDebuggerPlugin.uplugin" 455
"../../../Engine/Plugins/Developer/VisualStudioCodeSourceCodeAccess/VisualStudioCodeSourceCodeAccess.uplugin" 456
"../../../Engine/Plugins/Editor/AssetManagerEditor/AssetManagerEditor.uplugin" 457
"../../../Engine/Plugins/Editor/AssetSearch/AssetSearch.uplugin" 458
"../../../Engine/Plugins/Editor/AssetReferenceRestrictions/AssetReferenceRestrictions.uplugin" 459
"../../../Engine/Plugins/Editor/AssetRegistryExport/AssetRegistryExport.uplugin" 460
"../../../Engine/Plugins/Editor/BlueprintHeaderView/BlueprintHeaderView.uplugin" 461
"../../../Engine/Plugins/Editor/BlueprintMaterialTextureNodes/BlueprintMaterialTextureNodes.uplugin" 462
"../../../Engine/Plugins/Editor/ChangelistReview/ChangelistReview.uplugin" 463
"../../../Engine/Plugins/Editor/ColorGrading/ColorGrading.uplugin" 464
"../../../Engine/Plugins/Editor/ConsoleVariablesEditor/ConsoleVariables.uplugin" 465
"../../../Engine/Plugins/Editor/CryptoKeys/CryptoKeys.uplugin" 466
"../../../Engine/Plugins/Editor/CurveEditorTools/CurveEditorTools.uplugin" 467
"../../../Engine/Plugins/Editor/EditorDebugTools/EditorDebugTools.uplugin" 468
"../../../Engine/Plugins/Editor/EditorSysConfigAssistant/EditorSysConfigAssistant.uplugin" 469
"../../../Engine/Plugins/Editor/EditorScriptingUtilities/EditorScriptingUtilities.uplugin" 470
"../../../Engine/Plugins/Editor/GameplayTagsEditor/GameplayTagsEditor.uplugin" 471
"../../../Engine/Plugins/Editor/DisplayClusterLaunch/DisplayClusterLaunch.uplugin" 472
"../../../Engine/Plugins/Editor/FacialAnimation/FacialAnimation.uplugin" 473
"../../../Engine/Plugins/Editor/DataValidation/DataValidation.uplugin" 474
"../../../Engine/Plugins/Editor/GuidedTutorials/GuidedTutorials.uplugin" 475
"../../../Engine/Plugins/Editor/GeometryMode/GeometryMode.uplugin" 476
"../../../Engine/Plugins/Editor/MacGraphicsSwitching/MacGraphicsSwitching.uplugin" 477
"../../../Engine/Plugins/Editor/LiveUpdateForSlate/LiveUpdateForSlate.uplugin" 478
"../../../Engine/Plugins/Editor/MeshLODToolset/MeshLODToolset.uplugin" 479
"../../../Engine/Plugins/Editor/MaterialAnalyzer/MaterialAnalyzer.uplugin" 480
"../../../Engine/Plugins/Editor/EngineAssetDefinitions/EngineAssetDefinitions.uplugin" 481
"../../../Engine/Plugins/Editor/MakeCookedEditorAsDLC/MakeCookedEditorAsDLC.uplugin" 482
"../../../Engine/Plugins/Editor/ModelViewViewModelPreview/ModelViewViewModelPreview.uplugin" 483
"../../../Engine/Plugins/Editor/MobileLauncherProfileWizard/MobileLauncherProfileWizard.uplugin" 484
"../../../Engine/Plugins/Editor/PluginBrowser/PluginBrowser.uplugin" 485
"../../../Engine/Plugins/Editor/ProxyLODPlugin/ProxyLODPlugin.uplugin" 486
"../../../Engine/Plugins/Editor/SpeedTreeImporter/SpeedTreeImporter.uplugin" 487
"../../../Engine/Plugins/Editor/ModelingToolsEditorMode/ModelingToolsEditorMode.uplugin" 488
"../../../Engine/Plugins/Editor/SequencerAnimTools/SequencerAnimTools.uplugin" 489
"../../../Engine/Plugins/Editor/ScriptableToolsEditorMode/ScriptableToolsEditorMode.uplugin" 490
"../../../Engine/Plugins/Editor/StylusInput/StylusInput.uplugin" 491
"../../../Engine/Plugins/Editor/StaticMeshEditorModeling/StaticMeshEditorModeling.uplugin" 492
"../../../Engine/Plugins/Editor/UMGWidgetPreview/UMGWidgetPreview.uplugin" 493
"../../../Engine/Plugins/Editor/SampleToolsEditorMode/SampleToolsEditorMode.uplugin" 494
"../../../Engine/Plugins/Enterprise/AxFImporter/AxFImporter.uplugin" 495
"../../../Engine/Plugins/Editor/WaveformEditor/WaveformEditor.uplugin" 496
"../../../Engine/Plugins/Enterprise/DataprepEditor/DataprepEditor.uplugin" 497
"../../../Engine/Plugins/Editor/WorldPartitionHLODUtilities/WorldPartitionHLODUtilities.uplugin" 498
"../../../Engine/Plugins/Enterprise/DatasmithContent/DatasmithContent.uplugin" 499
"../../../Engine/Plugins/FX/CascadeToNiagaraConverter/CascadeToNiagaraConverter.uplugin" 500
"../../../Engine/Plugins/Enterprise/DatasmithC4DImporter/DatasmithC4DImporter.uplugin" 501
"../../../Engine/Plugins/Enterprise/DatasmithFBXImporter/DatasmithFBXImporter.uplugin" 502
"../../../Engine/Plugins/Enterprise/GLTFExporter/GLTFExporter.uplugin" 503
"../../../Engine/Plugins/Enterprise/DatasmithImporter/DatasmithImporter.uplugin" 504
"../../../Engine/Plugins/Editor/UVEditor/UVEditor.uplugin" 505
"../../../Engine/Plugins/Enterprise/VariantManagerContent/VariantManagerContent.uplugin" 506
"../../../Engine/Plugins/Enterprise/VariantManager/VariantManager.uplugin" 507
"../../../Engine/Plugins/FX/Niagara/Niagara.uplugin" 508
"../../../Engine/Plugins/FX/ExampleCustomDataInterface/ExampleCustomDataInterface.uplugin" 509
"../../../Engine/Plugins/FX/NiagaraSimCaching/NiagaraSimCaching.uplugin" 510
"../../../Engine/Plugins/FX/NiagaraMRQ/NiagaraMRQ.uplugin" 511
"../../../Engine/Plugins/FX/NiagaraFluids/NiagaraFluids.uplugin" 512
"../../../Engine/Plugins/Interchange/Runtime/Interchange.uplugin" 513
"../../../Engine/Plugins/Media/AjaMedia/AjaMedia.uplugin" 514
"../../../Engine/Plugins/Media/AppleProResMedia/AppleProResMedia.uplugin" 515
"../../../Engine/Plugins/Media/AudioCaptureTimecodeProvider/AudioCaptureTimecodeProvider.uplugin" 516
"../../../Engine/Plugins/Media/AppleProResDecoderElectra/AppleProResDecoderElectra.uplugin" 517
"../../../Engine/Plugins/Enterprise/DatasmithCADImporter/DatasmithCADImporter.uplugin" 518
"../../../Engine/Plugins/Media/AndroidMedia/AndroidMedia.uplugin" 519
"../../../Engine/Plugins/Media/AndroidCamera/AndroidCamera.uplugin" 520
"../../../Engine/Plugins/Media/AvidDNxHDDecoderElectra/AvidDNxHDDecoderElectra.uplugin" 521
"../../../Engine/Plugins/Media/AvfMedia/AvfMedia.uplugin" 522
"../../../Engine/Plugins/Media/AvidDNxMedia/AvidDNxMedia.uplugin" 523
"../../../Engine/Plugins/Media/BinkMedia/BinkMedia.uplugin" 524
"../../../Engine/Plugins/Media/BlackmagicMedia/BlackmagicMedia.uplugin" 525
"../../../Engine/Plugins/Media/ElectraCDM/ElectraCDM.uplugin" 526
"../../../Engine/Plugins/Media/ElectraCodecs/ElectraCodecs.uplugin" 527
"../../../Engine/Plugins/Media/D3D12VideoDecodersElectra/D3D12VideoDecodersElectra.uplugin" 528
"../../../Engine/Plugins/Enterprise/MDLImporter/MDLImporter.uplugin" 529
"../../../Engine/Plugins/Media/ElectraUtil/ElectraUtil.uplugin" 530
"../../../Engine/Plugins/Media/ElectraSubtitles/ElectraSubtitles.uplugin" 531
"../../../Engine/Plugins/Enterprise/LidarPointCloud/LidarPointCloud.uplugin" 532
"../../../Engine/Plugins/Media/ElectraPlayer/ElectraPlayer.uplugin" 533
"../../../Engine/Plugins/Media/HAPDecoderElectra/HAPDecoderElectra.uplugin" 534
"../../../Engine/Plugins/Media/HAPMedia/HAPMedia.uplugin" 535
"../../../Engine/Plugins/Media/HardwareEncoders/HardwareEncoders.uplugin" 536
"../../../Engine/Plugins/Media/ImgMedia/ImgMedia.uplugin" 537
"../../../Engine/Plugins/Media/LinearTimecode/LinearTimecode.uplugin" 538
"../../../Engine/Plugins/Media/MediaCompositing/MediaCompositing.uplugin" 539
"../../../Engine/Plugins/Interchange/Assets/InterchangeAssets.uplugin" 540
"../../../Engine/Plugins/Media/MediaIOFramework/MediaIOFramework.uplugin" 541
"../../../Engine/Plugins/Interchange/Editor/InterchangeEditor.uplugin" 542
"../../../Engine/Plugins/Media/FlacDecoderElectra/FlacDecoderElectra.uplugin" 543
"../../../Engine/Plugins/Media/NDIMedia/NDIMedia.uplugin" 544
"../../../Engine/Plugins/Media/OpusDecoderElectra/OpusDecoderElectra.uplugin" 545
"../../../Engine/Plugins/Media/MediaPlayerEditor/MediaPlayerEditor.uplugin" 546
"../../../Engine/Plugins/Media/PixelCapture/PixelCapture.uplugin" 547
"../../../Engine/Plugins/Media/MediaMovieStreamer/MediaMovieStreamer.uplugin" 548
"../../../Engine/Plugins/Media/MediaFrameworkUtilities/MediaFrameworkUtilities.uplugin" 549
"../../../Engine/Plugins/Media/PixelStreaming2/PixelStreaming2.uplugin" 550
"../../../Engine/Plugins/Media/MfMedia/MfMedia.uplugin" 551
"../../../Engine/Plugins/Media/TimecodeSynchronizer/TimecodeSynchronizer.uplugin" 552
"../../../Engine/Plugins/Messaging/MessagingDebugger/MessagingDebugger.uplugin" 553
"../../../Engine/Plugins/Portal/LauncherChunkInstaller/LauncherChunkInstaller.uplugin" 554
"../../../Engine/Plugins/Media/MediaPlate/MediaPlate.uplugin" 555
"../../../Engine/Plugins/Messaging/TcpMessaging/TcpMessaging.uplugin" 556
"../../../Engine/Plugins/Media/PixelStreaming/PixelStreaming.uplugin" 557
"../../../Engine/Plugins/Media/VPxDecoderElectra/VPxDecoderElectra.uplugin" 558
"../../../Engine/Plugins/Messaging/UdpMessaging/UdpMessaging.uplugin" 559
"../../../Engine/Plugins/Experimental/Compositing/HoldoutComposite/HoldoutComposite.uplugin" 560
"../../../Engine/Plugins/Media/WebMMedia/WebMMedia.uplugin" 561
"../../../Engine/Plugins/Runtime/Nvidia/GeForceNOWWrapper/GeForceNOWWrapper.uplugin" 562
"../../../Engine/Plugins/Media/WmfMedia/WmfMedia.uplugin" 563
"../../../Engine/Plugins/Runtime/Nvidia/Reflex/Reflex.uplugin" 564
"../../../Engine/Plugins/Animation/MLDeformer/ChaosClothGenerator/ChaosClothGenerator.uplugin" 565
"../../../Engine/Plugins/Animation/MLDeformer/ChaosFleshGenerator/ChaosFleshGenerator.uplugin" 566
"../../../Engine/Plugins/Animation/MLDeformer/MLDeformerFramework/MLDeformerFramework.uplugin" 567
"../../../Engine/Plugins/Animation/MLDeformer/NearestNeighborModel/NearestNeighborModel.uplugin" 568
"../../../Engine/Plugins/Editor/ContentBrowser/ContentBrowserAssetDataSource/ContentBrowserAssetDataSource.uplugin" 569
"../../../Engine/Plugins/Animation/MLDeformer/VertexDeltaModel/VertexDeltaModel.uplugin" 570
"../../../Engine/Plugins/Editor/ContentBrowser/ContentBrowserClassDataSource/ContentBrowserClassDataSource.uplugin" 571
"../../../Engine/Plugins/Experimental/Animation/ContextualAnimation/ContextualAnimation.uplugin" 572
"../../../Engine/Plugins/Animation/MLDeformer/NeuralMorphModel/NeuralMorphModel.uplugin" 573
"../../../Engine/Plugins/Editor/ContentBrowser/ContentBrowserAliasDataSource/ContentBrowserAliasDataSource.uplugin" 574
"../../../Engine/Plugins/Experimental/Animation/HierarchyTableBuiltin/HierarchyTableBuiltin.uplugin" 575
"../../../Engine/Plugins/Experimental/Animation/HierarchyTable/HierarchyTable.uplugin" 576
"../../../Engine/Plugins/Editor/ContentBrowser/ContentBrowserFileDataSource/ContentBrowserFileDataSource.uplugin" 577
"../../../Engine/Plugins/Experimental/Animation/CurveExpression/CurveExpression.uplugin" 578
"../../../Engine/Plugins/Experimental/Animation/Optimus/Optimus.uplugin" 579
"../../../Engine/Plugins/Experimental/Animation/MotionTrajectory/MotionTrajectory.uplugin" 580
"../../../Engine/Plugins/Experimental/Animation/SkeletalMeshModelingTools/SkeletalMeshModelingTools.uplugin" 581
"../../../Engine/Plugins/Runtime/Advertising/IOSTapJoy/IOSTapJoy.uplugin" 582
"../../../Engine/Plugins/VirtualProduction/Rivermax/RivermaxMedia/RivermaxMedia.uplugin" 583
"../../../Engine/Plugins/Experimental/CharacterFXEditor/BaseCharacterFXEditor/BaseCharacterFXEditor.uplugin" 584
"../../../Engine/Plugins/Experimental/VirtualProduction/LedWallCalibration/LedWallCalibration.uplugin" 585
"../../../Engine/Plugins/VirtualProduction/Rivermax/RivermaxCore/RivermaxCore.uplugin" 586
"../../../Engine/Plugins/Experimental/CharacterFXEditor/ExampleCharacterFXEditor/ExampleCharacterFXEditor.uplugin" 587
"../../../Engine/Plugins/Experimental/VirtualProduction/VPSettings/VPSettings.uplugin" 588
"../../../Engine/Plugins/VirtualProduction/Rivermax/RivermaxSync/RivermaxSync.uplugin" 589
"../../../Engine/Plugins/Experimental/Enterprise/DataprepGeometryOperations/DataprepGeometryOperations.uplugin" 590
"../../../Engine/Plugins/Experimental/VirtualProduction/VPRoles/VPRoles.uplugin" 591
"../../../Engine/Plugins/Editor/Localization/PortableObjectFileDataSource/PortableObjectFileDataSource.uplugin" 592
"../../../Engine/Plugins/Editor/ObjectMixer/LightMixer/LightMixer.uplugin" 593
"../../../Engine/Plugins/Experimental/AVCodecs/AVCodecsCore/AVCodecsCore.uplugin" 594
"../../../Engine/Plugins/Experimental/Enterprise/DatasmithRuntime/DatasmithRuntime.uplugin" 595
"../../../Engine/Plugins/Editor/ObjectMixer/ObjectMixer/ObjectMixer.uplugin" 596
"../../../Engine/Plugins/Experimental/AVCodecs/AMFCodecs/AMFCodecs.uplugin" 597
"../../../Engine/Plugins/Experimental/AVCodecs/NVCodecs/NVCodecs.uplugin" 598
"../../../Engine/Plugins/Experimental/AVCodecs/VTCodecs/VTCodecs.uplugin" 599
"../../../Engine/Plugins/Experimental/Enterprise/DatasmithInterchange/DatasmithInterchange.uplugin" 600
"../../../Engine/Plugins/Experimental/AVCodecs/WMFCodecs/WMFCodecs.uplugin" 601
"../../../Engine/Plugins/Online/Android/AndroidFetchBackgroundDownload/AndroidFetchBackgroundDownload.uplugin" 602
"../../../Engine/Plugins/Runtime/Analytics/Adjust/Adjust.uplugin" 603
"../../../Engine/Plugins/Online/Android/OnlineSubsystemGooglePlay/OnlineSubsystemGooglePlay.uplugin" 604
"../../../Engine/Plugins/Experimental/PCGInterops/PCGWaterInterop/PCGWaterInterop.uplugin" 605
"../../../Engine/Plugins/Experimental/AVCodecs/LibVpxCodecs/LibVpxCodecs.uplugin" 606
"../../../Engine/Plugins/Experimental/PCGInterops/PCGNiagaraInterop/PCGNiagaraInterop.uplugin" 607
"../../../Engine/Plugins/Runtime/Analytics/AnalyticsBlueprintLibrary/AnalyticsBlueprintLibrary.uplugin" 608
"../../../Engine/Plugins/Runtime/Analytics/FileLogging/FileLogging.uplugin" 609
"../../../Engine/Plugins/Runtime/Analytics/AnalyticsMulticast/AnalyticsMulticast.uplugin" 610
"../../../Engine/Plugins/Runtime/Analytics/Flurry/Flurry.uplugin" 611
"../../../Engine/Plugins/Runtime/Database/ADOSupport/ADOSupport.uplugin" 612
"../../../Engine/Plugins/Runtime/Windows/XInputDevice/XInputDevice.uplugin" 613
"../../../Engine/Plugins/Runtime/Database/SQLiteSupport/SQLiteSupport.uplugin" 614
"../../../Engine/Plugins/Runtime/Database/DatabaseSupport/DatabaseSupport.uplugin" 615
"../../../Engine/Plugins/Runtime/Database/RemoteDatabaseSupport/RemoteDatabaseSupport.uplugin" 616
"../../../Engine/Plugins/Runtime/Database/SQLiteCore/SQLiteCore.uplugin" 617
"../../../Engine/Plugins/VirtualProduction/DMX/DatasmithMVR/DatasmithMVR.uplugin" 618
"../../../Engine/Plugins/VirtualProduction/DMX/DMXControlConsole/DMXControlConsole.uplugin" 619
"../../../Engine/Plugins/Runtime/Windows/WinDualShock/WinDualShock.uplugin" 620
"../../../Engine/Plugins/Experimental/Web/WebAPI/WebAPI.uplugin" 621
"../../../Engine/Plugins/VirtualProduction/DMX/DMXDisplayCluster/DMXDisplayCluster.uplugin" 622
"../../../Engine/Plugins/VirtualProduction/DMX/DMXGDTF/DMXGDTF.uplugin" 623
"../../../Engine/Plugins/VirtualProduction/DMX/DMXEngine/DMXEngine.uplugin" 624
"../../../Engine/Plugins/VirtualProduction/DMX/DMXProtocol/DMXProtocol.uplugin" 625
"../../../Engine/Plugins/VirtualProduction/DMX/DMXModularFeatures/DMXModularFeatures.uplugin" 626
"../../../Engine/Plugins/VirtualProduction/DMX/DMXPixelMapping/DMXPixelMapping.uplugin" 627
"../../../Engine/Plugins/Runtime/PacketHandlers/AESGCMHandlerComponent/AESGCMHandlerComponent.uplugin" 628
"../../../Engine/Plugins/Runtime/PacketHandlers/DTLSHandlerComponent/DTLSHandlerComponent.uplugin" 629
"../../../Engine/Plugins/Runtime/PacketHandlers/AESHandlerComponent/AESHandlerComponent.uplugin" 630
"../../../Engine/Plugins/VirtualProduction/DMX/DMXFixtures/DMXFixtures.uplugin" 631
"../../../Engine/Plugins/Developer/Concert/ConcertMain/ConcertMain.uplugin" 632
"../../../Engine/Plugins/Online/IOS/OnlineSubsystemIOS/OnlineSubsystemIOS.uplugin" 633
"../../../Engine/Plugins/Runtime/AR/ARUtilities/ARUtilities.uplugin" 634
"../../../Engine/Plugins/Runtime/Steam/SteamAudio/SteamAudio.uplugin" 635
"../../../Engine/Plugins/Runtime/Steam/SteamController/SteamController.uplugin" 636
"../../../Engine/Plugins/Runtime/Steam/SteamSockets/SteamSockets.uplugin" 637
"../../../Engine/Plugins/Runtime/Steam/SteamShared/SteamShared.uplugin" 638
"../../../Engine/Plugins/Runtime/XR/XRScribe/XRScribe.uplugin" 639
"../../../Engine/Plugins/Experimental/MetaHuman/MetaHumanRuntime/MetaHumanRuntime.uplugin" 640
"../../../Engine/Plugins/Runtime/XR/XRVisualization/XRVisualization.uplugin" 641
"../../../Engine/Plugins/Online/VoiceChat/VoiceChat/VoiceChat.uplugin" 642
"../../../Engine/Plugins/Experimental/MetaHuman/MetaHumanSDK/MetaHumanSDK.uplugin" 643
"../../../Engine/Plugins/Online/VoiceChat/EOSVoiceChat/EOSVoiceChat.uplugin" 644
"../../../Engine/Plugins/Runtime/MeshReconstruction/DummyMeshReconstructor/DummyMeshReconstructor.uplugin" 645
"../../../Engine/Plugins/Developer/Concert/ConcertInsights/ConcertInsightsServer/ConcertInsightsServer.uplugin" 646
"../../../Engine/Plugins/Developer/Concert/ConcertInsights/ConcertInsightsCore/ConcertInsightsCore.uplugin" 647
"../../../Engine/Plugins/Developer/Concert/ConcertInsights/ConcertInsightsClient/ConcertInsightsClient.uplugin" 648
"../../../Engine/Plugins/Runtime/AR/AppleAR/AppleARKit/AppleARKit.uplugin" 649
"../../../Engine/Plugins/Developer/Concert/ConcertInsights/ConcertInsightsVisualizer/ConcertInsightsVisualizer.uplugin" 650
"../../../Engine/Plugins/Developer/Concert/ConcertScripting/ConcertReplicationScripting/ConcertReplicationScripting.uplugin" 651
"../../../Engine/Plugins/Developer/Concert/ConcertApp/MultiUserClient/MultiUserClient.uplugin" 652
"../../../Engine/Plugins/Runtime/AR/AppleAR/AppleARKitFaceSupport/AppleARKitFaceSupport.uplugin" 653
"../../../Engine/Plugins/Runtime/AR/Google/GoogleARCore/GoogleARCore.uplugin" 654
"../../../Engine/Plugins/Developer/Concert/ConcertApp/DisasterRecoveryClient/DisasterRecoveryClient.uplugin" 655
"../../../Engine/Plugins/Runtime/AR/Google/GoogleARCoreServices/GoogleARCoreServices.uplugin" 656
"../../../Engine/Plugins/Developer/Concert/ConcertUI/ConcertClientSharedSlate/ConcertClientSharedSlate.uplugin" 657
"../../../Engine/Plugins/Developer/Concert/ConcertApp/MultiUserServer/MultiUserServer.uplugin" 658
"../../../Engine/Plugins/Developer/Concert/ConcertUI/ConcertSharedSlate/ConcertSharedSlate.uplugin" 659
"../../../Engine/Plugins/Developer/Concert/ConcertSync/ConcertSyncClient/ConcertSyncClient.uplugin" 660
"../../../Engine/Plugins/Developer/Concert/ConcertSync/ConcertSyncServer/ConcertSyncServer.uplugin" 661
"../../../Engine/Plugins/Developer/Concert/ConcertSync/ConcertSyncCore/ConcertSyncCore.uplugin" 662
"../../../Engine/Plugins/Developer/Concert/ConcertSync/ConcertSyncTest/ConcertSyncTest.uplugin" 663
"C:/Users/Admin/Desktop/MainProject/Mutants/Plugins/UGridPlugin/UGridPlugin.uplugin" 664
"../../../Engine/Content/Internationalization/icudt64l/cnvalias.icu" 665
"../../../Engine/Content/Internationalization/icudt64l/res_index.res" 666
"../../../Engine/Content/Internationalization/icudt64l/plurals.res" 667
"../../../Engine/Content/Internationalization/icudt64l/lang/ru.res" 668
"../../../Engine/Content/Internationalization/icudt64l/lang/pool.res" 669
"../../../Engine/Content/Internationalization/icudt64l/lang/root.res" 670
"../../../Engine/Content/Internationalization/icudt64l/region/ru.res" 671
"../../../Engine/Content/Internationalization/icudt64l/region/pool.res" 672
"../../../Engine/Content/Internationalization/icudt64l/region/root.res" 673
"../../../Engine/Content/Internationalization/icudt64l/lang/en.res" 674
"../../../Engine/Content/Internationalization/icudt64l/region/en.res" 675
"../../../Engine/Content/Internationalization/icudt64l/windowsZones.res" 676
"../../../Engine/Content/Internationalization/icudt64l/zoneinfo64.res" 677
"../../../Engine/Content/Internationalization/icudt64l/keyTypeData.res" 678
"../../../Engine/Content/Internationalization/icudt64l/timezoneTypes.res" 679
"../../../Engine/Content/Internationalization/icudt64l/likelySubtags.res" 680
"../../../Engine/Content/Internationalization/icudt64l/ru_RU.res" 681
"../../../Engine/Content/Internationalization/icudt64l/pool.res" 682
"../../../Engine/Content/Internationalization/icudt64l/ru.res" 683
"../../../Engine/Content/Internationalization/icudt64l/root.res" 684
"../../../Engine/Content/Internationalization/icudt64l/supplementalData.res" 685
"../../../Engine/Config/ConfigRedirects.ini" 686
"C:/Users/Admin/AppData/Local/UnrealEngine/5.5/Saved/Config/WindowsEditor/Manifest.ini" 687
"../../../Engine/Config/BaseEngine.ini" 688
"../../../Engine/Config/Windows/BaseWindowsEngine.ini" 689
"../../../../../../Users/Admin/Desktop/MainProject/Mutants/Config/DefaultEngine.ini" 690
"../../../Engine/Config/Windows/WindowsEngine.ini" 691
"C:/Users/Admin/Desktop/MainProject/Mutants/Saved/Config/WindowsEditor/Engine.ini" 692
"../../../Engine/Config/BaseGame.ini" 693
"../../../../../../Users/Admin/Desktop/MainProject/Mutants/Config/DefaultGame.ini" 694
"../../../Engine/Config/Windows/WindowsGame.ini" 695
"C:/Users/Admin/Desktop/MainProject/Mutants/Saved/Config/WindowsEditor/Game.ini" 696
"../../../Engine/Config/BaseInput.ini" 697
"../../../Engine/Config/Windows/BaseWindowsInput.ini" 698
"../../../../../../Users/Admin/Desktop/MainProject/Mutants/Config/DefaultInput.ini" 699
"../../../Engine/Config/Windows/WindowsInput.ini" 700
"../../../Engine/Config/BaseDeviceProfiles.ini" 701
"../../../Engine/Config/BaseGameUserSettings.ini" 702
"C:/Users/Admin/Desktop/MainProject/Mutants/Saved/Config/WindowsEditor/GameUserSettings.ini" 703
"../../../Engine/Config/BaseScalability.ini" 704
"../../../Engine/Config/BaseRuntimeOptions.ini" 705
"../../../Engine/Config/BaseInstallBundle.ini" 706
"../../../Engine/Config/BaseHardware.ini" 707
"../../../Engine/Config/BaseLightmass.ini" 708
"../../../Engine/Config/BaseEditor.ini" 709
"../../../../../../Users/Admin/Desktop/MainProject/Mutants/Config/DefaultEditor.ini" 710
"C:/Users/Admin/Desktop/MainProject/Mutants/Saved/Config/WindowsEditor/Editor.ini" 711
"../../../Engine/Config/BaseEditorPerProjectUserSettings.ini" 712
"../../../../../../Users/Admin/Desktop/MainProject/Mutants/Config/DefaultEditorPerProjectUserSettings.ini" 713
"../../../Engine/Config/Windows/WindowsEditorPerProjectUserSettings.ini" 714
"C:/Users/Admin/Desktop/MainProject/Mutants/Saved/Config/WindowsEditor/EditorPerProjectUserSettings.ini" 715
"../../../Engine/Config/BaseEditorSettings.ini" 716
"C:/Users/Admin/AppData/Local/UnrealEngine/5.5/Saved/Config/WindowsEditor/EditorSettings.ini" 717
"../../../Engine/Config/BaseEditorKeyBindings.ini" 718
"../../../Engine/Config/IOS/BaseIOSEngine.ini" 719
"../../../Engine/Config/Android/BaseAndroidEngine.ini" 720
"../../../Engine/Config/Mac/BaseMacEngine.ini" 721
"../../../Engine/Config/Android/AndroidEngine.ini" 722
"../../../Engine/Config/LinuxArm64/BaseLinuxArm64Engine.ini" 723
"../../../Engine/Config/Linux/BaseLinuxEngine.ini" 724
"../../../Engine/Config/Unix/UnixEngine.ini" 725
"../../../../../../Users/Admin/Desktop/MainProject/Mutants/Binaries/Win64/Mutants.target" 726
"../../../Engine/Config/LinuxArm64/LinuxArm64Engine.ini" 727
"../../../Engine/Config/Android/BaseAndroidGame.ini" 728
"../../../Engine/Config/TVOS/TVOSEngine.ini" 729
"../../../Engine/Config/Linux/LinuxEngine.ini" 730
"../../../Engine/Config/IOS/BaseIOSGame.ini" 731
"../../../Engine/Config/IOS/IOSGame.ini" 732
"../../../Engine/Binaries/Win64/BootstrapPackagedGame-Win64-Shipping.target" 733
"../../../Engine/Binaries/Win64/BuildPatchTool-Win64-Shipping.target" 734
"../../../Engine/Config/Mac/MacGame.ini" 735
"../../../Engine/Binaries/Win64/CrashReportClient-Win64-Shipping.target" 736
"../../../Engine/Binaries/Win64/CrashReportClientEditor-Win64-Shipping.target" 737
"../../../Engine/Binaries/Win64/DatasmithCADWorker.target" 738
"../../../Engine/Config/Mac/BaseMacInput.ini" 739
"../../../Engine/Binaries/Win64/EpicWebHelper-Win64-Shipping.target" 740
"../../../Engine/Binaries/Win64/InterchangeWorker.target" 741
"../../../Engine/Binaries/Win64/LiveCodingConsole.target" 742
"../../../Engine/Config/Linux/LinuxGame.ini" 743
"../../../Engine/Binaries/Win64/LiveLinkHub.target" 744
"../../../Engine/Config/Android/AndroidScalability.ini" 745
"../../../Engine/Config/IOS/IOSScalability.ini" 746
"../../../Engine/Config/Android/BaseAndroidInstallBundle.ini" 747
"../../../Engine/Config/IOS/BaseIOSInstallBundle.ini" 748
"../../../Engine/Platforms/VisionOS/Config/BaseVisionOSEngine.ini" 749
"../../../Engine/Platforms/VisionOS/Config/VisionOSEngine.ini" 750
"../../../Engine/Binaries/Win64/ShaderCompileWorker.target" 751
"../../../Engine/Binaries/Win64/SwitchboardListener.target" 752
"../../../Engine/Binaries/Win64/SwitchboardListenerHelper.target" 753
"../../../Engine/Binaries/Win64/UnrealEditor-Win64-DebugGame.target" 754
"../../../Engine/Binaries/Win64/UnrealEditor.target" 755
"../../../Engine/Config/PluginBase.ini" 756
"../../../Engine/Plugins/ChaosVD/Config/DefaultChaosVD.ini" 757
"../../../Engine/Plugins/EnhancedInput/Config/BaseEnhancedInput.ini" 758
"../../../Engine/Plugins/Fab/Config/BaseFab.ini" 759
"../../../Engine/Plugins/PCG/Config/BasePCG.ini" 760
"../../../Engine/Plugins/TraceUtilities/Config/BaseTraceUtilities.ini" 761
"../../../Engine/Plugins/Experimental/FullBodyIK/Config/BaseFullBodyIK.ini" 762
"../../../Engine/Plugins/Experimental/ToolPresets/Config/BaseToolPresets.ini" 763
"../../../Engine/Plugins/VirtualProduction/Takes/Config/BaseTakes.ini" 764
"../../../Engine/Plugins/Runtime/HairStrands/Config/BaseHairStrands.ini" 765
"../../../Engine/Plugins/Runtime/Metasound/Config/BaseMetasound.ini" 766
"../../../Engine/Plugins/Runtime/Metasound/Config/DefaultMetasound.ini" 767
"../../../Engine/Plugins/Runtime/RigVM/Config/BaseRigVM.ini" 768
"../../../Engine/Plugins/Runtime/StateTree/Config/BaseStateTree.ini" 769
"../../../Engine/Plugins/Runtime/Synthesis/Config/BaseSynthesis.ini" 770
"../../../Engine/Plugins/Runtime/USDCore/Config/BaseUSDCore.ini" 771
"../../../Engine/Plugins/2D/Paper2D/Config/BasePaper2D.ini" 772
"../../../Engine/Plugins/Animation/ControlRig/Config/BaseControlRig.ini" 773
"../../../Engine/Plugins/Animation/IKRig/Config/BaseIKRig.ini" 774
"../../../Engine/Plugins/Animation/DeformerGraph/Config/BaseDeformerGraph.ini" 775
"../../../Engine/Plugins/Animation/LiveLink/Config/BaseLiveLink.ini" 776
"../../../Engine/Plugins/Cameras/GameplayCameras/Config/BaseGameplayCameras.ini" 777
"../../../Engine/Plugins/Editor/EditorScriptingUtilities/Config/BaseEditorScriptingUtilities.ini" 778
"../../../Engine/Plugins/Enterprise/DatasmithContent/Config/BaseDatasmithContent.ini" 779
"../../../Engine/Plugins/Enterprise/GLTFExporter/Config/BaseGLTFExporter.ini" 780
"../../../Engine/Plugins/Enterprise/GLTFExporter/Config/DefaultGLTFExporter.ini" 781
"../../../Engine/Plugins/Enterprise/VariantManagerContent/Config/BaseVariantManagerContent.ini" 782
"../../../Engine/Plugins/FX/Niagara/Config/BaseNiagara.ini" 783
"../../../Engine/Plugins/Interchange/Assets/Config/BaseInterchangeAssets.ini" 784
"../../../Engine/Plugins/Interchange/Runtime/Config/BaseInterchange.ini" 785
"../../../Engine/Plugins/Experimental/Compositing/HoldoutComposite/Config/BaseHoldoutComposite.ini" 786
"../../../Engine/Plugins/Developer/Concert/ConcertSync/ConcertSyncCore/Config/BaseConcertSyncCore.ini" 787
"../../../Engine/Plugins/ChaosVD/Config/Engine.ini" 788
"../../../Engine/Plugins/EnhancedInput/Config/Input.ini" 789
"../../../Engine/Plugins/NNE/NNEDenoiser/Config/Game.ini" 790
"../../../Engine/Plugins/Runtime/InputDebugging/Config/Input.ini" 791
"../../../Engine/Plugins/Runtime/RigVM/Config/Editor.ini" 792
"../../../Engine/Plugins/Runtime/Windows/XInputDevice/Config/Input.ini" 793
"../../../Engine/Plugins/Editor/ModelingToolsEditorMode/Binaries/Win64/UnrealEditor.modules" 794
"../../../Engine/Plugins/Runtime/MeshModelingToolset/Binaries/Win64/UnrealEditor.modules" 795
"../../../Engine/Plugins/Experimental/MeshModelingToolsetExp/Binaries/Win64/UnrealEditor.modules" 796
"../../../Engine/Plugins/Editor/MeshLODToolset/Binaries/Win64/UnrealEditor.modules" 797
"../../../Engine/Plugins/Experimental/ToolPresets/Binaries/Win64/UnrealEditor.modules" 798
"../../../Engine/Plugins/Editor/StylusInput/Binaries/Win64/UnrealEditor.modules" 799
"../../../Engine/Plugins/Runtime/GeometryProcessing/Binaries/Win64/UnrealEditor.modules" 800
"../../../Engine/Plugins/Editor/ProxyLODPlugin/Binaries/Win64/UnrealEditor.modules" 801
"../../../Engine/Plugins/Experimental/PlanarCutPlugin/Binaries/Win64/UnrealEditor.modules" 802
"../../../Engine/Plugins/Experimental/GeometryFlow/Binaries/Win64/UnrealEditor.modules" 803
"../../../Engine/Plugins/Editor/EditorScriptingUtilities/Binaries/Win64/UnrealEditor.modules" 804
"../../../Engine/Plugins/Marketplace/SteamCor77fed6fa6641V9/Binaries/Win64/UnrealEditor.modules" 805
"../../../Engine/Plugins/Online/OnlineSubsystem/Binaries/Win64/UnrealEditor.modules" 806
"../../../Engine/Plugins/Online/OnlineSubsystemUtils/Binaries/Win64/UnrealEditor.modules" 807
"../../../Engine/Plugins/Runtime/AudioCapture/Binaries/Win64/UnrealEditor.modules" 808
"../../../Engine/Plugins/Online/OnlineBase/Binaries/Win64/UnrealEditor.modules" 809
"../../../Engine/Plugins/Online/OnlineServices/Binaries/Win64/UnrealEditor.modules" 810
"../../../Engine/Plugins/PCG/Binaries/Win64/UnrealEditor.modules" 811
"../../../Engine/Plugins/Runtime/ComputeFramework/Binaries/Win64/UnrealEditor.modules" 812
"../../../Engine/Plugins/ChaosCloth/Binaries/Win64/UnrealEditor.modules" 813
"../../../Engine/Plugins/Experimental/ChaosCaching/Binaries/Win64/UnrealEditor.modules" 814
"../../../Engine/Plugins/VirtualProduction/Takes/Binaries/Win64/UnrealEditor.modules" 815
"../../../Engine/Plugins/MovieScene/LevelSequenceEditor/Binaries/Win64/UnrealEditor.modules" 816
"../../../Engine/Plugins/MovieScene/SequencerScripting/Binaries/Win64/UnrealEditor.modules" 817
"../../../Engine/Plugins/Experimental/PythonScriptPlugin/Binaries/Win64/UnrealEditor.modules" 818
"../../../Engine/Plugins/Editor/ContentBrowser/ContentBrowserFileDataSource/Binaries/Win64/UnrealEditor.modules" 819
"../../../Engine/Plugins/ChaosVD/Binaries/Win64/UnrealEditor.modules" 820
"../../../Engine/Plugins/CmdLinkServer/Binaries/Win64/UnrealEditor.modules" 821
"../../../Engine/Plugins/EnhancedInput/Binaries/Win64/UnrealEditor.modules" 822
"../../../Engine/Plugins/Editor/DataValidation/Binaries/Win64/UnrealEditor.modules" 823
"../../../Engine/Plugins/Fab/Binaries/Win64/UnrealEditor.modules" 824
"../../../Engine/Plugins/Interchange/Runtime/Binaries/Win64/UnrealEditor.modules" 825
"../../../Engine/Plugins/Online/EOSShared/Binaries/Win64/UnrealEditor.modules" 826
"../../../Engine/Plugins/Runtime/USDCore/Binaries/Win64/UnrealEditor.modules" 827
"../../../Engine/Plugins/Enterprise/VariantManagerContent/Binaries/Win64/UnrealEditor.modules" 828
"../../../Engine/Plugins/Enterprise/VariantManager/Binaries/Win64/UnrealEditor.modules" 829
"../../../Engine/Plugins/Animation/ControlRig/Binaries/Win64/UnrealEditor.modules" 830
"../../../Engine/Plugins/Runtime/GeometryCache/Binaries/Win64/UnrealEditor.modules" 831
"../../../Engine/Plugins/Runtime/HairStrands/Binaries/Win64/UnrealEditor.modules" 832
"../../../Engine/Plugins/Animation/LiveLink/Binaries/Win64/UnrealEditor.modules" 833
"../../../Engine/Plugins/Runtime/RigVM/Binaries/Win64/UnrealEditor.modules" 834
"../../../Engine/Plugins/Runtime/PropertyAccess/Binaries/Win64/UnrealEditor.modules" 835
"../../../Engine/Plugins/FX/Niagara/Binaries/Win64/UnrealEditor.modules" 836
"../../../Engine/Plugins/Animation/DeformerGraph/Binaries/Win64/UnrealEditor.modules" 837
"../../../Engine/Plugins/Developer/Concert/ConcertSync/ConcertSyncClient/Binaries/Win64/UnrealEditor.modules" 838
"../../../Engine/Plugins/Editor/ContentBrowser/ContentBrowserAssetDataSource/Binaries/Win64/UnrealEditor.modules" 839
"../../../Engine/Plugins/Developer/Concert/ConcertSync/ConcertSyncCore/Binaries/Win64/UnrealEditor.modules" 840
"../../../Engine/Plugins/Developer/Concert/ConcertMain/Binaries/Win64/UnrealEditor.modules" 841
"../../../Engine/Plugins/Runtime/Database/SQLiteCore/Binaries/Win64/UnrealEditor.modules" 842
"../../../Engine/Plugins/FastBuildController/Binaries/Win64/UnrealEditor.modules" 843
"../../../Engine/Plugins/MeshPainting/Binaries/Win64/UnrealEditor.modules" 844
"../../../Engine/Plugins/Interchange/Editor/Binaries/Win64/UnrealEditor.modules" 845
"../../../Engine/Plugins/RenderGraphInsights/Binaries/Win64/UnrealEditor.modules" 846
"../../../Engine/Plugins/TraceUtilities/Binaries/Win64/UnrealEditor.modules" 847
"../../../Engine/Plugins/UbaController/Binaries/Win64/UnrealEditor.modules" 848
"../../../Engine/Plugins/WorldMetrics/Binaries/Win64/UnrealEditor.modules" 849
"../../../Engine/Plugins/XGEController/Binaries/Win64/UnrealEditor.modules" 850
"../../../Engine/Plugins/Experimental/AdvancedRenamer/Binaries/Win64/UnrealEditor.modules" 851
"../../../Engine/Plugins/Experimental/AutomationUtils/Binaries/Win64/UnrealEditor.modules" 852
"../../../Engine/Plugins/Experimental/BackChannel/Binaries/Win64/UnrealEditor.modules" 853
"../../../Engine/Plugins/Experimental/ChaosEditor/Binaries/Win64/UnrealEditor.modules" 854
"../../../Engine/Plugins/Experimental/GeometryCollectionPlugin/Binaries/Win64/UnrealEditor.modules" 855
"../../../Engine/Plugins/Experimental/Fracture/Binaries/Win64/UnrealEditor.modules" 856
"../../../Engine/Plugins/Runtime/ProceduralMeshComponent/Binaries/Win64/UnrealEditor.modules" 857
"../../../Engine/Plugins/Experimental/ChaosSolverPlugin/Binaries/Win64/UnrealEditor.modules" 858
"../../../Engine/Plugins/Experimental/Dataflow/Binaries/Win64/UnrealEditor.modules" 859
"../../../Engine/Plugins/Experimental/CharacterFXEditor/BaseCharacterFXEditor/Binaries/Win64/UnrealEditor.modules" 860
"../../../Engine/Plugins/Experimental/ChaosUserDataPT/Binaries/Win64/UnrealEditor.modules" 861
"../../../Engine/Plugins/Experimental/ChaosNiagara/Binaries/Win64/UnrealEditor.modules" 862
"../../../Engine/Plugins/Experimental/CharacterAI/Binaries/Win64/UnrealEditor.modules" 863
"../../../Engine/Plugins/Experimental/EditorDataStorage/Binaries/Win64/UnrealEditor.modules" 864
"../../../Engine/Plugins/Experimental/EditorPerformance/Binaries/Win64/UnrealEditor.modules" 865
"../../../Engine/Plugins/Experimental/StudioTelemetry/Binaries/Win64/UnrealEditor.modules" 866
"../../../Engine/Plugins/Experimental/EditorTelemetry/Binaries/Win64/UnrealEditor.modules" 867
"../../../Engine/Plugins/Experimental/LocalizableMessage/Binaries/Win64/UnrealEditor.modules" 868
"../../../Engine/Plugins/Experimental/NFORDenoise/Binaries/Win64/UnrealEditor.modules" 869
"../../../Engine/Plugins/Experimental/PlatformCrypto/Binaries/Win64/UnrealEditor.modules" 870
"../../../Engine/Plugins/Experimental/SkeletalReduction/Binaries/Win64/UnrealEditor.modules" 871
"../../../Engine/Plugins/MovieScene/ActorSequence/Binaries/Win64/UnrealEditor.modules" 872
"../../../Engine/Plugins/NNE/NNEDenoiser/Binaries/Win64/UnrealEditor.modules" 873
"../../../Engine/Plugins/NNE/NNERuntimeORT/Binaries/Win64/UnrealEditor.modules" 874
"../../../Engine/Plugins/Tests/InterchangeTests/Binaries/Win64/UnrealEditor.modules" 875
"../../../Engine/Plugins/Importers/AlembicImporter/Binaries/Win64/UnrealEditor.modules" 876
"../../../Engine/Plugins/Online/OnlineSubsystemNull/Binaries/Win64/UnrealEditor.modules" 877
"../../../Engine/Plugins/Runtime/ActorLayerUtilities/Binaries/Win64/UnrealEditor.modules" 878
"../../../Engine/Plugins/Runtime/AndroidDeviceProfileSelector/Binaries/Win64/UnrealEditor.modules" 879
"../../../Engine/Plugins/Runtime/AndroidFileServer/Binaries/Win64/UnrealEditor.modules" 880
"../../../Engine/Plugins/Runtime/AppleImageUtils/Binaries/Win64/UnrealEditor.modules" 881
"../../../Engine/Plugins/Runtime/AndroidPermission/Binaries/Win64/UnrealEditor.modules" 882
"../../../Engine/Plugins/Runtime/AssetTags/Binaries/Win64/UnrealEditor.modules" 883
"../../../Engine/Plugins/Runtime/ArchVisCharacter/Binaries/Win64/UnrealEditor.modules" 884
"../../../Engine/Plugins/Runtime/CableComponent/Binaries/Win64/UnrealEditor.modules" 885
"../../../Engine/Plugins/Runtime/CustomMeshComponent/Binaries/Win64/UnrealEditor.modules" 886
"../../../Engine/Plugins/Runtime/ExampleDeviceProfileSelector/Binaries/Win64/UnrealEditor.modules" 887
"../../../Engine/Plugins/Runtime/ChunkDownloader/Binaries/Win64/UnrealEditor.modules" 888
"../../../Engine/Plugins/Runtime/GooglePAD/Binaries/Win64/UnrealEditor.modules" 889
"../../../Engine/Plugins/Runtime/InputDebugging/Binaries/Win64/UnrealEditor.modules" 890
"../../../Engine/Plugins/Runtime/LocationServicesBPLibrary/Binaries/Win64/UnrealEditor.modules" 891
"../../../Engine/Plugins/Runtime/Metasound/Binaries/Win64/UnrealEditor.modules" 892
"../../../Engine/Plugins/Runtime/AudioWidgets/Binaries/Win64/UnrealEditor.modules" 893
"../../../Engine/Plugins/Runtime/AudioSynesthesia/Binaries/Win64/UnrealEditor.modules" 894
"../../../Engine/Plugins/Runtime/WaveTable/Binaries/Win64/UnrealEditor.modules" 895
"../../../Engine/Plugins/Runtime/MobilePatchingUtils/Binaries/Win64/UnrealEditor.modules" 896
"../../../Engine/Plugins/Runtime/MsQuic/Binaries/Win64/UnrealEditor.modules" 897
"../../../Engine/Plugins/Runtime/ResonanceAudio/Binaries/Win64/UnrealEditor.modules" 898
"../../../Engine/Plugins/Runtime/SoundFields/Binaries/Win64/UnrealEditor.modules" 899
"../../../Engine/Plugins/Runtime/Synthesis/Binaries/Win64/UnrealEditor.modules" 900
"../../../Engine/Plugins/Runtime/WebMMoviePlayer/Binaries/Win64/UnrealEditor.modules" 901
"../../../Engine/Plugins/Media/WebMMedia/Binaries/Win64/UnrealEditor.modules" 902
"../../../Engine/Plugins/Runtime/WindowsDeviceProfileSelector/Binaries/Win64/UnrealEditor.modules" 903
"../../../Engine/Plugins/Runtime/WindowsMoviePlayer/Binaries/Win64/UnrealEditor.modules" 904
"../../../Engine/Plugins/2D/Paper2D/Binaries/Win64/UnrealEditor.modules" 905
"../../../Engine/Plugins/AI/AISupport/Binaries/Win64/UnrealEditor.modules" 906
"../../../Engine/Plugins/AI/EnvironmentQueryEditor/Binaries/Win64/UnrealEditor.modules" 907
"../../../Engine/Plugins/Animation/ACLPlugin/Binaries/Win64/UnrealEditor.modules" 908
"../../../Engine/Plugins/Animation/AnimationModifierLibrary/Binaries/Win64/UnrealEditor.modules" 909
"../../../Engine/Plugins/Animation/AnimationData/Binaries/Win64/UnrealEditor.modules" 910
"../../../Engine/Plugins/Animation/BlendSpaceMotionAnalysis/Binaries/Win64/UnrealEditor.modules" 911
"../../../Engine/Plugins/Animation/ControlRigSpline/Binaries/Win64/UnrealEditor.modules" 912
"../../../Engine/Plugins/Animation/IKRig/Binaries/Win64/UnrealEditor.modules" 913
"../../../Engine/Plugins/Experimental/FullBodyIK/Binaries/Win64/UnrealEditor.modules" 914
"../../../Engine/Plugins/Cameras/GameplayCameras/Binaries/Win64/UnrealEditor.modules" 915
"../../../Engine/Plugins/Runtime/StateTree/Binaries/Win64/UnrealEditor.modules" 916
"../../../Engine/Plugins/MovieScene/TemplateSequence/Binaries/Win64/UnrealEditor.modules" 917
"../../../Engine/Plugins/Compression/OodleNetwork/Binaries/Win64/UnrealEditor.modules" 918
"../../../Engine/Plugins/Developer/AnimationSharing/Binaries/Win64/UnrealEditor.modules" 919
"../../../Engine/Plugins/Runtime/SignificanceManager/Binaries/Win64/UnrealEditor.modules" 920
"../../../Engine/Plugins/Cameras/CameraShakePreviewer/Binaries/Win64/UnrealEditor.modules" 921
"../../../Engine/Plugins/Cameras/EngineCameras/Binaries/Win64/UnrealEditor.modules" 922
"../../../Engine/Plugins/Developer/CLionSourceCodeAccess/Binaries/Win64/UnrealEditor.modules" 923
"../../../Engine/Plugins/Developer/DumpGPUServices/Binaries/Win64/UnrealEditor.modules" 924
"../../../Engine/Plugins/Developer/GitSourceControl/Binaries/Win64/UnrealEditor.modules" 925
"../../../Engine/Plugins/Developer/PerforceSourceControl/Binaries/Win64/UnrealEditor.modules" 926
"../../../Engine/Plugins/Developer/N10XSourceCodeAccess/Binaries/Win64/UnrealEditor.modules" 927
"../../../Engine/Plugins/Developer/PropertyAccessNode/Binaries/Win64/UnrealEditor.modules" 928
"../../../Engine/Plugins/Developer/PlasticSourceControl/Binaries/Win64/UnrealEditor.modules" 929
"../../../Engine/Plugins/Developer/PixWinPlugin/Binaries/Win64/UnrealEditor.modules" 930
"../../../Engine/Plugins/Developer/RiderSourceCodeAccess/Binaries/Win64/UnrealEditor.modules" 931
"../../../Engine/Plugins/Developer/RenderDocPlugin/Binaries/Win64/UnrealEditor.modules" 932
"../../../Engine/Plugins/Developer/PluginUtils/Binaries/Win64/UnrealEditor.modules" 933
"../../../Engine/Plugins/Developer/SubversionSourceControl/Binaries/Win64/UnrealEditor.modules" 934
"../../../Engine/Plugins/Developer/TextureFormatOodle/Binaries/Win64/UnrealEditor.modules" 935
"../../../Engine/Plugins/Developer/UObjectPlugin/Binaries/Win64/UnrealEditor.modules" 936
"../../../Engine/Plugins/Developer/VisualStudioCodeSourceCodeAccess/Binaries/Win64/UnrealEditor.modules" 937
"../../../Engine/Plugins/Developer/VisualStudioSourceCodeAccess/Binaries/Win64/UnrealEditor.modules" 938
"../../../Engine/Plugins/Editor/AssetManagerEditor/Binaries/Win64/UnrealEditor.modules" 939
"../../../Engine/Plugins/Editor/BlueprintHeaderView/Binaries/Win64/UnrealEditor.modules" 940
"../../../Engine/Plugins/Editor/ChangelistReview/Binaries/Win64/UnrealEditor.modules" 941
"../../../Engine/Plugins/Editor/ColorGrading/Binaries/Win64/UnrealEditor.modules" 942
"../../../Engine/Plugins/Editor/ObjectMixer/ObjectMixer/Binaries/Win64/UnrealEditor.modules" 943
"../../../Engine/Plugins/Editor/CurveEditorTools/Binaries/Win64/UnrealEditor.modules" 944
"../../../Engine/Plugins/Editor/CryptoKeys/Binaries/Win64/UnrealEditor.modules" 945
"../../../Engine/Plugins/Editor/EditorDebugTools/Binaries/Win64/UnrealEditor.modules" 946
"../../../Engine/Plugins/Editor/GameplayTagsEditor/Binaries/Win64/UnrealEditor.modules" 947
"../../../Engine/Plugins/Editor/EngineAssetDefinitions/Binaries/Win64/UnrealEditor.modules" 948
"../../../Engine/Plugins/Editor/FacialAnimation/Binaries/Win64/UnrealEditor.modules" 949
"../../../Engine/Plugins/Editor/GeometryMode/Binaries/Win64/UnrealEditor.modules" 950
"../../../Engine/Plugins/Editor/MaterialAnalyzer/Binaries/Win64/UnrealEditor.modules" 951
"../../../Engine/Plugins/Editor/MobileLauncherProfileWizard/Binaries/Win64/UnrealEditor.modules" 952
"../../../Engine/Plugins/Editor/PluginBrowser/Binaries/Win64/UnrealEditor.modules" 953
"../../../Engine/Plugins/Editor/SpeedTreeImporter/Binaries/Win64/UnrealEditor.modules" 954
"../../../Engine/Plugins/Editor/SequencerAnimTools/Binaries/Win64/UnrealEditor.modules" 955
"../../../Engine/Plugins/Editor/UMGWidgetPreview/Binaries/Win64/UnrealEditor.modules" 956
"../../../Engine/Plugins/Editor/WorldPartitionHLODUtilities/Binaries/Win64/UnrealEditor.modules" 957
"../../../Engine/Plugins/Enterprise/DatasmithContent/Binaries/Win64/UnrealEditor.modules" 958
"../../../Engine/Plugins/Enterprise/GLTFExporter/Binaries/Win64/UnrealEditor.modules" 959
"../../../Engine/Plugins/Editor/UVEditor/Binaries/Win64/UnrealEditor.modules" 960
"../../../Engine/Plugins/FX/NiagaraSimCaching/Binaries/Win64/UnrealEditor.modules" 961
"../../../Engine/Plugins/Media/AndroidMedia/Binaries/Win64/UnrealEditor.modules" 962
"../../../Engine/Plugins/Media/AvfMedia/Binaries/Win64/UnrealEditor.modules" 963
"../../../Engine/Plugins/Media/ImgMedia/Binaries/Win64/UnrealEditor.modules" 964
"../../../Engine/Plugins/Media/MediaPlayerEditor/Binaries/Win64/UnrealEditor.modules" 965
"../../../Engine/Plugins/Media/MediaCompositing/Binaries/Win64/UnrealEditor.modules" 966
"../../../Engine/Plugins/Media/MediaPlate/Binaries/Win64/UnrealEditor.modules" 967
"../../../Engine/Plugins/Experimental/Compositing/HoldoutComposite/Binaries/Win64/UnrealEditor.modules" 968
"../../../Engine/Plugins/Portal/LauncherChunkInstaller/Binaries/Win64/UnrealEditor.modules" 969
"../../../Engine/Plugins/Media/WmfMedia/Binaries/Win64/UnrealEditor.modules" 970
"../../../Engine/Plugins/Messaging/TcpMessaging/Binaries/Win64/UnrealEditor.modules" 971
"../../../Engine/Plugins/Messaging/UdpMessaging/Binaries/Win64/UnrealEditor.modules" 972
"../../../Engine/Plugins/Editor/ContentBrowser/ContentBrowserClassDataSource/Binaries/Win64/UnrealEditor.modules" 973
"../../../Engine/Plugins/Experimental/Animation/SkeletalMeshModelingTools/Binaries/Win64/UnrealEditor.modules" 974
"../../../Engine/Plugins/Editor/Localization/PortableObjectFileDataSource/Binaries/Win64/UnrealEditor.modules" 975
"../../../Engine/Plugins/Editor/ObjectMixer/LightMixer/Binaries/Win64/UnrealEditor.modules" 976
"../../../Engine/Plugins/Runtime/Windows/XInputDevice/Binaries/Win64/UnrealEditor.modules" 977
"../../../Engine/Config/BaseSourceControlSettings.ini" 978
"C:/Users/Admin/AppData/Local/UnrealEngine/5.5/Saved/Config/WindowsEditor/SourceControlSettings.ini" 979
"C:/Users/Admin/Desktop/MainProject/Mutants/Saved/Config/WindowsEditor/SourceControlSettings.ini" 980
"../../../Engine/Content/Internationalization/icudt64l/coll/ucadata.icu" 981
"../../../Engine/Content/Internationalization/icudt64l/coll/ru.res" 982
"../../../Engine/Content/Internationalization/icudt64l/coll/root.res" 983
"../../../Engine/Content/Certificates/ThirdParty/cacert.pem" 984
"../../../Engine/Config/ConsoleVariables.ini" 985
"../../../Engine/Binaries/Win64/Android/UnrealEditor.modules" 986
"../../../Engine/Binaries/Win64/IOS/UnrealEditor.modules" 987
"../../../Engine/Binaries/Win64/Linux/UnrealEditor.modules" 988
"../../../Engine/Binaries/Win64/LinuxArm64/UnrealEditor.modules" 989
"../../../Engine/Content/Localization/Editor/en/Editor.locres" 990
"../../../Engine/Content/Localization/EditorTutorials/en/EditorTutorials.locres" 991
"../../../Engine/Content/Localization/Keywords/en/Keywords.locres" 992
"../../../Engine/Content/Localization/Category/en/Category.locres" 993
"../../../Engine/Content/Localization/ToolTips/en/ToolTips.locres" 994
"../../../Engine/Content/Localization/PropertyNames/en/PropertyNames.locres" 995
"../../../Engine/Content/Localization/Engine/en/Engine.locres" 996
"../../../Engine/Plugins/Online/OnlineSubsystem/Content/Localization/OnlineSubsystem/en/OnlineSubsystem.locres" 997
"../../../Engine/Plugins/Online/OnlineSubsystemUtils/Content/Localization/OnlineSubsystemUtils/en/OnlineSubsystemUtils.locres" 998
"../../../Engine/Plugins/Online/Android/OnlineSubsystemGooglePlay/Content/Localization/OnlineSubsystemGooglePlay/en/OnlineSubsystemGooglePlay.locres" 999
"../../../Engine/Plugins/Online/IOS/OnlineSubsystemIOS/Content/Localization/OnlineSubsystemIOS/en/OnlineSubsystemIOS.locres" 1000
"../../../Engine/Content/Internationalization/icudt64l/en.res" 1001
"../../../Engine/Content/Internationalization/icudt64l/numberingSystems.res" 1002
"../../../Engine/Content/Internationalization/icudt64l/curr/en.res" 1003
"../../../Engine/Content/Internationalization/icudt64l/curr/pool.res" 1004
"../../../Engine/Content/Internationalization/icudt64l/curr/root.res" 1005
"../../../Engine/Content/Internationalization/icudt64l/lang/af.res" 1006
"../../../Engine/Content/Internationalization/icudt64l/region/af.res" 1007
"../../../Engine/Content/Internationalization/icudt64l/lang/agq.res" 1008
"../../../Engine/Content/Internationalization/icudt64l/region/agq.res" 1009
"../../../Engine/Content/Internationalization/icudt64l/lang/ak.res" 1010
"../../../Engine/Content/Internationalization/icudt64l/region/ak.res" 1011
"../../../Engine/Content/Internationalization/icudt64l/lang/am.res" 1012
"../../../Engine/Content/Internationalization/icudt64l/region/am.res" 1013
"../../../Engine/Content/Internationalization/icudt64l/lang/ar.res" 1014
"../../../Engine/Content/Internationalization/icudt64l/region/ar.res" 1015
"../../../Engine/Content/Internationalization/icudt64l/region/ar_AE.res" 1016
"../../../Engine/Content/Internationalization/icudt64l/lang/ar_EG.res" 1017
"../../../Engine/Content/Internationalization/icudt64l/lang/ar_LY.res" 1018
"../../../Engine/Content/Internationalization/icudt64l/region/ar_LY.res" 1019
"../../../Engine/Content/Internationalization/icudt64l/lang/ar_SA.res" 1020
"../../../Engine/Content/Internationalization/icudt64l/region/ar_SA.res" 1021
"../../../Engine/Content/Internationalization/icudt64l/lang/as.res" 1022
"../../../Engine/Content/Internationalization/icudt64l/region/as.res" 1023
"../../../Engine/Content/Internationalization/icudt64l/lang/asa.res" 1024
"../../../Engine/Content/Internationalization/icudt64l/region/asa.res" 1025
"../../../Engine/Content/Internationalization/icudt64l/lang/ast.res" 1026
"../../../Engine/Content/Internationalization/icudt64l/region/ast.res" 1027
"../../../Engine/Content/Internationalization/icudt64l/lang/az.res" 1028
"../../../Engine/Content/Internationalization/icudt64l/lang/az_Cyrl.res" 1029
"../../../Engine/Content/Internationalization/icudt64l/lang/az_AZ.res" 1030
"../../../Engine/Content/Internationalization/icudt64l/lang/az_Latn_AZ.res" 1031
"../../../Engine/Content/Internationalization/icudt64l/lang/az_Latn.res" 1032
"../../../Engine/Content/Internationalization/icudt64l/region/az_AZ.res" 1033
"../../../Engine/Content/Internationalization/icudt64l/region/az_Latn_AZ.res" 1034
"../../../Engine/Content/Internationalization/icudt64l/region/az_Latn.res" 1035
"../../../Engine/Content/Internationalization/icudt64l/region/az.res" 1036
"../../../Engine/Content/Internationalization/icudt64l/region/az_Cyrl.res" 1037
"../../../Engine/Content/Internationalization/icudt64l/lang/bas.res" 1038
"../../../Engine/Content/Internationalization/icudt64l/region/bas.res" 1039
"../../../Engine/Content/Internationalization/icudt64l/lang/be.res" 1040
"../../../Engine/Content/Internationalization/icudt64l/region/be.res" 1041
"../../../Engine/Content/Internationalization/icudt64l/lang/bem.res" 1042
"../../../Engine/Content/Internationalization/icudt64l/region/bem.res" 1043
"../../../Engine/Content/Internationalization/icudt64l/lang/bez.res" 1044
"../../../Engine/Content/Internationalization/icudt64l/region/bez.res" 1045
"../../../Engine/Content/Internationalization/icudt64l/lang/bg.res" 1046
"../../../Engine/Content/Internationalization/icudt64l/region/bg.res" 1047
"../../../Engine/Content/Internationalization/icudt64l/lang/bm.res" 1048
"../../../Engine/Content/Internationalization/icudt64l/region/bm.res" 1049
"../../../Engine/Content/Internationalization/icudt64l/lang/bn.res" 1050
"../../../Engine/Content/Internationalization/icudt64l/region/bn.res" 1051
"../../../Engine/Content/Internationalization/icudt64l/lang/bn_IN.res" 1052
"../../../Engine/Content/Internationalization/icudt64l/region/bn_IN.res" 1053
"../../../Engine/Content/Internationalization/icudt64l/lang/bo.res" 1054
"../../../Engine/Content/Internationalization/icudt64l/region/bo.res" 1055
"../../../Engine/Content/Internationalization/icudt64l/region/bo_IN.res" 1056
"../../../Engine/Content/Internationalization/icudt64l/lang/br.res" 1057
"../../../Engine/Content/Internationalization/icudt64l/region/br.res" 1058
"../../../Engine/Content/Internationalization/icudt64l/lang/brx.res" 1059
"../../../Engine/Content/Internationalization/icudt64l/region/brx.res" 1060
"../../../Engine/Content/Internationalization/icudt64l/lang/bs.res" 1061
"../../../Engine/Content/Internationalization/icudt64l/lang/bs_Cyrl.res" 1062
"../../../Engine/Content/Internationalization/icudt64l/lang/bs_BA.res" 1063
"../../../Engine/Content/Internationalization/icudt64l/lang/bs_Latn_BA.res" 1064
"../../../Engine/Content/Internationalization/icudt64l/lang/bs_Latn.res" 1065
"../../../Engine/Content/Internationalization/icudt64l/region/bs_BA.res" 1066
"../../../Engine/Content/Internationalization/icudt64l/region/bs_Latn_BA.res" 1067
"../../../Engine/Content/Internationalization/icudt64l/region/bs_Latn.res" 1068
"../../../Engine/Content/Internationalization/icudt64l/region/bs.res" 1069
"../../../Engine/Content/Internationalization/icudt64l/region/bs_Cyrl.res" 1070
"../../../Engine/Content/Internationalization/icudt64l/lang/ca.res" 1071
"../../../Engine/Content/Internationalization/icudt64l/region/ca.res" 1072
"../../../Engine/Content/Internationalization/icudt64l/lang/ccp.res" 1073
"../../../Engine/Content/Internationalization/icudt64l/region/ccp.res" 1074
"../../../Engine/Content/Internationalization/icudt64l/lang/ce.res" 1075
"../../../Engine/Content/Internationalization/icudt64l/region/ce.res" 1076
"../../../Engine/Content/Internationalization/icudt64l/lang/ceb.res" 1077
"../../../Engine/Content/Internationalization/icudt64l/region/ceb.res" 1078
"../../../Engine/Content/Internationalization/icudt64l/lang/cgg.res" 1079
"../../../Engine/Content/Internationalization/icudt64l/region/cgg.res" 1080
"../../../Engine/Content/Internationalization/icudt64l/lang/chr.res" 1081
"../../../Engine/Content/Internationalization/icudt64l/region/chr.res" 1082
"../../../Engine/Content/Internationalization/icudt64l/lang/ckb.res" 1083
"../../../Engine/Content/Internationalization/icudt64l/region/ckb.res" 1084
"../../../Engine/Content/Internationalization/icudt64l/lang/cs.res" 1085
"../../../Engine/Content/Internationalization/icudt64l/region/cs.res" 1086
"../../../Engine/Content/Internationalization/icudt64l/lang/cy.res" 1087
"../../../Engine/Content/Internationalization/icudt64l/region/cy.res" 1088
"../../../Engine/Content/Internationalization/icudt64l/lang/da.res" 1089
"../../../Engine/Content/Internationalization/icudt64l/region/da.res" 1090
"../../../Engine/Content/Internationalization/icudt64l/lang/dav.res" 1091
"../../../Engine/Content/Internationalization/icudt64l/region/dav.res" 1092
"../../../Engine/Content/Internationalization/icudt64l/lang/de.res" 1093
"../../../Engine/Content/Internationalization/icudt64l/lang/de_AT.res" 1094
"../../../Engine/Content/Internationalization/icudt64l/region/de_AT.res" 1095
"../../../Engine/Content/Internationalization/icudt64l/region/de.res" 1096
"../../../Engine/Content/Internationalization/icudt64l/lang/de_CH.res" 1097
"../../../Engine/Content/Internationalization/icudt64l/region/de_CH.res" 1098
"../../../Engine/Content/Internationalization/icudt64l/lang/de_LU.res" 1099
"../../../Engine/Content/Internationalization/icudt64l/lang/dje.res" 1100
"../../../Engine/Content/Internationalization/icudt64l/region/dje.res" 1101
"../../../Engine/Content/Internationalization/icudt64l/lang/dsb.res" 1102
"../../../Engine/Content/Internationalization/icudt64l/region/dsb.res" 1103
"../../../Engine/Content/Internationalization/icudt64l/lang/dua.res" 1104
"../../../Engine/Content/Internationalization/icudt64l/region/dua.res" 1105
"../../../Engine/Content/Internationalization/icudt64l/lang/dyo.res" 1106
"../../../Engine/Content/Internationalization/icudt64l/region/dyo.res" 1107
"../../../Engine/Content/Internationalization/icudt64l/lang/dz.res" 1108
"../../../Engine/Content/Internationalization/icudt64l/region/dz.res" 1109
"../../../Engine/Content/Internationalization/icudt64l/lang/ebu.res" 1110
"../../../Engine/Content/Internationalization/icudt64l/region/ebu.res" 1111
"../../../Engine/Content/Internationalization/icudt64l/lang/ee.res" 1112
"../../../Engine/Content/Internationalization/icudt64l/region/ee.res" 1113
"../../../Engine/Content/Internationalization/icudt64l/lang/el.res" 1114
"../../../Engine/Content/Internationalization/icudt64l/region/el.res" 1115
"../../../Engine/Content/Internationalization/icudt64l/lang/en_001.res" 1116
"../../../Engine/Content/Internationalization/icudt64l/lang/en_150.res" 1117
"../../../Engine/Content/Internationalization/icudt64l/region/en_150.res" 1118
"../../../Engine/Content/Internationalization/icudt64l/lang/en_AG.res" 1119
"../../../Engine/Content/Internationalization/icudt64l/region/en_AG.res" 1120
"../../../Engine/Content/Internationalization/icudt64l/lang/en_AI.res" 1121
"../../../Engine/Content/Internationalization/icudt64l/region/en_AI.res" 1122
"../../../Engine/Content/Internationalization/icudt64l/lang/en_AT.res" 1123
"../../../Engine/Content/Internationalization/icudt64l/region/en_AT.res" 1124
"../../../Engine/Content/Internationalization/icudt64l/lang/en_AU.res" 1125
"../../../Engine/Content/Internationalization/icudt64l/region/en_AU.res" 1126
"../../../Engine/Content/Internationalization/icudt64l/lang/en_BB.res" 1127
"../../../Engine/Content/Internationalization/icudt64l/region/en_BB.res" 1128
"../../../Engine/Content/Internationalization/icudt64l/lang/en_BE.res" 1129
"../../../Engine/Content/Internationalization/icudt64l/region/en_BE.res" 1130
"../../../Engine/Content/Internationalization/icudt64l/lang/en_BM.res" 1131
"../../../Engine/Content/Internationalization/icudt64l/region/en_BM.res" 1132
"../../../Engine/Content/Internationalization/icudt64l/lang/en_BS.res" 1133
"../../../Engine/Content/Internationalization/icudt64l/region/en_BS.res" 1134
"../../../Engine/Content/Internationalization/icudt64l/lang/en_BW.res" 1135
"../../../Engine/Content/Internationalization/icudt64l/region/en_BW.res" 1136
"../../../Engine/Content/Internationalization/icudt64l/lang/en_BZ.res" 1137
"../../../Engine/Content/Internationalization/icudt64l/region/en_BZ.res" 1138
"../../../Engine/Content/Internationalization/icudt64l/lang/en_CA.res" 1139
"../../../Engine/Content/Internationalization/icudt64l/region/en_CA.res" 1140
"../../../Engine/Content/Internationalization/icudt64l/lang/en_CC.res" 1141
"../../../Engine/Content/Internationalization/icudt64l/region/en_CC.res" 1142
"../../../Engine/Content/Internationalization/icudt64l/lang/en_CH.res" 1143
"../../../Engine/Content/Internationalization/icudt64l/region/en_CH.res" 1144
"../../../Engine/Content/Internationalization/icudt64l/lang/en_CK.res" 1145
"../../../Engine/Content/Internationalization/icudt64l/region/en_CK.res" 1146
"../../../Engine/Content/Internationalization/icudt64l/lang/en_CM.res" 1147
"../../../Engine/Content/Internationalization/icudt64l/region/en_CM.res" 1148
"../../../Engine/Content/Internationalization/icudt64l/lang/en_CX.res" 1149
"../../../Engine/Content/Internationalization/icudt64l/region/en_CX.res" 1150
"../../../Engine/Content/Internationalization/icudt64l/lang/en_CY.res" 1151
"../../../Engine/Content/Internationalization/icudt64l/region/en_CY.res" 1152
"../../../Engine/Content/Internationalization/icudt64l/lang/en_DE.res" 1153
"../../../Engine/Content/Internationalization/icudt64l/region/en_DE.res" 1154
"../../../Engine/Content/Internationalization/icudt64l/lang/en_DG.res" 1155
"../../../Engine/Content/Internationalization/icudt64l/region/en_DG.res" 1156
"../../../Engine/Content/Internationalization/icudt64l/lang/en_DK.res" 1157
"../../../Engine/Content/Internationalization/icudt64l/region/en_DK.res" 1158
"../../../Engine/Content/Internationalization/icudt64l/lang/en_DM.res" 1159
"../../../Engine/Content/Internationalization/icudt64l/region/en_DM.res" 1160
"../../../Engine/Content/Internationalization/icudt64l/lang/en_ER.res" 1161
"../../../Engine/Content/Internationalization/icudt64l/region/en_ER.res" 1162
"../../../Engine/Content/Internationalization/icudt64l/lang/en_FI.res" 1163
"../../../Engine/Content/Internationalization/icudt64l/region/en_FI.res" 1164
"../../../Engine/Content/Internationalization/icudt64l/lang/en_FJ.res" 1165
"../../../Engine/Content/Internationalization/icudt64l/region/en_FJ.res" 1166
"../../../Engine/Content/Internationalization/icudt64l/lang/en_FK.res" 1167
"../../../Engine/Content/Internationalization/icudt64l/region/en_FK.res" 1168
"../../../Engine/Content/Internationalization/icudt64l/lang/en_FM.res" 1169
"../../../Engine/Content/Internationalization/icudt64l/region/en_FM.res" 1170
"../../../Engine/Content/Internationalization/icudt64l/lang/en_GB.res" 1171
"../../../Engine/Content/Internationalization/icudt64l/region/en_GB.res" 1172
"../../../Engine/Content/Internationalization/icudt64l/lang/en_GD.res" 1173
"../../../Engine/Content/Internationalization/icudt64l/region/en_GD.res" 1174
"../../../Engine/Content/Internationalization/icudt64l/lang/en_GG.res" 1175
"../../../Engine/Content/Internationalization/icudt64l/region/en_GG.res" 1176
"../../../Engine/Content/Internationalization/icudt64l/lang/en_GH.res" 1177
"../../../Engine/Content/Internationalization/icudt64l/region/en_GH.res" 1178
"../../../Engine/Content/Internationalization/icudt64l/lang/en_GI.res" 1179
"../../../Engine/Content/Internationalization/icudt64l/region/en_GI.res" 1180
"../../../Engine/Content/Internationalization/icudt64l/lang/en_GM.res" 1181
"../../../Engine/Content/Internationalization/icudt64l/region/en_GM.res" 1182
"../../../Engine/Content/Internationalization/icudt64l/lang/en_GY.res" 1183
"../../../Engine/Content/Internationalization/icudt64l/region/en_GY.res" 1184
"../../../Engine/Content/Internationalization/icudt64l/lang/en_HK.res" 1185
"../../../Engine/Content/Internationalization/icudt64l/region/en_HK.res" 1186
"../../../Engine/Content/Internationalization/icudt64l/lang/en_IE.res" 1187
"../../../Engine/Content/Internationalization/icudt64l/region/en_IE.res" 1188
"../../../Engine/Content/Internationalization/icudt64l/lang/en_IL.res" 1189
"../../../Engine/Content/Internationalization/icudt64l/region/en_IL.res" 1190
"../../../Engine/Content/Internationalization/icudt64l/lang/en_IM.res" 1191
"../../../Engine/Content/Internationalization/icudt64l/region/en_IM.res" 1192
"../../../Engine/Content/Internationalization/icudt64l/lang/en_IN.res" 1193
"../../../Engine/Content/Internationalization/icudt64l/region/en_IN.res" 1194
"../../../Engine/Content/Internationalization/icudt64l/lang/en_IO.res" 1195
"../../../Engine/Content/Internationalization/icudt64l/region/en_IO.res" 1196
"../../../Engine/Content/Internationalization/icudt64l/lang/en_JE.res" 1197
"../../../Engine/Content/Internationalization/icudt64l/region/en_JE.res" 1198
"../../../Engine/Content/Internationalization/icudt64l/lang/en_JM.res" 1199
"../../../Engine/Content/Internationalization/icudt64l/region/en_JM.res" 1200
"../../../Engine/Content/Internationalization/icudt64l/lang/en_KE.res" 1201
"../../../Engine/Content/Internationalization/icudt64l/region/en_KE.res" 1202
"../../../Engine/Content/Internationalization/icudt64l/lang/en_KI.res" 1203
"../../../Engine/Content/Internationalization/icudt64l/region/en_KI.res" 1204
"../../../Engine/Content/Internationalization/icudt64l/lang/en_KN.res" 1205
"../../../Engine/Content/Internationalization/icudt64l/region/en_KN.res" 1206
"../../../Engine/Content/Internationalization/icudt64l/lang/en_KY.res" 1207
"../../../Engine/Content/Internationalization/icudt64l/region/en_KY.res" 1208
"../../../Engine/Content/Internationalization/icudt64l/lang/en_LC.res" 1209
"../../../Engine/Content/Internationalization/icudt64l/region/en_LC.res" 1210
"../../../Engine/Content/Internationalization/icudt64l/lang/en_LR.res" 1211
"../../../Engine/Content/Internationalization/icudt64l/region/en_LR.res" 1212
"../../../Engine/Content/Internationalization/icudt64l/lang/en_LS.res" 1213
"../../../Engine/Content/Internationalization/icudt64l/region/en_LS.res" 1214
"../../../Engine/Content/Internationalization/icudt64l/lang/en_MG.res" 1215
"../../../Engine/Content/Internationalization/icudt64l/region/en_MG.res" 1216
"../../../Engine/Content/Internationalization/icudt64l/lang/en_MO.res" 1217
"../../../Engine/Content/Internationalization/icudt64l/region/en_MO.res" 1218
"../../../Engine/Content/Internationalization/icudt64l/lang/en_MS.res" 1219
"../../../Engine/Content/Internationalization/icudt64l/region/en_MS.res" 1220
"../../../Engine/Content/Internationalization/icudt64l/lang/en_MT.res" 1221
"../../../Engine/Content/Internationalization/icudt64l/region/en_MT.res" 1222
"../../../Engine/Content/Internationalization/icudt64l/lang/en_MU.res" 1223
"../../../Engine/Content/Internationalization/icudt64l/region/en_MU.res" 1224
"../../../Engine/Content/Internationalization/icudt64l/lang/en_MW.res" 1225
"../../../Engine/Content/Internationalization/icudt64l/region/en_MW.res" 1226
"../../../Engine/Content/Internationalization/icudt64l/lang/en_MY.res" 1227
"../../../Engine/Content/Internationalization/icudt64l/region/en_MY.res" 1228
"../../../Engine/Content/Internationalization/icudt64l/lang/en_NA.res" 1229
"../../../Engine/Content/Internationalization/icudt64l/region/en_NA.res" 1230
"../../../Engine/Content/Internationalization/icudt64l/lang/en_NF.res" 1231
"../../../Engine/Content/Internationalization/icudt64l/region/en_NF.res" 1232
"../../../Engine/Content/Internationalization/icudt64l/lang/en_NG.res" 1233
"../../../Engine/Content/Internationalization/icudt64l/region/en_NG.res" 1234
"../../../Engine/Content/Internationalization/icudt64l/lang/en_NL.res" 1235
"../../../Engine/Content/Internationalization/icudt64l/region/en_NL.res" 1236
"../../../Engine/Content/Internationalization/icudt64l/lang/en_NR.res" 1237
"../../../Engine/Content/Internationalization/icudt64l/region/en_NR.res" 1238
"../../../Engine/Content/Internationalization/icudt64l/lang/en_NU.res" 1239
"../../../Engine/Content/Internationalization/icudt64l/region/en_NU.res" 1240
"../../../Engine/Content/Internationalization/icudt64l/lang/en_NZ.res" 1241
"../../../Engine/Content/Internationalization/icudt64l/region/en_NZ.res" 1242
"../../../Engine/Content/Internationalization/icudt64l/lang/en_PG.res" 1243
"../../../Engine/Content/Internationalization/icudt64l/region/en_PG.res" 1244
"../../../Engine/Content/Internationalization/icudt64l/lang/en_PH.res" 1245
"../../../Engine/Content/Internationalization/icudt64l/region/en_PH.res" 1246
"../../../Engine/Content/Internationalization/icudt64l/lang/en_PK.res" 1247
"../../../Engine/Content/Internationalization/icudt64l/region/en_PK.res" 1248
"../../../Engine/Content/Internationalization/icudt64l/lang/en_PN.res" 1249
"../../../Engine/Content/Internationalization/icudt64l/region/en_PN.res" 1250
"../../../Engine/Content/Internationalization/icudt64l/lang/en_PW.res" 1251
"../../../Engine/Content/Internationalization/icudt64l/region/en_PW.res" 1252
"../../../Engine/Content/Internationalization/icudt64l/lang/en_RW.res" 1253
"../../../Engine/Content/Internationalization/icudt64l/region/en_RW.res" 1254
"../../../Engine/Content/Internationalization/icudt64l/lang/en_SB.res" 1255
"../../../Engine/Content/Internationalization/icudt64l/region/en_SB.res" 1256
"../../../Engine/Content/Internationalization/icudt64l/lang/en_SC.res" 1257
"../../../Engine/Content/Internationalization/icudt64l/region/en_SC.res" 1258
"../../../Engine/Content/Internationalization/icudt64l/lang/en_SD.res" 1259
"../../../Engine/Content/Internationalization/icudt64l/region/en_SD.res" 1260
"../../../Engine/Content/Internationalization/icudt64l/lang/en_SE.res" 1261
"../../../Engine/Content/Internationalization/icudt64l/region/en_SE.res" 1262
"../../../Engine/Content/Internationalization/icudt64l/lang/en_SG.res" 1263
"../../../Engine/Content/Internationalization/icudt64l/region/en_SG.res" 1264
"../../../Engine/Content/Internationalization/icudt64l/lang/en_SH.res" 1265
"../../../Engine/Content/Internationalization/icudt64l/region/en_SH.res" 1266
"../../../Engine/Content/Internationalization/icudt64l/lang/en_SI.res" 1267
"../../../Engine/Content/Internationalization/icudt64l/region/en_SI.res" 1268
"../../../Engine/Content/Internationalization/icudt64l/lang/en_SL.res" 1269
"../../../Engine/Content/Internationalization/icudt64l/region/en_SL.res" 1270
"../../../Engine/Content/Internationalization/icudt64l/lang/en_SS.res" 1271
"../../../Engine/Content/Internationalization/icudt64l/region/en_SS.res" 1272
"../../../Engine/Content/Internationalization/icudt64l/lang/en_SX.res" 1273
"../../../Engine/Content/Internationalization/icudt64l/region/en_SX.res" 1274
"../../../Engine/Content/Internationalization/icudt64l/lang/en_SZ.res" 1275
"../../../Engine/Content/Internationalization/icudt64l/region/en_SZ.res" 1276
"../../../Engine/Content/Internationalization/icudt64l/lang/en_TC.res" 1277
"../../../Engine/Content/Internationalization/icudt64l/region/en_TC.res" 1278
"../../../Engine/Content/Internationalization/icudt64l/lang/en_TK.res" 1279
"../../../Engine/Content/Internationalization/icudt64l/region/en_TK.res" 1280
"../../../Engine/Content/Internationalization/icudt64l/lang/en_TO.res" 1281
"../../../Engine/Content/Internationalization/icudt64l/region/en_TO.res" 1282
"../../../Engine/Content/Internationalization/icudt64l/lang/en_TT.res" 1283
"../../../Engine/Content/Internationalization/icudt64l/region/en_TT.res" 1284
"../../../Engine/Content/Internationalization/icudt64l/lang/en_TV.res" 1285
"../../../Engine/Content/Internationalization/icudt64l/region/en_TV.res" 1286
"../../../Engine/Content/Internationalization/icudt64l/lang/en_TZ.res" 1287
"../../../Engine/Content/Internationalization/icudt64l/region/en_TZ.res" 1288
"../../../Engine/Content/Internationalization/icudt64l/lang/en_UG.res" 1289
"../../../Engine/Content/Internationalization/icudt64l/region/en_UG.res" 1290
"../../../Engine/Content/Internationalization/icudt64l/lang/en_VC.res" 1291
"../../../Engine/Content/Internationalization/icudt64l/region/en_VC.res" 1292
"../../../Engine/Content/Internationalization/icudt64l/lang/en_VG.res" 1293
"../../../Engine/Content/Internationalization/icudt64l/region/en_VG.res" 1294
"../../../Engine/Content/Internationalization/icudt64l/lang/en_VU.res" 1295
"../../../Engine/Content/Internationalization/icudt64l/region/en_VU.res" 1296
"../../../Engine/Content/Internationalization/icudt64l/lang/en_WS.res" 1297
"../../../Engine/Content/Internationalization/icudt64l/region/en_WS.res" 1298
"../../../Engine/Content/Internationalization/icudt64l/lang/en_ZA.res" 1299
"../../../Engine/Content/Internationalization/icudt64l/region/en_ZA.res" 1300
"../../../Engine/Content/Internationalization/icudt64l/lang/en_ZM.res" 1301
"../../../Engine/Content/Internationalization/icudt64l/region/en_ZM.res" 1302
"../../../Engine/Content/Internationalization/icudt64l/lang/en_ZW.res" 1303
"../../../Engine/Content/Internationalization/icudt64l/region/en_ZW.res" 1304
"../../../Engine/Content/Internationalization/icudt64l/lang/eo.res" 1305
"../../../Engine/Content/Internationalization/icudt64l/region/eo.res" 1306
"../../../Engine/Content/Internationalization/icudt64l/lang/es.res" 1307
"../../../Engine/Content/Internationalization/icudt64l/lang/es_419.res" 1308
"../../../Engine/Content/Internationalization/icudt64l/region/es_419.res" 1309
"../../../Engine/Content/Internationalization/icudt64l/region/es.res" 1310
"../../../Engine/Content/Internationalization/icudt64l/lang/es_AR.res" 1311
"../../../Engine/Content/Internationalization/icudt64l/region/es_AR.res" 1312
"../../../Engine/Content/Internationalization/icudt64l/lang/es_BO.res" 1313
"../../../Engine/Content/Internationalization/icudt64l/region/es_BO.res" 1314
"../../../Engine/Content/Internationalization/icudt64l/lang/es_BR.res" 1315
"../../../Engine/Content/Internationalization/icudt64l/region/es_BR.res" 1316
"../../../Engine/Content/Internationalization/icudt64l/lang/es_BZ.res" 1317
"../../../Engine/Content/Internationalization/icudt64l/region/es_BZ.res" 1318
"../../../Engine/Content/Internationalization/icudt64l/lang/es_CL.res" 1319
"../../../Engine/Content/Internationalization/icudt64l/region/es_CL.res" 1320
"../../../Engine/Content/Internationalization/icudt64l/lang/es_CO.res" 1321
"../../../Engine/Content/Internationalization/icudt64l/region/es_CO.res" 1322
"../../../Engine/Content/Internationalization/icudt64l/lang/es_CR.res" 1323
"../../../Engine/Content/Internationalization/icudt64l/region/es_CR.res" 1324
"../../../Engine/Content/Internationalization/icudt64l/lang/es_CU.res" 1325
"../../../Engine/Content/Internationalization/icudt64l/region/es_CU.res" 1326
"../../../Engine/Content/Internationalization/icudt64l/lang/es_DO.res" 1327
"../../../Engine/Content/Internationalization/icudt64l/region/es_DO.res" 1328
"../../../Engine/Content/Internationalization/icudt64l/lang/es_EC.res" 1329
"../../../Engine/Content/Internationalization/icudt64l/region/es_EC.res" 1330
"../../../Engine/Content/Internationalization/icudt64l/lang/es_GT.res" 1331
"../../../Engine/Content/Internationalization/icudt64l/region/es_GT.res" 1332
"../../../Engine/Content/Internationalization/icudt64l/lang/es_HN.res" 1333
"../../../Engine/Content/Internationalization/icudt64l/region/es_HN.res" 1334
"../../../Engine/Content/Internationalization/icudt64l/lang/es_MX.res" 1335
"../../../Engine/Content/Internationalization/icudt64l/region/es_MX.res" 1336
"../../../Engine/Content/Internationalization/icudt64l/lang/es_NI.res" 1337
"../../../Engine/Content/Internationalization/icudt64l/region/es_NI.res" 1338
"../../../Engine/Content/Internationalization/icudt64l/lang/es_PA.res" 1339
"../../../Engine/Content/Internationalization/icudt64l/region/es_PA.res" 1340
"../../../Engine/Content/Internationalization/icudt64l/lang/es_PE.res" 1341
"../../../Engine/Content/Internationalization/icudt64l/region/es_PE.res" 1342
"../../../Engine/Content/Internationalization/icudt64l/lang/es_PR.res" 1343
"../../../Engine/Content/Internationalization/icudt64l/region/es_PR.res" 1344
"../../../Engine/Content/Internationalization/icudt64l/lang/es_PY.res" 1345
"../../../Engine/Content/Internationalization/icudt64l/region/es_PY.res" 1346
"../../../Engine/Content/Internationalization/icudt64l/lang/es_SV.res" 1347
"../../../Engine/Content/Internationalization/icudt64l/region/es_SV.res" 1348
"../../../Engine/Content/Internationalization/icudt64l/lang/es_US.res" 1349
"../../../Engine/Content/Internationalization/icudt64l/region/es_US.res" 1350
"../../../Engine/Content/Internationalization/icudt64l/lang/es_UY.res" 1351
"../../../Engine/Content/Internationalization/icudt64l/region/es_UY.res" 1352
"../../../Engine/Content/Internationalization/icudt64l/lang/es_VE.res" 1353
"../../../Engine/Content/Internationalization/icudt64l/region/es_VE.res" 1354
"../../../Engine/Content/Internationalization/icudt64l/lang/et.res" 1355
"../../../Engine/Content/Internationalization/icudt64l/region/et.res" 1356
"../../../Engine/Content/Internationalization/icudt64l/lang/eu.res" 1357
"../../../Engine/Content/Internationalization/icudt64l/region/eu.res" 1358
"../../../Engine/Content/Internationalization/icudt64l/lang/ewo.res" 1359
"../../../Engine/Content/Internationalization/icudt64l/region/ewo.res" 1360
"../../../Engine/Content/Internationalization/icudt64l/lang/fa.res" 1361
"../../../Engine/Content/Internationalization/icudt64l/lang/fa_AF.res" 1362
"../../../Engine/Content/Internationalization/icudt64l/region/fa_AF.res" 1363
"../../../Engine/Content/Internationalization/icudt64l/region/fa.res" 1364
"../../../Engine/Content/Internationalization/icudt64l/lang/ff.res" 1365
"../../../Engine/Content/Internationalization/icudt64l/lang/ff_Latn.res" 1366
"../../../Engine/Content/Internationalization/icudt64l/region/ff.res" 1367
"../../../Engine/Content/Internationalization/icudt64l/region/ff_Latn.res" 1368
"../../../Engine/Content/Internationalization/icudt64l/lang/ff_CM.res" 1369
"../../../Engine/Content/Internationalization/icudt64l/lang/ff_Latn_CM.res" 1370
"../../../Engine/Content/Internationalization/icudt64l/region/ff_CM.res" 1371
"../../../Engine/Content/Internationalization/icudt64l/region/ff_Latn_CM.res" 1372
"../../../Engine/Content/Internationalization/icudt64l/lang/ff_GN.res" 1373
"../../../Engine/Content/Internationalization/icudt64l/lang/ff_Latn_GN.res" 1374
"../../../Engine/Content/Internationalization/icudt64l/region/ff_GN.res" 1375
"../../../Engine/Content/Internationalization/icudt64l/region/ff_Latn_GN.res" 1376
"../../../Engine/Content/Internationalization/icudt64l/lang/ff_MR.res" 1377
"../../../Engine/Content/Internationalization/icudt64l/lang/ff_Latn_MR.res" 1378
"../../../Engine/Content/Internationalization/icudt64l/region/ff_MR.res" 1379
"../../../Engine/Content/Internationalization/icudt64l/region/ff_Latn_MR.res" 1380
"../../../Engine/Content/Internationalization/icudt64l/lang/ff_SN.res" 1381
"../../../Engine/Content/Internationalization/icudt64l/lang/ff_Latn_SN.res" 1382
"../../../Engine/Content/Internationalization/icudt64l/region/ff_SN.res" 1383
"../../../Engine/Content/Internationalization/icudt64l/region/ff_Latn_SN.res" 1384
"../../../Engine/Content/Internationalization/icudt64l/lang/fi.res" 1385
"../../../Engine/Content/Internationalization/icudt64l/region/fi.res" 1386
"../../../Engine/Content/Internationalization/icudt64l/lang/fil.res" 1387
"../../../Engine/Content/Internationalization/icudt64l/lang/fil_PH.res" 1388
"../../../Engine/Content/Internationalization/icudt64l/region/fil_PH.res" 1389
"../../../Engine/Content/Internationalization/icudt64l/region/fil.res" 1390
"../../../Engine/Content/Internationalization/icudt64l/lang/fo.res" 1391
"../../../Engine/Content/Internationalization/icudt64l/region/fo.res" 1392
"../../../Engine/Content/Internationalization/icudt64l/lang/fr.res" 1393
"../../../Engine/Content/Internationalization/icudt64l/lang/fr_BE.res" 1394
"../../../Engine/Content/Internationalization/icudt64l/region/fr_BE.res" 1395
"../../../Engine/Content/Internationalization/icudt64l/region/fr.res" 1396
"../../../Engine/Content/Internationalization/icudt64l/lang/fr_CA.res" 1397
"../../../Engine/Content/Internationalization/icudt64l/region/fr_CA.res" 1398
"../../../Engine/Content/Internationalization/icudt64l/lang/fr_CH.res" 1399
"../../../Engine/Content/Internationalization/icudt64l/lang/fur.res" 1400
"../../../Engine/Content/Internationalization/icudt64l/region/fur.res" 1401
"../../../Engine/Content/Internationalization/icudt64l/lang/fy.res" 1402
"../../../Engine/Content/Internationalization/icudt64l/region/fy.res" 1403
"../../../Engine/Content/Internationalization/icudt64l/lang/ga.res" 1404
"../../../Engine/Content/Internationalization/icudt64l/region/ga.res" 1405
"../../../Engine/Content/Internationalization/icudt64l/lang/gd.res" 1406
"../../../Engine/Content/Internationalization/icudt64l/region/gd.res" 1407
"../../../Engine/Content/Internationalization/icudt64l/lang/gl.res" 1408
"../../../Engine/Content/Internationalization/icudt64l/region/gl.res" 1409
"../../../Engine/Content/Internationalization/icudt64l/lang/gsw.res" 1410
"../../../Engine/Content/Internationalization/icudt64l/region/gsw.res" 1411
"../../../Engine/Content/Internationalization/icudt64l/lang/gu.res" 1412
"../../../Engine/Content/Internationalization/icudt64l/region/gu.res" 1413
"../../../Engine/Content/Internationalization/icudt64l/lang/guz.res" 1414
"../../../Engine/Content/Internationalization/icudt64l/region/guz.res" 1415
"../../../Engine/Content/Internationalization/icudt64l/lang/gv.res" 1416
"../../../Engine/Content/Internationalization/icudt64l/region/gv.res" 1417
"../../../Engine/Content/Internationalization/icudt64l/lang/ha.res" 1418
"../../../Engine/Content/Internationalization/icudt64l/region/ha.res" 1419
"../../../Engine/Content/Internationalization/icudt64l/lang/ha_NE.res" 1420
"../../../Engine/Content/Internationalization/icudt64l/region/ha_NE.res" 1421
"../../../Engine/Content/Internationalization/icudt64l/lang/haw.res" 1422
"../../../Engine/Content/Internationalization/icudt64l/region/haw.res" 1423
"../../../Engine/Content/Internationalization/icudt64l/lang/he.res" 1424
"../../../Engine/Content/Internationalization/icudt64l/lang/he_IL.res" 1425
"../../../Engine/Content/Internationalization/icudt64l/region/he_IL.res" 1426
"../../../Engine/Content/Internationalization/icudt64l/region/he.res" 1427
"../../../Engine/Content/Internationalization/icudt64l/lang/hi.res" 1428
"../../../Engine/Content/Internationalization/icudt64l/region/hi.res" 1429
"../../../Engine/Content/Internationalization/icudt64l/lang/hr.res" 1430
"../../../Engine/Content/Internationalization/icudt64l/region/hr.res" 1431
"../../../Engine/Content/Internationalization/icudt64l/lang/hsb.res" 1432
"../../../Engine/Content/Internationalization/icudt64l/region/hsb.res" 1433
"../../../Engine/Content/Internationalization/icudt64l/lang/hu.res" 1434
"../../../Engine/Content/Internationalization/icudt64l/region/hu.res" 1435
"../../../Engine/Content/Internationalization/icudt64l/lang/hy.res" 1436
"../../../Engine/Content/Internationalization/icudt64l/region/hy.res" 1437
"../../../Engine/Content/Internationalization/icudt64l/lang/ia.res" 1438
"../../../Engine/Content/Internationalization/icudt64l/region/ia.res" 1439
"../../../Engine/Content/Internationalization/icudt64l/lang/id.res" 1440
"../../../Engine/Content/Internationalization/icudt64l/lang/id_ID.res" 1441
"../../../Engine/Content/Internationalization/icudt64l/region/id_ID.res" 1442
"../../../Engine/Content/Internationalization/icudt64l/region/id.res" 1443
"../../../Engine/Content/Internationalization/icudt64l/lang/ig.res" 1444
"../../../Engine/Content/Internationalization/icudt64l/region/ig.res" 1445
"../../../Engine/Content/Internationalization/icudt64l/lang/ii.res" 1446
"../../../Engine/Content/Internationalization/icudt64l/region/ii.res" 1447
"../../../Engine/Content/Internationalization/icudt64l/lang/is.res" 1448
"../../../Engine/Content/Internationalization/icudt64l/region/is.res" 1449
"../../../Engine/Content/Internationalization/icudt64l/lang/it.res" 1450
"../../../Engine/Content/Internationalization/icudt64l/region/it.res" 1451
"../../../Engine/Content/Internationalization/icudt64l/lang/ja.res" 1452
"../../../Engine/Content/Internationalization/icudt64l/lang/ja_JP.res" 1453
"../../../Engine/Content/Internationalization/icudt64l/region/ja_JP.res" 1454
"../../../Engine/Content/Internationalization/icudt64l/region/ja.res" 1455
"../../../Engine/Content/Internationalization/icudt64l/lang/jgo.res" 1456
"../../../Engine/Content/Internationalization/icudt64l/region/jgo.res" 1457
"../../../Engine/Content/Internationalization/icudt64l/lang/jmc.res" 1458
"../../../Engine/Content/Internationalization/icudt64l/region/jmc.res" 1459
"../../../Engine/Content/Internationalization/icudt64l/lang/jv.res" 1460
"../../../Engine/Content/Internationalization/icudt64l/region/jv.res" 1461
"../../../Engine/Content/Internationalization/icudt64l/lang/ka.res" 1462
"../../../Engine/Content/Internationalization/icudt64l/region/ka.res" 1463
"../../../Engine/Content/Internationalization/icudt64l/lang/kab.res" 1464
"../../../Engine/Content/Internationalization/icudt64l/region/kab.res" 1465
"../../../Engine/Content/Internationalization/icudt64l/lang/kam.res" 1466
"../../../Engine/Content/Internationalization/icudt64l/region/kam.res" 1467
"../../../Engine/Content/Internationalization/icudt64l/lang/kde.res" 1468
"../../../Engine/Content/Internationalization/icudt64l/region/kde.res" 1469
"../../../Engine/Content/Internationalization/icudt64l/lang/kea.res" 1470
"../../../Engine/Content/Internationalization/icudt64l/region/kea.res" 1471
"../../../Engine/Content/Internationalization/icudt64l/lang/khq.res" 1472
"../../../Engine/Content/Internationalization/icudt64l/region/khq.res" 1473
"../../../Engine/Content/Internationalization/icudt64l/lang/ki.res" 1474
"../../../Engine/Content/Internationalization/icudt64l/region/ki.res" 1475
"../../../Engine/Content/Internationalization/icudt64l/lang/kk.res" 1476
"../../../Engine/Content/Internationalization/icudt64l/region/kk.res" 1477
"../../../Engine/Content/Internationalization/icudt64l/lang/kkj.res" 1478
"../../../Engine/Content/Internationalization/icudt64l/region/kkj.res" 1479
"../../../Engine/Content/Internationalization/icudt64l/lang/kl.res" 1480
"../../../Engine/Content/Internationalization/icudt64l/region/kl.res" 1481
"../../../Engine/Content/Internationalization/icudt64l/lang/kln.res" 1482
"../../../Engine/Content/Internationalization/icudt64l/region/kln.res" 1483
"../../../Engine/Content/Internationalization/icudt64l/lang/km.res" 1484
"../../../Engine/Content/Internationalization/icudt64l/region/km.res" 1485
"../../../Engine/Content/Internationalization/icudt64l/lang/kn.res" 1486
"../../../Engine/Content/Internationalization/icudt64l/region/kn.res" 1487
"../../../Engine/Content/Internationalization/icudt64l/lang/ko.res" 1488
"../../../Engine/Content/Internationalization/icudt64l/region/ko_KP.res" 1489
"../../../Engine/Content/Internationalization/icudt64l/region/ko.res" 1490
"../../../Engine/Content/Internationalization/icudt64l/lang/kok.res" 1491
"../../../Engine/Content/Internationalization/icudt64l/region/kok.res" 1492
"../../../Engine/Content/Internationalization/icudt64l/lang/ks.res" 1493
"../../../Engine/Content/Internationalization/icudt64l/region/ks.res" 1494
"../../../Engine/Content/Internationalization/icudt64l/lang/ksb.res" 1495
"../../../Engine/Content/Internationalization/icudt64l/region/ksb.res" 1496
"../../../Engine/Content/Internationalization/icudt64l/lang/ksf.res" 1497
"../../../Engine/Content/Internationalization/icudt64l/region/ksf.res" 1498
"../../../Engine/Content/Internationalization/icudt64l/lang/ksh.res" 1499
"../../../Engine/Content/Internationalization/icudt64l/region/ksh.res" 1500
"../../../Engine/Content/Internationalization/icudt64l/lang/ku.res" 1501
"../../../Engine/Content/Internationalization/icudt64l/region/ku.res" 1502
"../../../Engine/Content/Internationalization/icudt64l/lang/kw.res" 1503
"../../../Engine/Content/Internationalization/icudt64l/region/kw.res" 1504
"../../../Engine/Content/Internationalization/icudt64l/lang/ky.res" 1505
"../../../Engine/Content/Internationalization/icudt64l/region/ky.res" 1506
"../../../Engine/Content/Internationalization/icudt64l/lang/lag.res" 1507
"../../../Engine/Content/Internationalization/icudt64l/region/lag.res" 1508
"../../../Engine/Content/Internationalization/icudt64l/lang/lb.res" 1509
"../../../Engine/Content/Internationalization/icudt64l/region/lb.res" 1510
"../../../Engine/Content/Internationalization/icudt64l/lang/lg.res" 1511
"../../../Engine/Content/Internationalization/icudt64l/region/lg.res" 1512
"../../../Engine/Content/Internationalization/icudt64l/lang/lkt.res" 1513
"../../../Engine/Content/Internationalization/icudt64l/region/lkt.res" 1514
"../../../Engine/Content/Internationalization/icudt64l/lang/ln.res" 1515
"../../../Engine/Content/Internationalization/icudt64l/region/ln.res" 1516
"../../../Engine/Content/Internationalization/icudt64l/lang/lo.res" 1517
"../../../Engine/Content/Internationalization/icudt64l/region/lo.res" 1518
"../../../Engine/Content/Internationalization/icudt64l/lang/lrc.res" 1519
"../../../Engine/Content/Internationalization/icudt64l/region/lrc.res" 1520
"../../../Engine/Content/Internationalization/icudt64l/lang/lt.res" 1521
"../../../Engine/Content/Internationalization/icudt64l/region/lt.res" 1522
"../../../Engine/Content/Internationalization/icudt64l/lang/lu.res" 1523
"../../../Engine/Content/Internationalization/icudt64l/region/lu.res" 1524
"../../../Engine/Content/Internationalization/icudt64l/lang/luo.res" 1525
"../../../Engine/Content/Internationalization/icudt64l/region/luo.res" 1526
"../../../Engine/Content/Internationalization/icudt64l/lang/luy.res" 1527
"../../../Engine/Content/Internationalization/icudt64l/region/luy.res" 1528
"../../../Engine/Content/Internationalization/icudt64l/lang/lv.res" 1529
"../../../Engine/Content/Internationalization/icudt64l/region/lv.res" 1530
"../../../Engine/Content/Internationalization/icudt64l/lang/mas.res" 1531
"../../../Engine/Content/Internationalization/icudt64l/region/mas.res" 1532
"../../../Engine/Content/Internationalization/icudt64l/lang/mer.res" 1533
"../../../Engine/Content/Internationalization/icudt64l/region/mer.res" 1534
"../../../Engine/Content/Internationalization/icudt64l/lang/mfe.res" 1535
"../../../Engine/Content/Internationalization/icudt64l/region/mfe.res" 1536
"../../../Engine/Content/Internationalization/icudt64l/lang/mg.res" 1537
"../../../Engine/Content/Internationalization/icudt64l/region/mg.res" 1538
"../../../Engine/Content/Internationalization/icudt64l/lang/mgh.res" 1539
"../../../Engine/Content/Internationalization/icudt64l/region/mgh.res" 1540
"../../../Engine/Content/Internationalization/icudt64l/lang/mgo.res" 1541
"../../../Engine/Content/Internationalization/icudt64l/region/mgo.res" 1542
"../../../Engine/Content/Internationalization/icudt64l/lang/mi.res" 1543
"../../../Engine/Content/Internationalization/icudt64l/region/mi.res" 1544
"../../../Engine/Content/Internationalization/icudt64l/lang/mk.res" 1545
"../../../Engine/Content/Internationalization/icudt64l/region/mk.res" 1546
"../../../Engine/Content/Internationalization/icudt64l/lang/ml.res" 1547
"../../../Engine/Content/Internationalization/icudt64l/region/ml.res" 1548
"../../../Engine/Content/Internationalization/icudt64l/lang/mn.res" 1549
"../../../Engine/Content/Internationalization/icudt64l/region/mn.res" 1550
"../../../Engine/Content/Internationalization/icudt64l/lang/mr.res" 1551
"../../../Engine/Content/Internationalization/icudt64l/region/mr.res" 1552
"../../../Engine/Content/Internationalization/icudt64l/lang/ms.res" 1553
"../../../Engine/Content/Internationalization/icudt64l/region/ms.res" 1554
"../../../Engine/Content/Internationalization/icudt64l/lang/mt.res" 1555
"../../../Engine/Content/Internationalization/icudt64l/region/mt.res" 1556
"../../../Engine/Content/Internationalization/icudt64l/lang/mua.res" 1557
"../../../Engine/Content/Internationalization/icudt64l/region/mua.res" 1558
"../../../Engine/Content/Internationalization/icudt64l/lang/my.res" 1559
"../../../Engine/Content/Internationalization/icudt64l/region/my.res" 1560
"../../../Engine/Content/Internationalization/icudt64l/lang/mzn.res" 1561
"../../../Engine/Content/Internationalization/icudt64l/region/mzn.res" 1562
"../../../Engine/Content/Internationalization/icudt64l/lang/naq.res" 1563
"../../../Engine/Content/Internationalization/icudt64l/region/naq.res" 1564
"../../../Engine/Content/Internationalization/icudt64l/lang/nb.res" 1565
"../../../Engine/Content/Internationalization/icudt64l/lang/nb_NO.res" 1566
"../../../Engine/Content/Internationalization/icudt64l/region/nb_NO.res" 1567
"../../../Engine/Content/Internationalization/icudt64l/region/nb.res" 1568
"../../../Engine/Content/Internationalization/icudt64l/lang/nd.res" 1569
"../../../Engine/Content/Internationalization/icudt64l/region/nd.res" 1570
"../../../Engine/Content/Internationalization/icudt64l/lang/nds.res" 1571
"../../../Engine/Content/Internationalization/icudt64l/region/nds.res" 1572
"../../../Engine/Content/Internationalization/icudt64l/lang/ne.res" 1573
"../../../Engine/Content/Internationalization/icudt64l/region/ne.res" 1574
"../../../Engine/Content/Internationalization/icudt64l/lang/nl.res" 1575
"../../../Engine/Content/Internationalization/icudt64l/region/nl.res" 1576
"../../../Engine/Content/Internationalization/icudt64l/lang/nmg.res" 1577
"../../../Engine/Content/Internationalization/icudt64l/region/nmg.res" 1578
"../../../Engine/Content/Internationalization/icudt64l/lang/nn.res" 1579
"../../../Engine/Content/Internationalization/icudt64l/lang/nn_NO.res" 1580
"../../../Engine/Content/Internationalization/icudt64l/region/nn_NO.res" 1581
"../../../Engine/Content/Internationalization/icudt64l/region/nn.res" 1582
"../../../Engine/Content/Internationalization/icudt64l/lang/nnh.res" 1583
"../../../Engine/Content/Internationalization/icudt64l/region/nnh.res" 1584
"../../../Engine/Content/Internationalization/icudt64l/lang/nus.res" 1585
"../../../Engine/Content/Internationalization/icudt64l/region/nus.res" 1586
"../../../Engine/Content/Internationalization/icudt64l/lang/nyn.res" 1587
"../../../Engine/Content/Internationalization/icudt64l/region/nyn.res" 1588
"../../../Engine/Content/Internationalization/icudt64l/lang/om.res" 1589
"../../../Engine/Content/Internationalization/icudt64l/region/om.res" 1590
"../../../Engine/Content/Internationalization/icudt64l/lang/or.res" 1591
"../../../Engine/Content/Internationalization/icudt64l/region/or.res" 1592
"../../../Engine/Content/Internationalization/icudt64l/lang/os.res" 1593
"../../../Engine/Content/Internationalization/icudt64l/region/os.res" 1594
"../../../Engine/Content/Internationalization/icudt64l/lang/pa.res" 1595
"../../../Engine/Content/Internationalization/icudt64l/lang/pa_Arab.res" 1596
"../../../Engine/Content/Internationalization/icudt64l/lang/pa_PK.res" 1597
"../../../Engine/Content/Internationalization/icudt64l/lang/pa_Arab_PK.res" 1598
"../../../Engine/Content/Internationalization/icudt64l/region/pa_PK.res" 1599
"../../../Engine/Content/Internationalization/icudt64l/region/pa_Arab_PK.res" 1600
"../../../Engine/Content/Internationalization/icudt64l/region/pa_Arab.res" 1601
"../../../Engine/Content/Internationalization/icudt64l/lang/pa_Guru.res" 1602
"../../../Engine/Content/Internationalization/icudt64l/lang/pa_IN.res" 1603
"../../../Engine/Content/Internationalization/icudt64l/lang/pa_Guru_IN.res" 1604
"../../../Engine/Content/Internationalization/icudt64l/region/pa_IN.res" 1605
"../../../Engine/Content/Internationalization/icudt64l/region/pa_Guru_IN.res" 1606
"../../../Engine/Content/Internationalization/icudt64l/region/pa_Guru.res" 1607
"../../../Engine/Content/Internationalization/icudt64l/region/pa.res" 1608
"../../../Engine/Content/Internationalization/icudt64l/lang/pl.res" 1609
"../../../Engine/Content/Internationalization/icudt64l/region/pl.res" 1610
"../../../Engine/Content/Internationalization/icudt64l/lang/ps.res" 1611
"../../../Engine/Content/Internationalization/icudt64l/region/ps.res" 1612
"../../../Engine/Content/Internationalization/icudt64l/lang/ps_PK.res" 1613
"../../../Engine/Content/Internationalization/icudt64l/region/ps_PK.res" 1614
"../../../Engine/Content/Internationalization/icudt64l/lang/pt.res" 1615
"../../../Engine/Content/Internationalization/icudt64l/lang/pt_AO.res" 1616
"../../../Engine/Content/Internationalization/icudt64l/lang/pt_PT.res" 1617
"../../../Engine/Content/Internationalization/icudt64l/region/pt_AO.res" 1618
"../../../Engine/Content/Internationalization/icudt64l/region/pt_PT.res" 1619
"../../../Engine/Content/Internationalization/icudt64l/region/pt.res" 1620
"../../../Engine/Content/Internationalization/icudt64l/lang/pt_CH.res" 1621
"../../../Engine/Content/Internationalization/icudt64l/region/pt_CH.res" 1622
"../../../Engine/Content/Internationalization/icudt64l/lang/pt_CV.res" 1623
"../../../Engine/Content/Internationalization/icudt64l/region/pt_CV.res" 1624
"../../../Engine/Content/Internationalization/icudt64l/lang/pt_GQ.res" 1625
"../../../Engine/Content/Internationalization/icudt64l/region/pt_GQ.res" 1626
"../../../Engine/Content/Internationalization/icudt64l/lang/pt_GW.res" 1627
"../../../Engine/Content/Internationalization/icudt64l/region/pt_GW.res" 1628
"../../../Engine/Content/Internationalization/icudt64l/lang/pt_LU.res" 1629
"../../../Engine/Content/Internationalization/icudt64l/region/pt_LU.res" 1630
"../../../Engine/Content/Internationalization/icudt64l/lang/pt_MO.res" 1631
"../../../Engine/Content/Internationalization/icudt64l/region/pt_MO.res" 1632
"../../../Engine/Content/Internationalization/icudt64l/lang/pt_MZ.res" 1633
"../../../Engine/Content/Internationalization/icudt64l/region/pt_MZ.res" 1634
"../../../Engine/Content/Internationalization/icudt64l/lang/pt_ST.res" 1635
"../../../Engine/Content/Internationalization/icudt64l/region/pt_ST.res" 1636
"../../../Engine/Content/Internationalization/icudt64l/lang/pt_TL.res" 1637
"../../../Engine/Content/Internationalization/icudt64l/region/pt_TL.res" 1638
"../../../Engine/Content/Internationalization/icudt64l/lang/qu.res" 1639
"../../../Engine/Content/Internationalization/icudt64l/region/qu.res" 1640
"../../../Engine/Content/Internationalization/icudt64l/lang/rm.res" 1641
"../../../Engine/Content/Internationalization/icudt64l/region/rm.res" 1642
"../../../Engine/Content/Internationalization/icudt64l/lang/rn.res" 1643
"../../../Engine/Content/Internationalization/icudt64l/region/rn.res" 1644
"../../../Engine/Content/Internationalization/icudt64l/lang/ro.res" 1645
"../../../Engine/Content/Internationalization/icudt64l/lang/ro_MD.res" 1646
"../../../Engine/Content/Internationalization/icudt64l/region/ro_MD.res" 1647
"../../../Engine/Content/Internationalization/icudt64l/region/ro.res" 1648
"../../../Engine/Content/Internationalization/icudt64l/lang/rof.res" 1649
"../../../Engine/Content/Internationalization/icudt64l/region/rof.res" 1650
"../../../Engine/Content/Internationalization/icudt64l/region/ru_UA.res" 1651
"../../../Engine/Content/Internationalization/icudt64l/lang/rw.res" 1652
"../../../Engine/Content/Internationalization/icudt64l/region/rw.res" 1653
"../../../Engine/Content/Internationalization/icudt64l/lang/rwk.res" 1654
"../../../Engine/Content/Internationalization/icudt64l/region/rwk.res" 1655
"../../../Engine/Content/Internationalization/icudt64l/lang/sah.res" 1656
"../../../Engine/Content/Internationalization/icudt64l/region/sah.res" 1657
"../../../Engine/Content/Internationalization/icudt64l/lang/saq.res" 1658
"../../../Engine/Content/Internationalization/icudt64l/region/saq.res" 1659
"../../../Engine/Content/Internationalization/icudt64l/lang/sbp.res" 1660
"../../../Engine/Content/Internationalization/icudt64l/region/sbp.res" 1661
"../../../Engine/Content/Internationalization/icudt64l/lang/sd.res" 1662
"../../../Engine/Content/Internationalization/icudt64l/region/sd.res" 1663
"../../../Engine/Content/Internationalization/icudt64l/lang/se.res" 1664
"../../../Engine/Content/Internationalization/icudt64l/lang/se_FI.res" 1665
"../../../Engine/Content/Internationalization/icudt64l/region/se_FI.res" 1666
"../../../Engine/Content/Internationalization/icudt64l/region/se.res" 1667
"../../../Engine/Content/Internationalization/icudt64l/lang/seh.res" 1668
"../../../Engine/Content/Internationalization/icudt64l/region/seh.res" 1669
"../../../Engine/Content/Internationalization/icudt64l/lang/ses.res" 1670
"../../../Engine/Content/Internationalization/icudt64l/region/ses.res" 1671
"../../../Engine/Content/Internationalization/icudt64l/lang/sg.res" 1672
"../../../Engine/Content/Internationalization/icudt64l/region/sg.res" 1673
"../../../Engine/Content/Internationalization/icudt64l/lang/shi.res" 1674
"../../../Engine/Content/Internationalization/icudt64l/lang/shi_Latn.res" 1675
"../../../Engine/Content/Internationalization/icudt64l/lang/shi_MA.res" 1676
"../../../Engine/Content/Internationalization/icudt64l/lang/shi_Tfng_MA.res" 1677
"../../../Engine/Content/Internationalization/icudt64l/lang/shi_Tfng.res" 1678
"../../../Engine/Content/Internationalization/icudt64l/region/shi_MA.res" 1679
"../../../Engine/Content/Internationalization/icudt64l/region/shi_Tfng_MA.res" 1680
"../../../Engine/Content/Internationalization/icudt64l/region/shi_Tfng.res" 1681
"../../../Engine/Content/Internationalization/icudt64l/region/shi.res" 1682
"../../../Engine/Content/Internationalization/icudt64l/region/shi_Latn.res" 1683
"../../../Engine/Content/Internationalization/icudt64l/lang/si.res" 1684
"../../../Engine/Content/Internationalization/icudt64l/region/si.res" 1685
"../../../Engine/Content/Internationalization/icudt64l/lang/sk.res" 1686
"../../../Engine/Content/Internationalization/icudt64l/region/sk.res" 1687
"../../../Engine/Content/Internationalization/icudt64l/lang/sl.res" 1688
"../../../Engine/Content/Internationalization/icudt64l/region/sl.res" 1689
"../../../Engine/Content/Internationalization/icudt64l/lang/smn.res" 1690
"../../../Engine/Content/Internationalization/icudt64l/region/smn.res" 1691
"../../../Engine/Content/Internationalization/icudt64l/lang/sn.res" 1692
"../../../Engine/Content/Internationalization/icudt64l/region/sn.res" 1693
"../../../Engine/Content/Internationalization/icudt64l/lang/so.res" 1694
"../../../Engine/Content/Internationalization/icudt64l/region/so.res" 1695
"../../../Engine/Content/Internationalization/icudt64l/lang/sq.res" 1696
"../../../Engine/Content/Internationalization/icudt64l/region/sq.res" 1697
"../../../Engine/Content/Internationalization/icudt64l/lang/sr.res" 1698
"../../../Engine/Content/Internationalization/icudt64l/lang/sr_Cyrl.res" 1699
"../../../Engine/Content/Internationalization/icudt64l/lang/sr_BA.res" 1700
"../../../Engine/Content/Internationalization/icudt64l/lang/sr_Cyrl_BA.res" 1701
"../../../Engine/Content/Internationalization/icudt64l/region/sr_BA.res" 1702
"../../../Engine/Content/Internationalization/icudt64l/region/sr_Cyrl_BA.res" 1703
"../../../Engine/Content/Internationalization/icudt64l/region/sr_Cyrl.res" 1704
"../../../Engine/Content/Internationalization/icudt64l/region/sr.res" 1705
"../../../Engine/Content/Internationalization/icudt64l/lang/sr_ME.res" 1706
"../../../Engine/Content/Internationalization/icudt64l/lang/sr_Latn_ME.res" 1707
"../../../Engine/Content/Internationalization/icudt64l/lang/sr_Latn.res" 1708
"../../../Engine/Content/Internationalization/icudt64l/region/sr_ME.res" 1709
"../../../Engine/Content/Internationalization/icudt64l/region/sr_Latn_ME.res" 1710
"../../../Engine/Content/Internationalization/icudt64l/region/sr_Latn.res" 1711
"../../../Engine/Content/Internationalization/icudt64l/lang/sr_Cyrl_ME.res" 1712
"../../../Engine/Content/Internationalization/icudt64l/region/sr_Cyrl_ME.res" 1713
"../../../Engine/Content/Internationalization/icudt64l/lang/sr_RS.res" 1714
"../../../Engine/Content/Internationalization/icudt64l/lang/sr_Cyrl_RS.res" 1715
"../../../Engine/Content/Internationalization/icudt64l/region/sr_RS.res" 1716
"../../../Engine/Content/Internationalization/icudt64l/region/sr_Cyrl_RS.res" 1717
"../../../Engine/Content/Internationalization/icudt64l/lang/sr_XK.res" 1718
"../../../Engine/Content/Internationalization/icudt64l/lang/sr_Cyrl_XK.res" 1719
"../../../Engine/Content/Internationalization/icudt64l/region/sr_XK.res" 1720
"../../../Engine/Content/Internationalization/icudt64l/region/sr_Cyrl_XK.res" 1721
"../../../Engine/Content/Internationalization/icudt64l/lang/sr_Latn_BA.res" 1722
"../../../Engine/Content/Internationalization/icudt64l/region/sr_Latn_BA.res" 1723
"../../../Engine/Content/Internationalization/icudt64l/lang/sr_Latn_RS.res" 1724
"../../../Engine/Content/Internationalization/icudt64l/region/sr_Latn_RS.res" 1725
"../../../Engine/Content/Internationalization/icudt64l/lang/sr_Latn_XK.res" 1726
"../../../Engine/Content/Internationalization/icudt64l/region/sr_Latn_XK.res" 1727
"../../../Engine/Content/Internationalization/icudt64l/lang/sv.res" 1728
"../../../Engine/Content/Internationalization/icudt64l/region/sv.res" 1729
"../../../Engine/Content/Internationalization/icudt64l/lang/sv_FI.res" 1730
"../../../Engine/Content/Internationalization/icudt64l/lang/sw.res" 1731
"../../../Engine/Content/Internationalization/icudt64l/lang/sw_CD.res" 1732
"../../../Engine/Content/Internationalization/icudt64l/region/sw_CD.res" 1733
"../../../Engine/Content/Internationalization/icudt64l/region/sw.res" 1734
"../../../Engine/Content/Internationalization/icudt64l/lang/sw_KE.res" 1735
"../../../Engine/Content/Internationalization/icudt64l/region/sw_KE.res" 1736
"../../../Engine/Content/Internationalization/icudt64l/lang/ta.res" 1737
"../../../Engine/Content/Internationalization/icudt64l/region/ta.res" 1738
"../../../Engine/Content/Internationalization/icudt64l/lang/te.res" 1739
"../../../Engine/Content/Internationalization/icudt64l/region/te.res" 1740
"../../../Engine/Content/Internationalization/icudt64l/lang/teo.res" 1741
"../../../Engine/Content/Internationalization/icudt64l/region/teo.res" 1742
"../../../Engine/Content/Internationalization/icudt64l/lang/tg.res" 1743
"../../../Engine/Content/Internationalization/icudt64l/region/tg.res" 1744
"../../../Engine/Content/Internationalization/icudt64l/lang/th.res" 1745
"../../../Engine/Content/Internationalization/icudt64l/lang/th_TH.res" 1746
"../../../Engine/Content/Internationalization/icudt64l/region/th_TH.res" 1747
"../../../Engine/Content/Internationalization/icudt64l/region/th.res" 1748
"../../../Engine/Content/Internationalization/icudt64l/lang/ti.res" 1749
"../../../Engine/Content/Internationalization/icudt64l/region/ti.res" 1750
"../../../Engine/Content/Internationalization/icudt64l/lang/tk.res" 1751
"../../../Engine/Content/Internationalization/icudt64l/region/tk.res" 1752
"../../../Engine/Content/Internationalization/icudt64l/lang/to.res" 1753
"../../../Engine/Content/Internationalization/icudt64l/region/to.res" 1754
"../../../Engine/Content/Internationalization/icudt64l/lang/tr.res" 1755
"../../../Engine/Content/Internationalization/icudt64l/region/tr.res" 1756
"../../../Engine/Content/Internationalization/icudt64l/lang/tt.res" 1757
"../../../Engine/Content/Internationalization/icudt64l/region/tt.res" 1758
"../../../Engine/Content/Internationalization/icudt64l/lang/twq.res" 1759
"../../../Engine/Content/Internationalization/icudt64l/region/twq.res" 1760
"../../../Engine/Content/Internationalization/icudt64l/lang/tzm.res" 1761
"../../../Engine/Content/Internationalization/icudt64l/region/tzm.res" 1762
"../../../Engine/Content/Internationalization/icudt64l/lang/ug.res" 1763
"../../../Engine/Content/Internationalization/icudt64l/region/ug.res" 1764
"../../../Engine/Content/Internationalization/icudt64l/lang/uk.res" 1765
"../../../Engine/Content/Internationalization/icudt64l/region/uk.res" 1766
"../../../Engine/Content/Internationalization/icudt64l/lang/ur.res" 1767
"../../../Engine/Content/Internationalization/icudt64l/lang/ur_IN.res" 1768
"../../../Engine/Content/Internationalization/icudt64l/region/ur_IN.res" 1769
"../../../Engine/Content/Internationalization/icudt64l/region/ur.res" 1770
"../../../Engine/Content/Internationalization/icudt64l/lang/uz.res" 1771
"../../../Engine/Content/Internationalization/icudt64l/lang/uz_Arab.res" 1772
"../../../Engine/Content/Internationalization/icudt64l/lang/uz_AF.res" 1773
"../../../Engine/Content/Internationalization/icudt64l/lang/uz_Arab_AF.res" 1774
"../../../Engine/Content/Internationalization/icudt64l/region/uz_AF.res" 1775
"../../../Engine/Content/Internationalization/icudt64l/region/uz_Arab_AF.res" 1776
"../../../Engine/Content/Internationalization/icudt64l/region/uz_Arab.res" 1777
"../../../Engine/Content/Internationalization/icudt64l/lang/uz_Cyrl.res" 1778
"../../../Engine/Content/Internationalization/icudt64l/lang/uz_UZ.res" 1779
"../../../Engine/Content/Internationalization/icudt64l/lang/uz_Latn_UZ.res" 1780
"../../../Engine/Content/Internationalization/icudt64l/lang/uz_Latn.res" 1781
"../../../Engine/Content/Internationalization/icudt64l/region/uz_UZ.res" 1782
"../../../Engine/Content/Internationalization/icudt64l/region/uz_Latn_UZ.res" 1783
"../../../Engine/Content/Internationalization/icudt64l/region/uz_Latn.res" 1784
"../../../Engine/Content/Internationalization/icudt64l/region/uz.res" 1785
"../../../Engine/Content/Internationalization/icudt64l/region/uz_Cyrl.res" 1786
"../../../Engine/Content/Internationalization/icudt64l/lang/vai.res" 1787
"../../../Engine/Content/Internationalization/icudt64l/lang/vai_Latn.res" 1788
"../../../Engine/Content/Internationalization/icudt64l/lang/vai_LR.res" 1789
"../../../Engine/Content/Internationalization/icudt64l/lang/vai_Vaii_LR.res" 1790
"../../../Engine/Content/Internationalization/icudt64l/lang/vai_Vaii.res" 1791
"../../../Engine/Content/Internationalization/icudt64l/region/vai_LR.res" 1792
"../../../Engine/Content/Internationalization/icudt64l/region/vai_Vaii_LR.res" 1793
"../../../Engine/Content/Internationalization/icudt64l/region/vai_Vaii.res" 1794
"../../../Engine/Content/Internationalization/icudt64l/region/vai.res" 1795
"../../../Engine/Content/Internationalization/icudt64l/region/vai_Latn.res" 1796
"../../../Engine/Content/Internationalization/icudt64l/lang/vi.res" 1797
"../../../Engine/Content/Internationalization/icudt64l/region/vi.res" 1798
"../../../Engine/Content/Internationalization/icudt64l/lang/vun.res" 1799
"../../../Engine/Content/Internationalization/icudt64l/region/vun.res" 1800
"../../../Engine/Content/Internationalization/icudt64l/lang/wae.res" 1801
"../../../Engine/Content/Internationalization/icudt64l/region/wae.res" 1802
"../../../Engine/Content/Internationalization/icudt64l/lang/wo.res" 1803
"../../../Engine/Content/Internationalization/icudt64l/region/wo.res" 1804
"../../../Engine/Content/Internationalization/icudt64l/lang/xh.res" 1805
"../../../Engine/Content/Internationalization/icudt64l/region/xh.res" 1806
"../../../Engine/Content/Internationalization/icudt64l/lang/xog.res" 1807
"../../../Engine/Content/Internationalization/icudt64l/region/xog.res" 1808
"../../../Engine/Content/Internationalization/icudt64l/lang/yav.res" 1809
"../../../Engine/Content/Internationalization/icudt64l/region/yav.res" 1810
"../../../Engine/Content/Internationalization/icudt64l/lang/yi.res" 1811
"../../../Engine/Content/Internationalization/icudt64l/region/yi.res" 1812
"../../../Engine/Content/Internationalization/icudt64l/lang/yo.res" 1813
"../../../Engine/Content/Internationalization/icudt64l/lang/yo_BJ.res" 1814
"../../../Engine/Content/Internationalization/icudt64l/region/yo_BJ.res" 1815
"../../../Engine/Content/Internationalization/icudt64l/region/yo.res" 1816
"../../../Engine/Content/Internationalization/icudt64l/lang/yue.res" 1817
"../../../Engine/Content/Internationalization/icudt64l/lang/yue_Hans.res" 1818
"../../../Engine/Content/Internationalization/icudt64l/lang/yue_CN.res" 1819
"../../../Engine/Content/Internationalization/icudt64l/lang/yue_Hans_CN.res" 1820
"../../../Engine/Content/Internationalization/icudt64l/region/yue_CN.res" 1821
"../../../Engine/Content/Internationalization/icudt64l/region/yue_Hans_CN.res" 1822
"../../../Engine/Content/Internationalization/icudt64l/region/yue_Hans.res" 1823
"../../../Engine/Content/Internationalization/icudt64l/lang/yue_Hant.res" 1824
"../../../Engine/Content/Internationalization/icudt64l/lang/yue_HK.res" 1825
"../../../Engine/Content/Internationalization/icudt64l/lang/yue_Hant_HK.res" 1826
"../../../Engine/Content/Internationalization/icudt64l/region/yue_HK.res" 1827
"../../../Engine/Content/Internationalization/icudt64l/region/yue_Hant_HK.res" 1828
"../../../Engine/Content/Internationalization/icudt64l/region/yue_Hant.res" 1829
"../../../Engine/Content/Internationalization/icudt64l/region/yue.res" 1830
"../../../Engine/Content/Internationalization/icudt64l/lang/zgh.res" 1831
"../../../Engine/Content/Internationalization/icudt64l/region/zgh.res" 1832
"../../../Engine/Content/Internationalization/icudt64l/lang/zh.res" 1833
"../../../Engine/Content/Internationalization/icudt64l/lang/zh_Hans.res" 1834
"../../../Engine/Content/Internationalization/icudt64l/lang/zh_CN.res" 1835
"../../../Engine/Content/Internationalization/icudt64l/lang/zh_Hans_CN.res" 1836
"../../../Engine/Content/Internationalization/icudt64l/region/zh_CN.res" 1837
"../../../Engine/Content/Internationalization/icudt64l/region/zh_Hans_CN.res" 1838
"../../../Engine/Content/Internationalization/icudt64l/region/zh_Hans.res" 1839
"../../../Engine/Content/Internationalization/icudt64l/region/zh.res" 1840
"../../../Engine/Content/Internationalization/icudt64l/lang/zh_HK.res" 1841
"../../../Engine/Content/Internationalization/icudt64l/lang/zh_Hant_HK.res" 1842
"../../../Engine/Content/Internationalization/icudt64l/lang/zh_Hant.res" 1843
"../../../Engine/Content/Internationalization/icudt64l/region/zh_HK.res" 1844
"../../../Engine/Content/Internationalization/icudt64l/region/zh_Hant_HK.res" 1845
"../../../Engine/Content/Internationalization/icudt64l/region/zh_Hant.res" 1846
"../../../Engine/Content/Internationalization/icudt64l/lang/zh_MO.res" 1847
"../../../Engine/Content/Internationalization/icudt64l/lang/zh_Hant_MO.res" 1848
"../../../Engine/Content/Internationalization/icudt64l/region/zh_MO.res" 1849
"../../../Engine/Content/Internationalization/icudt64l/region/zh_Hant_MO.res" 1850
"../../../Engine/Content/Internationalization/icudt64l/lang/zh_SG.res" 1851
"../../../Engine/Content/Internationalization/icudt64l/lang/zh_Hans_SG.res" 1852
"../../../Engine/Content/Internationalization/icudt64l/region/zh_SG.res" 1853
"../../../Engine/Content/Internationalization/icudt64l/region/zh_Hans_SG.res" 1854
"../../../Engine/Content/Internationalization/icudt64l/lang/zh_TW.res" 1855
"../../../Engine/Content/Internationalization/icudt64l/lang/zh_Hant_TW.res" 1856
"../../../Engine/Content/Internationalization/icudt64l/region/zh_TW.res" 1857
"../../../Engine/Content/Internationalization/icudt64l/region/zh_Hant_TW.res" 1858
"../../../Engine/Content/Internationalization/icudt64l/lang/zu.res" 1859
"../../../Engine/Content/Internationalization/icudt64l/region/zu.res" 1860
"../../../Engine/Content/Internationalization/icudt64l/lang/no.res" 1861
"../../../Engine/Content/Internationalization/icudt64l/lang/tl.res" 1862
"../../../Engine/Config/Android/DataDrivenPlatformInfo.ini" 1863
"../../../Engine/Config/IOS/DataDrivenPlatformInfo.ini" 1864
"../../../Engine/Config/Linux/DataDrivenPlatformInfo.ini" 1865
"../../../Engine/Config/LinuxArm64/DataDrivenPlatformInfo.ini" 1866
"../../../Engine/Config/Mac/DataDrivenPlatformInfo.ini" 1867
"../../../Engine/Config/TVOS/DataDrivenPlatformInfo.ini" 1868
"../../../Engine/Config/Unix/DataDrivenPlatformInfo.ini" 1869
"../../../Engine/Config/VulkanPC/DataDrivenPlatformInfo.ini" 1870
"../../../Engine/Config/Windows/DataDrivenPlatformInfo.ini" 1871
"../../../Engine/Platforms/VisionOS/Config/DataDrivenPlatformInfo.ini" 1872
"../../../Engine/Content/Renderer/TessellationTable.bin" 1873
"../../../Engine/DerivedDataCache/Compressed.ddp" 1874
"C:/Users/Admin/AppData/Local/UnrealEngine/5.5/Saved/Zen/zen.version" 1875
"C:/Users/Admin/AppData/Local/UnrealEngine/Common/Zen/Install/zen.version" 1876
"C:/Users/Admin/AppData/Local/UnrealEngine/Common/Zen/Install/zenserver.runcontext" 1877
"C:/Users/Admin/AppData/Local/UnrealEngine/Common/DerivedDataCache/TestData/0/TestData_4kb.dat" 1878
"C:/Users/Admin/AppData/Local/UnrealEngine/Common/DerivedDataCache/TestData/1/TestData_4kb.dat" 1879
"C:/Users/Admin/AppData/Local/UnrealEngine/Common/DerivedDataCache/TestData/0/TestData_8kb.dat" 1880
"C:/Users/Admin/AppData/Local/UnrealEngine/Common/DerivedDataCache/TestData/1/TestData_8kb.dat" 1881
"C:/Users/Admin/AppData/Local/UnrealEngine/Common/DerivedDataCache/TestData/0/TestData_16kb.dat" 1882
"C:/Users/Admin/AppData/Local/UnrealEngine/Common/DerivedDataCache/TestData/1/TestData_16kb.dat" 1883
"C:/Users/Admin/AppData/Local/UnrealEngine/Common/DerivedDataCache/TestData/0/TestData_64kb.dat" 1884
"C:/Users/Admin/AppData/Local/UnrealEngine/Common/DerivedDataCache/TestData/1/TestData_64kb.dat" 1885
"C:/Users/Admin/AppData/Local/UnrealEngine/Common/DerivedDataCache/TestData/0/TestData_128kb.dat" 1886
"C:/Users/Admin/AppData/Local/UnrealEngine/Common/DerivedDataCache/TestData/1/TestData_128kb.dat" 1887
"C:/Users/Admin/AppData/Local/UnrealEngine/Common/DerivedDataCache/TestData/0/TestData_256kb.dat" 1888
"C:/Users/Admin/AppData/Local/UnrealEngine/Common/DerivedDataCache/TestData/1/TestData_256kb.dat" 1889
"../../../../../../Users/Admin/Desktop/MainProject/Mutants/Intermediate/ShaderAutogen/PCD3D_SM6/AutogenShaderHeaders.ush" 1890
"../../../Engine/Shaders/Private/HairStrands/HairStrandsVertexFactory.ush" 1891
"../../../Engine/Shaders/Private/VertexFactoryCommon.ush" 1892
"../../../Engine/Shaders/Private/Common.ush" 1893
"../../../Engine/Shaders/Public/Platform.ush" 1894
"../../../Engine/Shaders/Public/FP16Math.ush" 1895
"../../../Engine/Shaders/Public/Platform/D3D/D3DCommon.ush" 1896
"../../../Engine/Shaders/Shared/HLSLReservedSpaces.h" 1897
"../../../Engine/Shaders/Shared/RayTracingBuiltInResources.h" 1898
"../../../Engine/Shaders/Shared/RayTracingDefinitions.h" 1899
"../../../Engine/Shaders/Public/BindlessResources.ush" 1900
"../../../Engine/Shaders/Public/OverloadMacros.ush" 1901
"../../../Engine/Shaders/Public/ShaderVersion.ush" 1902
"../../../Engine/Shaders/Private/PackUnpack.ush" 1903
"../../../Engine/Shaders/Private/GeneratedUniformBufferTypes.ush" 1904
"../../../Engine/Shaders/Private/Nanite/NanitePackedNaniteView.ush" 1905
"../../../Engine/Shaders/Private/HairStrands/HairStrandsVisibilityCommonStruct.ush" 1906
"../../../Engine/Shaders/Private/HairStrands/HairStrandsVoxelPageCommonStruct.ush" 1907
"../../../Engine/Shaders/Private/HairStrands/HairStrandsDeepShadowCommonStruct.ush" 1908
"../../../Engine/Shaders/Shared/LightSceneData.h" 1909
"../../../Engine/Shaders/Shared/HLSLTypeAliases.h" 1910
"../../../Engine/Shaders/Private/LargeWorldCoordinates.ush" 1911
"../../../Engine/Shaders/Private/DoubleFloat.ush" 1912
"../../../Engine/Shaders/Private/RandomPCG.ush" 1913
"../../../Engine/Shaders/Private/DoubleFloatOperations.ush" 1914
"../../../Engine/Shaders/Private/DoubleFloatVectorDefinition.ush" 1915
"../../../Engine/Shaders/Private/LWCOperations.ush" 1916
"../../../Engine/Shaders/Shared/RayTracingTypes.h" 1917
"../../../Engine/Shaders/Shared/HLSLStaticAssert.h" 1918
"../../../Engine/Shaders/Private/CommonViewUniformBuffer.ush" 1919
"../../../Engine/Shaders/Private/InstancedStereo.ush" 1920
"../../../Engine/Shaders/Private/Definitions.usf" 1921
"../../../Engine/Shaders/Private/AssertionMacros.ush" 1922
"../../../Engine/Shaders/Private/FastMath.ush" 1923
"../../../Engine/Shaders/Private/FastMathThirdParty.ush" 1924
"../../../Engine/Shaders/Private/Random.ush" 1925
"../../../Engine/Shaders/Private/RandomInterleavedGradientNoise.ush" 1926
"../../../Engine/Shaders/Private/SceneData.ush" 1927
"../../../Engine/Shaders/Private/OctahedralCommon.ush" 1928
"../../../Engine/Shaders/Private/WaveOpUtil.ush" 1929
"../../../Engine/Shaders/Shared/SceneDefinitions.h" 1930
"../../../Engine/Shaders/Private/SceneDataMobileLoader.ush" 1931
"../../../Engine/Shaders/Private/LocalVertexFactoryCommon.ush" 1932
"../../../Engine/Shaders/Private/HairStrands/HairStrandsVisibilityCommon.ush" 1933
"../../../Engine/Shaders/Shared/HairStrandsDefinitions.h" 1934
"../../../Engine/Shaders/Private/HairStrands/HairStrandsVertexFactoryCommon.ush" 1935
"../../../Engine/Shaders/Private/HairStrands/HairStrandsPack.ush" 1936
"../../../Engine/Shaders/Private/HairStrands/HairStrandsAttributeCommon.ush" 1937
"../../../Engine/Shaders/Private/HairStrands/HairStrandsAttributeTemplate.ush" 1938
"../../../Engine/Shaders/Private/VertexFactoryDefaultInterface.ush" 1939
"../../../Engine/Shaders/Private/HairStrands/HairCardsVertexFactory.ush" 1940
"../../../Engine/Shaders/Private/HairStrands/HairCardsAttributeCommon.ush" 1941
"../../../Engine/Shaders/Private/RayTracing/RayTracingCommon.ush" 1942
"../../../Engine/Shaders/Private/ShadingCommon.ush" 1943
"../../../Engine/Shaders/Shared/RayTracingPayloadType.h" 1944
"../../../Engine/Shaders/Private/RayTracing/RayTracingRayCone.ush" 1945
"../../../Engine/Shaders/Private/Substrate/Substrate.ush" 1946
"../../../Engine/Shaders/Private/ShadingEnergyConservation.ush" 1947
"../../../Engine/Shaders/Private/ShadingEnergyConservationTemplate.ush" 1948
"../../../Engine/Shaders/Private/BRDF.ush" 1949
"../../../Engine/Shaders/Private/ColorSpace.ush" 1950
"../../../Engine/Shaders/Private/DeferredShadingCommon.ush" 1951
"../../../Engine/Shaders/Private/LightAccumulator.ush" 1952
"../../../Engine/Shaders/Private/SceneTexturesCommon.ush" 1953
"../../../Engine/Shaders/Private/MonteCarlo.ush" 1954
"../../../Engine/Shaders/Private/GBufferHelpers.ush" 1955
"../../../Engine/Shaders/Private/SceneTextureParameters.ush" 1956
"C:/Users/Admin/Desktop/MainProject/Mutants/Intermediate/ShaderAutogen/PCD3D_SM6/AutogenShaderHeaders.ush" 1957
"../../../Engine/Shaders/Private/ParticipatingMediaCommon.ush" 1958
"../../../Engine/Shaders/Private/ThinFilmBSDF.ush" 1959
"../../../Engine/Shaders/Private/MortonCode.ush" 1960
"../../../Engine/Shaders/Private/SubsurfaceProfileCommon.ush" 1961
"../../../Engine/Shaders/Private/BurleyNormalizedSSSCommon.ush" 1962
"../../../Engine/Shaders/Private/GammaCorrectionCommon.ush" 1963
"../../../Engine/Shaders/Shared/SubstrateDefinitions.h" 1964
"../../../Engine/Shaders/Private/Substrate/SubstrateStatisticalOperators.ush" 1965
"../../../Engine/Shaders/Private/Substrate/SubstrateSubsurface.ush" 1966
"../../../Engine/Shaders/Private/TransmissionCommon.ush" 1967
"../../../Engine/Shaders/Private/SpecularProfileCommon.ush" 1968
"../../../Engine/Shaders/Private/RayTracing/RayTracingCommonMetal.ush" 1969
"../../../Engine/Shaders/Private/PositionReconstructionCommon.ush" 1970
"../../../Engine/Shaders/Private/RayTracing/TraceRayInline.ush" 1971
"../../../Engine/Shaders/Private/RayTracing/TraceRayInlineCommon.ush" 1972
"../../../Engine/Shaders/Private/RayTracing/TraceRayInlineVulkan.ush" 1973
"../../../Engine/Shaders/Private/RayTracing/TraceRayInlineMetal.ush" 1974
"../../../Engine/Shaders/Private/RayTracing/RayTracingHitGroupCommon.ush" 1975
"../../../Engine/Shaders/Private/Nanite/NaniteDataDecode.ush" 1976
"../../../Engine/Shaders/Private/BitPacking.ush" 1977
"../../../Engine/Shaders/Private/BitStreamReaderImplementation.ush" 1978
"../../../Engine/Shaders/Private/BoneTransform.ush" 1979
"../../../Engine/Shaders/Private/Quaternion.ush" 1980
"../../../Engine/Shaders/Shared/NaniteDefinitions.h" 1981
"../../../Engine/Shaders/Private/Nanite/NaniteAttributeDecode.ush" 1982
"../../../Engine/Shaders/Private/Barycentrics.ush" 1983
"../../../Engine/Shaders/Private/DualNumber.ush" 1984
"../../../Engine/Plugins/FX/Niagara/Shaders/Private/NiagaraSpriteVertexFactory.ush" 1985
"../../../Engine/Shaders/Private/ParticleVertexFactoryCommon.ush" 1986
"../../../Engine/Plugins/FX/Niagara/Shaders/Private/NiagaraVFCommon.usf" 1987
"../../../Engine/Plugins/FX/Niagara/Shaders/Private/NiagaraVFParticleAccess.usf" 1988
"../../../Engine/Plugins/FX/Niagara/Shaders/Private/NiagaraParticleAccess.ush" 1989
"../../../Engine/Plugins/FX/Niagara/Shaders/Private/NiagaraRibbonVertexFactory.ush" 1990
"../../../Engine/Plugins/FX/Niagara/Shaders/Private/NiagaraMeshVertexFactory.ush" 1991
"../../../Engine/Plugins/FX/Niagara/Shaders/Private/NiagaraCommon.ush" 1992
"../../../Engine/Plugins/FX/Niagara/Shaders/Private/NiagaraMeshParticleUtils.ush" 1993
"../../../Engine/Shaders/Private/VectorFieldVisualizationVertexFactory.ush" 1994
"../../../Engine/Shaders/Private/Nanite/NaniteVertexFactory.ush" 1995
"../../../Engine/Shaders/Private/LightmapData.ush" 1996
"../../../Engine/Shaders/Private/SplineMeshCommon.ush" 1997
"../../../Engine/Shaders/Shared/SplineMeshShaderParams.h" 1998
"../../../Engine/Shaders/Private/ShaderPrint.ush" 1999
"../../../Engine/Shaders/Private/ShaderPrintCommon.ush" 2000
"../../../Engine/Shaders/Private/MiniFontCommon.ush" 2001
"../../../Engine/Shaders/Private/Nanite/NaniteSceneCommon.ush" 2002
"../../../Engine/Shaders/Private/Nanite/NaniteVertexDeformation.ush" 2003
"../../../Engine/Shaders/Private/ParticleSpriteVertexFactory.ush" 2004
"../../../Engine/Shaders/Private/ParticleGPUSpriteVertexFactory.ush" 2005
"../../../Engine/Shaders/Private/ParticleSimulationCommon.ush" 2006
"../../../Engine/Shaders/Private/ParticleBeamTrailVertexFactory.ush" 2007
"../../../Engine/Shaders/Private/MeshParticleVertexFactory.ush" 2008
"../../../Engine/Shaders/Private/LocalVertexFactory.ush" 2009
"../../../Engine/Shaders/Private/GpuSkinCommon.ush" 2010
"../../../Engine/Shaders/Private/GpuSkinVertexFactory.ush" 2011
"../../../Engine/Shaders/Private/GeometryCollectionVertexFactory.ush" 2012
"../../../Engine/Shaders/Private/GeometryCacheVertexFactory.ush" 2013
"../../../Engine/Shaders/Private/LandscapeVertexFactory.ush" 2014
"../../../Engine/Plugins/Experimental/Compositing/HoldoutComposite/Shaders/Private/HoldoutCompositeFinal.usf" 2015
"../../../Engine/Shaders/Private/ScreenPass.ush" 2016
"../../../Engine/Shaders/Private/LensDistortion.ush" 2017
"../../../Engine/Plugins/Experimental/Compositing/HoldoutComposite/Shaders/Private/HoldoutCompositeSSRInput.usf" 2018
"../../../Engine/Plugins/Experimental/Compositing/HoldoutComposite/Shaders/Private/HoldoutCompositeDilate.usf" 2019
"../../../Engine/Plugins/Media/WmfMedia/Shaders/Private/MediaHardwareVideoDecoding.usf" 2020
"../../../Engine/Shaders/Private/ColorUtils.ush" 2021
"../../../Engine/Plugins/Media/ImgMedia/Shaders/Private/ExrSwizzler.usf" 2022
"../../../Engine/Plugins/Enterprise/GLTFExporter/Shaders/Private/SimpleTexture2DPS.usf" 2023
"../../../Engine/Shaders/Private/SimpleElementNormalMapPixelShader.usf" 2024
"../../../Engine/Plugins/Runtime/HairStrands/Shaders/Private/NiagaraCopyVelocityGrid.usf" 2025
"../../../Engine/Plugins/Runtime/HairStrands/Shaders/Private/NiagaraClearVelocityGrid.usf" 2026
"../../../Engine/Plugins/Runtime/HairStrands/Shaders/Private/NiagaraClearPressureGrid.usf" 2027
"../../../Engine/Plugins/Runtime/HairStrands/Shaders/Private/NiagaraInterpolateGroomGuides.usf" 2028
"../../../Engine/Plugins/Runtime/HairStrands/Shaders/Private/NiagaraGroomInterpolationUtils.ush" 2029
"../../../Engine/Plugins/FX/Niagara/Shaders/Private/NiagaraQuaternionUtils.ush" 2030
"../../../Engine/Shaders/Private/HairStrands/HairStrandsMesh.usf" 2031
"../../../Engine/Shaders/Private/HairStrands/HairStrandsBindingCommon.ush" 2032
"../../../Engine/Shaders/Private/HairStrands/HairStrandsFollicleMask.usf" 2033
"../../../Engine/Shaders/Private/HairStrands/HairStrandsSkinUpdate.usf" 2034
"../../../Engine/Shaders/Private/HairStrands/HairStrandsClusterCulling.usf" 2035
"../../../Engine/Shaders/Private/ColorMap.ush" 2036
"../../../Engine/Shaders/Private/HairStrands/HairStrandsAABBCommon.ush" 2037
"../../../Engine/Shaders/Private/HairStrands/HairStrandsClusterCommon.ush" 2038
"../../../Engine/Shaders/Private/ThreadGroupPrefixSum.ush" 2039
"../../../Engine/Shaders/Private/HairStrands/HairStrandsRaytracingGeometry.usf" 2040
"../../../Engine/Shaders/Private/HairStrands/HairStrandsTangent.usf" 2041
"../../../Engine/Shaders/Private/HairStrands/HairCardsDeformation.usf" 2042
"../../../Engine/Shaders/Private/HairStrands/HairStrandsInterpolation.usf" 2043
"../../../Engine/Shaders/Private/HairStrands/HairStrandsGuideDeform.usf" 2044
"../../../Engine/Shaders/Private/HairStrands/HairStrandsTexturesGeneration.usf" 2045
"../../../Engine/Shaders/Private/HairStrands/HairCardsTextureCommon.ush" 2046
"../../../Engine/Shaders/Private/HairStrands/HairStrandsTranscode.usf" 2047
"../../../Engine/Shaders/Private/HairStrands/HairStrandsDebug.usf" 2048
"../../../Engine/Shaders/Private/HairShadingCommon.ush" 2049
"../../../Engine/Shaders/Private/PostProcessCommon.ush" 2050
"../../../Engine/Shaders/Private/Matrices.ush" 2051
"../../../Engine/Shaders/Private/ShadingModels.ush" 2052
"../../../Engine/Shaders/Private/CapsuleLight.ush" 2053
"../../../Engine/Shaders/Private/RectLight.ush" 2054
"../../../Engine/Shaders/Private/LightData.ush" 2055
"../../../Engine/Shaders/Shared/LightDefinitions.h" 2056
"../../../Engine/Shaders/Private/AreaLightCommon.ush" 2057
"../../../Engine/Shaders/Private/HairBsdf.ush" 2058
"../../../Engine/Shaders/Private/MobileGGX.ush" 2059
"../../../Engine/Shaders/Private/HairStrands/HairStrandsCommon.ush" 2060
"../../../Engine/Shaders/Private/HairStrands/HairStrandsEnvironmentLightingCommon.ush" 2061
"../../../Engine/Shaders/Private/HairStrands/HairStrandsDeepTransmittanceCommon.ush" 2062
"../../../Engine/Shaders/Private/HairStrands/HairStrandsDeepTransmittanceDualScattering.ush" 2063
"../../../Engine/Shaders/Private/HairStrands/HairStrandsDeepShadowCommon.ush" 2064
"../../../Engine/Shaders/Private/HairStrands/HairStrandsDebugCommonStruct.ush" 2065
"../../../Engine/Plugins/FX/Niagara/Shaders/Private/Stateless/NiagaraStatelessSimulationExample1.usf" 2066
"../../../Engine/Plugins/FX/Niagara/Shaders/Private/Stateless/NiagaraStatelessSimulationTemplate.ush" 2067
"../../../Engine/Plugins/FX/Niagara/Shaders/Private/Stateless/NiagaraStatelessCommon.ush" 2068
"../../../Engine/Plugins/FX/Niagara/Shaders/Shared/NiagaraStatelessDefinitions.h" 2069
"../../../Engine/Plugins/FX/Niagara/Shaders/Shared/NiagaraStatelessBuiltDistribution.h" 2070
"../../../Engine/Plugins/FX/Niagara/Shaders/Private/Stateless/NiagaraStatelessDistribution.ush" 2071
"../../../Engine/Shaders/Private/ComputeShaderUtils.ush" 2072
"../../../Engine/Plugins/FX/Niagara/Shaders/Private/Stateless/Modules/NiagaraStatelessModule_CalculateAccurateVelocity.ush" 2073
"../../../Engine/Plugins/FX/Niagara/Shaders/Private/Stateless/Modules/NiagaraStatelessModule_CameraOffset.ush" 2074
"../../../Engine/Plugins/FX/Niagara/Shaders/Private/Stateless/Modules/NiagaraStatelessModule_DynamicMaterialParameters.ush" 2075
"../../../Engine/Plugins/FX/Niagara/Shaders/Private/Stateless/Modules/NiagaraStatelessModule_InitializeParticle.ush" 2076
"../../../Engine/Plugins/FX/Niagara/Shaders/Private/Stateless/Modules/NiagaraStatelessModule_InitialMeshOrientation.ush" 2077
"../../../Engine/Plugins/FX/Niagara/Shaders/Private/Stateless/Modules/NiagaraStatelessModule_MeshIndex.ush" 2078
"../../../Engine/Plugins/FX/Niagara/Shaders/Private/Stateless/Modules/NiagaraStatelessModule_MeshRotationRate.ush" 2079
"../../../Engine/Plugins/FX/Niagara/Shaders/Private/Stateless/Modules/NiagaraStatelessModule_RotateAroundPoint.ush" 2080
"../../../Engine/Plugins/FX/Niagara/Shaders/Private/Stateless/Modules/NiagaraStatelessModule_ShapeLocation.ush" 2081
"../../../Engine/Plugins/FX/Niagara/Shaders/Private/Stateless/Modules/NiagaraStatelessModule_ScaleColor.ush" 2082
"../../../Engine/Plugins/FX/Niagara/Shaders/Private/Stateless/Modules/NiagaraStatelessModule_ScaleSpriteSize.ush" 2083
"../../../Engine/Plugins/FX/Niagara/Shaders/Private/Stateless/Modules/NiagaraStatelessModule_ScaleSpriteSizeBySpeed.ush" 2084
"../../../Engine/Plugins/FX/Niagara/Shaders/Private/Stateless/Modules/NiagaraStatelessModule_ScaleMeshSize.ush" 2085
"../../../Engine/Plugins/FX/Niagara/Shaders/Private/Stateless/Modules/NiagaraStatelessModule_ScaleMeshSizebySpeed.ush" 2086
"../../../Engine/Plugins/FX/Niagara/Shaders/Private/Stateless/Modules/NiagaraStatelessModule_SolveVelocitiesAndForces.ush" 2087
"../../../Engine/Plugins/FX/Niagara/Shaders/Private/Stateless/Modules/NiagaraStatelessModule_SpriteFacingAndAlignment.ush" 2088
"../../../Engine/Plugins/FX/Niagara/Shaders/Private/Stateless/Modules/NiagaraStatelessModule_SpriteRotationRate.ush" 2089
"../../../Engine/Plugins/FX/Niagara/Shaders/Private/Stateless/Modules/NiagaraStatelessModule_SubUVAnimation.ush" 2090
"../../../Engine/Plugins/FX/Niagara/Shaders/Private/Stateless/NiagaraStatelessSimulationDefault.usf" 2091
"../../../Engine/Plugins/FX/Niagara/Shaders/Private/NiagaraSVTToDenseBuffer.usf" 2092
"../../../Engine/Shaders/Private/SparseVolumeTexture/SparseVolumeTextureCommon.ush" 2093
"../../../Engine/Plugins/FX/Niagara/Shaders/Private/NiagaraFillIntBuffer.usf" 2094
"../../../Engine/Plugins/FX/Niagara/Shaders/Private/NiagaraComputeFreeIDs.usf" 2095
"../../../Engine/Plugins/FX/Niagara/Shaders/Private/NiagaraInitFreeIDBuffer.usf" 2096
"../../../Engine/Plugins/FX/Niagara/Shaders/Private/NiagaraEmitterInstanceShader.usf" 2097
"../../../Engine/Plugins/FX/Niagara/Shaders/Private/NiagaraShaderVersion.ush" 2098
"../../../Engine/Shaders/Private/DistanceField/GlobalDistanceFieldShared.ush" 2099
"../../../Engine/Plugins/FX/Niagara/Shaders/Private/NiagaraPhysicsCommon.ush" 2100
"../../../Engine/Plugins/FX/Niagara/Shaders/Private/Ribbons/NiagaraRibbonGenerateIndices.usf" 2101
"../../../Engine/Plugins/FX/Niagara/Shaders/Private/Ribbons/NiagaraRibbonCommon.ush" 2102
"../../../Engine/Plugins/FX/Niagara/Shaders/Private/Ribbons/NiagaraRibbonInitializeIndices.usf" 2103
"../../../Engine/Plugins/FX/Niagara/Shaders/Private/Ribbons/NiagaraRibbonRibbonUVParamCalculation.usf" 2104
"../../../Engine/Plugins/FX/Niagara/Shaders/Private/Ribbons/NiagaraRibbonVertexReductionFinalization.usf" 2105
"../../../Engine/Plugins/FX/Niagara/Shaders/Private/Ribbons/NiagaraRibbonVertexReductionPropagation.usf" 2106
"../../../Engine/Plugins/FX/Niagara/Shaders/Private/Ribbons/NiagaraRibbonVertexReductionInitialization.usf" 2107
"../../../Engine/Plugins/FX/Niagara/Shaders/Private/Ribbons/NiagaraRibbonSortParticles.usf" 2108
"../../../Engine/Plugins/FX/Niagara/Shaders/Private/NiagaraUpdateMeshGPUSceneInstances.usf" 2109
"../../../Engine/Shaders/Private/GPUScene/GPUSceneWriter.ush" 2110
"../../../Engine/Plugins/FX/Niagara/Shaders/Private/NiagaraGenerateMips.usf" 2111
"../../../Engine/Plugins/FX/Niagara/Shaders/Private/NiagaraDebugDraw.usf" 2112
"../../../Engine/Plugins/FX/Niagara/Shaders/Private/NiagaraDebugDraw.ush" 2113
"../../../Engine/Plugins/FX/Niagara/Shaders/Private/NiagaraVisualizeTexture.usf" 2114
"../../../Engine/Plugins/FX/Niagara/Shaders/Private/NiagaraClearCounts.usf" 2115
"../../../Engine/Plugins/FX/Niagara/Shaders/Private/NiagaraBatchedElements.usf" 2116
"../../../Engine/Plugins/FX/Niagara/Shaders/Private/NiagaraRayTracingShaders.usf" 2117
"../../../Engine/Plugins/FX/Niagara/Shaders/Private/NiagaraAsyncGpuTraceCommon.ush" 2118
"../../../Engine/Shaders/Private/HashTable.ush" 2119
"../../../Engine/Shaders/Private/Hash.ush" 2120
"../../../Engine/Shaders/Private/RayTracing/VFXTraceRay.ush" 2121
"../../../Engine/Plugins/FX/Niagara/Shaders/Private/NiagaraRayMarchingShaders.usf" 2122
"../../../Engine/Plugins/FX/Niagara/Shaders/Private/NiagaraRayTraceCollisionGroupShaders.usf" 2123
"../../../Engine/Plugins/FX/Niagara/Shaders/Private/NiagaraAsyncGpuTraceUtils.usf" 2124
"../../../Engine/Plugins/FX/Niagara/Shaders/Private/NiagaraSortKeyGen.usf" 2125
"../../../Engine/Plugins/FX/Niagara/Shaders/Private/NiagaraGPURayTracingTransforms.usf" 2126
"../../../Engine/Plugins/FX/Niagara/Shaders/Private/NiagaraDrawIndirectArgsGen.usf" 2127
"../../../Engine/Plugins/FX/Niagara/Shaders/Private/NiagaraDispatchIndirectArgsGen.usf" 2128
"../../../Engine/Plugins/Runtime/ComputeFramework/Shaders/Private/ComputeKernel.usf" 2129
"../../../Engine/Plugins/Runtime/ComputeFramework/Shaders/Private/ComputeKernelCommon.ush" 2130
"../../../Engine/Plugins/NNE/NNEDenoiser/Shaders/NNEDenoiserShadersTransferFunctionOidn.usf" 2131
"../../../Engine/Plugins/NNE/NNEDenoiser/Shaders/NNEDenoiserShadersMappedCopy.usf" 2132
"../../../Engine/Plugins/NNE/NNEDenoiser/Shaders/NNEDenoiserShadersDefaultIOProcess.usf" 2133
"../../../Engine/Plugins/NNE/NNEDenoiser/Shaders/NNEDenoiserShadersAutoExposureReduceFinal.usf" 2134
"../../../Engine/Plugins/NNE/NNEDenoiser/Shaders/NNEDenoiserShadersAutoExposureReduce.usf" 2135
"../../../Engine/Plugins/NNE/NNEDenoiser/Shaders/NNEDenoiserShadersAutoExposureDownsample.usf" 2136
"../../../Engine/Plugins/Experimental/NFORDenoise/Shaders/NFORDenoise.usf" 2137
"../../../Engine/Plugins/Experimental/NFORDenoise/Shaders/NFORRegressionCommon.ush" 2138
"../../../Engine/Plugins/Experimental/NFORDenoise/Shaders/NFORRegression.ush" 2139
"../../../Engine/Plugins/PCG/Shaders/Private/PCGTextureReadback.usf" 2140
"../../../Engine/Plugins/PCG/Shaders/Private/PCGSceneWriter.usf" 2141
"../../../Engine/Shaders/Private/VirtualTextureAdapter.usf" 2142
"../../../Engine/Shaders/Private/BlockCompressionCommon.ush" 2143
"../../../Engine/Shaders/Private/BCCompressionCommon.ush" 2144
"../../../Engine/Shaders/Private/TranslucentLightingShaders.usf" 2145
"../../../Engine/Shaders/Private/SHCommon.ush" 2146
"../../../Engine/Shaders/Private/ShadowProjectionCommon.ush" 2147
"../../../Engine/Shaders/Private/CubemapCommon.ush" 2148
"../../../Engine/Shaders/Private/VectorFieldCompositeShaders.usf" 2149
"../../../Engine/Shaders/Private/UpdateTextureShaders.usf" 2150
"../../../Engine/Shaders/Private/StereoLayerShader.usf" 2151
"../../../Engine/Shaders/Private/SparseVolumeTexture/UpdateSparseVolumeTexture.usf" 2152
"../../../Engine/Shaders/Private/MorphTargets.usf" 2153
"../../../Engine/Shaders/Private/SimpleElementColorChannelMaskPixelShader.usf" 2154
"../../../Engine/Shaders/Private/SimpleElementHitProxyPixelShader.usf" 2155
"../../../Engine/Shaders/Private/SimpleElementPixelShader.usf" 2156
"../../../Engine/Shaders/Private/IESLightProfilesCommon.ush" 2157
"../../../Engine/Shaders/Private/SimpleElementVertexShader.usf" 2158
"../../../Engine/Shaders/Private/ScreenPixelShaderOES.usf" 2159
"../../../Engine/Shaders/Private/ScreenVertexShader.usf" 2160
"../../../Engine/Shaders/Private/ScreenPixelShader.usf" 2161
"../../../Engine/Shaders/Private/SSProfilePreIntegratedMobile.usf" 2162
"../../../Engine/Shaders/Private/SpecularProfile.usf" 2163
"../../../Engine/Shaders/Private/Nanite/NaniteStreaming.usf" 2164
"../../../Engine/Shaders/Private/Nanite/NaniteStreaming.ush" 2165
"../../../Engine/Shaders/Private/Nanite/NaniteTranscode.usf" 2166
"../../../Engine/Shaders/Private/VolumetricLightmapStreaming.usf" 2167
"../../../Engine/Shaders/Private/PhysicsFieldReset.usf" 2168
"../../../Engine/Shaders/Private/PhysicsFieldBuilder.usf" 2169
"../../../Engine/Shaders/Private/PhysicsFieldEval.ush" 2170
"../../../Engine/Shaders/Private/ParticleSortKeyGen.usf" 2171
"../../../Engine/Shaders/Private/ParticleBoundsShader.usf" 2172
"../../../Engine/Shaders/Private/ParticleSimVisualizeShader.usf" 2173
"../../../Engine/Shaders/Private/ParticleInjectionShader.usf" 2174
"../../../Engine/Shaders/Private/ParticleSimulationShader.usf" 2175
"../../../Engine/Shaders/Private/ParticleCurveInjectionShader.usf" 2176
"../../../Engine/Shaders/Private/CopyUIntBuffer.usf" 2177
"../../../Engine/Shaders/Private/RadixSortShaders.usf" 2178
"../../../Engine/Shaders/Private/RecomputeTangentsPerVertexPass.usf" 2179
"../../../Engine/Shaders/Private/RecomputeTangentsCommon.ush" 2180
"../../../Engine/Shaders/Private/RecomputeTangentsPerTrianglePass.usf" 2181
"../../../Engine/Shaders/Private/GpuSkinCacheComputeShader.usf" 2182
"../../../Engine/Shaders/Private/HeightFieldAtlasManagement.usf" 2183
"../../../Engine/Shaders/Private/LandscapePhysicalMaterial.usf" 2184
"../../../Engine/Shaders/Private/MaterialTemplate.ush" 2185
"../../../Engine/Shaders/Private/WorldSpaceMath.ush" 2186
"../../../Engine/Shaders/Private/EyeAdaptationCommon.ush" 2187
"../../../Engine/Shaders/Private/SobolRandom.ush" 2188
"../../../Engine/Shaders/Private/DepthOfFieldCommon.ush" 2189
"../../../Engine/Shaders/Private/CircleDOFCommon.ush" 2190
"../../../Engine/Shaders/Private/PhysicsFieldSampler.ush" 2191
"../../../Engine/Shaders/Private/PhysicsFieldShared.ush" 2192
"../../../Engine/Shaders/Shared/EnvironmentComponentsFlags.h" 2193
"../../../Engine/Shaders/Private/MeshPaintTextureCommon.ush" 2194
"../../../Engine/Shaders/Private/SpeedTreeCommon.ush" 2195
"../../../Engine/Shaders/Private/VirtualTextureCommon.ush" 2196
"../../../Engine/Shaders/Private/MaterialTexture.ush" 2197
"../../../Engine/Shaders/Private/MinMaterialTexCoords.ush" 2198
"../../../Engine/Shaders/Private/SkyAtmosphereCommon.ush" 2199
"../../../Engine/Shaders/Private/SingleLayerWaterCommon.ush" 2200
"../../../Engine/Shaders/Private/TextureSampling.ush" 2201
"../../../Engine/Shaders/Private/PaniniProjection.ush" 2202
"../../../Engine/Shaders/Private/DBufferNormalReprojection.ush" 2203
"../../../Engine/Shaders/Public/SubstratePublic.ush" 2204
"../../../Engine/Shaders/Private/Substrate/SubstrateTree.ush" 2205
"../../../Engine/Shaders/Private/Substrate/SubstrateEvaluation.ush" 2206
"../../../Engine/Shaders/Private/Substrate/Glint/GlintThirdParty.ush" 2207
"../../../Engine/Shaders/Private/BlueNoise.ush" 2208
"../../../Engine/Shaders/Private/ShadingModelsSampling.ush" 2209
"../../../Engine/Shaders/Private/HairStrands/HairBsdfSample.ush" 2210
"../../../Engine/Shaders/Private/Substrate/SubstrateLegacyConversion.ush" 2211
"../../../Engine/Shaders/Private/DBufferDecalShared.ush" 2212
"../../../Engine/Shaders/Private/LandscapeGrassWeight.usf" 2213
"../../../Engine/Shaders/Private/Landscape/LandscapeEditLayersUtils.usf" 2214
"../../../Engine/Shaders/Private/Landscape/LandscapeCommon.ush" 2215
"../../../Engine/Shaders/Private/Landscape/LandscapeEditLayersWeightmaps.usf" 2216
"../../../Engine/Shaders/Private/Landscape/LandscapeEditLayersHeightmaps.usf" 2217
"../../../Engine/Shaders/Private/Landscape/LandscapeLayersWeightmapsPS.usf" 2218
"../../../Engine/Shaders/Private/Landscape/LandscapeLayersHeightmapsPS.usf" 2219
"../../../Engine/Shaders/Private/LandscapeLayersCS.usf" 2220
"../../../Engine/Shaders/Private/LandscapeLayersPS.usf" 2221
"../../../Engine/Shaders/Private/LandscapeLayersVS.usf" 2222
"../../../Engine/Shaders/Private/Landscape/LandscapeCulling.usf" 2223
"../../../Engine/Shaders/Private/Nanite/NaniteHZBCull.ush" 2224
"../../../Engine/Shaders/Private/Landscape/LandscapeMergeTexturesPS.usf" 2225
"../../../Engine/Shaders/Private/WideCustomResolveShaders.usf" 2226
"../../../Engine/Shaders/Private/WideCustomResolve_Wide.ush" 2227
"../../../Engine/Shaders/Private/WideCustomResolve_Wider.ush" 2228
"../../../Engine/Shaders/Private/WideCustomResolve_Widest.ush" 2229
"../../../Engine/Shaders/Private/WaterInfoTextureBlur.usf" 2230
"../../../Engine/Shaders/Private/WaterInfoTextureMerge.usf" 2231
"../../../Engine/Shaders/Private/PageTableUpdate.usf" 2232
"../../../Engine/Shaders/Private/VirtualTextureCompress.usf" 2233
"../../../Engine/Shaders/Private/ETCCompressionCommon.ush" 2234
"../../../Engine/Shaders/Private/VirtualTextureMaterial.usf" 2235
"../../../Engine/Shaders/Private/PixelShaderOutputCommon.ush" 2236
"../../../Engine/Shaders/Private/ShaderOutputCommon.ush" 2237
"../../../Engine/Shaders/Private/VolumetricRenderTarget.usf" 2238
"../../../Engine/Shaders/Private/HeightFogCommon.ush" 2239
"../../../Engine/Shaders/Private/LocalFogVolumes/LocalFogVolumeCommon.ush" 2240
"../../../Engine/Shaders/Private/ReflectionEnvironmentShared.ush" 2241
"../../../Engine/Shaders/Private/VolumetricFogVoxelization.usf" 2242
"../../../Engine/Shaders/Private/VolumetricCloudMaterialPixelCommon.ush" 2243
"../../../Engine/Shaders/Private/VolumetricFogLightFunction.usf" 2244
"../../../Engine/Shaders/Private/LightFunctionCommon.ush" 2245
"../../../Engine/Shaders/Private/VolumetricFog.usf" 2246
"../../../Engine/Shaders/Private/DeferredLightingCommon.ush" 2247
"../../../Engine/Shaders/Private/DynamicLightingCommon.ush" 2248
"../../../Engine/Shaders/Private/CapsuleLightIntegrate.ush" 2249
"../../../Engine/Shaders/Private/CapsuleLightSampling.ush" 2250
"../../../Engine/Shaders/Private/RectLightIntegrate.ush" 2251
"../../../Engine/Shaders/Private/ScreenSpaceShadowRayCast.ush" 2252
"../../../Engine/Shaders/Private/LightFunctionAtlas/LightFunctionAtlasCommon.usf" 2253
"../../../Engine/Shaders/Private/HeterogeneousVolumes/HeterogeneousVolumesAdaptiveVolumetricShadowMapSampling.ush" 2254
"../../../Engine/Shaders/Private/HeterogeneousVolumes/HeterogeneousVolumesAdaptiveVolumetricShadowMapUtils.ush" 2255
"../../../Engine/Shaders/Private/HeterogeneousVolumes/HeterogeneousVolumesRayMarchingUtils.ush" 2256
"../../../Engine/Shaders/Private/HeterogeneousVolumes/HeterogeneousVolumesRayMarchingTypes.ush" 2257
"../../../Engine/Shaders/Private/PathTracing/Utilities/PathTracingRandomSequence.ush" 2258
"../../../Engine/Shaders/Private/HeterogeneousVolumes/HeterogeneousVolumesTracingUtils.ush" 2259
"../../../Engine/Shaders/Private/VelocityCommon.ush" 2260
"../../../Engine/Shaders/Private/HeterogeneousVolumes/HeterogeneousVolumesTransmittanceVolumeUtils.ush" 2261
"../../../Engine/Shaders/Private/ForwardShadowingCommon.ush" 2262
"../../../Engine/Shaders/Private/ShadowFilteringCommon.ush" 2263
"../../../Engine/Shaders/Private/PixelQuadMessagePassing.ush" 2264
"../../../Engine/Shaders/Private/VolumeLightingCommon.ush" 2265
"../../../Engine/Shaders/Private/VolumeLightingCommonSampling.ush" 2266
"../../../Engine/Shaders/Private/Lumen/LumenTranslucencyVolumeShared.ush" 2267
"../../../Engine/Shaders/Private/Lumen/LumenRadianceCacheInterpolation.ush" 2268
"../../../Engine/Shaders/Private/HeterogeneousVolumes/HeterogeneousVolumesAdaptiveVolumetricShadowMapSampler.ush" 2269
"../../../Engine/Shaders/Private/LightGridCommon.ush" 2270
"../../../Engine/Shaders/Private/DistanceFieldAOShared.ush" 2271
"../../../Engine/Shaders/Private/IntersectionUtils.ush" 2272
"../../../Engine/Shaders/Private/VolumetricLightmapShared.ush" 2273
"../../../Engine/Shaders/Private/LightDataUniforms.ush" 2274
"../../../Engine/Shaders/Private/VirtualShadowMaps/VirtualShadowMapProjectionCommon.ush" 2275
"../../../Engine/Shaders/Private/VirtualShadowMaps/VirtualShadowMapPageAccessCommon.ush" 2276
"../../../Engine/Shaders/Shared/VirtualShadowMapDefinitions.h" 2277
"../../../Engine/Shaders/Shared/HLSLMathAliases.h" 2278
"../../../Engine/Shaders/Private/VirtualShadowMaps/VirtualShadowMapProjectionStructs.ush" 2279
"../../../Engine/Shaders/Private/VolumetricCloudCommon.ush" 2280
"../../../Engine/Shaders/Private/VolumetricCloud.usf" 2281
"../../../Engine/Shaders/Private/VisualizeVolumetricLightmap.usf" 2282
"../../../Engine/Shaders/Private/VirtualShadowMaps/VirtualShadowMapProjectionComposite.usf" 2283
"../../../Engine/Shaders/Private/LightShaderParameters.ush" 2284
"../../../Engine/Shaders/Private/VirtualShadowMaps/VirtualShadowMapMaskBitsCommon.ush" 2285
"../../../Engine/Shaders/Private/VirtualShadowMaps/VirtualShadowMapLightGrid.ush" 2286
"../../../Engine/Shaders/Private/VirtualShadowMaps/VirtualShadowMapProjection.usf" 2287
"../../../Engine/Shaders/Private/Visualization.ush" 2288
"../../../Engine/Shaders/Private/VirtualShadowMaps/VirtualShadowMapProjectionFilter.ush" 2289
"../../../Engine/Shaders/Private/VirtualShadowMaps/VirtualShadowMapProjectionDirectional.ush" 2290
"../../../Engine/Shaders/Private/VirtualShadowMaps/VirtualShadowMapSMRTCommon.ush" 2291
"../../../Engine/Shaders/Private/VirtualShadowMaps/VirtualShadowMapSMRTTemplate.ush" 2292
"../../../Engine/Shaders/Private/VirtualShadowMaps/VirtualShadowMapProjectionSpot.ush" 2293
"../../../Engine/Shaders/Private/VirtualShadowMaps/VirtualShadowMapTransmissionCommon.ush" 2294
"../../../Engine/Shaders/Private/VirtualShadowMaps/VirtualShadowMapScreenRayTrace.ush" 2295
"../../../Engine/Shaders/Private/VirtualShadowMaps/VirtualShadowMapStats.ush" 2296
"../../../Engine/Shaders/Private/HairStrands/HairStrandsVoxelPageCommon.ush" 2297
"../../../Engine/Shaders/Private/HairStrands/HairStrandsVoxelPageTraversal.ush" 2298
"../../../Engine/Shaders/Private/VirtualShadowMaps/VirtualShadowMapCacheLoadBalancer.usf" 2299
"../../../Engine/Shaders/Private/VirtualShadowMaps/VirtualShadowMapPageCacheCommon.ush" 2300
"../../../Engine/Shaders/Private/VirtualShadowMaps/VirtualShadowMapCacheInvalidation.ush" 2301
"../../../Engine/Shaders/Private/VirtualShadowMaps/VirtualShadowMapPageOverlap.ush" 2302
"../../../Engine/Shaders/Private/ScreenSpaceDenoise/SSDDefinitions.ush" 2303
"../../../Engine/Shaders/Private/InstanceCulling/InstanceCullingLoadBalancer.ush" 2304
"../../../Engine/Shaders/Private/VirtualShadowMaps/VirtualShadowMapCopyStats.usf" 2305
"../../../Engine/Shaders/Private/VirtualShadowMaps/VirtualShadowMapDebug.usf" 2306
"../../../Engine/Shaders/Private/VirtualShadowMaps/Desaturate.usf" 2307
"../../../Engine/Shaders/Private/VirtualShadowMaps/VirtualShadowMapPhysicalPageManagement.usf" 2308
"../../../Engine/Shaders/Private/ReductionCommon.ush" 2309
"../../../Engine/Shaders/Private/GPUMessaging.ush" 2310
"../../../Engine/Shaders/Private/VirtualShadowMaps/VirtualShadowMapPerPageDispatch.ush" 2311
"../../../Engine/Shaders/Private/VirtualShadowMaps/VirtualShadowMapBuildPerPageDrawCommands.usf" 2312
"../../../Engine/Shaders/Private/Nanite/NaniteCullingCommon.ush" 2313
"../../../Engine/Shaders/Private/Nanite/NaniteCulling.ush" 2314
"../../../Engine/Shaders/Private/Nanite/NaniteHierarchyTraversalCommon.ush" 2315
"../../../Engine/Shaders/Private/InstanceCulling/InstanceCullingCommon.ush" 2316
"../../../Engine/Shaders/Shared/InstanceCullingDefinitions.h" 2317
"../../../Engine/Shaders/Private/VirtualShadowMaps/VirtualShadowMapPrintStats.usf" 2318
"../../../Engine/Shaders/Private/VirtualShadowMaps/VirtualShadowMapPageManagement.usf" 2319
"../../../Engine/Shaders/Private/VirtualShadowMaps/VirtualShadowMapPageMarking.usf" 2320
"../../../Engine/Shaders/Shared/SingleLayerWaterDefinitions.h" 2321
"../../../Engine/Shaders/Private/HairStrands/HairStrandsTileCommon.ush" 2322
"../../../Engine/Shaders/Private/Froxel/Froxel.ush" 2323
"../../../Engine/Shaders/Shared/FroxelDefinitions.h" 2324
"../../../Engine/Shaders/Private/VariableRateShading/VRSShadingRatePreview.usf" 2325
"../../../Engine/Shaders/Private/VariableRateShading/VRSShadingRateCommon.ush" 2326
"../../../Engine/Shaders/Private/VariableRateShading/VRSShadingRateCombine.usf" 2327
"../../../Engine/Shaders/Private/VariableRateShading/VRSShadingRateFoveated.usf" 2328
"../../../Engine/Shaders/Private/VariableRateShading/VRSShadingRateReproject.usf" 2329
"../../../Engine/Shaders/Private/VariableRateShading/VRSShadingRateCalculate.usf" 2330
"../../../Engine/Shaders/Private/TranslucencyUpsampling.usf" 2331
"../../../Engine/Shaders/Private/ComposeSeparateTranslucency.usf" 2332
"../../../Engine/Shaders/Private/SeparateTranslucency.ush" 2333
"../../../Engine/Shaders/Private/TranslucentLightInjectionShaders.usf" 2334
"../../../Engine/Shaders/Private/TranslucentShadowDepthShaders.usf" 2335
"../../../Engine/Shaders/Private/ShadowDepthCommon.ush" 2336
"../../../Engine/Shaders/Private/RayTracing/RayTracingTest.usf" 2337
"../../../Engine/Shaders/Private/PostProcessSubsurfaceTile.usf" 2338
"../../../Engine/Shaders/Private/Substrate/SubstrateVisualize.usf" 2339
"../../../Engine/Shaders/Private/Substrate/SubstrateTile.ush" 2340
"../../../Engine/Shaders/Private/Substrate/SubstrateVisualizeCommon.ush" 2341
"../../../Engine/Shaders/Private/SkyLightingDiffuseShared.ush" 2342
"../../../Engine/Shaders/Private/SkyLightingShared.ush" 2343
"../../../Engine/Shaders/Private/ClearCoatCommon.ush" 2344
"../../../Engine/Shaders/Private/ReflectionEnvironmentComposite.ush" 2345
"../../../Engine/Shaders/Private/Substrate/SubstrateLightingCommon.ush" 2346
"../../../Engine/Shaders/Private/Substrate/SubstrateRoughRefraction.usf" 2347
"../../../Engine/Shaders/Private/PathTracing/Material/PathTracingFresnel.ush" 2348
"../../../Engine/Shaders/Private/PathTracing/Material/PathTracingGlossy.ush" 2349
"../../../Engine/Shaders/Private/Substrate/SubstrateTile.usf" 2350
"../../../Engine/Shaders/Private/Substrate/SubstrateMaterialClassification.usf" 2351
"../../../Engine/Shaders/Private/Substrate/SubstrateDBuffer.usf" 2352
"../../../Engine/Shaders/Private/StochasticLighting/StochasticLightingDenoising.usf" 2353
"../../../Engine/Shaders/Private/Lumen/LumenMaterial.ush" 2354
"../../../Engine/Shaders/Private/StochasticLighting/StochasticLightingCommon.ush" 2355
"../../../Engine/Shaders/Private/SplineMeshSceneTexture.usf" 2356
"../../../Engine/Shaders/Private/SparseVolumeTexture/VisualizeSparseVolumeTexture.usf" 2357
"../../../Engine/Shaders/Private/SkyAtmosphere.usf" 2358
"../../../Engine/Shaders/Private/CopyDepthTexture.usf" 2359
"../../../Engine/Shaders/Private/SingleLayerWaterComposite.usf" 2360
"../../../Engine/Shaders/Private/Froxel/FroxelBuild.ush" 2361
"../../../Engine/Shaders/Private/ScreenSpaceShadows.usf" 2362
"../../../Engine/Shaders/Private/bend_sss_gpu.ush" 2363
"../../../Engine/Shaders/Private/ShadowFactorsUpsampleCommon.ush" 2364
"../../../Engine/Shaders/Private/ShadowProjectionVertexShader.usf" 2365
"../../../Engine/Shaders/Private/ShadowProjectionPixelShader.usf" 2366
"../../../Engine/Shaders/Private/MobileLightingCommon.ush" 2367
"../../../Engine/Shaders/Private/PlanarReflectionShared.ush" 2368
"../../../Engine/Shaders/Private/MobileSSR.ush" 2369
"../../../Engine/Shaders/Private/SSRT/SSRTRayCast.ush" 2370
"../../../Engine/Shaders/Private/ShadowPercentageCloserFiltering.ush" 2371
"../../../Engine/Shaders/Private/TransmissionThickness.ush" 2372
"../../../Engine/Shaders/Private/CopyShadowMaps.usf" 2373
"../../../Engine/Shaders/Private/ShadowDepthPixelShader.usf" 2374
"../../../Engine/Shaders/Private/ShadowDepthVertexShader.usf" 2375
"../../../Engine/Shaders/Private/ShadingEnergyConservationTable.usf" 2376
"../../../Engine/Shaders/Shared/PathTracingDefinitions.h" 2377
"../../../Engine/Shaders/Private/ShadingFurnaceTest.usf" 2378
"../../../Engine/Shaders/Private/Substrate/SubstrateDeferredLighting.ush" 2379
"../../../Engine/Shaders/Private/ShaderPrintDraw.usf" 2380
"../../../Engine/Shaders/Private/ShaderPrintDrawPrimitive.usf" 2381
"../../../Engine/Shaders/Private/DefaultSSRTiles.usf" 2382
"../../../Engine/Shaders/Private/ScreenSpaceReflectionTileCommons.ush" 2383
"../../../Engine/Shaders/Private/SSRT/SSRTDiffuseIndirect.usf" 2384
"../../../Engine/Shaders/Private/SSRT/SSRTTileClassificationBuffer.ush" 2385
"../../../Engine/Shaders/Private/SSRT/SSRTReflections.usf" 2386
"../../../Engine/Shaders/Private/ScreenSpaceDenoise/SSDPublic.ush" 2387
"../../../Engine/Shaders/Private/SSRT/SSRTTileClassification.usf" 2388
"../../../Engine/Shaders/Private/SSRT/SSRTPrevFrameReduction.usf" 2389
"../../../Engine/Shaders/Private/ScreenSpaceDenoise/SSDComposeHarmonics.usf" 2390
"../../../Engine/Shaders/Private/ScreenSpaceDenoise/SSDPublicHarmonics.ush" 2391
"../../../Engine/Shaders/Private/ScreenSpaceDenoise/SSDSignalFramework.ush" 2392
"../../../Engine/Shaders/Private/ScreenSpaceDenoise/SSDCommon.ush" 2393
"../../../Engine/Shaders/Private/SphericalGaussian.ush" 2394
"../../../Engine/Shaders/Public/WaveBroadcastIntrinsics.ush" 2395
"../../../Engine/Shaders/Private/ScreenSpaceDenoise/SSDMetadata.ush" 2396
"../../../Engine/Shaders/Private/ScreenSpaceDenoise/SSDSignalCore.ush" 2397
"../../../Engine/Shaders/Private/ScreenSpaceDenoise/DenoisingCommon.ush" 2398
"../../../Engine/Shaders/Private/ScreenSpaceDenoise/SSDSignalArray.ush" 2399
"../../../Engine/Shaders/Private/ScreenSpaceDenoise/SSDSignalBufferEncoding.ush" 2400
"../../../Engine/Shaders/Private/ScreenSpaceDenoise/SSDPublicBufferEncoding.ush" 2401
"../../../Engine/Shaders/Private/Lumen/LumenBufferEncoding.ush" 2402
"../../../Engine/Shaders/Private/ScreenSpaceDenoise/SSDTemporalAccumulation.usf" 2403
"../../../Engine/Shaders/Private/ScreenSpaceDenoise/SSDSpatialKernel.ush" 2404
"../../../Engine/Shaders/Private/ScreenSpaceDenoise/SSDSignalAccumulatorArray.ush" 2405
"../../../Engine/Shaders/Private/ScreenSpaceDenoise/SSDSignalAccumulator.ush" 2406
"../../../Engine/Shaders/Private/ScreenSpaceDenoise/SSDSignalCompression.ush" 2407
"../../../Engine/Shaders/Private/ScreenSpaceDenoise/SSDSpatialAccumulation.usf" 2408
"../../../Engine/Shaders/Private/ScreenSpaceDenoise/SSDInjest.usf" 2409
"../../../Engine/Shaders/Private/ScreenSpaceDenoise/SSDCompressMetadata.usf" 2410
"../../../Engine/Shaders/Private/DownsampleDepthPixelShader.usf" 2411
"../../../Engine/Shaders/Private/ScreenPass.usf" 2412
"../../../Engine/Shaders/Private/HZB.usf" 2413
"../../../Engine/Shaders/Private/OcclusionFeedbackShaders.usf" 2414
"../../../Engine/Shaders/Private/HZBOcclusion.usf" 2415
"../../../Engine/Shaders/Private/OcclusionQueryPixelShader.usf" 2416
"../../../Engine/Shaders/Private/OcclusionQueryVertexShader.usf" 2417
"../../../Engine/Shaders/Private/HitProxyCopy.usf" 2418
"../../../Engine/Shaders/Private/HitProxyPixelShader.usf" 2419
"../../../Engine/Shaders/Private/HitProxyVertexShader.usf" 2420
"../../../Engine/Shaders/Private/SceneCulling/SceneCullingDebugRender.usf" 2421
"../../../Engine/Shaders/Private/SceneCulling/SceneCulling.ush" 2422
"../../../Engine/Shaders/Shared/SceneCullingDefinitions.h" 2423
"../../../Engine/Shaders/Private/SceneCulling/SceneCullingBuildExplicitBounds.usf" 2424
"../../../Engine/Shaders/Private/SceneCapturePixelShader.usf" 2425
"../../../Engine/Shaders/Private/RendererUtils.usf" 2426
"../../../Engine/Shaders/Private/RTWriteMaskDecode.usf" 2427
"../../../Engine/Shaders/Private/ReflectionEnvironmentShaders.usf" 2428
"../../../Engine/Shaders/Private/RectLightAtlas.usf" 2429
"../../../Engine/Shaders/Private/RayTracing/TraceRayInlineStatistics.usf" 2430
"../../../Engine/Shaders/Private/RayTracing/CompositeSkyLightPS.usf" 2431
"../../../Engine/Shaders/Private/RayTracing/GenerateSkyLightVisibilityRaysCS.usf" 2432
"../../../Engine/Shaders/Private/RayTracing/RayTracingSkyLightCommon.ush" 2433
"../../../Engine/Shaders/Private/RayTracing/SkyLightVisibilityRaysData.ush" 2434
"../../../Engine/Shaders/Private/Raytracing/RaytracingSkylightRGS.usf" 2435
"../../../Engine/Shaders/Private/HairStrands/HairStrandsRaytracing.ush" 2436
"../../../Engine/Shaders/Private/Raytracing/RayTracingSkyLightEvaluation.ush" 2437
"../../../Engine/Shaders/Private/Raytracing/RayTracingDeferredShadingCommon.ush" 2438
"../../../Engine/Shaders/Private/RayTracing/RayTracingOcclusionRGS.usf" 2439
"../../../Engine/Shaders/Private/RayTracing/RayTracingDirectionalLight.ush" 2440
"../../../Engine/Shaders/Private/RayTracing/RayTracingRectLight.ush" 2441
"../../../Engine/Shaders/Private/RayTracing/RayTracingSphereLight.ush" 2442
"../../../Engine/Shaders/Private/RayTracing/RayTracingCapsuleLight.ush" 2443
"../../../Engine/Shaders/Private/RayTracing/RayTracingPrimaryRays.usf" 2444
"../../../Engine/Shaders/Private/RayTracing/RayTracingLightingCommon.ush" 2445
"../../../Engine/Shaders/Private/RayTracing/RayTracingLightCullingCommon.ush" 2446
"../../../Engine/Shaders/Private/RayTracing/RayTracingMaterialDefaultHitShaders.usf" 2447
"../../../Engine/Shaders/Private/RayTracing/RayTracingMaterialHitShaders.usf" 2448
"../../../Engine/Shaders/Private/RayTracing/RayTracingShaderUtils.ush" 2449
"../../../Engine/Shaders/Private/RayTracing/RayTracingCalcInterpolants.ush" 2450
"../../../Engine/Shaders/Private/LightmapCommon.ush" 2451
"../../../Engine/Shaders/Private/Lumen/LumenHardwareRayTracingPayloadCommon.ush" 2452
"../../../Engine/Shaders/Shared/LumenDefinitions.h" 2453
"../../../Engine/Shaders/Private/Substrate/SubstrateExport.ush" 2454
"../../../Engine/Shaders/Private/RayTracing/RayTracingLightingMS.usf" 2455
"../../../Engine/Shaders/Private/RayTracing/RayTracingLightFunctionCommon.ush" 2456
"../../../Engine/Shaders/Private/RayTracing/RayTracingBuildLightGrid.usf" 2457
"../../../Engine/Shaders/Private/Raytracing/RayTracingInstanceBufferUtil.usf" 2458
"../../../Engine/Shaders/Private/RayTracing/RayTracingDynamicMesh.usf" 2459
"../../../Engine/Shaders/Private/RayTracing/RayTracingDefaultDecalHitShader.usf" 2460
"../../../Engine/Shaders/Private/RayTracing/RayTracingDecalMaterialShader.usf" 2461
"../../../Engine/Shaders/Private/PathTracing/PathTracingShaderUtils.ush" 2462
"../../../Engine/Shaders/Private/PathTracing/PathTracingCommon.ush" 2463
"../../../Engine/Shaders/Private/PathTracing/Material/PathTracingMaterialCommon.ush" 2464
"../../../Engine/Shaders/Private/RayTracing/RayTracingBuildDecalGrid.usf" 2465
"../../../Engine/Shaders/Private/RayTracing/RayTracingDebugHitStatsUtils.usf" 2466
"../../../Engine/Shaders/Private/RayTracing/RayTracingDebugInstanceOverlap.usf" 2467
"../../../Engine/Shaders/Private/RayTracing/RayTracingDebugPicking.usf" 2468
"../../../Engine/Shaders/Private/RayTracing/RayTracingDebugUtils.ush" 2469
"../../../Engine/Shaders/Shared/RayTracingDebugTypes.h" 2470
"../../../Engine/Shaders/Private/RayTracing/RayTracingDebugTraversal.usf" 2471
"../../../Engine/Shaders/Private/RayTracing/RayTracingDeferredMaterials.ush" 2472
"../../../Engine/Shaders/Shared/ThirdParty/AMD/ags_shader_intrinsics_dx12.h" 2473
"../../../Engine/Shaders/Shared/RayTracingDebugDefinitions.h" 2474
"../../../Engine/Shaders/Private/RayTracing/RayTracingDebugHitStatsCHS.usf" 2475
"../../../Engine/Shaders/Private/RayTracing/RayTracingDebugHitStats.usf" 2476
"../../../Engine/Shaders/Private/RayTracing/RayTracingDebugMS.usf" 2477
"../../../Engine/Shaders/Private/RayTracing/RayTracingDebugCHS.usf" 2478
"../../../Engine/Shaders/Private/RayTracing/RayTracingDebug.usf" 2479
"../../../Engine/Shaders/Private/RayTracing/RayTracingBuiltInShaders.usf" 2480
"../../../Engine/Shaders/Private/RayTracing/RayTracingBarycentrics.usf" 2481
"../../../Engine/Shaders/Private/RayTracing/RayTracingAmbientOcclusionRGS.usf" 2482
"../../../Engine/Shaders/Private/VisualizeShadingModels.usf" 2483
"../../../Engine/Shaders/Private/MotionBlur/VisualizeMotionVectors.usf" 2484
"../../../Engine/Shaders/Private/TemporalSuperResolution/TSRVisualize.usf" 2485
"../../../Engine/Shaders/Private/TemporalSuperResolution/TSRColorSpace.ush" 2486
"../../../Engine/Shaders/Private/TemporalSuperResolution/TSRCommon.ush" 2487
"../../../Engine/Shaders/Public/DualPixelVectorization.ush" 2488
"../../../Engine/Shaders/Private/TemporalSuperResolution/TSRReprojectionField.ush" 2489
"../../../Engine/Shaders/Private/TemporalSuperResolution/TSRResolveHistory.usf" 2490
"../../../Engine/Shaders/Private/TemporalSuperResolution/TSRConvolutionNetwork.ush" 2491
"../../../Engine/Shaders/Private/TemporalSuperResolution/TSRKernels.ush" 2492
"../../../Engine/Shaders/Public/LaneVectorization.ush" 2493
"../../../Engine/Shaders/Private/TemporalSuperResolution/TSRUpdateHistory.usf" 2494
"../../../Engine/Shaders/Private/TemporalSuperResolution/TSRSpatialAntiAliasing.ush" 2495
"../../../Engine/Shaders/Private/TemporalSuperResolution/TSRSpatialAntiAliasing.usf" 2496
"../../../Engine/Shaders/Private/TemporalSuperResolution/TSRRejectShading.usf" 2497
"../../../Engine/Shaders/Private/TemporalSuperResolution/TSRShadingAnalysis.ush" 2498
"../../../Engine/Shaders/Private/TemporalSuperResolution/TSRConvolutionNetworkPass.ush" 2499
"../../../Engine/Shaders/Private/TemporalSuperResolution/TSRDecimateHistory.usf" 2500
"../../../Engine/Shaders/Private/TemporalSuperResolution/TSRDepthVelocityAnalysis.ush" 2501
"../../../Engine/Shaders/Private/TemporalSuperResolution/TSRClosestOccluder.ush" 2502
"../../../Engine/Shaders/Private/TemporalSuperResolution/TSRDilateVelocity.usf" 2503
"../../../Engine/Shaders/Private/MotionBlur/MotionBlurVelocityFlatten.ush" 2504
"../../../Engine/Shaders/Private/MotionBlur/MotionBlurCommon.ush" 2505
"../../../Engine/Shaders/Private/TemporalSuperResolution/TSRClearPrevTextures.usf" 2506
"../../../Engine/Shaders/Private/TemporalSuperResolution/TSRMeasureFlickeringLuma.usf" 2507
"../../../Engine/Shaders/Private/TemporalAA.usf" 2508
"../../../Engine/Shaders/Private/FilterPixelShader.usf" 2509
"../../../Engine/Shaders/Private/FilterVertexShader.usf" 2510
"../../../Engine/Shaders/Private/PostProcessVisualizeBuffer.usf" 2511
"../../../Engine/Shaders/Private/PostProcessVisualizeLocalExposure.usf" 2512
"../../../Engine/Shaders/Private/PostProcessHistogramCommon.ush" 2513
"../../../Engine/Shaders/Private/TonemapCommon.ush" 2514
"../../../Engine/Shaders/Private/ACES.ush" 2515
"../../../Engine/Shaders/Private/PostProcessVisualizeLevelInstance.usf" 2516
"../../../Engine/Shaders/Private/PostProcessVisualizeHDR.usf" 2517
"../../../Engine/Shaders/Private/ShaderComplexityApplyPixelShader.usf" 2518
"../../../Engine/Shaders/Private/QuadOverdraw.ush" 2519
"../../../Engine/Shaders/Private/PostProcessUpscale.usf" 2520
"../../../Engine/Shaders/Private/PostProcessTonemap.usf" 2521
"../../../Engine/Shaders/Private/PostProcessing/FilmGrainPackConstants.usf" 2522
"../../../Engine/Shaders/Private/PostProcessing/FilmGrainReduce.usf" 2523
"../../../Engine/Shaders/Private/PostProcessTestImage.usf" 2524
"../../../Engine/Shaders/Private/PostProcessSubsurface.usf" 2525
"../../../Engine/Shaders/Private/SeparableSSS.ush" 2526
"../../../Engine/Shaders/Private/SubsurfaceBurleyNormalized.ush" 2527
"../../../Engine/Shaders/Private/PostProcessSelectionOutline.usf" 2528
"../../../Engine/Shaders/Private/PostProcessPixelProjectedReflectionMobile.usf" 2529
"../../../Engine/Shaders/Private/MotionBlur/MotionBlurVisualize.usf" 2530
"../../../Engine/Shaders/Private/MotionBlur/MotionBlurApply.usf" 2531
"../../../Engine/Shaders/Private/MotionBlur/MotionBlurFilterTileClassify.usf" 2532
"../../../Engine/Shaders/Private/MotionBlur/MotionBlurTileScatter.usf" 2533
"../../../Engine/Shaders/Private/MotionBlur/MotionBlurTileGather.usf" 2534
"../../../Engine/Shaders/Private/MotionBlur/MotionBlurVelocityFlatten.usf" 2535
"../../../Engine/Shaders/Private/PostProcessMobile.usf" 2536
"../../../Engine/Shaders/Private/PostProcessMitchellNetravali.usf" 2537
"../../../Engine/Shaders/Private/PostProcessMaterialShaders.usf" 2538
"../../../Engine/Shaders/Private/NeuralPostProcessCommon.usf" 2539
"../../../Engine/Shaders/Private/PostProcessLocalExposure.usf" 2540
"../../../Engine/Shaders/Private/PostProcessLensFlares.usf" 2541
"../../../Engine/Shaders/Private/PostProcessGBufferHints.usf" 2542
"../../../Engine/Shaders/Private/PostProcessHMD.usf" 2543
"../../../Engine/Shaders/Private/Histogram.usf" 2544
"../../../Engine/Shaders/Private/PostProcessHistogramReduce.usf" 2545
"../../../Engine/Shaders/Private/PostProcessHistogram.usf" 2546
"../../../Engine/Shaders/Private/Bloom/BloomFinalizeApplyConstants.usf" 2547
"../../../Engine/Shaders/Private/Bloom/BloomCommon.ush" 2548
"../../../Engine/Shaders/Private/Bloom/BloomResizeKernel.usf" 2549
"../../../Engine/Shaders/Private/Bloom/BloomDownsampleKernel.usf" 2550
"../../../Engine/Shaders/Private/Bloom/BloomClampKernel.usf" 2551
"../../../Engine/Shaders/Private/Bloom/BloomPackKernelConstants.usf" 2552
"../../../Engine/Shaders/Private/Bloom/BloomSumScatterDispersionEnergy.usf" 2553
"../../../Engine/Shaders/Private/Bloom/BloomReduceKernelSurvey.usf" 2554
"../../../Engine/Shaders/Private/Bloom/BloomSurveyKernelCenterEnergy.usf" 2555
"../../../Engine/Shaders/Private/Bloom/BloomSurveyMaxScatterDispersion.usf" 2556
"../../../Engine/Shaders/Private/Bloom/BloomFindKernelCenter.usf" 2557
"../../../Engine/Shaders/Private/PostProcessEyeAdaptation.usf" 2558
"../../../Engine/Shaders/Private/TranslucencyVolumeCommon.ush" 2559
"../../../Engine/Shaders/Private/PostProcessEyeAdaptationUtils.usf" 2560
"../../../Engine/Shaders/Private/PostProcessDownsample.usf" 2561
"../../../Engine/Shaders/Private/PostProcessDOF.usf" 2562
"../../../Engine/Shaders/Private/PostProcessDeviceEncodingOnly.usf" 2563
"../../../Engine/Shaders/Private/PostProcessCompositePrimitives.usf" 2564
"../../../Engine/Shaders/Private/PostProcessCombineLUTs.usf" 2565
"../../../Engine/Shaders/Private/PostProcessVisualizeDOF.usf" 2566
"../../../Engine/Shaders/Private/PostProcessBloom.usf" 2567
"../../../Engine/Shaders/Private/PostProcessAmbientOcclusionMobile.usf" 2568
"../../../Engine/Shaders/Private/PostProcessAmbientOcclusionCommon.ush" 2569
"../../../Engine/Shaders/Private/FXAAShader.usf" 2570
"../../../Engine/Shaders/Private/Fxaa3_11.ush" 2571
"../../../Engine/Shaders/Private/PaniniProjection.usf" 2572
"../../../Engine/Shaders/Private/DiaphragmDOF/DOFRecombine.usf" 2573
"../../../Engine/Shaders/Private/DiaphragmDOF/DOFCommon.ush" 2574
"../../../Engine/Shaders/Private/DiaphragmDOF/DOFHybridScatterPixelShader.usf" 2575
"../../../Engine/Shaders/Private/DiaphragmDOF/DOFHybridScatterCommon.ush" 2576
"../../../Engine/Shaders/Private/DiaphragmDOF/DOFHybridScatterVertexShader.usf" 2577
"../../../Engine/Shaders/Private/DiaphragmDOF/DOFPostfiltering.usf" 2578
"../../../Engine/Shaders/Private/DiaphragmDOF/DOFGatherTileSuggest.ush" 2579
"../../../Engine/Shaders/Private/DiaphragmDOF/DOFCocTileCommon.ush" 2580
"../../../Engine/Shaders/Private/DiaphragmDOF/DOFGatherPass.usf" 2581
"../../../Engine/Shaders/Private/DiaphragmDOF/DOFGatherCommon.ush" 2582
"../../../Engine/Shaders/Private/DiaphragmDOF/DOFGatherAccumulator.ush" 2583
"../../../Engine/Shaders/Private/DiaphragmDOF/DOFGatherKernel.ush" 2584
"../../../Engine/Shaders/Private/DiaphragmDOF/DOFBokehLUT.usf" 2585
"../../../Engine/Shaders/Private/DiaphragmDOF/DOFHybridScatterCompilation.usf" 2586
"../../../Engine/Shaders/Private/DiaphragmDOF/DOFReduce.usf" 2587
"../../../Engine/Shaders/Private/DiaphragmDOF/DOFDownsample.ush" 2588
"../../../Engine/Shaders/Private/DiaphragmDOF/DOFHybridScatterCompilation.ush" 2589
"../../../Engine/Shaders/Private/DiaphragmDOF/DOFDownsample.usf" 2590
"../../../Engine/Shaders/Private/DiaphragmDOF/DOFCocTileDilate.usf" 2591
"../../../Engine/Shaders/Private/DiaphragmDOF/DOFCocTileFlatten.usf" 2592
"../../../Engine/Shaders/Private/DiaphragmDOF/DOFSetup.usf" 2593
"../../../Engine/Shaders/Private/Tools/DebugAlphaChannel.usf" 2594
"../../../Engine/Shaders/Private/PlanarReflectionShaders.usf" 2595
"../../../Engine/Shaders/Private/PhysicsFieldVisualizer.usf" 2596
"../../../Engine/Shaders/Private/PathTracing/PathTracingSpatialTemporalDenoising.usf" 2597
"../../../Engine/Shaders/Private/ColorDifference.ush" 2598
"../../../Engine/Shaders/Private/PathTracing/PathTracingCompositingPixelShader.usf" 2599
"../../../Engine/Shaders/Private/PathTracing/PathTracingAdaptiveUtils.ush" 2600
"../../../Engine/Shaders/Private/PathTracing/PathTracingDefaultHitShader.usf" 2601
"../../../Engine/Shaders/Private/PathTracing/PathTracingGPULightmassMaterialHitShader.usf" 2602
"../../../Engine/Shaders/Private/PathTracing/PathTracingMaterialHitShader.usf" 2603
"../../../Engine/Shaders/Private/PathTracing/Material/PathTracingSubstrateCommon.ush" 2604
"../../../Engine/Shaders/Private/PathTracing/PathTracingLightingMissShader.usf" 2605
"../../../Engine/Shaders/Private/PathTracing/PathTracingMissShader.usf" 2606
"../../../Engine/Shaders/Private/PathTracing/PathTracingAdaptiveStart.usf" 2607
"../../../Engine/Shaders/Private/PathTracing/PathTracingBuildAdaptiveError.usf" 2608
"../../../Engine/Shaders/Private/PathTracing/PathTracingVolumetricCloudMaterialShader.usf" 2609
"../../../Engine/Shaders/Private/PathTracing/Volume/PathTracingCloudsMaterialCommon.ush" 2610
"../../../Engine/Shaders/Private/PathTracing/Volume/PathTracingVolumeCommon.ush" 2611
"../../../Engine/Shaders/Private/PathTracing/Volume/PathTracingCloudsCommon.ush" 2612
"../../../Engine/Shaders/Private/PathTracing/PathTracingBuildCloud.usf" 2613
"../../../Engine/Shaders/Private/PathTracing/Volume/PathTracingAtmosphereCommon.ush" 2614
"../../../Engine/Shaders/Private/PathTracing/PathTracingBuildCloudAccelerationMap.usf" 2615
"../../../Engine/Shaders/Private/PathTracing/PathTracingBuildAtmosphereLUT.usf" 2616
"../../../Engine/Shaders/Private/PathTracing/PathTracingSwizzleScanlines.usf" 2617
"../../../Engine/Shaders/Private/PathTracing/PathTracingInitExtinctionCoefficient.usf" 2618
"../../../Engine/Shaders/Private/PathTracing/PathTracingCopyDepth.usf" 2619
"../../../Engine/Shaders/Private/PathTracing/PathTracingDebug.usf" 2620
"../../../Engine/Shaders/Private/RayTracing/RayTracingDecalGrid.ush" 2621
"../../../Engine/Shaders/Private/PathTracing/Utilities/PathTracingRIS.ush" 2622
"../../../Engine/Shaders/Private/PathTracing/Light/PathTracingLightSampling.ush" 2623
"../../../Engine/Shaders/Private/PathTracing/Light/PathTracingLightCommon.ush" 2624
"../../../Engine/Shaders/Private/PathTracing/Light/PathTracingDirectionalLight.ush" 2625
"../../../Engine/Shaders/Private/PathTracing/Light/PathTracingPointLight.ush" 2626
"../../../Engine/Shaders/Private/PathTracing/Light/PathTracingCapsuleLight.ush" 2627
"../../../Engine/Shaders/Private/PathTracing/Light/PathTracingRectLight.ush" 2628
"../../../Engine/Shaders/Private/PathTracing/Light/PathTracingSkyLight.ush" 2629
"../../../Engine/Shaders/Private/PathTracing/Light/PathTracingLightGrid.ush" 2630
"../../../Engine/Shaders/Private/PathTracing/PathTracing.usf" 2631
"../../../Engine/Shaders/Private/PathTracing/PathTracingCore.ush" 2632
"../../../Engine/Shaders/Private/HeterogeneousVolumes/HeterogeneousVolumesVoxelGridTypes.ush" 2633
"../../../Engine/Shaders/Private/PathTracing/Material/PathTracingMaterialSampling.ush" 2634
"../../../Engine/Shaders/Private/PathTracing/Material/PathTracingLambert.ush" 2635
"../../../Engine/Shaders/Private/PathTracing/Material/PathTracingSubstrate.ush" 2636
"../../../Engine/Shaders/Private/PathTracing/Material/PathTracingSubstrateFoliage.ush" 2637
"../../../Engine/Shaders/Private/PathTracing/Material/PathTracingSubstrateSolidGlass.ush" 2638
"../../../Engine/Shaders/Private/PathTracing/Material/PathTracingSubstrateThinGlass.ush" 2639
"../../../Engine/Shaders/Private/PathTracing/Material/PathTracingSolidGlass.ush" 2640
"../../../Engine/Shaders/Private/PathTracing/Material/PathTracingEnergyConservation.ush" 2641
"../../../Engine/Shaders/Private/PathTracing/Material/PathTracingThinGlass.ush" 2642
"../../../Engine/Shaders/Private/PathTracing/Material/PathTracingDefaultLit.ush" 2643
"../../../Engine/Shaders/Private/PathTracing/Material/PathTracingClearCoat.ush" 2644
"../../../Engine/Shaders/Private/PathTracing/Material/PathTracingTwoSidedFoliage.ush" 2645
"../../../Engine/Shaders/Private/PathTracing/Material/PathTracingCloth.ush" 2646
"../../../Engine/Shaders/Private/PathTracing/Material/PathTracingSubsurfaceProfile.ush" 2647
"../../../Engine/Shaders/Private/PathTracing/Material/PathTracingEye.ush" 2648
"../../../Engine/Shaders/Private/PathTracing/Material/PathTracingHair.ush" 2649
"../../../Engine/Shaders/Private/PathTracing/Material/PathTracingMedium.ush" 2650
"../../../Engine/Shaders/Private/PathTracing/Volume/PathTracingVolume.ush" 2651
"../../../Engine/Shaders/Private/PathTracing/Volume/PathTracingAtmosphere.ush" 2652
"../../../Engine/Shaders/Private/PathTracing/Volume/PathTracingClouds.ush" 2653
"../../../Engine/Shaders/Private/PathTracing/Volume/PathTracingFog.ush" 2654
"../../../Engine/Shaders/Private/PathTracing/Volume/PathTracingHeterogeneousVolumes.ush" 2655
"../../../Engine/Shaders/Private/HeterogeneousVolumes/HeterogeneousVolumesVoxelGridTraversal.ush" 2656
"../../../Engine/Shaders/Private/HeterogeneousVolumes/HeterogeneousVolumesVoxelGridUtils.ush" 2657
"../../../Engine/Shaders/Private/HeterogeneousVolumes/HeterogeneousVolumesFrustumVoxelGridUtils.ush" 2658
"../../../Engine/Shaders/Private/PathTracing/Volume/PathTracingVolumeSampling.ush" 2659
"../../../Engine/Shaders/Private/PathTracing/PathTracingBuildLightGrid.usf" 2660
"../../../Engine/Shaders/Private/PathTracing/PathTracingSkylightMISCompensation.usf" 2661
"../../../Engine/Shaders/Private/PathTracing/PathTracingSkylightPrepare.usf" 2662
"../../../Engine/Shaders/Private/OIT/OITSorting.usf" 2663
"../../../Engine/Shaders/Private/OITCombine.usf" 2664
"../../../Engine/Shaders/Private/OITCommon.ush" 2665
"../../../Engine/Shaders/Private/Nanite/Voxel/RasterizeBricks.usf" 2666
"../../../Engine/Shaders/Private/Nanite/Voxel/Brick.ush" 2667
"../../../Engine/Shaders/Private/Nanite/Voxel/Voxel.ush" 2668
"../../../Engine/Shaders/Private/Nanite/Voxel/ScatterBricks.usf" 2669
"../../../Engine/Shaders/Private/Nanite/Voxel/TileBricks.usf" 2670
"../../../Engine/Shaders/Private/Nanite/Voxel/AutoVoxel.usf" 2671
"../../../Engine/Shaders/Private/Nanite/NaniteDebugViews.usf" 2672
"../../../Engine/Shaders/Private/Nanite/NaniteEditorCommon.ush" 2673
"../../../Engine/Shaders/Private/BinarySearch.ush" 2674
"../../../Engine/Shaders/Private/Nanite/NaniteDepthDecode.usf" 2675
"../../../Engine/Shaders/Private/HTileEncoding.ush" 2676
"../../../Engine/Shaders/Private/Nanite/NaniteVisualize.usf" 2677
"../../../Engine/Shaders/Private/Nanite/NaniteStreamOut.usf" 2678
"../../../Engine/Shaders/Private/Nanite/NaniteHierarchyTraversal.ush" 2679
"../../../Engine/Shaders/Private/Skinning/TransformProviders.usf" 2680
"../../../Engine/Shaders/Private/Nanite/NaniteShadeBinning.usf" 2681
"../../../Engine/Shaders/Private/Nanite/NaniteShadeCommon.ush" 2682
"../../../Engine/Shaders/Private/Nanite/NaniteFastClear.usf" 2683
"../../../Engine/Shaders/Private/Nanite/NaniteExportGBuffer.usf" 2684
"../../../Engine/Shaders/Private/Nanite/NaniteClusterCulling.usf" 2685
"../../../Engine/Shaders/Private/Nanite/NanitePrintStats.usf" 2686
"../../../Engine/Shaders/Private/Nanite/NaniteRasterizer.usf" 2687
"../../../Engine/Shaders/Private/Nanite/NaniteRasterizationCommon.ush" 2688
"../../../Engine/Shaders/Private/Nanite/NaniteRasterizer.ush" 2689
"../../../Engine/Shaders/Private/Nanite/NaniteWritePixel.ush" 2690
"../../../Engine/Shaders/Private/Nanite/NaniteTessellation.ush" 2691
"../../../Engine/Shaders/Private/WorkDistribution.ush" 2692
"../../../Engine/Shaders/Private/Nanite/NaniteDice.ush" 2693
"../../../Engine/Shaders/Private/ShaderBundleWorkGraphCommon.ush" 2694
"../../../Engine/Shaders/Public/RootConstants.ush" 2695
"../../../Engine/Shaders/Public/Platform/D3D/D3DRootConstants.ush" 2696
"../../../Engine/Shaders/Private/Nanite/NaniteSplit.usf" 2697
"../../../Engine/Shaders/Private/Nanite/NaniteRasterBinning.usf" 2698
"../../../Engine/Shaders/Private/Nanite/NaniteInstanceCulling.usf" 2699
"../../../Engine/Shaders/Private/Nanite/NaniteImposter.ush" 2700
"../../../Engine/Shaders/Private/Nanite/NaniteInstanceHierarchyCulling.usf" 2701
"../../../Engine/Shaders/Private/Nanite/NanitePrimitiveFilter.usf" 2702
"../../../Engine/Shaders/Private/Nanite/NaniteRasterClear.usf" 2703
"../../../Engine/Shaders/Private/Nanite/NaniteDepthExport.usf" 2704
"../../../Engine/Shaders/Private/Nanite/NaniteEmitShadow.usf" 2705
"../../../Engine/Shaders/Private/MobileDeferredUtils.usf" 2706
"../../../Engine/Shaders/Private/MobileLocalLightsBuffer.usf" 2707
"../../../Engine/Shaders/Private/MobileFog.usf" 2708
"../../../Engine/Shaders/Private/DistortApplyScreenPS.usf" 2709
"../../../Engine/Shaders/Private/MobileDeferredShading.usf" 2710
"../../../Engine/Shaders/Private/MobileBasePassPixelShader.usf" 2711
"../../../Engine/Shaders/Private/MobileBasePassCommon.ush" 2712
"../../../Engine/Shaders/Private/BasePassCommon.ush" 2713
"../../../Engine/Shaders/Private/ShadingModelsMaterial.ush" 2714
"../../../Engine/Shaders/Private/ThinTranslucentCommon.ush" 2715
"../../../Engine/Shaders/Private/SingleLayerWaterShading.ush" 2716
"../../../Engine/Shaders/Private/DistortionCommon.ush" 2717
"../../../Engine/Shaders/Private/Substrate/SubstrateMobileForwardLighting.ush" 2718
"../../../Engine/Shaders/Private/MobileBasePassVertexShader.usf" 2719
"../../../Engine/Shaders/Private/MeshEdges.usf" 2720
"../../../Engine/Shaders/Private/MegaLights/MegaLightsVSMTracing.usf" 2721
"../../../Engine/Shaders/Private/MegaLights/MegaLights.ush" 2722
"../../../Engine/Shaders/Private/Lumen/LumenPosition.ush" 2723
"../../../Engine/Shaders/Private/MegaLights/MegaLightsRayTracing.ush" 2724
"../../../Engine/Shaders/Private/MegaLights/MegaLightsRayTracing.usf" 2725
"../../../Engine/Shaders/Private/DistanceField/GlobalDistanceFieldUtils.ush" 2726
"../../../Engine/Shaders/Private/Lumen/LumenScreenTracing.ush" 2727
"../../../Engine/Shaders/Private/MegaLights/MegaLightsVolumeRayTracing.usf" 2728
"../../../Engine/Shaders/Private/MegaLights/MegaLightsVolume.ush" 2729
"../../../Engine/Shaders/Private/MegaLights/MegaLightsVolumeHardwareRayTracing.usf" 2730
"../../../Engine/Shaders/Private/Lumen/LumenHardwareRayTracingCommon.ush" 2731
"../../../Engine/Shaders/Private/RayTracing/RayTracingReflectionEnvironment.ush" 2732
"../../../Engine/Shaders/Private/Lumen/LumenHardwareRayTracingPlatformCommon.ush" 2733
"../../../Engine/Shaders/Private/Lumen/LumenReflectionsCombine.ush" 2734
"../../../Engine/Shaders/Private/Lumen/LumenTracingCommon.ush" 2735
"../../../Engine/Shaders/Private/Lumen/SurfaceCache/LumenSurfaceCacheSampling.ush" 2736
"../../../Engine/Shaders/Private/Lumen/SurfaceCache/LumenSurfaceCache.ush" 2737
"../../../Engine/Shaders/Private/Lumen/LumenCardCommon.ush" 2738
"../../../Engine/Shaders/Private/Lumen/LumenCardTileShadowDownsampleFactor.ush" 2739
"../../../Engine/Shaders/Private/MegaLights/MegaLightsHardwareRayTracing.usf" 2740
"../../../Engine/Shaders/Private/MegaLights/MegaLightsFilterVisibleLightHash.usf" 2741
"../../../Engine/Shaders/Private/MegaLights/MegaLightsDenoiserSpatial.usf" 2742
"../../../Engine/Shaders/Private/MegaLights/MegaLightsShading.ush" 2743
"../../../Engine/Shaders/Private/Lumen/LumenReflectionDenoiserCommon.ush" 2744
"../../../Engine/Shaders/Private/MegaLights/MegaLightsDenoiserTemporal.usf" 2745
"../../../Engine/Shaders/Private/MegaLights/MegaLightsShading.usf" 2746
"../../../Engine/Shaders/Private/MegaLights/MegaLightsVolumeShading.usf" 2747
"../../../Engine/Shaders/Private/MegaLights/MegaLightsVisibleLightHash.usf" 2748
"../../../Engine/Shaders/Private/MegaLights/MegaLightsSampling.usf" 2749
"../../../Engine/Shaders/Private/MegaLights/MegaLightsVolumeSampling.usf" 2750
"../../../Engine/Shaders/Private/MegaLights/MegaLights.usf" 2751
"../../../Engine/Shaders/Private/Lumen/LumenVisualizeRadianceCache.usf" 2752
"../../../Engine/Shaders/Private/Lumen/LumenRadianceCacheCommon.ush" 2753
"../../../Engine/Shaders/Private/Lumen/LumenVisualizeHardwareRayTracing.usf" 2754
"../../../Engine/Shaders/Private/Lumen/LumenVisualize.ush" 2755
"../../../Engine/Shaders/Private/Lumen/LumenHairTracing.ush" 2756
"../../../Engine/Shaders/Private/Lumen/LumenVisualize.usf" 2757
"../../../Engine/Shaders/Private/Lumen/LumenSoftwareRayTracing.ush" 2758
"../../../Engine/Shaders/Private/DistanceField/GlobalDistanceFieldObjectGrid.ush" 2759
"../../../Engine/Shaders/Private/DistanceFieldLightingShared.ush" 2760
"../../../Engine/Shaders/Private/Lumen/LumenVisualizeTraces.ush" 2761
"../../../Engine/Shaders/Private/Lumen/LumenTranslucencyVolumeLighting.usf" 2762
"../../../Engine/Shaders/Private/Lumen/LumenRadianceCacheMarkCommon.ush" 2763
"../../../Engine/Shaders/Private/Lumen/LumenTranslucencyVolumeLightingShared.ush" 2764
"../../../Engine/Shaders/Private/Lumen/LumenScreenProbeCommon.ush" 2765
"../../../Engine/Shaders/Private/RayTracing/RayGenUtils.ush" 2766
"../../../Engine/Shaders/Private/Lumen/LumenRadianceCacheTracingCommon.ush" 2767
"../../../Engine/Shaders/Private/Lumen/LumenTranslucencyVolumeHardwareRayTracing.usf" 2768
"../../../Engine/Shaders/Private/Lumen/LumenTranslucencyRadianceCacheMarkShaders.usf" 2769
"../../../Engine/Shaders/Private/Lumen/SurfaceCache/LumenSurfaceCacheFeedback.usf" 2770
"../../../Engine/Shaders/Private/Lumen/SurfaceCache/LumenSurfaceCache.usf" 2771
"../../../Engine/Shaders/Private/Lumen/LumenShortRangeAOHardwareRayTracing.usf" 2772
"../../../Engine/Shaders/Private/Lumen/LumenScreenSpaceBentNormal.usf" 2773
"../../../Engine/Shaders/Private/Lumen/LumenScreenProbeTracing.usf" 2774
"../../../Engine/Shaders/Private/Lumen/LumenScreenProbeTracingCommon.ush" 2775
"../../../Engine/Shaders/Private/Lumen/LumenFloatQuantization.ush" 2776
"../../../Engine/Shaders/Private/Lumen/LumenScreenProbeImportanceSampling.usf" 2777
"../../../Engine/Shaders/Private/Lumen/LumenScreenProbeImportanceSamplingShared.ush" 2778
"../../../Engine/Shaders/Private/Lumen/LumenScreenProbeHardwareRayTracing.usf" 2779
"../../../Engine/Shaders/Private/Lumen/LumenScreenProbeGather.usf" 2780
"../../../Engine/Shaders/Private/Lumen/LumenScreenSpaceBentNormal.ush" 2781
"../../../Engine/Shaders/Private/Lumen/LumenScreenProbeLightSampling.usf" 2782
"../../../Engine/Shaders/Private/Lumen/LumenScreenProbeFiltering.usf" 2783
"../../../Engine/Shaders/Private/Lumen/LumenSceneLighting.usf" 2784
"../../../Engine/Shaders/Private/Lumen/LumenCardTile.ush" 2785
"../../../Engine/Shaders/Private/Lumen/LumenSceneLighting.ush" 2786
"../../../Engine/Shaders/Private/Lumen/Radiosity/LumenRadiosity.ush" 2787
"../../../Engine/Shaders/Private/Lumen/LumenSceneLightingDebug.usf" 2788
"../../../Engine/Shaders/Private/Lumen/LumenScene.usf" 2789
"../../../Engine/Shaders/Private/Lumen/LumenSceneDirectLightingHardwareRayTracing.usf" 2790
"../../../Engine/Shaders/Private/Lumen/LumenReflectionCommon.ush" 2791
"../../../Engine/Shaders/Private/Lumen/LumenSceneDirectLighting.ush" 2792
"../../../Engine/Shaders/Private/Lumen/LumenSceneDebugHardwareRayTracing.usf" 2793
"../../../Engine/Shaders/Private/Lumen/LumenSceneDirectLightingStochastic.usf" 2794
"../../../Engine/Shaders/Private/Lumen/LumenSceneDirectLightingSoftwareRayTracing.usf" 2795
"../../../Engine/Shaders/Private/DistanceFieldShadowingShared.ush" 2796
"../../../Engine/Shaders/Private/Lumen/LumenSceneDirectLightingPerLightShadowCommon.ush" 2797
"../../../Engine/Shaders/Private/Lumen/LumenSceneDirectLightingShadowMask.usf" 2798
"../../../Engine/Shaders/Private/Lumen/LumenSceneDirectLighting.usf" 2799
"../../../Engine/Shaders/Private/Lumen/LumenSceneDirectLightingCulling.usf" 2800
"../../../Engine/Shaders/Private/Lumen/LumenCardComputeShader.usf" 2801
"../../../Engine/Shaders/Private/Lumen/LumenCardPixelShader.usf" 2802
"../../../Engine/Shaders/Private/Lumen/LumenCardVertexShader.usf" 2803
"../../../Engine/Shaders/Private/Lumen/LumenReSTIRGather.usf" 2804
"../../../Engine/Shaders/Private/Lumen/LumenReflectionTracing.usf" 2805
"../../../Engine/Shaders/Private/Lumen/LumenReflectionDenoiserSpatial.usf" 2806
"../../../Engine/Shaders/Private/Lumen/LumenReflectionDenoiserClear.usf" 2807
"../../../Engine/Shaders/Private/Lumen/LumenReflectionDenoiserTemporal.usf" 2808
"../../../Engine/Shaders/Private/Lumen/LumenReflectionResolve.usf" 2809
"../../../Engine/Shaders/Private/Lumen/LumenReflections.usf" 2810
"../../../Engine/Shaders/Private/Lumen/LumenReflectionHardwareRayTracing.usf" 2811
"../../../Engine/Shaders/Private/Lumen/Radiosity/LumenVisualizeRadiosityProbes.usf" 2812
"../../../Engine/Shaders/Private/Lumen/Radiosity/LumenRadiosity.usf" 2813
"../../../Engine/Shaders/Private/Lumen/Radiosity/LumenRadiosityHardwareRayTracing.usf" 2814
"../../../Engine/Shaders/Private/Lumen/Radiosity/LumenRadiosityCulling.usf" 2815
"../../../Engine/Shaders/Private/Lumen/LumenRadianceCacheHardwareRayTracing.usf" 2816
"../../../Engine/Shaders/Private/Lumen/LumenRadianceCache.usf" 2817
"../../../Engine/Shaders/Private/Lumen/LumenRadianceCacheUpdate.ush" 2818
"../../../Engine/Shaders/Private/Lumen/LumenRadianceCacheDebug.usf" 2819
"../../../Engine/Shaders/Private/Lumen/LumenRadianceCacheUpdate.usf" 2820
"../../../Engine/Shaders/Private/Lumen/LumenMeshSDFCulling.usf" 2821
"../../../Engine/Shaders/Private/HybridIndirectLighting.ush" 2822
"../../../Engine/Shaders/Private/MeshDistanceFieldCommon.ush" 2823
"../../../Engine/Shaders/Private/Lumen/LumenIrradianceFieldGather.usf" 2824
"../../../Engine/Shaders/Private/Lumen/LumenHardwareRayTracingMaterials.usf" 2825
"../../../Engine/Shaders/Private/Lumen/LumenFrontLayerTranslucency.usf" 2826
"../../../Engine/Shaders/Private/LocalFogVolumes/LocalFogVolumeSplat.usf" 2827
"../../../Engine/Shaders/Private/LocalFogVolumes/LocalFogVolumeTiledCulling.usf" 2828
"../../../Engine/Shaders/Private/LightShaftShader.usf" 2829
"../../../Engine/Shaders/Private/StationaryLightOverlapShaders.usf" 2830
"../../../Engine/Shaders/Private/DeferredLightPixelShaders.usf" 2831
"../../../Engine/Shaders/Private/HairStrands/HairStrandsVisibilityUtils.ush" 2832
"../../../Engine/Shaders/Private/DeferredLightVertexShaders.usf" 2833
"../../../Engine/Shaders/Private/LightMapDensityShader.usf" 2834
"../../../Engine/Shaders/Private/LightGridInjection.usf" 2835
"../../../Engine/Shaders/Shared/LightGridDefinitions.h" 2836
"../../../Engine/Shaders/Private/LightFunctionPixelShader.usf" 2837
"../../../Engine/Shaders/Private/LightFunctionVertexShader.usf" 2838
"../../../Engine/Shaders/Private/LightFunctionAtlas/LightFunctionAtlasRender.usf" 2839
"../../../Engine/Shaders/Private/InstanceCulling/InstanceCullingOcclusionQuery.usf" 2840
"../../../Engine/Shaders/Private/InstanceCulling/InstanceCullingSetup.ush" 2841
"../../../Engine/Shaders/Private/InstanceCulling/BuildInstanceDrawCommands.usf" 2842
"../../../Engine/Shaders/Private/InstanceCulling/InstanceCompactionCommon.ush" 2843
"../../../Engine/Shaders/Private/SceneDataMobileWriter.ush" 2844
"../../../Engine/Shaders/Private/InstanceCulling/CompactVisibleInstances.usf" 2845
"../../../Engine/Shaders/Private/ReflectionEnvironmentPixelShader.usf" 2846
"../../../Engine/Shaders/Private/AmbientCubemapComposite.usf" 2847
"../../../Engine/Shaders/Private/DiffuseIndirectComposite.usf" 2848
"../../../Engine/Shaders/Private/IESAtlas.usf" 2849
"../../../Engine/Shaders/Private/HeterogeneousVolumes/HeterogeneousVolumesVoxelGridShadows.usf" 2850
"../../../Engine/Shaders/Private/HeterogeneousVolumes/HeterogeneousVolumesStochasticFiltering.ush" 2851
"../../../Engine/Shaders/Private/HeterogeneousVolumes/HeterogeneousVolumesVoxelGridRenderingUtils.ush" 2852
"../../../Engine/Shaders/Private/HeterogeneousVolumes/HeterogeneousVolumesLightingUtils.ush" 2853
"../../../Engine/Shaders/Private/HeterogeneousVolumes/HeterogeneousVolumesVoxelGridRendering.usf" 2854
"../../../Engine/Shaders/Private/HeterogeneousVolumes/HeterogeneousVolumesVoxelGridPipeline.usf" 2855
"../../../Engine/Shaders/Private/HeterogeneousVolumes/HeterogeneousVolumesMaterialBakingPipeline.usf" 2856
"../../../Engine/Shaders/Private/HeterogeneousVolumes/HeterogeneousVolumesLiveShadingUtils.ush" 2857
"../../../Engine/Shaders/Private/HeterogeneousVolumes/HeterogeneousVolumesFrustumVoxelGrid.usf" 2858
"../../../Engine/Shaders/Private/HeterogeneousVolumes/HeterogeneousVolumesSparseVoxelPipeline.usf" 2859
"../../../Engine/Shaders/Private/HeterogeneousVolumes/HeterogeneousVolumesSparseVoxelUtils.ush" 2860
"../../../Engine/Shaders/Private/HeterogeneousVolumes/HeterogeneousVolumesSparseVoxelUniformBufferUtils.ush" 2861
"../../../Engine/Shaders/Private/HeterogeneousVolumes/HeterogeneousVolumesPreshadingPipeline.usf" 2862
"../../../Engine/Shaders/Private/HeterogeneousVolumes/HeterogeneousVolumesLiveShadingShadows.usf" 2863
"../../../Engine/Shaders/Private/HeterogeneousVolumes/HeterogeneousVolumesLiveShadingGlobalPipeline.usf" 2864
"../../../Engine/Shaders/Private/HeterogeneousVolumes/HeterogeneousVolumesLiveShadingPipeline.usf" 2865
"../../../Engine/Shaders/Private/HeterogeneousVolumes/HeterogeneousVolumesHardwareRayTracing.usf" 2866
"../../../Engine/Shaders/Private/HeterogeneousVolumes/HeterogeneousVolumesAmbientOcclusionPipeline.usf" 2867
"../../../Engine/Shaders/Private/HeterogeneousVolumes/HeterogeneousVolumesComposite.usf" 2868
"../../../Engine/Shaders/Private/HdrCustomResolveShaders.usf" 2869
"../../../Engine/Shaders/Private/HairStrands/HairStrandsVoxelRasterCompute.usf" 2870
"../../../Engine/Shaders/Private/HairStrands/HairStrandsHitProxy.usf" 2871
"../../../Engine/Shaders/Private/HairStrands/HairStrandsVisibilityRasterComputeNaive.usf" 2872
"../../../Engine/Shaders/Private/HairStrands/HairStrandsVisibilityRasterHW.usf" 2873
"../../../Engine/Shaders/Private/HairStrands/HairStrandsVisibilityRasterCompute.usf" 2874
"../../../Engine/Shaders/Private/HairStrands/HairStrandsVisibilityRasterClassification.usf" 2875
"../../../Engine/Shaders/Private/HairStrands/HairStrandsCoverage.usf" 2876
"../../../Engine/Shaders/Private/HairStrands/HairStrandsVisibilityDepthPS.usf" 2877
"../../../Engine/Shaders/Private/HairStrands/HairStrandsVisibilityTransmittanceDepthPS.usf" 2878
"../../../Engine/Shaders/Private/HairStrands/HairStrandsVisibilityFillOpaqueDepthPS.usf" 2879
"../../../Engine/Shaders/Private/HairStrands/HairStrandsVisibilityCompactionComputeRaster.usf" 2880
"../../../Engine/Shaders/Private/HairStrands/HairStrandsVisibilityCompaction.usf" 2881
"../../../Engine/Shaders/Private/HairStrands/HairStrandsVisibilityCopyIndirectArg.usf" 2882
"../../../Engine/Shaders/Private/HairStrands/HairStrandsVisibilityClearPS.usf" 2883
"../../../Engine/Shaders/Private/HairStrands/HairStrandsVisibilityPS.usf" 2884
"../../../Engine/Shaders/Private/HairStrands/HairStrandsVisibilityVS.usf" 2885
"../../../Engine/Shaders/Private/HairStrands/HairStrandsVelocity.usf" 2886
"../../../Engine/Shaders/Private/HairStrands/HairStrandsVisibilityComputeSampleCoverage.usf" 2887
"../../../Engine/Shaders/Private/HairStrands/HairStrandsMaterialPS.usf" 2888
"../../../Engine/Shaders/Private/HairStrands/HairStrandsMaterialCommon.ush" 2889
"../../../Engine/Shaders/Private/HairStrands/HairStrandsMaterialVS.usf" 2890
"../../../Engine/Shaders/Private/HairStrands/HairStrandsLightSample.usf" 2891
"../../../Engine/Shaders/Private/HairStrands/HairStrandsDeepShadowMask.usf" 2892
"../../../Engine/Shaders/Private/HairStrands/HairStrandsDeepTransmittanceMask.usf" 2893
"../../../Engine/Shaders/Private/HairStrands/HairStrandsVisibilityTile.usf" 2894
"../../../Engine/Shaders/Private/HairStrands/HairStrandsDeepShadowPS.usf" 2895
"../../../Engine/Shaders/Private/HairStrands/HairStrandsDeepShadowVS.usf" 2896
"../../../Engine/Shaders/Private/HairStrands/HairStrandsAABB.usf" 2897
"../../../Engine/Shaders/Private/HairStrands/HairStrandsLUT.usf" 2898
"../../../Engine/Shaders/Private/HairStrands/HairStrandsForwardRaster.usf" 2899
"../../../Engine/Shaders/Private/HairStrands/HairStrandsForwardCulling.usf" 2900
"../../../Engine/Shaders/Private/HairStrands/HairStrandsEnvironmentLighting.usf" 2901
"../../../Engine/Shaders/Private/HairStrands/HairStrandsEnvironmentAO.usf" 2902
"../../../Engine/Shaders/Private/HairStrands/HairStrandsDeepShadowAllocation.usf" 2903
"../../../Engine/Shaders/Private/HairStrands/HairStrandsVoxelDebug.usf" 2904
"../../../Engine/Shaders/Private/HairStrands/HairStrandsComposition.usf" 2905
"../../../Engine/Shaders/Private/HairStrands/HairStrandsGBufferCommon.ush" 2906
"../../../Engine/Shaders/Private/GPUScene/GPUSceneDataManagement.usf" 2907
"../../../Engine/Shaders/Private/GPUSceneDebugRender.usf" 2908
"../../../Engine/Shaders/Private/GPUFastFourierTransform.usf" 2909
"../../../Engine/Shaders/Private/GPUFastFourierTransform2DCore.ush" 2910
"../../../Engine/Shaders/Private/GPUFastFourierTransformCore.ush" 2911
"../../../Engine/Shaders/Private/GPUBenchmark.usf" 2912
"../../../Engine/Shaders/Private/DistanceField/GlobalDistanceFieldDebug.usf" 2913
"../../../Engine/Shaders/Private/DistanceField/GlobalDistanceFieldUpdate.ush" 2914
"../../../Engine/Shaders/Private/DistanceField/GlobalDistanceFieldMip.usf" 2915
"../../../Engine/Shaders/Private/DistanceField/GlobalDistanceField.usf" 2916
"../../../Engine/Shaders/Private/DistanceField/GlobalDistanceFieldCompositeObjects.usf" 2917
"../../../Engine/Shaders/Private/DistanceField/GlobalDistanceFieldHeightfields.usf" 2918
"../../../Engine/Shaders/Private/HeightfieldLightingShared.ush" 2919
"../../../Engine/Shaders/Private/GenerateConservativeDepth.usf" 2920
"../../../Engine/Shaders/Private/HeightFogPixelShader.usf" 2921
"../../../Engine/Shaders/Private/HeightFogVertexShader.usf" 2922
"../../../Engine/Shaders/Private/DistortFiltering.usf" 2923
"../../../Engine/Shaders/Private/DistortAccumulatePS.usf" 2924
"../../../Engine/Shaders/Private/DistortAccumulateVS.usf" 2925
"../../../Engine/Shaders/Private/DistanceFieldVisualization.usf" 2926
"../../../Engine/Shaders/Private/DistanceFieldStreaming.usf" 2927
"../../../Engine/Shaders/Private/DistanceFieldShadowing.usf" 2928
"../../../Engine/Shaders/Private/DistanceFieldScreenGridLighting.usf" 2929
"../../../Engine/Shaders/Private/DistanceFieldObjectCulling.usf" 2930
"../../../Engine/Shaders/Private/DistanceFieldLightingPost.usf" 2931
"../../../Engine/Shaders/Private/DitheredTransitionStencil.usf" 2932
"../../../Engine/Shaders/Private/CopyDepthTextureCS.usf" 2933
"../../../Engine/Shaders/Private/DeferredDecal.usf" 2934
"../../../Engine/Shaders/Private/DecalCommon.ush" 2935
"../../../Engine/Shaders/Private/DebugViewModeVertexShader.usf" 2936
"../../../Engine/Shaders/Private/DebugViewModeCommon.ush" 2937
"../../../Engine/Shaders/Private/DebugViewModePixelShader.usf" 2938
"../../../Engine/Shaders/Private/DebugProbes.usf" 2939
"../../../Engine/Shaders/Private/MeshDecals.usf" 2940
"../../../Engine/Shaders/Private/PostProcessAmbientOcclusion.usf" 2941
"../../../Engine/Shaders/Private/ClusteredDeferredShadingPixelShader.usf" 2942
"../../../Engine/Shaders/Private/ClusteredDeferredShadingVertexShader.usf" 2943
"../../../Engine/Shaders/Private/CapsuleShadowShaders.usf" 2944
"../../../Engine/Shaders/Private/BasePassPixelShader.usf" 2945
"../../../Engine/Shaders/Private/ForwardLightingCommon.ush" 2946
"../../../Engine/Shaders/Private/Substrate/SubstrateForwardLighting.ush" 2947
"../../../Engine/Shaders/Private/ComputeShaderOutputCommon.ush" 2948
"../../../Engine/Shaders/Private/BasePassVertexShader.usf" 2949
"../../../Engine/Shaders/Private/BasePassVertexCommon.ush" 2950
"../../../Engine/Shaders/Private/SimpleElementVolumeTexturePreviewPixelShader.usf" 2951
"../../../Engine/Shaders/Private/SimpleElementTexture2DPreviewPixelShader.usf" 2952
"../../../Engine/Shaders/Private/meshpaintdilatepixelshader.usf" 2953
"../../../Engine/Shaders/Private/meshpaintdilatevertexshader.usf" 2954
"../../../Engine/Shaders/Private/MeshPaintPixelShader.usf" 2955
"../../../Engine/Shaders/Private/MeshPaintVertexShader.usf" 2956
"../../../Engine/Shaders/Private/SlateElementPixelShader.usf" 2957
"../../../Engine/Shaders/Private/SlateShaderCommon.ush" 2958
"../../../Engine/Shaders/Private/SlateMaskingShader.usf" 2959
"../../../Engine/Shaders/Private/SlateVertexShader.usf" 2960
"../../../Engine/Shaders/Private/CompositeUIPixelShader.usf" 2961
"../../../Engine/Shaders/Private/ColorDeficiency.ush" 2962
"../../../Engine/Shaders/Private/SlatePostProcessColorDeficiencyPixelShader.usf" 2963
"../../../Engine/Shaders/Private/SlatePostProcessPixelShader.usf" 2964
"../../../Engine/Shaders/Private/Tools/VisualizeTexture.usf" 2965
"../../../Engine/Shaders/Private/UpdateDescriptorHandle.usf" 2966
"../../../Engine/Shaders/Private/ByteBuffer.usf" 2967
"../../../Engine/Shaders/Private/ShaderBundleWorkGraphDispatch.usf" 2968
"../../../Engine/Shaders/Private/ShaderBundleDispatch.usf" 2969
"../../../Engine/Shaders/Private/ResolveVertexShader.usf" 2970
"../../../Engine/Shaders/Private/ResolvePixelShader.usf" 2971
"../../../Engine/Shaders/Private/Tools/SetupIndirectArgs.usf" 2972
"../../../Engine/Shaders/Private/ClearReplacementShaders.usf" 2973
"../../../Engine/Shaders/Private/Tools/DrawTexture.usf" 2974
"../../../Engine/Shaders/Private/RayTracing/RayTracingValidation.usf" 2975
"../../../Engine/Shaders/Private/RenderGraphUtilities.usf" 2976
"../../../Engine/Shaders/Private/OneColorShader.usf" 2977
"../../../Engine/Shaders/Private/OculusShaders.usf" 2978
"../../../Engine/Shaders/Private/MediaShaders.usf" 2979
"../../../Engine/Shaders/Private/GPUMessaging.usf" 2980
"../../../Engine/Shaders/Private/Tools/GPUDebugCrashUtils.usf" 2981
"../../../Engine/Shaders/Private/NullPixelShader.usf" 2982
"../../../Engine/Shaders/Private/ComputeGenerateMips.usf" 2983
"../../../Engine/Shaders/Private/Tools/DumpTexture.usf" 2984
"../../../Engine/Shaders/Private/CopyTextureShaders.usf" 2985
"../../../Engine/Shaders/Private/Tools/FullscreenVertexShader.usf" 2986
"../../../Engine/Shaders/Private/RayTracing/RayTracingDispatchDesc.usf" 2987
"../../../Engine/Shaders/Private/Bink.usf" 2988
"../../../Engine/Shaders/Private/VelocityShader.usf" 2989
"../../../Engine/Shaders/Private/DepthOnlyPixelShader.usf" 2990
"../../../Engine/Shaders/Private/PositionOnlyDepthVertexShader.usf" 2991
"../../../Engine/Shaders/Private/DepthOnlyVertexShader.usf" 2992
"../../../Engine/Shaders/Private/AnisotropyPassShader.usf" 2993
"/Engine/EditorResources/S_Actor" 2994
"../../../Engine/Content/EditorResources/S_Actor.uasset" 2995
"/Engine/EditorResources/S_BoxReflectionCapture" 2996
"../../../Engine/Content/EditorResources/S_BoxReflectionCapture.uasset" 2997
"/Engine/EngineResources/DefaultTexture" 2998
"../../../Engine/Content/EngineResources/DefaultTexture.uasset" 2999
"/Engine/EngineResources/DefaultTextureCube" 3000
"../../../Engine/Content/EngineResources/DefaultTextureCube.uasset" 3001
"/Engine/EngineResources/DefaultVolumeTexture" 3002
"../../../Engine/Content/EngineResources/DefaultVolumeTexture.uasset" 3003
"../../../Engine/Content/EngineResources/DefaultVolumeTexture2D.uasset" 3004
"/Engine/EngineFonts/RobotoDistanceField" 3005
"../../../Engine/Content/EngineFonts/RobotoDistanceField.uasset" 3006
"/Engine/EngineMaterials/DefaultTextMaterialOpaque" 3007
"../../../Engine/Content/EngineMaterials/DefaultTextMaterialOpaque.uasset" 3008
"/Engine/Functions/Engine_MaterialFunctions01/Shading/PowerToRoughness" 3009
"../../../Engine/Content/Functions/Engine_MaterialFunctions01/Shading/PowerToRoughness.uasset" 3010
"/Engine/Functions/Engine_MaterialFunctions01/Shading/ConvertFromDiffSpec" 3011
"../../../Engine/Content/Functions/Engine_MaterialFunctions01/Shading/ConvertFromDiffSpec.uasset" 3012
"/Engine/EngineMaterials/WorldGridMaterial" 3013
"../../../Engine/Content/EngineMaterials/WorldGridMaterial.uasset" 3014
"../../../Engine/Content/Functions/Engine_MaterialFunctions01/Opacity/CameraDepthFade.uasset" 3015
"../../../Engine/Content/EngineMaterials/T_Default_Material_Grid_M.uasset" 3016
"../../../Engine/Content/EngineMaterials/T_Default_Material_Grid_N.uasset" 3017
"/Engine/EngineMaterials/DefaultDeferredDecalMaterial" 3018
"../../../Engine/Content/EngineMaterials/DefaultDeferredDecalMaterial.uasset" 3019
"../../../Engine/Content/EngineMaterials/DefaultDiffuse.uasset" 3020
"/Engine/EngineMaterials/DefaultLightFunctionMaterial" 3021
"../../../Engine/Content/EngineMaterials/DefaultLightFunctionMaterial.uasset" 3022
"/Engine/EngineMaterials/DefaultPostProcessMaterial" 3023
"../../../Engine/Content/EngineMaterials/DefaultPostProcessMaterial.uasset" 3024
"../../../Engine/Content/Functions/Engine_MaterialFunctions02/Utility/BreakOutFloat2Components.uasset" 3025
"/Engine/EditorResources/S_Trigger" 3026
"../../../Engine/Content/EditorResources/S_Trigger.uasset" 3027
"/Engine/EditorResources/S_TriggerBox" 3028
"../../../Engine/Content/EditorResources/S_TriggerBox.uasset" 3029
"/Engine/EditorResources/S_TriggerCapsule" 3030
"../../../Engine/Content/EditorResources/S_TriggerCapsule.uasset" 3031
"/Engine/EditorResources/S_TriggerSphere" 3032
"../../../Engine/Content/EditorResources/S_TriggerSphere.uasset" 3033
"/Engine/EngineDamageTypes/DmgTypeBP_Environmental" 3034
"../../../Engine/Content/EngineDamageTypes/DmgTypeBP_Environmental.uasset" 3035
"/Engine/EngineSky/VolumetricClouds/m_SimpleVolumetricCloud_Inst" 3036
"../../../Engine/Content/EngineSky/VolumetricClouds/m_SimpleVolumetricCloud_Inst.uasset" 3037
"../../../Engine/Content/EngineSky/VolumetricClouds/m_SimpleVolumetricCloud.uasset" 3038
"../../../Engine/Content/Functions/Engine_MaterialFunctions01/Units/Km-to-Cm.uasset" 3039
"../../../Engine/Content/Functions/Engine_MaterialFunctions02/Utility/BreakOutFloat3Components.uasset" 3040
"../../../Engine/Content/Functions/Engine_MaterialFunctions02/Utility/BreakOutFloat4Components.uasset" 3041
"../../../Engine/Content/Functions/Engine_MaterialFunctions02/Utility/MakeFloat3.uasset" 3042
"../../../Engine/Content/Functions/Engine_MaterialFunctions02/Utility/MakeFloat4.uasset" 3043
"../../../Engine/Content/EngineSky/VolumetricClouds/T_CloudMask.uasset" 3044
"../../../Engine/Content/EngineSky/VolumetricClouds/T_CloudPattern.uasset" 3045
"../../../Engine/Content/EngineSky/VolumetricClouds/T_Profile_08.uasset" 3046
"../../../Engine/Content/EngineSky/VolumetricClouds/VT_Lightning.uasset" 3047
"../../../Engine/Content/EngineSky/VolumetricClouds/VT_PerlinWorley_Balanced.uasset" 3048
"/Engine/EngineMeshes/Sphere" 3049
"../../../Engine/Content/EngineMeshes/Sphere.uasset" 3050
"/Engine/EngineResources/WhiteSquareTexture" 3051
"../../../Engine/Content/EngineResources/WhiteSquareTexture.uasset" 3052
"/Engine/EngineResources/GradientTexture0" 3053
"../../../Engine/Content/EngineResources/GradientTexture0.uasset" 3054
"/Engine/EngineResources/Black" 3055
"../../../Engine/Content/EngineResources/Black.uasset" 3056
"/Engine/EngineMaterials/Widget3DPassThrough_Translucent" 3057
"../../../Engine/Content/EngineMaterials/Widget3DPassThrough_Translucent.uasset" 3058
"../../../Engine/Content/EngineMaterials/Widget3DPassThrough.uasset" 3059
"/Engine/EngineMaterials/Widget3DPassThrough_Translucent_OneSided" 3060
"../../../Engine/Content/EngineMaterials/Widget3DPassThrough_Translucent_OneSided.uasset" 3061
"/Engine/EngineMaterials/Widget3DPassThrough_Opaque" 3062
"../../../Engine/Content/EngineMaterials/Widget3DPassThrough_Opaque.uasset" 3063
"/Engine/EngineMaterials/Widget3DPassThrough_Opaque_OneSided" 3064
"../../../Engine/Content/EngineMaterials/Widget3DPassThrough_Opaque_OneSided.uasset" 3065
"/Engine/EngineMaterials/Widget3DPassThrough_Masked" 3066
"../../../Engine/Content/EngineMaterials/Widget3DPassThrough_Masked.uasset" 3067
"/Engine/EngineMaterials/Widget3DPassThrough_Masked_OneSided" 3068
"../../../Engine/Content/EngineMaterials/Widget3DPassThrough_Masked_OneSided.uasset" 3069
"/Engine/VREditor/TransformGizmo/SM_Sequencer_Node" 3070
"../../../Engine/Content/VREditor/TransformGizmo/SM_Sequencer_Node.uasset" 3071
"../../../Engine/Content/VREditor/TransformGizmo/Main.uasset" 3072
"../../../Engine/Content/VREditor/TransformGizmo/Xray.uasset" 3073
"/Engine/EditorResources/S_Solver" 3074
"../../../Engine/Content/EditorResources/S_Solver.uasset" 3075
"/Engine/EngineDebugMaterials/VolumeToRender" 3076
"../../../Engine/Content/EngineDebugMaterials/VolumeToRender.uasset" 3077
"/Engine/EngineDebugMaterials/M_VolumeRenderSphereTracePP" 3078
"../../../Engine/Content/EngineDebugMaterials/M_VolumeRenderSphereTracePP.uasset" 3079
"../../../Engine/Content/Functions/Engine_MaterialFunctions02/Utility/CameraDirectionVector.uasset" 3080
"/Engine/VREditor/ViewportInteractionAssetContainerData" 3081
"../../../Engine/Content/VREditor/ViewportInteractionAssetContainerData.uasset" 3082
"../../../Engine/Content/VREditor/SnapGrid/SnapGridMaterial.uasset" 3083
"../../../Engine/Content/VREditor/TransformGizmo/TransformGizmoMaterial_Inst.uasset" 3084
"../../../Engine/Content/VREditor/TransformGizmo/TranslucentTransformGizmoMaterial_Inst.uasset" 3085
"../../../Engine/Content/VREditor/SnapGrid/SnapGridPlaneMesh.uasset" 3086
"../../../Engine/Content/VREditor/Sounds/UI/Drop_Item_From_ContentBrowser.uasset" 3087
"../../../Engine/Content/VREditor/Sounds/UI/Gizmo_Handle_Clicked.uasset" 3088
"../../../Engine/Content/VREditor/Sounds/UI/Object_PickUp.uasset" 3089
"../../../Engine/Content/VREditor/Sounds/UI/Object_Snaps_To_Another_Actor.uasset" 3090
"../../../Engine/Content/VREditor/Sounds/UI/Object_Snaps_To_Grid.uasset" 3091
"../../../Engine/Content/VREditor/Sounds/UI/Scaling_Down.uasset" 3092
"../../../Engine/Content/VREditor/Sounds/UI/Scaling_Up.uasset" 3093
"../../../Engine/Content/VREditor/Sounds/UI/Selection_Changes.uasset" 3094
"../../../Engine/Content/VREditor/TransformGizmo/PlaneTranslationHandle.uasset" 3095
"../../../Engine/Content/VREditor/TransformGizmo/RotationHandleFull.uasset" 3096
"../../../Engine/Content/VREditor/TransformGizmo/RotationHandleIndicator.uasset" 3097
"../../../Engine/Content/VREditor/TransformGizmo/RotationHandleQuarter.uasset" 3098
"../../../Engine/Content/VREditor/TransformGizmo/StartRotationHandleIndicator.uasset" 3099
"../../../Engine/Content/VREditor/TransformGizmo/TransformGizmoFreeRotation.uasset" 3100
"../../../Engine/Content/VREditor/TransformGizmo/TranslateArrowHandle.uasset" 3101
"../../../Engine/Content/VREditor/TransformGizmo/UniformScaleHandle.uasset" 3102
"../../../Engine/Content/Functions/Engine_MaterialFunctions02/Math/Transform3x3Matrix.uasset" 3103
"../../../Engine/Content/Functions/Engine_MaterialFunctions02/SplitComponents.uasset" 3104
"../../../Engine/Content/VREditor/TransformGizmo/TransformGizmoMaterial.uasset" 3105
"../../../Engine/Content/VREditor/TransformGizmo/TranslucentTransformGizmoMaterial.uasset" 3106
"../../../Engine/Content/VREditor/LaserPointer/VR_LaserPower_01.uasset" 3107
"/Engine/VREditor/TransformGizmo/BoundingBoxCorner" 3108
"../../../Engine/Content/VREditor/TransformGizmo/BoundingBoxCorner.uasset" 3109
"/Engine/VREditor/TransformGizmo/BoundingBoxEdge" 3110
"../../../Engine/Content/VREditor/TransformGizmo/BoundingBoxEdge.uasset" 3111
"/Engine/EditorMeshes/Camera/SM_CraneRig_Base" 3112
"../../../Engine/Content/EditorMeshes/Camera/SM_CraneRig_Base.uasset" 3113
"../../../Engine/Content/EditorMaterials/Camera/MI_CineMat_Rig.uasset" 3114
"../../../Engine/Content/EditorMaterials/Camera/CineMat.uasset" 3115
"/Engine/EditorMeshes/Camera/SM_CraneRig_Arm" 3116
"../../../Engine/Content/EditorMeshes/Camera/SM_CraneRig_Arm.uasset" 3117
"/Engine/EditorMeshes/Camera/SM_CraneRig_Mount" 3118
"../../../Engine/Content/EditorMeshes/Camera/SM_CraneRig_Mount.uasset" 3119
"/Engine/EditorMeshes/Camera/SM_CraneRig_Body" 3120
"../../../Engine/Content/EditorMeshes/Camera/SM_CraneRig_Body.uasset" 3121
"/Engine/EditorMeshes/Camera/SM_RailRig_Track" 3122
"../../../Engine/Content/EditorMeshes/Camera/SM_RailRig_Track.uasset" 3123
"/Engine/EditorMeshes/Camera/SM_RailRig_Mount" 3124
"../../../Engine/Content/EditorMeshes/Camera/SM_RailRig_Mount.uasset" 3125
"/Engine/ArtTools/RenderToTexture/Meshes/S_1_Unit_Plane" 3126
"../../../Engine/Content/ArtTools/RenderToTexture/Meshes/S_1_Unit_Plane.uasset" 3127
"/Engine/EngineDebugMaterials/M_SimpleUnlitTranslucent" 3128
"../../../Engine/Content/EngineDebugMaterials/M_SimpleUnlitTranslucent.uasset" 3129
"/Engine/EngineFonts/Roboto" 3130
"../../../Engine/Content/EngineFonts/Roboto.uasset" 3131
"../../../Engine/Content/EngineFonts/Faces/DroidSansFallback.uasset" 3132
"../../../Engine/Content/EngineFonts/Faces/RobotoBold.uasset" 3133
"../../../Engine/Content/EngineFonts/Faces/RobotoBoldItalic.uasset" 3134
"../../../Engine/Content/EngineFonts/Faces/RobotoItalic.uasset" 3135
"../../../Engine/Content/EngineFonts/Faces/RobotoLight.uasset" 3136
"../../../Engine/Content/EngineFonts/Faces/RobotoRegular.uasset" 3137
"/Engine/EditorMaterials/ParticleSystems/PSysThumbnail_NoImage" 3138
"../../../Engine/Content/EditorMaterials/ParticleSystems/PSysThumbnail_NoImage.uasset" 3139
"/Engine/EditorMaterials/ParticleSystems/PSysThumbnail_OOD" 3140
"../../../Engine/Content/EditorMaterials/ParticleSystems/PSysThumbnail_OOD.uasset" 3141
"/Engine/EditorLandscapeResources/SplineEditorMesh" 3142
"../../../Engine/Content/EditorLandscapeResources/SplineEditorMesh.uasset" 3143
"../../../Engine/Content/EditorLandscapeResources/SplineEditorMeshMat.uasset" 3144
"/Engine/EngineResources/LandscapeVisibilityLayerInfo" 3145
"../../../Engine/Content/EngineResources/LandscapeVisibilityLayerInfo.uasset" 3146
"/HairStrands/Materials/HairDebugMaterial" 3147
"../../Plugins/Runtime/HairStrands/Content/Materials/HairDebugMaterial.uasset" 3148
"../../../Engine/Content/Functions/Engine_MaterialFunctions02/Utility/MakeFloat2.uasset" 3149
"../../../Engine/Content/EngineMaterials/HairColorMap.uasset" 3150
"../../../Engine/Content/EngineMaterials/HairDebugColor.uasset" 3151
"../../Plugins/Runtime/HairStrands/Content/Materials/HairGroupColors.uasset" 3152
"/HairStrands/Materials/HairDefaultMaterial" 3153
"../../Plugins/Runtime/HairStrands/Content/Materials/HairDefaultMaterial.uasset" 3154
"/HairStrands/Materials/HairCardsDefaultMaterial" 3155
"../../Plugins/Runtime/HairStrands/Content/Materials/HairCardsDefaultMaterial.uasset" 3156
"/HairStrands/Materials/HairMeshesDefaultMaterial" 3157
"../../Plugins/Runtime/HairStrands/Content/Materials/HairMeshesDefaultMaterial.uasset" 3158
"../../../Engine/Content/Internationalization/icudt64l/coll/en.res" 3159
"/ACLPlugin/ACLAnimBoneCompressionSettings" 3160
"../../Plugins/Animation/ACLPlugin/Content/ACLAnimBoneCompressionSettings.uasset" 3161
"/Engine/Animation/DefaultRecorderBoneCompression" 3162
"../../../Engine/Content/Animation/DefaultRecorderBoneCompression.uasset" 3163
"/ACLPlugin/ACLAnimCurveCompressionSettings" 3164
"../../Plugins/Animation/ACLPlugin/Content/ACLAnimCurveCompressionSettings.uasset" 3165
"/Engine/Animation/DefaultVariableFrameStrippingSettings" 3166
"../../../Engine/Content/Animation/DefaultVariableFrameStrippingSettings.uasset" 3167
"/ControlRig/Controls/ControlRigXRayMaterial" 3168
"../../Plugins/Animation/ControlRig/Content/Controls/ControlRigXRayMaterial.uasset" 3169
"/ControlRig/Controls/DefaultGizmoLibraryNormalized" 3170
"../../Plugins/Animation/ControlRig/Content/Controls/DefaultGizmoLibraryNormalized.uasset" 3171
"/AudioWidgets/AudioMaterialSlate/MI_AudioMaterialToggleButton" 3172
"../../Plugins/Runtime/AudioWidgets/Content/AudioMaterialSlate/MI_AudioMaterialToggleButton.uasset" 3173
"../../Plugins/Runtime/AudioWidgets/Content/AudioMaterialSlate/M_AudioMaterialToggleButton.uasset" 3174
"../../Plugins/Runtime/AudioWidgets/Content/AudioMaterialSlate/Functions/MF_AngleGradient.uasset" 3175
"../../Plugins/Runtime/AudioWidgets/Content/AudioMaterialSlate/Functions/MF_SingleLine.uasset" 3176
"../../Plugins/Runtime/AudioWidgets/Content/AudioMaterialSlate/Functions/MF_SingleLine_Smooth.uasset" 3177
"../../../Engine/Content/Functions/Engine_MaterialFunctions01/Gradient/SphereGradient-2D.uasset" 3178
"../../../Engine/Content/Functions/Engine_MaterialFunctions01/Texturing/ScaleUVsByCenter.uasset" 3179
"../../../Engine/Content/Functions/Engine_MaterialFunctions02/Texturing/CustomRotator.uasset" 3180
"/AudioWidgets/Resources/ScrubHandleDown_Clamped" 3181
"../../Plugins/Runtime/AudioWidgets/Content/Resources/ScrubHandleDown_Clamped.uasset" 3182
"/AudioWidgets/AudioMaterialSlate/MI_AudioMaterialKnob" 3183
"../../Plugins/Runtime/AudioWidgets/Content/AudioMaterialSlate/MI_AudioMaterialKnob.uasset" 3184
"../../Plugins/Runtime/AudioWidgets/Content/AudioMaterialSlate/M_AudioMaterialKnob.uasset" 3185
"../../../Engine/Content/Functions/Engine_MaterialFunctions02/Lerp_3Color.uasset" 3186
"/AudioWidgets/AudioMaterialSlate/MI_AudioMaterialMeter" 3187
"../../Plugins/Runtime/AudioWidgets/Content/AudioMaterialSlate/MI_AudioMaterialMeter.uasset" 3188
"../../Plugins/Runtime/AudioWidgets/Content/AudioMaterialSlate/M_AudioMaterialMeter.uasset" 3189
"../../Plugins/Runtime/AudioWidgets/Content/AudioMaterialSlate/Functions/MF_Lines.uasset" 3190
"/AudioWidgets/AudioMaterialSlate/MI_AudioMaterialEnvelope_ADSR" 3191
"../../Plugins/Runtime/AudioWidgets/Content/AudioMaterialSlate/MI_AudioMaterialEnvelope_ADSR.uasset" 3192
"../../Plugins/Runtime/AudioWidgets/Content/AudioMaterialSlate/M_AudioMaterialEnvelope_ADSR.uasset" 3193
"../../Plugins/Runtime/AudioWidgets/Content/AudioMaterialSlate/Functions/MF_DotOutlined.uasset" 3194
"../../../Engine/Content/Functions/Engine_MaterialFunctions01/Gradient/GeneratedRoundRect.uasset" 3195
"../../../Engine/Content/Functions/Engine_MaterialFunctions02/Utility/VectorLength.uasset" 3196
"/AudioWidgets/AudioMaterialSlate/MI_AudioMaterialRoundedSlider" 3197
"../../Plugins/Runtime/AudioWidgets/Content/AudioMaterialSlate/MI_AudioMaterialRoundedSlider.uasset" 3198
"../../Plugins/Runtime/AudioWidgets/Content/AudioMaterialSlate/M_AudioMaterialRoundedSlider.uasset" 3199
"/Paper2D/MaskedUnlitSpriteMaterial" 3200
"../../Plugins/2D/Paper2D/Content/MaskedUnlitSpriteMaterial.uasset" 3201
"../../Plugins/2D/Paper2D/Content/DefaultSpriteMaterial.uasset" 3202
"../../Plugins/2D/Paper2D/Content/PlaceholderTextures/DummySpriteTexture.uasset" 3203
"/Paper2D/OpaqueUnlitSpriteMaterial" 3204
"../../Plugins/2D/Paper2D/Content/OpaqueUnlitSpriteMaterial.uasset" 3205
"/Paper2D/DefaultPaperTerrainMaterial" 3206
"../../Plugins/2D/Paper2D/Content/DefaultPaperTerrainMaterial.uasset" 3207
"../../Plugins/2D/Paper2D/Content/DummySprite.uasset" 3208
"/ControlRig/M_Manip" 3209
"../../Plugins/Animation/ControlRig/Content/M_Manip.uasset" 3210
"../../../Engine/Content/Functions/Engine_MaterialFunctions02/WorldPositionOffset/CameraOffset.uasset" 3211
"/InterchangeAssets/gltf/MaterialBodies/MF_Default_Body" 3212
"../../Plugins/Interchange/Assets/Content/gltf/MaterialBodies/MF_Default_Body.uasset" 3213
"../../Plugins/Interchange/Assets/Content/gltf/MaterialFunctions/MF_BaseColor.uasset" 3214
"../../Plugins/Interchange/Assets/Content/gltf/MaterialFunctions/MF_Emissive.uasset" 3215
"../../Plugins/Interchange/Assets/Content/gltf/MaterialFunctions/MF_IOR.uasset" 3216
"../../Plugins/Interchange/Assets/Content/gltf/MaterialFunctions/MF_Iridescence.uasset" 3217
"../../Plugins/Interchange/Assets/Content/gltf/MaterialFunctions/MF_MetallicRoughness.uasset" 3218
"../../Plugins/Interchange/Assets/Content/gltf/MaterialFunctions/MF_Normals.uasset" 3219
"../../Plugins/Interchange/Assets/Content/gltf/MaterialFunctions/MF_Occlusion.uasset" 3220
"../../Plugins/Interchange/Assets/Content/gltf/MaterialFunctions/MF_ScaleNormal.uasset" 3221
"../../Plugins/Interchange/Assets/Content/gltf/MaterialFunctions/MF_Specular.uasset" 3222
"../../Plugins/Interchange/Assets/Content/gltf/MaterialFunctions/MF_SpecularAnisotropy.uasset" 3223
"../../Plugins/Interchange/Assets/Content/gltf/MaterialFunctions/MF_TransformUVs.uasset" 3224
"../../Plugins/Interchange/Assets/Content/gltf/Textures/T_Anisotropy_Direction_Linear.uasset" 3225
"../../Plugins/Interchange/Assets/Content/gltf/Textures/T_Generic_N.uasset" 3226
"../../Plugins/Interchange/Assets/Content/gltf/Textures/T_White_Linear.uasset" 3227
"../../Plugins/Interchange/Assets/Content/gltf/Textures/T_White_srgb.uasset" 3228
"../../Plugins/Interchange/Assets/Content/Functions/MF_Iridescence.uasset" 3229
"../../Plugins/Interchange/Assets/Content/gltf/MaterialFunctions/MF_RotateNormals_TS.uasset" 3230
"../../Plugins/Interchange/Assets/Content/gltf/MaterialFunctions/MF_RotateV2.uasset" 3231
"../../../Engine/Content/Functions/Engine_MaterialFunctions03/Math/RemapValueRange.uasset" 3232
"../../Plugins/Interchange/Assets/Content/Utilities/New_LUT.uasset" 3233
"/InterchangeAssets/gltf/MaterialBodies/MF_Unlit_Body" 3234
"../../Plugins/Interchange/Assets/Content/gltf/MaterialBodies/MF_Unlit_Body.uasset" 3235
"/InterchangeAssets/gltf/MaterialBodies/MF_ClearCoat_Body" 3236
"../../Plugins/Interchange/Assets/Content/gltf/MaterialBodies/MF_ClearCoat_Body.uasset" 3237
"../../Plugins/Interchange/Assets/Content/gltf/MaterialFunctions/MF_Clearcoat.uasset" 3238
"../../../Engine/Content/Functions/Engine_MaterialFunctions01/Texturing/FlattenNormal.uasset" 3239
"/InterchangeAssets/gltf/MaterialBodies/MF_Sheen_Body" 3240
"../../Plugins/Interchange/Assets/Content/gltf/MaterialBodies/MF_Sheen_Body.uasset" 3241
"../../Plugins/Interchange/Assets/Content/gltf/MaterialFunctions/MF_Sheen.uasset" 3242
"/InterchangeAssets/gltf/MaterialBodies/MF_Transmission_Body" 3243
"../../Plugins/Interchange/Assets/Content/gltf/MaterialBodies/MF_Transmission_Body.uasset" 3244
"../../Plugins/Interchange/Assets/Content/gltf/MaterialFunctions/MF_Fresnel_DS.uasset" 3245
"../../Plugins/Interchange/Assets/Content/gltf/MaterialFunctions/MF_Temporal_Blur.uasset" 3246
"../../Plugins/Interchange/Assets/Content/gltf/MaterialFunctions/MF_Transmission.uasset" 3247
"../../../Engine/Content/Functions/Engine_MaterialFunctions02/Texturing/ScreenAlignedPixelToPixelUVs.uasset" 3248
"../../../Engine/Content/EngineMaterials/Good64x64TilingNoiseHighFreq.uasset" 3249
"/InterchangeAssets/gltf/MaterialBodies/MF_SpecularGlossiness_Body" 3250
"../../Plugins/Interchange/Assets/Content/gltf/MaterialBodies/MF_SpecularGlossiness_Body.uasset" 3251
"../../Plugins/Interchange/Assets/Content/gltf/MaterialFunctions/MF_DiffuseSpecGloss.uasset" 3252
"../../Plugins/Interchange/Assets/Content/gltf/MaterialFunctions/MF_MaxComponentValue.uasset" 3253
"../../Plugins/Interchange/Assets/Content/gltf/MaterialFunctions/MF_SpecGlossToMetalRoughness.uasset" 3254
"../../Plugins/Interchange/Assets/Content/gltf/MaterialFunctions/MF_PerceivedBrightness.uasset" 3255
"../../../Engine/Content/Functions/Engine_MaterialFunctions02/Math/AddComponents.uasset" 3256
"C:/Program Files/Epic Games/UE_5.5/Engine/Binaries/ThirdParty/USD/UsdResources/Win64/plugins/plugInfo.json" 3257
"C:/Program Files/Epic Games/UE_5.5/Engine/Binaries/ThirdParty/USD/UsdResources/Win64/plugins/glf/resources/plugInfo.json" 3258
"C:/Program Files/Epic Games/UE_5.5/Engine/Binaries/ThirdParty/USD/UsdResources/Win64/plugins/hio/resources/plugInfo.json" 3259
"C:/Program Files/Epic Games/UE_5.5/Engine/Binaries/ThirdParty/USD/UsdResources/Win64/plugins/usdLux/resources/plugInfo.json" 3260
"C:/Program Files/Epic Games/UE_5.5/Engine/Binaries/ThirdParty/USD/UsdResources/Win64/plugins/usdShaders/resources/plugInfo.json" 3261
"C:/Program Files/Epic Games/UE_5.5/Engine/Binaries/ThirdParty/USD/UsdResources/Win64/plugins/hd/resources/plugInfo.json" 3262
"C:/Program Files/Epic Games/UE_5.5/Engine/Binaries/ThirdParty/USD/UsdResources/Win64/plugins/unreal/resources/plugInfo.json" 3263
"C:/Program Files/Epic Games/UE_5.5/Engine/Binaries/ThirdParty/USD/UsdResources/Win64/plugins/usdProcImaging/resources/plugInfo.json" 3264
"C:/Program Files/Epic Games/UE_5.5/Engine/Binaries/ThirdParty/USD/UsdResources/Win64/plugins/usdVolImaging/resources/plugInfo.json" 3265
"C:/Program Files/Epic Games/UE_5.5/Engine/Binaries/ThirdParty/USD/UsdResources/Win64/plugins/hdGp/resources/plugInfo.json" 3266
"C:/Program Files/Epic Games/UE_5.5/Engine/Binaries/ThirdParty/USD/UsdResources/Win64/plugins/sdrGlslfx/resources/plugInfo.json" 3267
"C:/Program Files/Epic Games/UE_5.5/Engine/Binaries/ThirdParty/USD/UsdResources/Win64/plugins/hdStorm/resources/plugInfo.json" 3268
"C:/Program Files/Epic Games/UE_5.5/Engine/Binaries/ThirdParty/USD/UsdResources/Win64/plugins/usdImaging/resources/plugInfo.json" 3269
"C:/Program Files/Epic Games/UE_5.5/Engine/Binaries/ThirdParty/USD/UsdResources/Win64/plugins/usdGeom/resources/plugInfo.json" 3270
"C:/Program Files/Epic Games/UE_5.5/Engine/Binaries/ThirdParty/USD/UsdResources/Win64/plugins/usdRi/resources/plugInfo.json" 3271
"C:/Program Files/Epic Games/UE_5.5/Engine/Binaries/ThirdParty/USD/UsdResources/Win64/plugins/hdx/resources/plugInfo.json" 3272
"C:/Program Files/Epic Games/UE_5.5/Engine/Binaries/ThirdParty/USD/UsdResources/Win64/plugins/usdHydra/resources/plugInfo.json" 3273
"C:/Program Files/Epic Games/UE_5.5/Engine/Binaries/ThirdParty/USD/UsdResources/Win64/plugins/hgiGL/resources/plugInfo.json" 3274
"C:/Program Files/Epic Games/UE_5.5/Engine/Binaries/ThirdParty/USD/UsdResources/Win64/plugins/usdRender/resources/plugInfo.json" 3275
"C:/Program Files/Epic Games/UE_5.5/Engine/Binaries/ThirdParty/USD/UsdResources/Win64/plugins/usdImagingGL/resources/plugInfo.json" 3276
"C:/Program Files/Epic Games/UE_5.5/Engine/Binaries/ThirdParty/USD/UsdResources/Win64/plugins/usdSkelImaging/resources/plugInfo.json" 3277
"C:/Program Files/Epic Games/UE_5.5/Engine/Binaries/ThirdParty/USD/UsdResources/Win64/plugins/ndr/resources/plugInfo.json" 3278
"C:/Program Files/Epic Games/UE_5.5/Engine/Binaries/ThirdParty/USD/UsdResources/Win64/plugins/usdPhysics/resources/plugInfo.json" 3279
"C:/Program Files/Epic Games/UE_5.5/Engine/Binaries/ThirdParty/USD/UsdResources/Win64/plugins/usdRiPxrImaging/resources/plugInfo.json" 3280
"C:/Program Files/Epic Games/UE_5.5/Engine/Binaries/ThirdParty/USD/UsdResources/Win64/plugins/usdUI/resources/plugInfo.json" 3281
"C:/Program Files/Epic Games/UE_5.5/Engine/Binaries/ThirdParty/USD/UsdResources/Win64/plugins/sdf/resources/plugInfo.json" 3282
"C:/Program Files/Epic Games/UE_5.5/Engine/Binaries/ThirdParty/USD/UsdResources/Win64/plugins/usd/resources/plugInfo.json" 3283
"C:/Program Files/Epic Games/UE_5.5/Engine/Binaries/ThirdParty/USD/UsdResources/Win64/plugins/usdSkel/resources/plugInfo.json" 3284
"C:/Program Files/Epic Games/UE_5.5/Engine/Binaries/ThirdParty/USD/UsdResources/Win64/plugins/usdMtlx/resources/plugInfo.json" 3285
"C:/Program Files/Epic Games/UE_5.5/Engine/Binaries/ThirdParty/USD/UsdResources/Win64/plugins/usdVol/resources/plugInfo.json" 3286
"C:/Program Files/Epic Games/UE_5.5/Engine/Binaries/ThirdParty/USD/UsdResources/Win64/plugins/usdShade/resources/plugInfo.json" 3287
"C:/Program Files/Epic Games/UE_5.5/Engine/Binaries/ThirdParty/USD/UsdResources/Win64/plugins/usdMedia/resources/plugInfo.json" 3288
"C:/Program Files/Epic Games/UE_5.5/Engine/Binaries/ThirdParty/USD/UsdResources/Win64/plugins/ar/resources/plugInfo.json" 3289
"C:/Program Files/Epic Games/UE_5.5/Engine/Binaries/ThirdParty/USD/UsdResources/Win64/plugins/usdProc/resources/plugInfo.json" 3290
"C:/Program Files/Epic Games/UE_5.5/Engine/Binaries/ThirdParty/USD/UsdResources/Win64/plugins/hdSt/resources/plugInfo.json" 3291
"C:/Program Files/Epic Games/UE_5.5/Engine/Binaries/ThirdParty/USD/UsdResources/Win64/plugins/usdAbc/resources/plugInfo.json" 3292
"C:/Program Files/Epic Games/UE_5.5/Engine/Binaries/ThirdParty/USD/UsdResources/Win64/plugins/usd/resources/codegenTemplates/plugInfo.json" 3293
"../../../Engine/Intermediate/ProjectFiles/PrimaryProjectPath.txt" 3294
"/SpeedTreeImporter/SpeedTree9/SpeedTreeMaster" 3295
"../../Plugins/Editor/SpeedTreeImporter/Content/SpeedTree9/SpeedTreeMaster.uasset" 3296
"../../../Engine/Content/Functions/Engine_MaterialFunctions02/ObjectLocalBounds.uasset" 3297
"../../../Engine/Content/Functions/Engine_MaterialFunctions02/SafeNormalize.uasset" 3298
"../../../Engine/Content/Functions/Engine_MaterialFunctions02/UVs/BoundingBoxBased_0-1_UVW.uasset" 3299
"../../../Engine/Content/Functions/Engine_MaterialFunctions02/WorldPositionOffset/ObjectScale.uasset" 3300
"../../Plugins/Editor/SpeedTreeImporter/Content/SpeedTree9/SpeedTreeBranchMotion.uasset" 3301
"../../Plugins/Editor/SpeedTreeImporter/Content/SpeedTree9/SpeedTreeCameraFacing.uasset" 3302
"../../Plugins/Editor/SpeedTreeImporter/Content/SpeedTree9/SpeedTreeWind.uasset" 3303
"../../Plugins/Editor/SpeedTreeImporter/Content/SpeedTree9/SpeedTreeWindMotion.uasset" 3304
"../../Plugins/Editor/SpeedTreeImporter/Content/SpeedTree9/UnpackDirection.uasset" 3305
"../../Plugins/Editor/SpeedTreeImporter/Content/SpeedTree9/UnpackInteger3.uasset" 3306
"../../Plugins/Editor/SpeedTreeImporter/Content/SpeedTree9/Empty.uasset" 3307
"../../Plugins/Editor/SpeedTreeImporter/Content/SpeedTree9/EmptyNormal.uasset" 3308
"../../Plugins/Editor/SpeedTreeImporter/Content/SpeedTree9/game_wind_noise.uasset" 3309
"/SpeedTreeImporter/SpeedTree9/SpeedTreeBillboardMaster" 3310
"../../Plugins/Editor/SpeedTreeImporter/Content/SpeedTree9/SpeedTreeBillboardMaster.uasset" 3311
"../../Plugins/Editor/SpeedTreeImporter/Content/SpeedTree9/SpeedTreeBillboard.uasset" 3312
"/MediaPlate/SM_MediaPlateScreen" 3313
"../../Plugins/Media/MediaPlate/Content/SM_MediaPlateScreen.uasset" 3314
"/Engine/BasicShapes/BasicShapeMaterial" 3315
"../../../Engine/Content/BasicShapes/BasicShapeMaterial.uasset" 3316
"/Engine/EditorMaterials/Dataflow/DataflowVertexMaterial" 3317
"../../../Engine/Content/EditorMaterials/Dataflow/DataflowVertexMaterial.uasset" 3318
"/Engine/EditorMaterials/Dataflow/DataflowTwoSidedVertexMaterial" 3319
"../../../Engine/Content/EditorMaterials/Dataflow/DataflowTwoSidedVertexMaterial.uasset" 3320
"C:/Users/Admin/AppData/Local/UnrealEngine/Editor/UInteractiveToolsPresetCollectionAsset_DefaultCollection.json" 3321
"/Engine/EngineMaterials/NaniteHiddenSectionMaterial" 3322
"../../../Engine/Content/EngineMaterials/NaniteHiddenSectionMaterial.uasset" 3323
"/Engine/EngineMaterials/RemoveSurfaceMaterial" 3324
"../../../Engine/Content/EngineMaterials/RemoveSurfaceMaterial.uasset" 3325
"/Engine/EngineDebugMaterials/DebugMeshMaterial" 3326
"../../../Engine/Content/EngineDebugMaterials/DebugMeshMaterial.uasset" 3327
"/Engine/EngineMaterials/EmissiveMeshMaterial" 3328
"../../../Engine/Content/EngineMaterials/EmissiveMeshMaterial.uasset" 3329
"../../../Engine/Content/EngineMaterials/DefaultWhiteGrid_Low.uasset" 3330
"/Engine/EngineMaterials/M_InvalidLightmapSettings" 3331
"../../../Engine/Content/EngineMaterials/M_InvalidLightmapSettings.uasset" 3332
"../../../Engine/Content/EngineMaterials/InvalidLightmapSettings.uasset" 3333
"/Engine/EngineMaterials/GizmoMaterial" 3334
"../../../Engine/Content/EngineMaterials/GizmoMaterial.uasset" 3335
"/Engine/EngineMaterials/PhAT_JointLimitMaterial" 3336
"../../../Engine/Content/EngineMaterials/PhAT_JointLimitMaterial.uasset" 3337
"/Engine/EngineMaterials/FlattenMaterial" 3338
"../../../Engine/Content/EngineMaterials/FlattenMaterial.uasset" 3339
"../../../Engine/Content/EngineMaterials/BaseFlattenDiffuseMap.uasset" 3340
"../../../Engine/Content/EngineMaterials/BaseFlattenEmissiveMap.uasset" 3341
"../../../Engine/Content/EngineMaterials/BaseFlattenGrayscaleMap.uasset" 3342
"../../../Engine/Content/EngineMaterials/BaseFlattenLinearColor.uasset" 3343
"../../../Engine/Content/EngineMaterials/BaseFlattenNormalMap.uasset" 3344
"../../../Engine/Content/Functions/Engine_MaterialFunctions02/PivotPainter2/Black_1x1_EXR_Texture.uasset" 3345
"/Engine/EngineMaterials/FlattenMaterial_VT" 3346
"../../../Engine/Content/EngineMaterials/FlattenMaterial_VT.uasset" 3347
"../../../Engine/Content/EngineMaterials/BaseFlattenDiffuseMap_VT.uasset" 3348
"../../../Engine/Content/EngineMaterials/BaseFlattenEmissiveMap_VT.uasset" 3349
"../../../Engine/Content/EngineMaterials/BaseFlattenGrayscaleMap_VT.uasset" 3350
"../../../Engine/Content/EngineMaterials/BaseFlattenLinearColor_VT.uasset" 3351
"../../../Engine/Content/EngineMaterials/BaseFlattenNormalMap_VT.uasset" 3352
"../../../Engine/Content/EngineMaterials/Black_1x1_EXR_Texture_VT.uasset" 3353
"/Engine/EngineMaterials/FlattenMaterial_WS_Normal_VT" 3354
"../../../Engine/Content/EngineMaterials/FlattenMaterial_WS_Normal_VT.uasset" 3355
"/Engine/EngineMaterials/DefaultBokeh" 3356
"../../../Engine/Content/EngineMaterials/DefaultBokeh.uasset" 3357
"/Engine/EngineMaterials/MiniFont" 3358
"../../../Engine/Content/EngineMaterials/MiniFont.uasset" 3359
"/Engine/EngineMaterials/WeightMapPlaceholderTexture" 3360
"../../../Engine/Content/EngineMaterials/WeightMapPlaceholderTexture.uasset" 3361
"/Engine/EngineMaterials/WeightMapArrayPlaceholderTexture" 3362
"../../../Engine/Content/EngineMaterials/WeightMapArrayPlaceholderTexture.uasset" 3363
"/Engine/EngineMaterials/DefaultWhiteGrid" 3364
"../../../Engine/Content/EngineMaterials/DefaultWhiteGrid.uasset" 3365
"/Engine/EngineMaterials/PreintegratedSkinBRDF" 3366
"../../../Engine/Content/EngineMaterials/PreintegratedSkinBRDF.uasset" 3367
"/Engine/EngineMaterials/LTC/GGX_LTCAmp" 3368
"../../../Engine/Content/EngineMaterials/LTC/GGX_LTCAmp.uasset" 3369
"/Engine/EngineMaterials/LTC/GGX_LTCMat" 3370
"../../../Engine/Content/EngineMaterials/LTC/GGX_LTCMat.uasset" 3371
"/Engine/EngineMaterials/EnergyConservation/GGX_ReflectionEnergy" 3372
"../../../Engine/Content/EngineMaterials/EnergyConservation/GGX_ReflectionEnergy.uasset" 3373
"/Engine/EngineMaterials/EnergyConservation/GGX_TransmissionEnergyArray" 3374
"../../../Engine/Content/EngineMaterials/EnergyConservation/GGX_TransmissionEnergyArray.uasset" 3375
"/Engine/EngineMaterials/EnergyConservation/SheenLegacy_Energy" 3376
"../../../Engine/Content/EngineMaterials/EnergyConservation/SheenLegacy_Energy.uasset" 3377
"/Engine/EngineMaterials/DefaultPhysicalMaterial" 3378
"../../../Engine/Content/EngineMaterials/DefaultPhysicalMaterial.uasset" 3379
"/Engine/EngineMaterials/DefaultDestructiblePhysicalMaterial" 3380
"../../../Engine/Content/EngineMaterials/DefaultDestructiblePhysicalMaterial.uasset" 3381
"C:/Users/Admin/AppData/Local/UnrealEngine/5.5/Saved/AutoLoadProject.txt" 3382
"/MeshModelingToolset/Materials/M_DynamicMeshComponentVtxColor" 3383
"../../Plugins/Runtime/MeshModelingToolset/Content/Materials/M_DynamicMeshComponentVtxColor.uasset" 3384
"/Niagara/ParameterDefinitions/SpriteRenderer" 3385
"../../Plugins/FX/Niagara/Content/ParameterDefinitions/SpriteRenderer.uasset" 3386
"/Niagara/ParameterDefinitions/RibbonRenderer" 3387
"../../Plugins/FX/Niagara/Content/ParameterDefinitions/RibbonRenderer.uasset" 3388
"/Niagara/ParameterDefinitions/MeshRenderer" 3389
"../../Plugins/FX/Niagara/Content/ParameterDefinitions/MeshRenderer.uasset" 3390
"/Niagara/ParameterDefinitions/LightRenderer" 3391
"../../Plugins/FX/Niagara/Content/ParameterDefinitions/LightRenderer.uasset" 3392
"/Niagara/ParameterDefinitions/DecalRenderer" 3393
"../../Plugins/FX/Niagara/Content/ParameterDefinitions/DecalRenderer.uasset" 3394
"/Niagara/ParameterDefinitions/CoreParameters" 3395
"../../Plugins/FX/Niagara/Content/ParameterDefinitions/CoreParameters.uasset" 3396
"/DeformerGraph/Deformers/DG_LinearBlendSkin_Morph_Cloth" 3397
"../../Plugins/Animation/DeformerGraph/Content/Deformers/DG_LinearBlendSkin_Morph_Cloth.uasset" 3398
"/DeformerGraph/DeformerFunctions/DG_Function_LinearBlendSkin_Morph_Cloth" 3399
"../../Plugins/Animation/DeformerGraph/Content/DeformerFunctions/DG_Function_LinearBlendSkin_Morph_Cloth.uasset" 3400
"/DeformerGraph/Deformers/DG_LinearBlendSkin_Morph_Cloth_RecomputeNormals" 3401
"../../Plugins/Animation/DeformerGraph/Content/Deformers/DG_LinearBlendSkin_Morph_Cloth_RecomputeNormals.uasset" 3402
"/DeformerGraph/DeformerFunctions/DG_Function_LinearBlendSkin_Morph_Cloth_PositionOnly" 3403
"../../Plugins/Animation/DeformerGraph/Content/DeformerFunctions/DG_Function_LinearBlendSkin_Morph_Cloth_PositionOnly.uasset" 3404
"/DeformerGraph/DeformerFunctions/DG_Function_ComputeNormalsTangents" 3405
"../../Plugins/Animation/DeformerGraph/Content/DeformerFunctions/DG_Function_ComputeNormalsTangents.uasset" 3406
"/Engine/BasicShapes/Cube" 3407
"../../../Engine/Content/BasicShapes/Cube.uasset" 3408
"/Engine/BasicShapes/Sphere" 3409
"../../../Engine/Content/BasicShapes/Sphere.uasset" 3410
"../../../Engine/Content/EngineMaterials/DefaultMaterial.uasset" 3411
"/Engine/BasicShapes/Cylinder" 3412
"../../../Engine/Content/BasicShapes/Cylinder.uasset" 3413
"/Engine/BasicShapes/Cone" 3414
"../../../Engine/Content/BasicShapes/Cone.uasset" 3415
"/Engine/BasicShapes/Plane" 3416
"../../../Engine/Content/BasicShapes/Plane.uasset" 3417
"../../../Engine/Documentation/Source/Shared/Types/ABrush/ABrush.INT.udn" 3418
"../../../Engine/Content/Internationalization/icudt64l/brkitr/ru.res" 3419
"../../../Engine/Content/Internationalization/icudt64l/brkitr/root.res" 3420
"../../../Engine/Content/Internationalization/icudt64l/brkitr/char.brk" 3421
"../../../Engine/Content/Internationalization/icudt64l/brkitr/word.brk" 3422
"/Engine/EditorResources/SequenceRecorder/Countdown" 3423
"../../../Engine/Content/EditorResources/SequenceRecorder/Countdown.uasset" 3424
"/Engine/EditorResources/SequenceRecorder/RecordingIndicator" 3425
"../../../Engine/Content/EditorResources/SequenceRecorder/RecordingIndicator.uasset" 3426
"/Engine/EditorMaterials/PhAT_UnselectedMaterial" 3427
"../../../Engine/Content/EditorMaterials/PhAT_UnselectedMaterial.uasset" 3428
"/Engine/EditorMaterials/PhAT_NoCollisionMaterial" 3429
"../../../Engine/Content/EditorMaterials/PhAT_NoCollisionMaterial.uasset" 3430
"/Engine/EditorLandscapeResources/DefaultAlphaTexture" 3431
"../../../Engine/Content/EditorLandscapeResources/DefaultAlphaTexture.uasset" 3432
"/Engine/EditorResources/S_Terrain" 3433
"../../../Engine/Content/EditorResources/S_Terrain.uasset" 3434
"../../../Engine/Plugins/FX/Niagara/Shaders/Private/NiagaraDataInterfaceTexture2DArrayTemplate.ush" 3435
"../../../Engine/Plugins/FX/Niagara/Shaders/Private/NiagaraDataInterfaceActorComponentTemplate.ush" 3436
"../../../Engine/Plugins/FX/Niagara/Shaders/Private/NiagaraDataInterfaceArrayTemplate.ush" 3437
"../../../Engine/Plugins/FX/Niagara/Shaders/Private/NiagaraDataInterfaceArrayRWTemplate.ush" 3438
"../../../Engine/Plugins/FX/Niagara/Shaders/Private/NiagaraDataInterfaceAsyncGpuTrace.ush" 3439
"../../../Engine/Plugins/FX/Niagara/Shaders/Private/NiagaraDataInterfaceAsyncGpuTraceTemplate.ush" 3440
"../../../Engine/Plugins/FX/Niagara/Shaders/Private/NiagaraDataInterfaceCamera.ush" 3441
"../../../Engine/Plugins/Experimental/ChaosNiagara/Shaders/NiagaraDataInterfaceChaosDestruction.ush" 3442
"../../../Engine/Plugins/FX/Niagara/Shaders/Private/NiagaraDataInterfaceCollisionQuery.ush" 3443
"C:/Users/Admin/Desktop/MainProject/Mutants/Intermediate/ShaderAutogen/PCD3D_SM5/AutogenShaderHeaders.ush" 3444
"../../../Engine/Plugins/FX/Niagara/Shaders/Private/NiagaraDataInterfaceCollisionQueryTemplate.ush" 3445
"../../../Engine/Plugins/FX/Niagara/Shaders/Private/NiagaraDataInterfaceCurveTemplate.ush" 3446
"../../../Engine/Plugins/FX/Niagara/Shaders/Private/NiagaraDataInterfaceCubeTextureTemplate.ush" 3447
"../../../Engine/Plugins/FX/Niagara/Shaders/Private/DataChannel/NiagaraDataInterfaceDataChannelCommon.ush" 3448
"../../../Engine/Plugins/FX/Niagara/Shaders/Private/DataChannel/NiagaraDataInterfaceDataChannelTemplateCommon.ush" 3449
"../../../Engine/Plugins/FX/Niagara/Shaders/Private/DataChannel/NiagaraDataInterfaceDataChannelTemplateReadCommon.ush" 3450
"../../../Engine/Plugins/FX/Niagara/Shaders/Private/DataChannel/NiagaraDataInterfaceDataChannelTemplate_Read.ush" 3451
"../../../Engine/Plugins/FX/Niagara/Shaders/Private/DataChannel/NiagaraDataInterfaceDataChannelTemplate_Consume.ush" 3452
"../../../Engine/Plugins/FX/Niagara/Shaders/Private/DataChannel/NiagaraDataInterfaceDataChannelTemplateWriteCommon.ush" 3453
"../../../Engine/Plugins/FX/Niagara/Shaders/Private/DataChannel/NiagaraDataInterfaceDataChannelTemplate_Append.ush" 3454
"../../../Engine/Plugins/FX/Niagara/Shaders/Private/NiagaraDataInterfaceDebugDraw.ush" 3455
"../../../Engine/Plugins/FX/Niagara/Shaders/Private/NiagaraDataInterfaceDebugDrawTemplate.ush" 3456
"../../../Engine/Plugins/FX/Niagara/Shaders/Private/NiagaraDataInterfaceDynamicMeshTemplate.ush" 3457
"../../../Engine/Plugins/FX/Niagara/Shaders/Private/NiagaraDataInterfaceEmitterPropertiesTemplate.ush" 3458
"../../../Engine/Plugins/FX/Niagara/Shaders/Private/NiagaraDataInterfaceExportTemplate.ush" 3459
"../../../Engine/Plugins/FX/Niagara/Shaders/Private/NiagaraDataInterfaceGBufferTemplate.ush" 3460
"../../../Engine/Plugins/Experimental/ChaosNiagara/Shaders/NiagaraDataInterfaceGeometryCollection.ush" 3461
"../../../Engine/Plugins/FX/Niagara/Shaders/Private/NiagaraTransformUtils.ush" 3462
"../../../Engine/Plugins/Runtime/HairStrands/Shaders/Private/NiagaraStrandsExternalForce.ush" 3463
"../../../Engine/Plugins/Runtime/HairStrands/Shaders/Private/NiagaraHookeSpringMaterial.ush" 3464
"../../../Engine/Plugins/Runtime/HairStrands/Shaders/Private/NiagaraAngularSpringMaterial.ush" 3465
"../../../Engine/Plugins/Runtime/HairStrands/Shaders/Private/NiagaraConstantVolumeMaterial.ush" 3466
"../../../Engine/Plugins/Runtime/HairStrands/Shaders/Private/NiagaraCosseratRodMaterial.ush" 3467
"../../../Engine/Plugins/Runtime/HairStrands/Shaders/Private/NiagaraStaticCollisionConstraint.ush" 3468
"../../../Engine/Plugins/Runtime/HairStrands/Shaders/Private/NiagaraDataInterfaceHairStrands.ush" 3469
"../../../Engine/Plugins/Runtime/HairStrands/Shaders/Private/NiagaraDataInterfaceHairStrandsTemplate.ush" 3470
"../../../Engine/Plugins/FX/Niagara/Shaders/Private/NiagaraDataInterfaceIntRenderTarget2D.ush" 3471
"../../../Engine/Plugins/FX/Niagara/Shaders/Private/NiagaraDataInterfaceLandscape.ush" 3472
"../../../Engine/Plugins/FX/Niagara/Shaders/Private/NiagaraDataInterfaceMemoryBufferTemplate.ush" 3473
"../../../Engine/Plugins/FX/Niagara/Shaders/Private/NiagaraDataInterfaceMeshRendererInfoTemplate.ush" 3474
"../../../Engine/Plugins/FX/Niagara/Shaders/Private/NiagaraDataInterfaceOcclusion.ush" 3475
"../../../Engine/Plugins/FX/Niagara/Shaders/Private/NiagaraDataInterfacePhysicsAsset.ush" 3476
"../../../Engine/Plugins/Experimental/ChaosNiagara/Shaders/NiagaraDataInterfacePhysicsField.ush" 3477
"../../../Engine/Plugins/FX/Niagara/Shaders/Private/NiagaraDataInterfacePlatformSetTemplate.ush" 3478
"../../../Engine/Plugins/Runtime/HairStrands/Shaders/Private/NiagaraDataInterfaceVelocityGrid.ush" 3479
"../../../Engine/Plugins/Runtime/HairStrands/Shaders/Private/NiagaraDataInterfaceVelocityGridTemplate.ush" 3480
"../../../Engine/Plugins/Runtime/HairStrands/Shaders/Private/NiagaraDataInterfacePressureGrid.ush" 3481
"../../../Engine/Plugins/Runtime/HairStrands/Shaders/Private/NiagaraDataInterfacePressureGridTemplate.ush" 3482
"../../../Engine/Plugins/FX/Niagara/Shaders/Private/NiagaraDataInterfaceRenderTarget2DTemplate.ush" 3483
"../../../Engine/Plugins/FX/Niagara/Shaders/Private/NiagaraDataInterfaceRenderTarget2DArrayTemplate.ush" 3484
"../../../Engine/Plugins/FX/Niagara/Shaders/Private/NiagaraDataInterfaceRenderTargetCubeTemplate.ush" 3485
"../../../Engine/Plugins/FX/Niagara/Shaders/Private/NiagaraDataInterfaceRenderTargetVolumeTemplate.ush" 3486
"../../../Engine/Plugins/FX/Niagara/Shaders/Private/NiagaraDataInterfaceRigidMeshCollisionQuery.ush" 3487
"../../../Engine/Plugins/FX/Niagara/Shaders/Private/NiagaraDistanceFieldQueries.ush" 3488
"../../../Engine/Plugins/FX/Niagara/Shaders/Private/NiagaraDataInterfaceSceneCapture2DTemplate.ush" 3489
"../../../Engine/Plugins/FX/Niagara/Shaders/Private/NiagaraDataInterfaceSimCacheReaderTemplate.ush" 3490
"../../../Engine/Plugins/FX/Niagara/Shaders/Private/NiagaraDataInterfaceSimpleCounterTemplate.ush" 3491
"../../../Engine/Plugins/FX/Niagara/Shaders/Private/NiagaraDataInterfaceSkeletalMesh.ush" 3492
"../../../Engine/Plugins/FX/Niagara/Shaders/Private/NiagaraBaryCentricUtils.ush" 3493
"../../../Engine/Plugins/FX/Niagara/Shaders/Private/NiagaraDataInterfaceSkeletalMeshTemplate.ush" 3494
"../../../Engine/Plugins/FX/Niagara/Shaders/Private/NiagaraDataInterfaceSocketReaderTemplate.ush" 3495
"../../../Engine/Plugins/FX/Niagara/Shaders/Private/NiagaraDataInterfaceSparseVolumeTextureTemplate.ush" 3496
"../../../Engine/Plugins/FX/Niagara/Shaders/Private/NiagaraDataInterfaceSplineTemplate.ush" 3497
"../../../Engine/Plugins/FX/Niagara/Shaders/Private/NiagaraDataInterfaceSpriteRendererInfoTemplate.ush" 3498
"../../../Engine/Plugins/FX/Niagara/Shaders/Private/NiagaraDataInterfaceStaticMeshTemplate.ush" 3499
"../../../Engine/Plugins/FX/Niagara/Shaders/Private/NiagaraDataInterfaceTextureTemplate.ush" 3500
"../../../Engine/Plugins/FX/Niagara/Shaders/Private/NiagaraDataInterfaceVirtualTexture.ush" 3501
"../../../Engine/Plugins/FX/Niagara/Shaders/Private/NiagaraDataInterfaceVirtualTextureTemplate.ush" 3502
"../../../Engine/Plugins/FX/Niagara/Shaders/Private/NiagaraDataInterfaceVolumeCache.ush" 3503
"../../../Engine/Plugins/FX/Niagara/Shaders/Private/NiagaraDataInterfaceVolumeTextureTemplate.ush" 3504
"/Game/UltraDynamicSky/Particles/UDS_VolumetricClouds_Niagara_Properties" 3505
"../../../../../../Users/Admin/Desktop/MainProject/Mutants/Content/UltraDynamicSky/Particles/UDS_VolumetricClouds_Niagara_Properties.uasset" 3506
"../../../../../../Users/Admin/Desktop/MainProject/Mutants/Content/UltraDynamicSky/Materials/Material_Functions/UDS_VolumetricClouds_MPC.uasset" 3507
"/Game/UltraDynamicSky/Particles/UDW_Niagara_Parameters" 3508
"../../../../../../Users/Admin/Desktop/MainProject/Mutants/Content/UltraDynamicSky/Particles/UDW_Niagara_Parameters.uasset" 3509
"../../../../../../Users/Admin/Desktop/MainProject/Mutants/Content/UltraDynamicSky/Materials/Weather/UltraDynamicWeather_Parameters.uasset" 3510
"C:/Users/Admin/AppData/Local/Temp/UnrealShaderWorkingDir/21EC474E418CBFB3930E20BF74F05022/7/WorkerOutputOnly.out" 3511
"C:/Users/Admin/AppData/Local/Temp/UnrealShaderWorkingDir/21EC474E418CBFB3930E20BF74F05022/6/WorkerOutputOnly.out" 3512
"C:/Users/Admin/AppData/Local/Temp/UnrealShaderWorkingDir/21EC474E418CBFB3930E20BF74F05022/4/WorkerOutputOnly.out" 3513
"C:/Users/Admin/AppData/Local/Temp/UnrealShaderWorkingDir/21EC474E418CBFB3930E20BF74F05022/5/WorkerOutputOnly.out" 3514
"C:/Users/Admin/AppData/Local/Temp/UnrealShaderWorkingDir/21EC474E418CBFB3930E20BF74F05022/3/WorkerOutputOnly.out" 3515
"C:/Users/Admin/AppData/Local/Temp/UnrealShaderWorkingDir/21EC474E418CBFB3930E20BF74F05022/1/WorkerOutputOnly.out" 3516
"C:/Users/Admin/AppData/Local/Temp/UnrealShaderWorkingDir/21EC474E418CBFB3930E20BF74F05022/2/WorkerOutputOnly.out" 3517
"C:/Users/Admin/AppData/Local/Temp/UnrealShaderWorkingDir/21EC474E418CBFB3930E20BF74F05022/0/WorkerOutputOnly.out" 3518
"C:/Users/Admin/AppData/Local/Temp/UnrealShaderWorkingDir/21EC474E418CBFB3930E20BF74F05022/8/WorkerOutputOnly.out" 3519
"../../../../../../Users/Admin/Desktop/MainProject/Mutants/Intermediate/ShaderAutogen/PCD3D_SM5/AutogenShaderHeaders.ush" 3520
"../../../Engine/Plugins/Interchange/Assets/Content/Functions/MX_ThinFilmBSDF.uasset" 3521
"../../../Engine/Plugins/Interchange/Assets/Content/Functions/MX_AnisotropicVDF.uasset" 3522
"../../../Engine/Plugins/Interchange/Assets/Content/Functions/MX_UniformEDF.uasset" 3523
"../../../Engine/Plugins/Animation/ControlRig/Content/Controls/ControlRigGizmoMaterial.uasset" 3524
"../../../Engine/Plugins/Interchange/Assets/Content/Functions/MX_GeneralizedSchlickBSDF.uasset" 3525
"../../../Engine/Plugins/Interchange/Assets/Content/Functions/MX_AbsorptionVDF.uasset" 3526
"../../../Engine/Plugins/Interchange/Assets/Content/Functions/MX_MeasuredEDF.uasset" 3527
"../../../Engine/Plugins/Interchange/Assets/Content/Functions/MX_SheenBSDF.uasset" 3528
"../../../Engine/Plugins/Interchange/Assets/Content/Functions/MX_ConicalEDF.uasset" 3529
"../../../Engine/Plugins/Interchange/Assets/Content/Functions/MX_SubsurfaceBSDF.uasset" 3530
"../../../Engine/Plugins/Interchange/Assets/Content/Functions/MX_TranslucentBSDF.uasset" 3531
"../../../Engine/Plugins/Interchange/Assets/Content/Functions/MX_BurleyDiffuseBSDF.uasset" 3532
"../../../Engine/Plugins/Interchange/Assets/Content/Functions/MX_DielectricBSDF.uasset" 3533
"../../../Engine/Plugins/Interchange/Runtime/Content/Pipelines/DefaultTexturePipeline.uasset" 3534
"../../../Engine/Plugins/Interchange/Runtime/Content/Pipelines/DefaultMaterialPipeline.uasset" 3535
"../../../Engine/Plugins/Interchange/Runtime/Content/Pipelines/DefaultSceneLevelPipeline.uasset" 3536
"../../../Engine/Plugins/Interchange/Runtime/Content/Pipelines/DefaultAssetsPipeline.uasset" 3537
"../../../Engine/Content/EngineSounds/Master.uasset" 3538
"../../../Engine/Plugins/Interchange/Assets/Content/Functions/MX_UsdPreviewSurface.uasset" 3539
"../../../Engine/Plugins/Interchange/Assets/Content/Functions/MX_ConductorBSDF.uasset" 3540
"../../../Engine/Plugins/Interchange/Assets/Content/Functions/MX_SurfaceUnlit.uasset" 3541
"../../../Engine/Content/EngineMaterials/FastBlueNoise_vec2_128x128x64.uasset" 3542
"../../../Engine/Content/EngineMaterials/FastBlueNoise_scalar_128x128x64.uasset" 3543
"../../../Engine/Plugins/Interchange/Runtime/Content/Pipelines/DefaultGLTFSceneAssetsPipeline.uasset" 3544
"../../../Engine/Plugins/Interchange/Assets/Content/Functions/MX_OrenNayarBSDF.uasset" 3545
"../../../Engine/Plugins/Interchange/Runtime/Content/Pipelines/DefaultSceneAssetsPipeline.uasset" 3546
"../../../Engine/Plugins/Interchange/Runtime/Content/Pipelines/DefaultGLTFPipeline.uasset" 3547
"../../../Engine/Content/EngineMaterials/EnergyConservation/Diffuse_Energy.uasset" 3548
"../../../Engine/Plugins/Interchange/Runtime/Content/Pipelines/DefaultGLTFAssetsPipeline.uasset" 3549
"../../../Engine/Content/EngineMaterials/EnergyConservation/Sheen_Energy.uasset" 3550
"../../../Engine/Plugins/Interchange/Runtime/Content/Pipelines/DefaultMaterialXPipeline.uasset" 3551
"/ControlRig/Controls/ControlRigGizmoMaterial" 3552
"/InterchangeAssets/Functions/MX_AnisotropicVDF" 3553
"../../../Engine/Content/EngineMaterials/LTC/Sheen_LTC.uasset" 3554
"/InterchangeAssets/Functions/MX_AbsorptionVDF" 3555
"/InterchangeAssets/Functions/MX_MeasuredEDF" 3556
"/InterchangeAssets/Functions/MX_ConicalEDF" 3557
"/InterchangeAssets/Functions/MX_UniformEDF" 3558
"/InterchangeAssets/Functions/MX_ThinFilmBSDF" 3559
"/InterchangeAssets/Functions/MX_SheenBSDF" 3560
"/InterchangeAssets/Functions/MX_SubsurfaceBSDF" 3561
"/InterchangeAssets/Functions/MX_GeneralizedSchlickBSDF" 3562
"/InterchangeAssets/Functions/MX_ConductorBSDF" 3563
"/InterchangeAssets/Functions/MX_DielectricBSDF" 3564
"/InterchangeAssets/Functions/MX_TranslucentBSDF" 3565
"/InterchangeAssets/Functions/MX_BurleyDiffuseBSDF" 3566
"/InterchangeAssets/Functions/MX_OrenNayarBSDF" 3567
"/InterchangeAssets/Functions/MX_UsdPreviewSurface" 3568
"/InterchangeAssets/Functions/MX_SurfaceUnlit" 3569
"/Interchange/Pipelines/DefaultGLTFSceneAssetsPipeline" 3570
"/Interchange/Pipelines/DefaultSceneLevelPipeline" 3571
"/Interchange/Pipelines/DefaultSceneAssetsPipeline" 3572
"/Interchange/Pipelines/DefaultTexturePipeline" 3573
"/Interchange/Pipelines/DefaultMaterialPipeline" 3574
"/Interchange/Pipelines/DefaultGLTFPipeline" 3575
"/Interchange/Pipelines/DefaultGLTFAssetsPipeline" 3576
"/Interchange/Pipelines/DefaultMaterialXPipeline" 3577
"/Interchange/Pipelines/DefaultAssetsPipeline" 3578
"/Engine/EngineSounds/Master" 3579
"/Engine/EngineMaterials/EnergyConservation/Diffuse_Energy" 3580
"/Engine/EngineMaterials/EnergyConservation/Sheen_Energy" 3581
"/Engine/EngineMaterials/FastBlueNoise_vec2_128x128x64" 3582
"/Engine/EngineMaterials/FastBlueNoise_scalar_128x128x64" 3583
"../../../Engine/Plugins/Animation/DeformerGraph/Shaders/Private/DataInterfaceSkinnedMeshExec.ush" 3584
"../../../Engine/Plugins/Animation/DeformerGraph/Shaders/Private/DataInterfaceCloth.ush" 3585
"../../../Engine/Plugins/Animation/DeformerGraph/Shaders/Private/DataInterfaceSkinnedMesh.ush" 3586
"../../../Engine/Plugins/Animation/DeformerGraph/Shaders/Private/DataInterfaceSkeleton.ush" 3587
"../../../Engine/Plugins/Animation/DeformerGraph/Shaders/Private/DataInterfaceSkeletonCommon.ush" 3588
"../../../Engine/Plugins/Animation/DeformerGraph/Shaders/Private/DataInterfaceMorphTarget.ush" 3589
"../../../Engine/Plugins/Animation/DeformerGraph/Shaders/Private/DataInterfaceSkinnedMeshWrite.ush" 3590
"../../../Engine/Plugins/Animation/DeformerGraph/Shaders/Private/DataInterfaceRawBuffer.ush" 3591
"../../../Engine/Plugins/Runtime/ComputeFramework/Shaders/Private/BufferAlias.ush" 3592
"../../../Engine/Plugins/Animation/DeformerGraph/Shaders/Private/DataInterfaceHalfEdge.ush" 3593
"../../../Engine/Content/EditorResources/BSPVertex.uasset" 3594
"../../../Engine/Content/EngineMaterials/DefaultBloomKernel.uasset" 3595
"../../../Engine/Content/EngineDebugMaterials/DebugEditorMaterial.uasset" 3596
"../../../Engine/Content/EngineResources/FilmGrains/Marcie_Grain_v3_128_M2_000.uasset" 3597
"/Engine/EngineMaterials/LTC/Sheen_LTC" 3598
"/Engine/EditorResources/BSPVertex" 3599
"/Engine/EngineMaterials/DefaultBloomKernel" 3600
"/Engine/EngineResources/FilmGrains/Marcie_Grain_v3_128_M2_000" 3601
"/Engine/EngineDebugMaterials/DebugEditorMaterial" 3602
"../../../Engine/Plugins/NNE/NNEDenoiser/Content/NNE_oidn2-3-0_rt_hdr_calb_cnrm_large__dyn__fp16_opset11_ForwardAlpha.uasset" 3603
"/NNEDenoiser/NNE_oidn2-3-0_rt_hdr_calb_cnrm_large__dyn__fp16_opset11_ForwardAlpha" 3604
"C:/Users/Admin/Desktop/MainProject/Mutants/Intermediate/ORTOptimizerPass_Optimized544ABDEF49CDAA903D5782B52F45A4C4.onnx" 3605
"../../../Engine/Plugins/NNE/NNEDenoiser/Content/NNE_oidn2-3-0_rt_hdr_alb_nrm__dyn__fp16_opset11_DenoiseAlpha.uasset" 3606
"../../../Engine/Plugins/NNE/NNEDenoiser/Content/NNE_oidn2-3-0_rt_hdr_calb_cnrm_large__dyn__fp16_opset11_DenoiseAlpha.uasset" 3607
"../../../Engine/Plugins/NNE/NNEDenoiser/Content/NNED_Oidn2-3_HighQuality_Alpha.uasset" 3608
"../../../Engine/Plugins/NNE/NNEDenoiser/Content/NNED_Oidn2-3_Balanced_Alpha.uasset" 3609
"../../../Engine/Plugins/NNE/NNEDenoiser/Content/NNEDT_Oidn2-3_Balanced_Alpha.uasset" 3610
"../../../Engine/Plugins/NNE/NNEDenoiser/Content/NNED_Oidn2-3_Balanced.uasset" 3611
"../../../Engine/Plugins/NNE/NNEDenoiser/Content/NNED_Oidn2-3_HighQuality.uasset" 3612
"../../../Engine/Plugins/NNE/NNEDenoiser/Content/NNEDTOM_Output_Alpha.uasset" 3613
"../../../Engine/Plugins/NNE/NNEDenoiser/Content/NNE_oidn2-3-0_rt_hdr_alb_nrm_small__dyn__fp16_opset11_DenoiseAlpha.uasset" 3614
"../../../Engine/Plugins/NNE/NNEDenoiser/Content/NNED_Oidn2-3_Fast_Alpha.uasset" 3615
"../../../Engine/Plugins/NNE/NNEDenoiser/Content/NNEDTIM_ColorAlbedoNormal_Alpha.uasset" 3616
"../../../Engine/Plugins/NNE/NNEDenoiser/Content/NNEDOM_Output_Alpha.uasset" 3617
"../../../Engine/Plugins/NNE/NNEDenoiser/Content/NNE_oidn2-3-0_rt_hdr_alb_nrm_small__dyn__fp16_opset11_ForwardAlpha.uasset" 3618
"../../../Engine/Plugins/NNE/NNEDenoiser/Content/NNEDIM_HighQuality_Default.uasset" 3619
"../../../Engine/Plugins/NNE/NNEDenoiser/Content/NNEDT_Oidn2-3_Balanced.uasset" 3620
"../../../Engine/Plugins/NNE/NNEDenoiser/Content/NNEDIM_ColorAlbedoNormal_Alpha.uasset" 3621
"../../../Engine/Plugins/NNE/NNEDenoiser/Content/NNEDTOM_Output_Default.uasset" 3622
"../../../Engine/Plugins/NNE/NNEDenoiser/Content/NNEDIM_HighQuality_Alpha.uasset" 3623
"../../../Engine/Content/EngineMaterials/DefaultCalibrationGrayscale.uasset" 3624
"../../../Engine/Content/EngineSounds/Submixes/MasterEQEffectPreset.uasset" 3625
"../../../Engine/Content/EngineSounds/Submixes/MasterReverbEffectPreset.uasset" 3626
"../../../Engine/Content/EditorMaterials/PreviewShadowIndicator.uasset" 3627
"C:/Users/Admin/Desktop/MainProject/Mutants/Content/MainMenu/Widgets/BP_ErrorWidget.uasset" 3628
"C:/Users/Admin/Desktop/MainProject/Mutants/Content/GameModesLevels/MusicLevel/Glass.uasset" 3629
"../../../Engine/Content/EngineMaterials/DefaultCalibrationColor.uasset" 3630
"../../../Engine/Plugins/NNE/NNEDenoiser/Content/NNE_oidn2-3-0_rt_hdr_alb_nrm__dyn__fp16_opset11_ForwardAlpha.uasset" 3631
"../../../Engine/Plugins/NNE/NNEDenoiser/Content/NNEDOM_Output_Default.uasset" 3632
"../../../Engine/Plugins/NNE/NNEDenoiser/Content/NNED_Oidn2-3_Fast.uasset" 3633
"../../../Engine/Content/MobileResources/HUD/VirtualJoystick_Background.uasset" 3634
"../../../Engine/Content/MobileResources/HUD/VirtualJoystick_Thumb.uasset" 3635
"../../../Engine/Plugins/NNE/NNEDenoiser/Content/NNEDTIM_ColorAlbedoNormal_Default.uasset" 3636
"../../../Engine/Plugins/NNE/NNEDenoiser/Content/NNEDIM_ColorAlbedoNormal_Default.uasset" 3637
"C:/Users/Admin/Desktop/MainProject/Mutants/Intermediate/ORTOptimizerPass_Optimized564EC786406089A8CE80ADB3426A973C.onnx" 3638
"/Game/MainMenu/Widgets/BP_ErrorWidget" 3639
"/Engine/EditorMaterials/PreviewShadowIndicator" 3640
"/NNEDenoiser/NNE_oidn2-3-0_rt_hdr_alb_nrm_small__dyn__fp16_opset11_ForwardAlpha" 3641
"/Engine/EngineSounds/Submixes/MasterReverbEffectPreset" 3642
"/Engine/EngineSounds/Submixes/MasterEQEffectPreset" 3643
"/Engine/MobileResources/HUD/VirtualJoystick_Thumb" 3644
"/Engine/MobileResources/HUD/VirtualJoystick_Background" 3645
"/Engine/EngineMaterials/DefaultCalibrationColor" 3646
"/Engine/EngineMaterials/DefaultCalibrationGrayscale" 3647
"/NNEDenoiser/NNEDIM_ColorAlbedoNormal_Alpha" 3648
"/NNEDenoiser/NNEDIM_ColorAlbedoNormal_Default" 3649
"/NNEDenoiser/NNEDIM_HighQuality_Alpha" 3650
"/NNEDenoiser/NNEDIM_HighQuality_Default" 3651
"/NNEDenoiser/NNEDOM_Output_Alpha" 3652
"/NNEDenoiser/NNEDOM_Output_Default" 3653
"/NNEDenoiser/NNEDTIM_ColorAlbedoNormal_Alpha" 3654
"C:/Users/Admin/Desktop/MainProject/Mutants/Intermediate/ORTOptimizerPass_OptimizedD651CB1A4EBADDA2F08127AE84BF6585.onnx" 3655
"C:/Users/Admin/Desktop/MainProject/Mutants/Intermediate/ORTOptimizerPass_OptimizedD2ED0BAE413AC45A38D562840028BA45.onnx" 3656
"/NNEDenoiser/NNEDTIM_ColorAlbedoNormal_Default" 3657
"/NNEDenoiser/NNEDTOM_Output_Alpha" 3658
"/NNEDenoiser/NNEDTOM_Output_Default" 3659
"/NNEDenoiser/NNEDT_Oidn2-3_Balanced" 3660
"/NNEDenoiser/NNEDT_Oidn2-3_Balanced_Alpha" 3661
"/NNEDenoiser/NNED_Oidn2-3_Balanced" 3662
"/NNEDenoiser/NNED_Oidn2-3_Balanced_Alpha" 3663
"/NNEDenoiser/NNED_Oidn2-3_Fast" 3664
"/NNEDenoiser/NNED_Oidn2-3_Fast_Alpha" 3665
"/NNEDenoiser/NNED_Oidn2-3_HighQuality" 3666
"/NNEDenoiser/NNED_Oidn2-3_HighQuality_Alpha" 3667
"/NNEDenoiser/NNE_oidn2-3-0_rt_hdr_alb_nrm_small__dyn__fp16_opset11_DenoiseAlpha" 3668
"/NNEDenoiser/NNE_oidn2-3-0_rt_hdr_alb_nrm__dyn__fp16_opset11_DenoiseAlpha" 3669
"/NNEDenoiser/NNE_oidn2-3-0_rt_hdr_alb_nrm__dyn__fp16_opset11_ForwardAlpha" 3670
"/NNEDenoiser/NNE_oidn2-3-0_rt_hdr_calb_cnrm_large__dyn__fp16_opset11_DenoiseAlpha" 3671
"/Game/GameModesLevels/MusicLevel/Glass" 3672
"../../../Engine/Content/EngineSky/M_SimpleSkyDome.uasset" 3673
"C:/Users/Admin/Desktop/MainProject/Mutants/Content/GameModesLevels/MusicLevel/Sounds/SoundColor4.uasset" 3674
"C:/Users/Admin/Desktop/MainProject/Mutants/Content/GameModesLevels/MusicLevel/Sounds/SoundColor3.uasset" 3675
"C:/Users/Admin/Desktop/MainProject/Mutants/Content/GameModesLevels/MusicLevel/Colors/M_TitlePink.uasset" 3676
"C:/Users/Admin/Desktop/MainProject/Mutants/Content/UltraDynamicSky/Textures/Sky/Tiling_Stars.uasset" 3677
"C:/Users/Admin/Desktop/MainProject/Mutants/Content/UltraDynamicSky/Textures/Sky/Cloud_Wisps.uasset" 3678
"C:/Users/Admin/Desktop/MainProject/Mutants/Content/GameModesLevels/MusicLevel/BP_TitleMusicStructure.uasset" 3679
"C:/Users/Admin/Desktop/MainProject/Mutants/Content/UltraDynamicSky/Textures/Sky/Moon_Color.uasset" 3680
"C:/Users/Admin/Desktop/MainProject/Mutants/Content/UltraDynamicSky/Materials/Float_Curves/Exposure_Compensation_Curve.uasset" 3681
"C:/Users/Admin/Desktop/MainProject/Mutants/Content/ThirdPerson/Blueprints/BPI_Death.uasset" 3682
"C:/Users/Admin/Desktop/MainProject/Mutants/Content/UltraDynamicSky/Textures/Sky/Moon_PhaseNormal.uasset" 3683
"C:/Users/Admin/Desktop/MainProject/Mutants/Content/UltraDynamicSky/Textures/Clouds/clouds_diverse.uasset" 3684
"C:/Users/Admin/Desktop/MainProject/Mutants/Content/GameModesLevels/MusicLevel/Sounds/SoundColor0.uasset" 3685
"C:/Users/Admin/Desktop/MainProject/Mutants/Content/UltraDynamicSky/Textures/Volumetric_Clouds/Cloud_Profile.uasset" 3686
"../../../Engine/Content/EditorBlueprintResources/StandardMacros.uasset" 3687
"C:/Users/Admin/Desktop/MainProject/Mutants/Content/GameModesLevels/MusicLevel/Sounds/SoundColor2.uasset" 3688
"C:/Users/Admin/Desktop/MainProject/Mutants/Content/GameModesLevels/MusicLevel/Colors/M_TitleYellow.uasset" 3689
"C:/Users/Admin/Desktop/MainProject/Mutants/Content/MainMenu/Widgets/BP_LoginError.uasset" 3690
"C:/Users/Admin/Desktop/MainProject/Mutants/Content/MainMenu/Icons/ShopItems/Goblin/LegRightUpper_Goblin.uasset" 3691
"C:/Users/Admin/Desktop/MainProject/Mutants/Content/MainMenu/Icons/ShopItems/Goblin/HandRightUpper_Goblin.uasset" 3692
"C:/Users/Admin/Desktop/MainProject/Mutants/Content/MainMenu/Icons/ShopItems/Goblin/HeadGoblin.uasset" 3693
"C:/Users/Admin/Desktop/MainProject/Mutants/Content/MainMenu/Icons/ShopItems/Goblin/LegRightLower_Goblin.uasset" 3694
"C:/Users/Admin/Desktop/MainProject/Mutants/Content/MainMenu/Icons/ShopItems/Goblin/HandRightLower_Goblin.uasset" 3695
"C:/Users/Admin/Desktop/MainProject/Mutants/Content/MainMenu/Icons/ShopItems/Goblin/LegLeftLower_Goblin.uasset" 3696
"C:/Users/Admin/Desktop/MainProject/Mutants/Content/GameModesLevels/MusicLevel/Sounds/SoundColor1.uasset" 3697
"C:/Users/Admin/Desktop/MainProject/Mutants/Content/MainMenu/Icons/ShopItems/Goblin/LegLeftUpper_Goblin.uasset" 3698
"C:/Users/Admin/Desktop/MainProject/Mutants/Content/MainMenu/Icons/ShopItems/Goblin/HandLeftLower_Goblin.uasset" 3699
"C:/Users/Admin/Desktop/MainProject/Mutants/Content/MutantParts/Enumerators/E_BodyParts.uasset" 3700
"C:/Users/Admin/Desktop/MainProject/Mutants/Content/ThirdPerson/Blueprints/Enumerators/E_WhichHandWeapon.uasset" 3701
"C:/Users/Admin/Desktop/MainProject/Mutants/Content/GameModesLevels/MusicLevel/Colors/M_TitleBlue.uasset" 3702
"C:/Users/Admin/Desktop/MainProject/Mutants/Content/GameModesLevels/MusicLevel/Colors/M_TitleGreen.uasset" 3703
"C:/Users/Admin/Desktop/MainProject/Mutants/Content/GameModesLevels/MusicLevel/Colors/M_TitleRed.uasset" 3704
"C:/Users/Admin/Desktop/MainProject/Mutants/Intermediate/ORTOptimizerPass_Optimized36D0D2F94664A719031EE3BD417F698C.onnx" 3705
"C:/Users/Admin/Desktop/MainProject/Mutants/Intermediate/ORTOptimizerPass_Optimized1E13DB704AF5F5DEC62741B38331738A.onnx" 3706
"C:/Users/Admin/Desktop/MainProject/Mutants/Intermediate/ORTOptimizerPass_OptimizedC82CC0DB4C626A99D166E6B5F50013D6.onnx" 3707
"C:/Users/Admin/Desktop/MainProject/Mutants/Intermediate/ORTOptimizerPass_Optimized4E5130A84376E0E2F40312BFD45C1E8B.onnx" 3708
"C:/Users/Admin/Desktop/MainProject/Mutants/Intermediate/ORTOptimizerPass_OptimizedB358620140E4DCA7D8E962B82CBBF64B.onnx" 3709
"C:/Users/Admin/Desktop/MainProject/Mutants/Intermediate/ORTOptimizerPass_OptimizedCAF07E0B4B66E7492306958EC49EC490.onnx" 3710
"C:/Users/Admin/Desktop/MainProject/Mutants/Intermediate/ORTOptimizerPass_Optimized787B145543209D554ADFE4B37B6504A6.onnx" 3711
"C:/Users/Admin/Desktop/MainProject/Mutants/Intermediate/ORTOptimizerPass_OptimizedE9D93F504635C0B62FB67FA4B28B2715.onnx" 3712
"/Game/ThirdPerson/Blueprints/Enumerators/E_WhichHandWeapon" 3713
"/Game/MutantParts/Enumerators/E_BodyParts" 3714
"/Game/MainMenu/Icons/ShopItems/Goblin/HandLeftLower_Goblin" 3715
"/Game/MainMenu/Icons/ShopItems/Goblin/LegLeftUpper_Goblin" 3716
"/Game/MainMenu/Icons/ShopItems/Goblin/LegLeftLower_Goblin" 3717
"/Game/MainMenu/Icons/ShopItems/Goblin/HandRightLower_Goblin" 3718
"/Game/MainMenu/Icons/ShopItems/Goblin/LegRightLower_Goblin" 3719
"/Game/MainMenu/Icons/ShopItems/Goblin/HeadGoblin" 3720
"/Game/MainMenu/Icons/ShopItems/Goblin/HandRightUpper_Goblin" 3721
"/Game/MainMenu/Icons/ShopItems/Goblin/LegRightUpper_Goblin" 3722
"/Game/MainMenu/Widgets/BP_LoginError" 3723
"/Game/GameModesLevels/MusicLevel/Colors/M_TitleBlue" 3724
"/Game/GameModesLevels/MusicLevel/Colors/M_TitleRed" 3725
"/Engine/EditorBlueprintResources/StandardMacros" 3726
"/Game/GameModesLevels/MusicLevel/Colors/M_TitleGreen" 3727
"/Game/GameModesLevels/MusicLevel/Sounds/SoundColor1" 3728
"/Game/UltraDynamicSky/Textures/Volumetric_Clouds/Cloud_Profile" 3729
"/Game/GameModesLevels/MusicLevel/Colors/M_TitleYellow" 3730
"/Game/GameModesLevels/MusicLevel/Sounds/SoundColor0" 3731
"/Game/GameModesLevels/MusicLevel/Sounds/SoundColor2" 3732
"/Game/ThirdPerson/Blueprints/BPI_Death" 3733
"/Game/UltraDynamicSky/Materials/Float_Curves/Exposure_Compensation_Curve" 3734
"/Game/UltraDynamicSky/Textures/Clouds/clouds_diverse" 3735
"/Game/UltraDynamicSky/Textures/Sky/Moon_PhaseNormal" 3736
"/Game/GameModesLevels/MusicLevel/BP_TitleMusicStructure" 3737
"/Game/UltraDynamicSky/Textures/Sky/Cloud_Wisps" 3738
"/Game/UltraDynamicSky/Textures/Sky/Moon_Color" 3739
"/Game/GameModesLevels/MusicLevel/Colors/M_TitlePink" 3740
"/Game/UltraDynamicSky/Textures/Sky/Tiling_Stars" 3741
"/Game/GameModesLevels/MusicLevel/Sounds/SoundColor4" 3742
"/Game/GameModesLevels/MusicLevel/Sounds/SoundColor3" 3743
"/Engine/EngineSky/M_SimpleSkyDome" 3744
"C:/Users/Admin/Desktop/MainProject/Mutants/Content/Sounds/BoneBreakage.uasset" 3745
"C:/Users/Admin/Desktop/MainProject/Mutants/Content/MainMenu/Customize/CustomizeTarget.uasset" 3746
"C:/Users/Admin/Desktop/MainProject/Mutants/Content/HUD/Interaction/Interfaces/BPI_Interaction.uasset" 3747
"C:/Users/Admin/Desktop/MainProject/Mutants/Content/MainMenu/Icons/ShopItems/Goblin/Torso_Goblin.uasset" 3748
"C:/Users/Admin/Desktop/MainProject/Mutants/Content/Characters/Mannequins/Rigs/PA_Mannequin.uasset" 3749
"C:/Users/Admin/Desktop/MainProject/Mutants/Content/MainMenu/Icons/ShopItems/Goblin/HandLeftUpper_Goblin.uasset" 3750
"C:/Users/Admin/Desktop/MainProject/Mutants/Content/ThirdPerson/Maps/LevelObjects/Blueprints/BPI_PlatformCrush.uasset" 3751
"C:/Users/Admin/Desktop/MainProject/Mutants/Content/GameModesLevels/PlatformCrush/Objects/BPI_Platform.uasset" 3752
"C:/Users/Admin/Desktop/MainProject/Mutants/Content/HUD/Interaction/Widgets/WB_Interaction.uasset" 3753
"C:/Users/Admin/Desktop/MainProject/Mutants/Content/StarterContent/Textures/T_Wood_Walnut_N.uasset" 3754
"C:/Users/Admin/Desktop/MainProject/Mutants/Content/StarterContent/Textures/T_Wood_Walnut_D.uasset" 3755
"C:/Users/Admin/Desktop/MainProject/Mutants/Content/StarterContent/Textures/T_MacroVariation.uasset" 3756
"C:/Users/Admin/Desktop/MainProject/Mutants/Content/StarterContent/Textures/T_Wood_Oak_N.uasset" 3757
"C:/Users/Admin/Desktop/MainProject/Mutants/Content/StarterContent/Textures/T_Wood_Oak_D.uasset" 3758
"../../../Engine/Plugins/PCG/Content/BP_Elements/Deprecated/ScaleByDensity.uasset" 3759
"C:/Users/Admin/Desktop/MainProject/Mutants/Content/UltraDynamicSky/Textures/Weather/ParticleClouds.uasset" 3760
"C:/Users/Admin/Desktop/MainProject/Mutants/Content/UltraDynamicSky/Materials/Weather/Radial_Storm_Cloud_Draw.uasset" 3761
"/Game/StarterContent/Textures/T_Wood_Walnut_D" 3762
"C:/Users/Admin/Desktop/MainProject/Mutants/Content/StarterContent/Materials/M_Basic_Wall.uasset" 3763
"C:/Users/Admin/Desktop/MainProject/Mutants/Content/UltraDynamicSky/Blueprints/Enum/UDS_Space_Parent.uasset" 3764
"C:/Users/Admin/Desktop/MainProject/Mutants/Content/UltraDynamicSky/Blueprints/System/UDS_DateAndTime.uasset" 3765
"C:/Users/Admin/Desktop/MainProject/Mutants/Content/UltraDynamicSky/Materials/Color_Curves/Fog_Directional_Scattering_Color.uasset" 3766
"C:/Users/Admin/Desktop/MainProject/Mutants/Content/UltraDynamicSky/Blueprints/Enum/UDS_Modifier_Float_Property.uasset" 3767
"C:/Users/Admin/Desktop/MainProject/Mutants/Content/UltraDynamicSky/Blueprints/Enum/UDS_CachedProperties.uasset" 3768
"C:/Users/Admin/Desktop/MainProject/Mutants/Content/UltraDynamicSky/Blueprints/Enum/UDS_CityPresets.uasset" 3769
"C:/Users/Admin/Desktop/MainProject/Mutants/Content/UltraDynamicSky/Blueprints/Enum/UDS_VolRT_Mode.uasset" 3770
"C:/Users/Admin/Desktop/MainProject/Mutants/Content/UltraDynamicSky/Blueprints/System/UDS_Calendar.uasset" 3771
"C:/Users/Admin/Desktop/MainProject/Mutants/Content/UltraDynamicSky/Materials/Float_Curves/Directional_Light_Intensity.uasset" 3772
"C:/Users/Admin/Desktop/MainProject/Mutants/Content/UltraDynamicSky/Blueprints/Enum/UDS_SkyMode.uasset" 3773
"/Game/StarterContent/Textures/T_Wood_Walnut_N" 3774
"/Game/GameModesLevels/PlatformCrush/Objects/BPI_Platform" 3775
"C:/Users/Admin/Desktop/MainProject/Mutants/Content/HUD/Blueprints/WBP_HUD.uasset" 3776
"../../../Engine/Content/Functions/Engine_MaterialFunctions02/Utility/BlendAngleCorrectedNormals.uasset" 3777
"/Game/ThirdPerson/Maps/LevelObjects/Blueprints/BPI_PlatformCrush" 3778
"C:/Users/Admin/Desktop/MainProject/Mutants/Content/StarterContent/Textures/T_Metal_Rust_D.uasset" 3779
"/Game/HUD/Interaction/Widgets/WB_Interaction" 3780
"C:/Users/Admin/Desktop/MainProject/Mutants/Content/StarterContent/Textures/T_Metal_Rust_N.uasset" 3781
"/Game/MainMenu/Icons/ShopItems/Goblin/HandLeftUpper_Goblin" 3782
"/Game/Characters/Mannequins/Rigs/PA_Mannequin" 3783
"/Game/MainMenu/Icons/ShopItems/Goblin/Torso_Goblin" 3784
"/Game/MainMenu/Customize/CustomizeTarget" 3785
"/Game/HUD/Interaction/Interfaces/BPI_Interaction" 3786
"/Game/Sounds/BoneBreakage" 3787
"/Game/UltraDynamicSky/Blueprints/Enum/UDS_SkyMode" 3788
"/Game/UltraDynamicSky/Materials/Float_Curves/Directional_Light_Intensity" 3789
"/Game/UltraDynamicSky/Blueprints/System/UDS_Calendar" 3790
"/Game/UltraDynamicSky/Blueprints/Enum/UDS_VolRT_Mode" 3791
"/Game/UltraDynamicSky/Blueprints/Enum/UDS_CityPresets" 3792
"/Game/UltraDynamicSky/Blueprints/Enum/UDS_CachedProperties" 3793
"/Game/UltraDynamicSky/Blueprints/Enum/UDS_Modifier_Float_Property" 3794
"/Game/UltraDynamicSky/Materials/Color_Curves/Fog_Directional_Scattering_Color" 3795
"/Game/UltraDynamicSky/Blueprints/System/UDS_DateAndTime" 3796
"/Game/UltraDynamicSky/Blueprints/Enum/UDS_Space_Parent" 3797
"/Game/UltraDynamicSky/Materials/Weather/Radial_Storm_Cloud_Draw" 3798
"/Game/StarterContent/Materials/M_Basic_Wall" 3799
"/Game/UltraDynamicSky/Textures/Weather/ParticleClouds" 3800
"/Game/StarterContent/Textures/T_Metal_Rust_D" 3801
"/Game/StarterContent/Textures/T_Metal_Rust_N" 3802
"/Engine/Functions/Engine_MaterialFunctions02/Utility/BlendAngleCorrectedNormals" 3803
"/PCG/BP_Elements/Deprecated/ScaleByDensity" 3804
"/Game/StarterContent/Textures/T_Wood_Oak_D" 3805
"/Game/StarterContent/Textures/T_Wood_Oak_N" 3806
"/Game/StarterContent/Textures/T_MacroVariation" 3807
"/Game/HUD/Blueprints/WBP_HUD" 3808
"C:/Users/Admin/Desktop/MainProject/Mutants/Content/UltraDynamicSky/Blueprints/Enum/UDS_FogColorMode.uasset" 3809
"C:/Users/Admin/Desktop/MainProject/Mutants/Content/UltraDynamicSky/Blueprints/Enum/UDS_Modifier_Color_Property.uasset" 3810
"C:/Users/Admin/Desktop/MainProject/Mutants/Content/UltraDynamicSky/Textures/Sky/AtmosphericScattering_LUT.uasset" 3811
"C:/Users/Admin/Desktop/MainProject/Mutants/Content/UltraDynamicSky/Blueprints/System/Editor_UI/UDS_Utility_Opener_Interface.uasset" 3812
"C:/Users/Admin/Desktop/MainProject/Mutants/Content/UltraDynamicSky/Materials/Float_Curves/Skyatmosphere_Density.uasset" 3813
"C:/Users/Admin/Desktop/MainProject/Mutants/Content/UltraDynamicSky/Materials/Color_Curves/Sun_Disk_Color.uasset" 3814
"C:/Users/Admin/Desktop/MainProject/Mutants/Content/UltraDynamicSky/Materials/Float_Curves/Shine_Intensity.uasset" 3815
"C:/Users/Admin/Desktop/MainProject/Mutants/Content/UltraDynamicSky/Blueprints/Enum/UDS_ColorMode.uasset" 3816
"C:/Users/Admin/Desktop/MainProject/Mutants/Content/UltraDynamicSky/Blueprints/Enum/UDS_RunContext.uasset" 3817
"C:/Users/Admin/Desktop/MainProject/Mutants/Content/UltraDynamicSky/Blueprints/System/UDS_Cloud_Paint_Cell.uasset" 3818
"C:/Users/Admin/Desktop/MainProject/Mutants/Content/UltraDynamicSky/Blueprints/Weather_Effects/System/UDW_WeatherControlledActor_Interface.uasset" 3819
"C:/Users/Admin/Desktop/MainProject/Mutants/Content/UltraDynamicSky/Materials/Color_Curves/Sun_Light_Color.uasset" 3820
"C:/Users/Admin/Desktop/MainProject/Mutants/Content/UltraDynamicSky/Materials/Color_Curves/Fog_Scattering_Color.uasset" 3821
"C:/Users/Admin/Desktop/MainProject/Mutants/Content/UltraDynamicSky/Textures/Icons/UDS_Icon.uasset" 3822
"C:/Users/Admin/Desktop/MainProject/Mutants/Content/UltraDynamicSky/Blueprints/Enum/UDS_SkyLightMode.uasset" 3823
"C:/Users/Admin/Desktop/MainProject/Mutants/Content/UltraDynamicSky/Blueprints/Weather_Effects/System/RadialStorm_CoverageBrush.uasset" 3824
"C:/Users/Admin/Desktop/MainProject/Mutants/Content/UltraDynamicSky/Blueprints/Enum/UDS_Cache_Group.uasset" 3825
"C:/Users/Admin/Desktop/MainProject/Mutants/Content/UltraDynamicSky/Blueprints/Weather_Effects/System/UDW_WeatherState_Structure.uasset" 3826
"C:/Users/Admin/Desktop/MainProject/Mutants/Content/UltraDynamicSky/Blueprints/Enum/UDS_LensFlareType.uasset" 3827
"C:/Users/Admin/Desktop/MainProject/Mutants/Content/UltraDynamicSky/Blueprints/System/UDS_Post_Process_Stage.uasset" 3828
"C:/Users/Admin/Desktop/MainProject/Mutants/Content/UltraDynamicSky/Blueprints/Enum/UDS_RenderingFeatureLevel.uasset" 3829
"C:/Users/Admin/Desktop/MainProject/Mutants/Content/UltraDynamicSky/Materials/Float_Curves/Sun_Highlight_Intensity.uasset" 3830
"C:/Users/Admin/Desktop/MainProject/Mutants/Content/UltraDynamicSky/Blueprints/System/Editor_UI/UDS_VersionInfo.uasset" 3831
"C:/Users/Admin/Desktop/MainProject/Mutants/Content/UltraDynamicSky/Blueprints/Enum/UDS_PropertyType.uasset" 3832
"C:/Users/Admin/Desktop/MainProject/Mutants/Content/UltraDynamicSky/Blueprints/Enum/UDS_Project_Mode.uasset" 3833
"C:/Users/Admin/Desktop/MainProject/Mutants/Content/UltraDynamicSky/Materials/Float_Curves/Sun_Highlight_Radius.uasset" 3834
"C:/Users/Admin/Desktop/MainProject/Mutants/Content/UltraDynamicSky/Blueprints/Enum/UDS_Planet_Lightsource.uasset" 3835
"C:/Users/Admin/Desktop/MainProject/Mutants/Content/UltraDynamicSky/Materials/Float_Curves/Equation_of_Time.uasset" 3836
"/Game/UltraDynamicSky/Blueprints/Enum/UDS_RenderingFeatureLevel" 3837
"/Game/UltraDynamicSky/Blueprints/System/UDS_Post_Process_Stage" 3838
"C:/Users/Admin/Desktop/MainProject/Mutants/Content/UltraDynamicSky/Textures/StaticClouds/StaticClouds_A.uasset" 3839
"C:/Users/Admin/Desktop/MainProject/Mutants/Content/UltraDynamicSky/Textures/Sky/FlatCubemap.uasset" 3840
"C:/Users/Admin/Desktop/MainProject/Mutants/Content/UltraDynamicSky/Textures/Clouds/Aurora_Clouds.uasset" 3841
"/Game/UltraDynamicSky/Blueprints/Weather_Effects/System/UDW_WeatherState_Structure" 3842
"/Game/UltraDynamicSky/Blueprints/Enum/UDS_LensFlareType" 3843
"/Game/UltraDynamicSky/Blueprints/Enum/UDS_Cache_Group" 3844
"/Game/UltraDynamicSky/Blueprints/Weather_Effects/System/RadialStorm_CoverageBrush" 3845
"/Game/UltraDynamicSky/Blueprints/Enum/UDS_SkyLightMode" 3846
"/Game/UltraDynamicSky/Textures/Icons/UDS_Icon" 3847
"/Game/UltraDynamicSky/Materials/Color_Curves/Fog_Scattering_Color" 3848
"/Game/UltraDynamicSky/Materials/Color_Curves/Sun_Light_Color" 3849
"/Game/UltraDynamicSky/Blueprints/System/UDS_Cloud_Paint_Cell" 3850
"C:/Users/Admin/Desktop/MainProject/Mutants/Content/UltraDynamicSky/Textures/Sky/Real_Stars.uasset" 3851
"/Game/UltraDynamicSky/Blueprints/Weather_Effects/System/UDW_WeatherControlledActor_Interface" 3852
"/Game/UltraDynamicSky/Blueprints/Enum/UDS_RunContext" 3853
"/Game/UltraDynamicSky/Blueprints/Enum/UDS_ColorMode" 3854
"/Game/UltraDynamicSky/Materials/Float_Curves/Shine_Intensity" 3855
"/Game/UltraDynamicSky/Materials/Color_Curves/Sun_Disk_Color" 3856
"/Game/UltraDynamicSky/Materials/Float_Curves/Skyatmosphere_Density" 3857
"/Game/UltraDynamicSky/Blueprints/System/Editor_UI/UDS_Utility_Opener_Interface" 3858
"/Game/UltraDynamicSky/Textures/Sky/AtmosphericScattering_LUT" 3859
"/Game/UltraDynamicSky/Blueprints/Enum/UDS_Modifier_Color_Property" 3860
"/Game/UltraDynamicSky/Materials/Float_Curves/Equation_of_Time" 3861
"/Game/UltraDynamicSky/Blueprints/Enum/UDS_FogColorMode" 3862
"/Game/UltraDynamicSky/Blueprints/Enum/UDS_Planet_Lightsource" 3863
"/Game/UltraDynamicSky/Materials/Float_Curves/Sun_Highlight_Radius" 3864
"/Game/UltraDynamicSky/Blueprints/Enum/UDS_PropertyType" 3865
"/Game/UltraDynamicSky/Blueprints/Enum/UDS_Project_Mode" 3866
"/Game/UltraDynamicSky/Blueprints/System/Editor_UI/UDS_VersionInfo" 3867
"/Game/UltraDynamicSky/Materials/Float_Curves/Sun_Highlight_Intensity" 3868
"/Game/UltraDynamicSky/Textures/Sky/Real_Stars" 3869
"/Game/UltraDynamicSky/Textures/StaticClouds/StaticClouds_A" 3870
"/Game/UltraDynamicSky/Textures/Sky/FlatCubemap" 3871
"/Game/UltraDynamicSky/Textures/Clouds/Aurora_Clouds" 3872
"C:/Users/Admin/Desktop/MainProject/Mutants/Content/GameModesLevels/BoomPass/Blueprints/BP_GameModeInterface.uasset" 3873
"C:/Users/Admin/Desktop/MainProject/Mutants/Content/Lobby/Icons/BoomPass.uasset" 3874
"C:/Users/Admin/Desktop/MainProject/Mutants/Content/Lobby/Icons/SoundTile.uasset" 3875
"C:/Users/Admin/Desktop/MainProject/Mutants/Content/Lobby/Icons/BalanceLog.uasset" 3876
"C:/Users/Admin/Desktop/MainProject/Mutants/Content/Lobby/Icons/PlatformCrush.uasset" 3877
"C:/Users/Admin/Desktop/MainProject/Mutants/Content/Lobby/Icons/LobbyImage.uasset" 3878
"C:/Users/Admin/Desktop/MainProject/Mutants/Content/MainMenu/Icons/CloseButton.uasset" 3879
"C:/Users/Admin/Desktop/MainProject/Mutants/Content/Lobby/Icons/PotionOfChaos.uasset" 3880
"C:/Users/Admin/Desktop/MainProject/Mutants/Content/MainMenu/PlayerStateMutants.uasset" 3881
"C:/Users/Admin/Desktop/MainProject/Mutants/Content/MainMenu/Icons/JoinSessionButton.uasset" 3882
"C:/Users/Admin/Desktop/MainProject/Mutants/Content/MainMenu/Icons/Background1.uasset" 3883
"C:/Users/Admin/Desktop/MainProject/Mutants/Content/MainMenu/Icons/open.uasset" 3884
"C:/Users/Admin/Desktop/MainProject/Mutants/Content/MainMenu/Icons/ExitButton.uasset" 3885
"C:/Users/Admin/Desktop/MainProject/Mutants/Content/MainMenu/Icons/Start.uasset" 3886
"C:/Users/Admin/Desktop/MainProject/Mutants/Content/MainMenu/Icons/Background.uasset" 3887
"C:/Users/Admin/Desktop/MainProject/Mutants/Content/MainMenu/Icons/JoinRandomSessionButton.uasset" 3888
"C:/Users/Admin/Desktop/MainProject/Mutants/Content/MainMenu/Icons/EnterButton.uasset" 3889
"C:/Users/Admin/Desktop/MainProject/Mutants/Content/MainMenu/Icons/private.uasset" 3890
"C:/Users/Admin/Desktop/MainProject/Mutants/Content/MainMenu/Icons/Shop.uasset" 3891
"C:/Users/Admin/Desktop/MainProject/Mutants/Content/MainMenu/Icons/ShowToUsMenu.uasset" 3892
"C:/Users/Admin/Desktop/MainProject/Mutants/Content/MainMenu/Icons/CreateSessionButton.uasset" 3893
"C:/Users/Admin/Desktop/MainProject/Mutants/Content/MainMenu/Icons/JoinPrivateSession.uasset" 3894
"C:/Users/Admin/Desktop/MainProject/Mutants/Content/MainMenu/Icons/Customize.uasset" 3895
"C:/Users/Admin/Desktop/MainProject/Mutants/Content/MainMenu/Shop/BP_ItemPreview.uasset" 3896
"C:/Users/Admin/Desktop/MainProject/Mutants/Content/ThirdPerson/Input/Actions/IA_Jump.uasset" 3897
"C:/Users/Admin/Desktop/MainProject/Mutants/Content/ThirdPerson/Input/Actions/IA_Look.uasset" 3898
"C:/Users/Admin/Desktop/MainProject/Mutants/Content/ThirdPerson/Input/Actions/IA_Move.uasset" 3899
"C:/Users/Admin/Desktop/MainProject/Mutants/Content/Lobby/Widgets/BP_NotEnoughPlayers.uasset" 3900
"C:/Users/Admin/Desktop/MainProject/Mutants/Content/Lobby/Widgets/BP_TimerToStart.uasset" 3901
"C:/Users/Admin/Desktop/MainProject/Mutants/Content/Characters/Mannequins/Meshes/SK_Mannequin.uasset" 3902
"C:/Users/Admin/Desktop/MainProject/Mutants/Content/MainMenu/Icons/ShopItems/Loh/HandRightLower_Loh.uasset" 3903
"C:/Users/Admin/Desktop/MainProject/Mutants/Content/MainMenu/Icons/ShopItems/ForSaleStuff/Head/CatHead.uasset" 3904
"/Game/Lobby/Widgets/BP_NotEnoughPlayers" 3905
"/Game/ThirdPerson/Input/Actions/IA_Move" 3906
"/Game/ThirdPerson/Input/Actions/IA_Look" 3907
"/Game/ThirdPerson/Input/Actions/IA_Jump" 3908
"/Game/MainMenu/Shop/BP_ItemPreview" 3909
"/Game/MainMenu/Icons/Customize" 3910
"/Game/MainMenu/Icons/JoinPrivateSession" 3911
"/Game/MainMenu/Icons/CreateSessionButton" 3912
"/Game/MainMenu/Icons/ShowToUsMenu" 3913
"/Game/MainMenu/Icons/Shop" 3914
"/Game/MainMenu/Icons/private" 3915
"/Game/MainMenu/Icons/EnterButton" 3916
"/Game/MainMenu/Icons/JoinRandomSessionButton" 3917
"/Game/MainMenu/Icons/Background" 3918
"/Game/MainMenu/Icons/Start" 3919
"/Game/MainMenu/Icons/ExitButton" 3920
"/Game/MainMenu/Icons/open" 3921
"/Game/MainMenu/Icons/Background1" 3922
"/Game/MainMenu/Icons/JoinSessionButton" 3923
"/Game/MainMenu/PlayerStateMutants" 3924
"/Game/MainMenu/Icons/ShopItems/ForSaleStuff/Head/CatHead" 3925
"/Game/MainMenu/Icons/ShopItems/Loh/HandRightLower_Loh" 3926
"/Game/Characters/Mannequins/Meshes/SK_Mannequin" 3927
"/Game/Lobby/Widgets/BP_TimerToStart" 3928
"/Game/Lobby/Icons/PotionOfChaos" 3929
"/Game/MainMenu/Icons/CloseButton" 3930
"/Game/Lobby/Icons/LobbyImage" 3931
"/Game/Lobby/Icons/PlatformCrush" 3932
"/Game/Lobby/Icons/BalanceLog" 3933
"/Game/Lobby/Icons/SoundTile" 3934
"/Game/Lobby/Icons/BoomPass" 3935
"/Game/GameModesLevels/BoomPass/Blueprints/BP_GameModeInterface" 3936
"C:/Users/Admin/Desktop/MainProject/Mutants/Content/MainMenu/Icons/ShopItems/Uzbek/HandRightLower_Uzbek.uasset" 3937
"C:/Users/Admin/Desktop/MainProject/Mutants/Content/MainMenu/Icons/ShopItems/Spok/LegRightUpper_Spok.uasset" 3938
"C:/Users/Admin/Desktop/MainProject/Mutants/Content/MainMenu/Icons/ShopItems/ForSaleStuff/Hand/HandLower_Shovel.uasset" 3939
"C:/Users/Admin/Desktop/MainProject/Mutants/Content/MainMenu/Icons/ShopItems/Uzbek/HandLeftLower_Uzbek.uasset" 3940
"C:/Users/Admin/Desktop/MainProject/Mutants/Content/MainMenu/Icons/ShopItems/ForSaleStuff/Head/RoboHead.uasset" 3941
"C:/Users/Admin/Desktop/MainProject/Mutants/Content/MainMenu/Icons/ShopItems/ForSaleStuff/Leg/LegLeftUpper_Cable.uasset" 3942
"C:/Users/Admin/Desktop/MainProject/Mutants/Content/MainMenu/Icons/ShopItems/Uzbek/LegRightLower_Uzbek.uasset" 3943
"C:/Users/Admin/Desktop/MainProject/Mutants/Content/MainMenu/Icons/ShopItems/Uzbek/HandRightUpper_Uzbek.uasset" 3944
"C:/Users/Admin/Desktop/MainProject/Mutants/Content/MainMenu/Icons/ShopItems/Uzbek/Head_Uzbek.uasset" 3945
"C:/Users/Admin/Desktop/MainProject/Mutants/Content/MainMenu/Icons/ShopItems/Spok/HandRightUpper_Spok.uasset" 3946
"C:/Users/Admin/Desktop/MainProject/Mutants/Content/MainMenu/Icons/ShopItems/ForSaleStuff/Hand/HandRightLower_Cable.uasset" 3947
"C:/Users/Admin/Desktop/MainProject/Mutants/Content/MainMenu/Icons/ShopItems/Loh/LegRightLower_Loh.uasset" 3948
"C:/Users/Admin/Desktop/MainProject/Mutants/Content/MainMenu/Icons/ShopItems/Spok/Torso_Spok.uasset" 3949
"C:/Users/Admin/Desktop/MainProject/Mutants/Content/MainMenu/Icons/ShopItems/ForSaleStuff/Leg/LegLowerStand.uasset" 3950
"C:/Users/Admin/Desktop/MainProject/Mutants/Content/MainMenu/Icons/ShopItems/ForSaleStuff/Tors/TorsoCable.uasset" 3951
"C:/Users/Admin/Desktop/MainProject/Mutants/Content/MainMenu/Icons/ShopItems/Loh/HandRightUpper_Loh.uasset" 3952
"C:/Users/Admin/Desktop/MainProject/Mutants/Content/MainMenu/Icons/ShopItems/ForSaleStuff/Tors/Ahlus_Torso.uasset" 3953
"C:/Users/Admin/Desktop/MainProject/Mutants/Content/MainMenu/Icons/ShopItems/Spok/LegLeftLower_Spok.uasset" 3954
"C:/Users/Admin/Desktop/MainProject/Mutants/Content/MainMenu/Icons/ShopItems/Loh/HandLeftUpper_Loh.uasset" 3955
"C:/Users/Admin/Desktop/MainProject/Mutants/Content/MainMenu/Icons/ShopItems/ForSaleStuff/Hand/HandLeftLower_Cable.uasset" 3956
"C:/Users/Admin/Desktop/MainProject/Mutants/Content/MainMenu/Icons/ShopItems/ForSaleStuff/Head/MashroomHead.uasset" 3957
"C:/Users/Admin/Desktop/MainProject/Mutants/Content/MainMenu/Icons/ShopItems/ForSaleStuff/Hand/HandLeftUpper_Cable.uasset" 3958
"C:/Users/Admin/Desktop/MainProject/Mutants/Content/MainMenu/Icons/ShopItems/ForSaleStuff/Leg/LegRightUpper_Cables.uasset" 3959
"C:/Users/Admin/Desktop/MainProject/Mutants/Content/MainMenu/Icons/ShopItems/ForSaleStuff/Tors/Mannequin_Torso.uasset" 3960
"C:/Users/Admin/Desktop/MainProject/Mutants/Content/MainMenu/Icons/ShopItems/Loh/LegRightUpperLoh.uasset" 3961
"C:/Users/Admin/Desktop/MainProject/Mutants/Content/MainMenu/Icons/ShopItems/Spok/LegLeftUpperSpok.uasset" 3962
"C:/Users/Admin/Desktop/MainProject/Mutants/Content/MainMenu/Icons/ShopItems/Loh/LegLeftLower_Loh.uasset" 3963
"C:/Users/Admin/Desktop/MainProject/Mutants/Content/MainMenu/Icons/ShopItems/Spok/HandRightLower_Spok.uasset" 3964
"C:/Users/Admin/Desktop/MainProject/Mutants/Content/MainMenu/Icons/ShopItems/Spok/LegRightLower_Spok.uasset" 3965
"C:/Users/Admin/Desktop/MainProject/Mutants/Content/MainMenu/Icons/ShopItems/Uzbek/HandLeftUpper_Uzbek.uasset" 3966
"C:/Users/Admin/Desktop/MainProject/Mutants/Content/MainMenu/Icons/ShopItems/ForSaleStuff/Leg/LegRightLower_Cables.uasset" 3967
"C:/Users/Admin/Desktop/MainProject/Mutants/Content/MainMenu/Icons/ShopItems/ForSaleStuff/Hand/HandRightUpper_Cable.uasset" 3968
"/Game/MainMenu/Icons/ShopItems/Uzbek/HandLeftLower_Uzbek" 3969
"/Game/MainMenu/Icons/ShopItems/ForSaleStuff/Hand/HandLower_Shovel" 3970
"/Game/MainMenu/Icons/ShopItems/Spok/LegRightUpper_Spok" 3971
"/Game/MainMenu/Icons/ShopItems/Uzbek/HandRightLower_Uzbek" 3972
"C:/Users/Admin/Desktop/MainProject/Mutants/Content/MainMenu/Icons/ShopItems/Loh/LegLeftUpper_Loh.uasset" 3973
"C:/Users/Admin/Desktop/MainProject/Mutants/Content/MainMenu/Icons/ShopItems/Loh/Head_Loh.uasset" 3974
"/Game/MainMenu/Icons/ShopItems/ForSaleStuff/Hand/HandRightUpper_Cable" 3975
"C:/Users/Admin/Desktop/MainProject/Mutants/Content/MainMenu/Icons/ShopItems/ForSaleStuff/Head/HeadCable.uasset" 3976
"C:/Users/Admin/Desktop/MainProject/Mutants/Content/MainMenu/Icons/ShopItems/Loh/HandLeftLower_Loh.uasset" 3977
"/Game/MainMenu/Icons/ShopItems/ForSaleStuff/Leg/LegRightLower_Cables" 3978
"/Game/MainMenu/Icons/ShopItems/Uzbek/HandLeftUpper_Uzbek" 3979
"/Game/MainMenu/Icons/ShopItems/Spok/LegRightLower_Spok" 3980
"/Game/MainMenu/Icons/ShopItems/Spok/HandRightLower_Spok" 3981
"/Game/MainMenu/Icons/ShopItems/Loh/LegLeftLower_Loh" 3982
"/Game/MainMenu/Icons/ShopItems/Spok/LegLeftUpperSpok" 3983
"/Game/MainMenu/Icons/ShopItems/Loh/LegRightUpperLoh" 3984
"/Game/MainMenu/Icons/ShopItems/ForSaleStuff/Tors/Mannequin_Torso" 3985
"/Game/MainMenu/Icons/ShopItems/ForSaleStuff/Leg/LegRightUpper_Cables" 3986
"/Game/MainMenu/Icons/ShopItems/ForSaleStuff/Hand/HandLeftUpper_Cable" 3987
"/Game/MainMenu/Icons/ShopItems/ForSaleStuff/Head/MashroomHead" 3988
"/Game/MainMenu/Icons/ShopItems/ForSaleStuff/Hand/HandLeftLower_Cable" 3989
"/Game/MainMenu/Icons/ShopItems/Loh/HandLeftUpper_Loh" 3990
"/Game/MainMenu/Icons/ShopItems/ForSaleStuff/Tors/Ahlus_Torso" 3991
"/Game/MainMenu/Icons/ShopItems/Spok/LegLeftLower_Spok" 3992
"/Game/MainMenu/Icons/ShopItems/Loh/HandRightUpper_Loh" 3993
"/Game/MainMenu/Icons/ShopItems/ForSaleStuff/Tors/TorsoCable" 3994
"/Game/MainMenu/Icons/ShopItems/Spok/Torso_Spok" 3995
"/Game/MainMenu/Icons/ShopItems/ForSaleStuff/Leg/LegLowerStand" 3996
"/Game/MainMenu/Icons/ShopItems/Loh/LegRightLower_Loh" 3997
"/Game/MainMenu/Icons/ShopItems/ForSaleStuff/Hand/HandRightLower_Cable" 3998
"/Game/MainMenu/Icons/ShopItems/Spok/HandRightUpper_Spok" 3999
"/Game/MainMenu/Icons/ShopItems/Uzbek/Head_Uzbek" 4000
"/Game/MainMenu/Icons/ShopItems/Uzbek/HandRightUpper_Uzbek" 4001
"/Game/MainMenu/Icons/ShopItems/Uzbek/LegRightLower_Uzbek" 4002
"/Game/MainMenu/Icons/ShopItems/ForSaleStuff/Leg/LegLeftUpper_Cable" 4003
"/Game/MainMenu/Icons/ShopItems/ForSaleStuff/Head/RoboHead" 4004
"C:/Users/Admin/Desktop/MainProject/Mutants/Content/MainMenu/Icons/ShopItems/ForSaleStuff/Leg/LegLeftLower_Cable.uasset" 4005
"C:/Users/Admin/Desktop/MainProject/Mutants/Content/MainMenu/Icons/ShopItems/Uzbek/LegLeftLower_Uzbek.uasset" 4006
"/Game/MainMenu/Icons/ShopItems/ForSaleStuff/Head/HeadCable" 4007
"C:/Users/Admin/Desktop/MainProject/Mutants/Content/MainMenu/Icons/ShopItems/Spok/HandLeftUpper_Spok.uasset" 4008
"C:/Users/Admin/Desktop/MainProject/Mutants/Content/MainMenu/Icons/ShopItems/Uzbek/LegLeftUpper_Uzbek.uasset" 4009
"C:/Users/Admin/Desktop/MainProject/Mutants/Content/MainMenu/Icons/ShopItems/Uzbek/LegRightUpper_Uzbek.uasset" 4010
"C:/Users/Admin/Desktop/MainProject/Mutants/Content/MainMenu/Icons/ShopItems/ForSaleStuff/Hand/HandRightUpperRoboM.uasset" 4011
"C:/Users/Admin/Desktop/MainProject/Mutants/Content/MainMenu/Icons/ShopItems/Uzbek/Torso_Uzbek.uasset" 4012
"C:/Users/Admin/Desktop/MainProject/Mutants/Content/MainMenu/Icons/ShopItems/ForSaleStuff/Hand/HandRightLowerRobo.uasset" 4013
"C:/Users/Admin/Desktop/MainProject/Mutants/Content/MainMenu/Icons/ShopItems/ForSaleStuff/Head/MartianHead.uasset" 4014
"C:/Users/Admin/Desktop/MainProject/Mutants/Content/MainMenu/Icons/ShopItems/ForSaleStuff/Leg/LegLowerFormsM.uasset" 4015
"C:/Users/Admin/Desktop/MainProject/Mutants/Content/MainMenu/Icons/ShopItems/Spok/HandLeftLower_Spok.uasset" 4016
"C:/Users/Admin/Desktop/MainProject/Mutants/Content/MainMenu/Icons/ShopItems/Spok/HeadSpok.uasset" 4017
"/Game/MainMenu/Icons/ShopItems/Loh/HandLeftLower_Loh" 4018
"C:/Users/Admin/Desktop/MainProject/Mutants/Content/MainMenu/Icons/ShopItems/Loh/Torso_Loh.uasset" 4019
"C:/Users/Admin/Desktop/MainProject/Mutants/Content/BloodBundle/RealisticBlood/_Commons/Textures/Decals/T_BloodSplotch_N_03.uasset" 4020
"C:/Users/Admin/Desktop/MainProject/Mutants/Content/BloodBundle/RealisticBlood/_Commons/Textures/Decals/T_BloodSplotch_03.uasset" 4021
"C:/Users/Admin/Desktop/MainProject/Mutants/Content/BloodBundle/RealisticBlood/_Commons/Textures/Noises/T_Noise_02.uasset" 4022
"C:/Users/Admin/Desktop/MainProject/Mutants/Content/BloodBundle/RealisticBlood/_Commons/Textures/Reflections/T_LiquidReflection_01.uasset" 4023
"C:/Users/Admin/Desktop/MainProject/Mutants/Content/MutantParts/PM_DetachedPart.uasset" 4024
"/Game/MainMenu/Icons/ShopItems/Loh/Head_Loh" 4025
"C:/Users/Admin/Desktop/MainProject/Mutants/Content/GameModesLevels/PotionChaos/IngredientsIcons/AnimalLegBone.uasset" 4026
"C:/Users/Admin/Desktop/MainProject/Mutants/Content/GameModesLevels/PotionChaos/IngredientsIcons/Mushroom.uasset" 4027
"C:/Users/Admin/Desktop/MainProject/Mutants/Content/GameModesLevels/PotionChaos/BP_IngredientStruct.uasset" 4028
"C:/Users/Admin/Desktop/MainProject/Mutants/Content/GameModesLevels/PotionChaos/IngredientsIcons/Bug.uasset" 4029
"C:/Users/Admin/Desktop/MainProject/Mutants/Content/GameModesLevels/PotionChaos/IngredientsIcons/Monkey.uasset" 4030
"C:/Users/Admin/Desktop/MainProject/Mutants/Content/GameModesLevels/PotionChaos/IngredientsIcons/Frog.uasset" 4031
"C:/Users/Admin/Desktop/MainProject/Mutants/Content/GameModesLevels/PotionChaos/BP_RecipeStruct.uasset" 4032
"C:/Users/Admin/Desktop/MainProject/Mutants/Content/GameModesLevels/PotionChaos/IngredientsIcons/HumanSkull.uasset" 4033
"C:/Users/Admin/Desktop/MainProject/Mutants/Content/Stylized_NatureLite_JC/Textures/T_Tree_01_Base.uasset" 4034
"C:/Users/Admin/Desktop/MainProject/Mutants/Content/Stylized_NatureLite_JC/Textures/T_Tree_01_Normal.uasset" 4035
"/Game/MainMenu/Icons/ShopItems/Loh/LegLeftUpper_Loh" 4036
"../../../Engine/Content/EngineSky/T_Sky_Stars.uasset" 4037
"../../../Engine/Content/EngineSky/T_Sky_Clouds_M.uasset" 4038
"../../../Engine/Content/EngineSky/T_Sky_Blue.uasset" 4039
"/Game/Stylized_NatureLite_JC/Textures/T_Tree_01_Normal" 4040
"C:/Users/Admin/Desktop/MainProject/Mutants/Content/Stylized_NatureLite_JC/Textures/T_Landscape_GrassMask.uasset" 4041
"/Game/Stylized_NatureLite_JC/Textures/T_Tree_01_Base" 4042
"/Game/GameModesLevels/PotionChaos/IngredientsIcons/HumanSkull" 4043
"/Game/GameModesLevels/PotionChaos/BP_RecipeStruct" 4044
"/Game/GameModesLevels/PotionChaos/IngredientsIcons/Frog" 4045
"/Game/GameModesLevels/PotionChaos/IngredientsIcons/Monkey" 4046
"/Game/GameModesLevels/PotionChaos/IngredientsIcons/Bug" 4047
"/Game/GameModesLevels/PotionChaos/BP_IngredientStruct" 4048
"/Game/GameModesLevels/PotionChaos/IngredientsIcons/Mushroom" 4049
"/Game/GameModesLevels/PotionChaos/IngredientsIcons/AnimalLegBone" 4050
"/Game/MutantParts/PM_DetachedPart" 4051
"/Game/BloodBundle/RealisticBlood/_Commons/Textures/Reflections/T_LiquidReflection_01" 4052
"/Game/BloodBundle/RealisticBlood/_Commons/Textures/Noises/T_Noise_02" 4053
"/Game/BloodBundle/RealisticBlood/_Commons/Textures/Decals/T_BloodSplotch_03" 4054
"/Game/BloodBundle/RealisticBlood/_Commons/Textures/Decals/T_BloodSplotch_N_03" 4055
"/Game/MainMenu/Icons/ShopItems/Loh/Torso_Loh" 4056
"/Game/MainMenu/Icons/ShopItems/Spok/HeadSpok" 4057
"/Game/MainMenu/Icons/ShopItems/Spok/HandLeftLower_Spok" 4058
"/Game/MainMenu/Icons/ShopItems/ForSaleStuff/Leg/LegLowerFormsM" 4059
"/Game/MainMenu/Icons/ShopItems/ForSaleStuff/Head/MartianHead" 4060
"/Game/MainMenu/Icons/ShopItems/ForSaleStuff/Hand/HandRightLowerRobo" 4061
"/Game/MainMenu/Icons/ShopItems/Uzbek/Torso_Uzbek" 4062
"/Game/MainMenu/Icons/ShopItems/ForSaleStuff/Hand/HandRightUpperRoboM" 4063
"/Game/MainMenu/Icons/ShopItems/Uzbek/LegRightUpper_Uzbek" 4064
"/Game/MainMenu/Icons/ShopItems/Uzbek/LegLeftUpper_Uzbek" 4065
"/Game/MainMenu/Icons/ShopItems/Spok/HandLeftUpper_Spok" 4066
"/Game/MainMenu/Icons/ShopItems/Uzbek/LegLeftLower_Uzbek" 4067
"/Game/MainMenu/Icons/ShopItems/ForSaleStuff/Leg/LegLeftLower_Cable" 4068
"/Engine/EngineSky/T_Sky_Clouds_M" 4069
"/Engine/EngineSky/T_Sky_Stars" 4070
"C:/Users/Admin/Desktop/MainProject/Mutants/Content/Stylized_NatureLite_JC/Textures/T_AllModels_01_Base.uasset" 4071
"C:/Users/Admin/Desktop/MainProject/Mutants/Content/Stylized_NatureLite_JC/Textures/T_AllModels_01_Normal.uasset" 4072
"/Game/Stylized_NatureLite_JC/Textures/T_Landscape_GrassMask" 4073
"/Engine/EngineSky/T_Sky_Blue" 4074
"/Game/Stylized_NatureLite_JC/Textures/T_AllModels_01_Normal" 4075
"/Game/Stylized_NatureLite_JC/Textures/T_AllModels_01_Base" 4076
"C:/Users/Admin/Desktop/MainProject/Mutants/Content/UltraDynamicSky/Textures/Space/Planets_Moons/Deform_Noise.uasset" 4077
"C:/Users/Admin/Desktop/MainProject/Mutants/Content/UltraDynamicSky/Textures/Sky/Caustic_Pattern.uasset" 4078
"C:/Users/Admin/Desktop/MainProject/Mutants/Content/UltraDynamicSky/Textures/Space/Rings/Planetary_Ring_1.uasset" 4079
"C:/Users/Admin/Desktop/MainProject/Mutants/Content/UltraDynamicSky/Blueprints/Enum/UDS_RandomWeatherTiming.uasset" 4080
"../../../Engine/Content/EngineResources/Black_Low.uasset" 4081
"C:/Users/Admin/Desktop/MainProject/Mutants/Content/UltraDynamicSky/Textures/Icons/CloudPainter_Icon.uasset" 4082
"C:/Users/Admin/Desktop/MainProject/Mutants/Content/UltraDynamicSky/Blueprints/Enum/UDS_OcclusionSamplingLocation.uasset" 4083
"C:/Users/Admin/Desktop/MainProject/Mutants/Content/UltraDynamicSky/Blueprints/Enum/UDS_Occlusion_Water_Behavior.uasset" 4084
"C:/Users/Admin/Desktop/MainProject/Mutants/Content/UltraDynamicSky/Blueprints/Enum/UDS_Occlusion_Mode.uasset" 4085
"../../../Engine/Content/Functions/Engine_MaterialFunctions02/Math/ProjectVectorOntoPlane.uasset" 4086
"C:/Users/Admin/Desktop/MainProject/Mutants/Content/UltraDynamicSky/Textures/LensFlares/Flare_Line.uasset" 4087
"C:/Users/Admin/Desktop/MainProject/Mutants/Content/UltraDynamicSky/Textures/LensFlares/Rainbow_Ring.uasset" 4088
"../../../Engine/Content/Functions/Engine_MaterialFunctions01/ImageAdjustment/BlurSampleOffsets.uasset" 4089
"C:/Users/Admin/Desktop/MainProject/Mutants/Content/UltraDynamicSky/Textures/LensFlares/Prime_Flare.uasset" 4090
"C:/Users/Admin/Desktop/MainProject/Mutants/Content/UltraDynamicSky/Textures/LensFlares/Circle_Bokeh.uasset" 4091
"C:/Users/Admin/Desktop/MainProject/Mutants/Content/UltraDynamicSky/Textures/LensFlares/Rough_Abberated_Bokeh.uasset" 4092
"C:/Users/Admin/Desktop/MainProject/Mutants/Content/UltraDynamicSky/Materials/Material_Functions/PathTracer_Fog_Density.uasset" 4093
"C:/Users/Admin/Desktop/MainProject/Mutants/Content/UltraDynamicSky/Textures/LensFlares/Soft_Abberation.uasset" 4094
"C:/Users/Admin/Desktop/MainProject/Mutants/Content/UltraDynamicSky/Blueprints/System/Editor_UI/UDS_Readme_Interface.uasset" 4095
"C:/Users/Admin/Desktop/MainProject/Mutants/Content/UltraDynamicSky/Textures/LensFlares/Anamorphic_Streak.uasset" 4096
"C:/Users/Admin/Desktop/MainProject/Mutants/Content/StarterContent/Textures/T_TableRound_N.uasset" 4097
"C:/Users/Admin/Desktop/MainProject/Mutants/Content/StarterContent/Textures/T_TableRound_M.uasset" 4098
"C:/Users/Admin/Desktop/MainProject/Mutants/Content/GameModesLevels/BoomPass/Textures/asphalt_02_rough_2k.uasset" 4099
"C:/Users/Admin/Desktop/MainProject/Mutants/Content/GameModesLevels/BoomPass/Textures/asphalt_02_nor_dx_2k.uasset" 4100
"../../../Engine/Content/Functions/Engine_MaterialFunctions01/Gradient/LinearGradient.uasset" 4101
"C:/Users/Admin/Desktop/MainProject/Mutants/Content/GameModesLevels/BoomPass/Textures/asphalt_02_diff_2k.uasset" 4102
"../../../Engine/Content/EngineMaterials/DefaultNormal_Uncompressed.uasset" 4103
"C:/Users/Admin/Desktop/MainProject/Mutants/Content/MainMenu/Icons/Coin.uasset" 4104
"C:/Users/Admin/Desktop/MainProject/Mutants/Content/UltraDynamicSky/Textures/LensFlares/Anamorphic_Flare.uasset" 4105
"C:/Users/Admin/Desktop/MainProject/Mutants/Content/UltraDynamicSky/Textures/LensFlares/Star_Flare.uasset" 4106
"C:/Users/Admin/Desktop/MainProject/Mutants/Content/UltraDynamicSky/Blueprints/System/Editor_UI/ToolBarMenu/UDS_Toolbar_Menu.uasset" 4107
"C:/Users/Admin/Desktop/MainProject/Mutants/Content/UltraDynamicSky/Blueprints/System/Editor_UI/ToolBarMenu/UDS_Toolbar_Utility_Button.uasset" 4108
"/Game/GameModesLevels/BoomPass/Textures/asphalt_02_nor_dx_2k" 4109
"/Game/GameModesLevels/BoomPass/Textures/asphalt_02_rough_2k" 4110
"/Game/StarterContent/Textures/T_TableRound_M" 4111
"/Game/StarterContent/Textures/T_TableRound_N" 4112
"/Game/UltraDynamicSky/Blueprints/System/Editor_UI/ToolBarMenu/UDS_Toolbar_Utility_Button" 4113
"/Game/UltraDynamicSky/Blueprints/System/Editor_UI/ToolBarMenu/UDS_Toolbar_Menu" 4114
"/Game/UltraDynamicSky/Textures/LensFlares/Anamorphic_Flare" 4115
"/Game/UltraDynamicSky/Textures/LensFlares/Anamorphic_Streak" 4116
"/Game/UltraDynamicSky/Blueprints/System/Editor_UI/UDS_Readme_Interface" 4117
"/Game/UltraDynamicSky/Textures/LensFlares/Soft_Abberation" 4118
"/Game/UltraDynamicSky/Materials/Material_Functions/PathTracer_Fog_Density" 4119
"/Engine/Functions/Engine_MaterialFunctions01/ImageAdjustment/BlurSampleOffsets" 4120
"/Game/UltraDynamicSky/Textures/LensFlares/Circle_Bokeh" 4121
"/Game/UltraDynamicSky/Textures/LensFlares/Flare_Line" 4122
"/Game/UltraDynamicSky/Textures/LensFlares/Prime_Flare" 4123
"/Game/UltraDynamicSky/Textures/LensFlares/Star_Flare" 4124
"/Game/UltraDynamicSky/Textures/LensFlares/Rainbow_Ring" 4125
"/Game/UltraDynamicSky/Textures/LensFlares/Rough_Abberated_Bokeh" 4126
"/Engine/Functions/Engine_MaterialFunctions02/Math/ProjectVectorOntoPlane" 4127
"/Game/UltraDynamicSky/Blueprints/Enum/UDS_Occlusion_Mode" 4128
"/Game/UltraDynamicSky/Blueprints/Enum/UDS_Occlusion_Water_Behavior" 4129
"/Game/UltraDynamicSky/Blueprints/Enum/UDS_OcclusionSamplingLocation" 4130
"/Game/UltraDynamicSky/Textures/Icons/CloudPainter_Icon" 4131
"/Engine/EngineResources/Black_Low" 4132
"/Game/UltraDynamicSky/Blueprints/Enum/UDS_RandomWeatherTiming" 4133
"/Game/UltraDynamicSky/Textures/Space/Rings/Planetary_Ring_1" 4134
"/Game/UltraDynamicSky/Textures/Space/Planets_Moons/Deform_Noise" 4135
"/Game/UltraDynamicSky/Textures/Sky/Caustic_Pattern" 4136
"/Game/GameModesLevels/BoomPass/Textures/asphalt_02_diff_2k" 4137
"/Engine/Functions/Engine_MaterialFunctions01/Gradient/LinearGradient" 4138
"/Game/MainMenu/Icons/Coin" 4139
"/Engine/EngineMaterials/DefaultNormal_Uncompressed" 4140
"C:/Users/Admin/Desktop/MainProject/Mutants/Content/MainMenu/Icons/PurchaseIcon.uasset" 4141
"C:/Users/Admin/Desktop/MainProject/Mutants/Content/MainMenu/Icons/ShopPicture.uasset" 4142
"C:/Users/Admin/Desktop/MainProject/Mutants/Content/MainMenu/ST_ShopPartsInfo.uasset" 4143
"C:/Users/Admin/Desktop/MainProject/Mutants/Content/MainMenu/Textures/Lock.uasset" 4144
"/Game/MainMenu/Icons/ShopPicture" 4145
"C:/Users/Admin/Desktop/MainProject/Mutants/Content/MainMenu/Icons/Shkaf.uasset" 4146
"C:/Users/Admin/Desktop/MainProject/Mutants/Content/Lobby/Icons/Heart.uasset" 4147
"C:/Users/Admin/Desktop/MainProject/Mutants/Content/UltraDynamicSky/Blueprints/Enum/UDS_Weather_Mask_Brush.uasset" 4148
"C:/Users/Admin/Desktop/MainProject/Mutants/Content/UltraDynamicSky/Textures/Sky/Black.uasset" 4149
"../../../Engine/Plugins/Interchange/Assets/Content/Functions/MF_PhongToMetalRoughness.uasset" 4150
"C:/Users/Admin/Desktop/MainProject/Mutants/Content/Characters/Goblin/MouthGoblinTex.uasset" 4151
"C:/Users/Admin/Desktop/MainProject/Mutants/Content/Characters/Goblin/HeadGoblinTex.uasset" 4152
"C:/Users/Admin/Desktop/MainProject/Mutants/Content/Characters/Goblin/EyeGoblinTex.uasset" 4153
"C:/Users/Admin/Desktop/MainProject/Mutants/Content/Characters/Goblin/TorsoGoblinTex.uasset" 4154
"C:/Users/Admin/Desktop/MainProject/Mutants/Content/Characters/Goblin/HandRightUpper_GoblinTex.uasset" 4155
"C:/Users/Admin/Desktop/MainProject/Mutants/Content/Characters/Goblin/LegLeftUpper_GoblinTex.uasset" 4156
"C:/Users/Admin/Desktop/MainProject/Mutants/Content/Characters/Goblin/HandLeftLower_GoblinTex.uasset" 4157
"../../../Engine/Content/Animation/DefaultAnimCurveCompressionSettings.uasset" 4158
"/Game/MainMenu/Icons/PurchaseIcon" 4159
"../../../Engine/Content/Animation/DefaultAnimBoneCompressionSettings.uasset" 4160
"C:/Users/Admin/Desktop/MainProject/Mutants/Content/Characters/Goblin/LegRightUpper_GoblinTex.uasset" 4161
"C:/Users/Admin/Desktop/MainProject/Mutants/Content/Characters/Goblin/HandRL_GoblinTex.uasset" 4162
"C:/Users/Admin/Desktop/MainProject/Mutants/Content/Characters/Goblin/LegRightLowerGoblinTex.uasset" 4163
"C:/Users/Admin/Desktop/MainProject/Mutants/Content/Characters/Goblin/HandLeftUpper_GoblinTex.uasset" 4164
"C:/Users/Admin/Desktop/MainProject/Mutants/Content/Characters/Goblin/LegLeftLower_GoblinTex.uasset" 4165
"C:/Users/Admin/Desktop/MainProject/Mutants/Content/BloodBundle/RealisticBlood/_Commons/Textures/Noises/T_Noise_03.uasset" 4166
"C:/Users/Admin/Desktop/MainProject/Mutants/Content/BloodBundle/RealisticBlood/_Commons/Textures/Reflections/T_LiquidReflection_02.uasset" 4167
"C:/Users/Admin/Desktop/MainProject/Mutants/Content/BloodBundle/RealisticBlood/_Commons/Textures/Decals/T_BloodDecal2_N_01.uasset" 4168
"C:/Users/Admin/Desktop/MainProject/Mutants/Content/BloodBundle/RealisticBlood/_Commons/Textures/Decals/T_BloodDecal_03.uasset" 4169
"C:/Users/Admin/Desktop/MainProject/Mutants/Content/BloodBundle/RealisticBlood/_Commons/Textures/Splatters/SplatterDirectional05/T_BloodSplatter_Directional_05.uasset" 4170
"/Game/BloodBundle/RealisticBlood/_Commons/Textures/Reflections/T_LiquidReflection_02" 4171
"C:/Users/Admin/Desktop/MainProject/Mutants/Content/BloodBundle/RealisticBlood/_Commons/Textures/Splatters/SplatterDirectional05/T_BloodSplatter_Directional_N_05.uasset" 4172
"C:/Users/Admin/Desktop/MainProject/Mutants/Content/BloodBundle/RealisticBlood/_Commons/Textures/Splatters/Splatter03/T_BloodSplatter_N_03.uasset" 4173
"C:/Users/Admin/Desktop/MainProject/Mutants/Content/BloodBundle/RealisticBlood/_Commons/Textures/Splatters/Splatter03/T_BloodSplatter_03.uasset" 4174
"C:/Users/Admin/Desktop/MainProject/Mutants/Content/BloodBundle/RealisticBlood/_Commons/Textures/Splatters/SplatterDirectional03/T_BloodSplatter_Directional_03.uasset" 4175
"C:/Users/Admin/Desktop/MainProject/Mutants/Content/BloodBundle/RealisticBlood/_Commons/Textures/Splatters/SplatterDirectional03/T_BloodSplatter_Directional_N_03.uasset" 4176
"/Game/BloodBundle/RealisticBlood/_Commons/Textures/Noises/T_Noise_03" 4177
"/Game/Characters/Goblin/LegLeftLower_GoblinTex" 4178
"/Game/Characters/Goblin/HandLeftUpper_GoblinTex" 4179
"/Game/Characters/Goblin/LegRightLowerGoblinTex" 4180
"/Game/Characters/Goblin/LegRightUpper_GoblinTex" 4181
"/Game/Characters/Goblin/HandRL_GoblinTex" 4182
"/Engine/Animation/DefaultAnimBoneCompressionSettings" 4183
"/Engine/Animation/DefaultAnimCurveCompressionSettings" 4184
"/Game/Characters/Goblin/HandLeftLower_GoblinTex" 4185
"/Game/Characters/Goblin/LegLeftUpper_GoblinTex" 4186
"/Game/Characters/Goblin/HandRightUpper_GoblinTex" 4187
"/Game/Characters/Goblin/TorsoGoblinTex" 4188
"/Game/Characters/Goblin/EyeGoblinTex" 4189
"/Game/Characters/Goblin/HeadGoblinTex" 4190
"/Game/Characters/Goblin/MouthGoblinTex" 4191
"/InterchangeAssets/Functions/MF_PhongToMetalRoughness" 4192
"/Game/UltraDynamicSky/Textures/Sky/Black" 4193
"/Game/UltraDynamicSky/Blueprints/Enum/UDS_Weather_Mask_Brush" 4194
"/Game/Lobby/Icons/Heart" 4195
"/Game/MainMenu/Icons/Shkaf" 4196
"/Game/MainMenu/Textures/Lock" 4197
"/Game/MainMenu/ST_ShopPartsInfo" 4198
"C:/Users/Admin/Desktop/MainProject/Mutants/Content/UltraDynamicSky/Textures/Icons/Weather_Mask_Brush.uasset" 4199
"C:/Users/Admin/Desktop/MainProject/Mutants/Content/BloodBundle/RealisticBlood/_Commons/Textures/Shapes/T_CellSpot_N_01.uasset" 4200
"C:/Users/Admin/Desktop/MainProject/Mutants/Content/BloodBundle/RealisticBlood/_Commons/Textures/Shapes/T_CellSpot_01.uasset" 4201
"C:/Users/Admin/Desktop/MainProject/Mutants/Content/MainMenu/Icons/SandTimer.uasset" 4202
"C:/Users/Admin/Desktop/MainProject/Mutants/Content/MainMenu/Icons/crosshair.uasset" 4203
"C:/Users/Admin/Desktop/MainProject/Mutants/Content/Stylized_NatureLite_JC/Textures/T_TreeAlpha_01.uasset" 4204
"/Game/BloodBundle/RealisticBlood/_Commons/Textures/Splatters/Splatter03/T_BloodSplatter_03" 4205
"../../../Engine/Content/Functions/Engine_MaterialFunctions01/WorldPositionOffset/SimpleGrassWind.uasset" 4206
"C:/Users/Admin/Desktop/MainProject/Mutants/Content/GameModesLevels/PotionChaos/Cauldron/cauldron_texture_0.uasset" 4207
"C:/Users/Admin/Desktop/MainProject/Mutants/Content/GameModesLevels/PotionChaos/Cauldron/cauldron_texture_1.uasset" 4208
"C:/Users/Admin/Desktop/MainProject/Mutants/Content/GameModesLevels/PotionChaos/Cauldron/cauldron_texture_2.uasset" 4209
"C:/Users/Admin/Desktop/MainProject/Mutants/Content/GameModesLevels/PotionChaos/Cauldron/cauldron_texture_3.uasset" 4210
"C:/Users/Admin/Desktop/MainProject/Mutants/Content/GameModesLevels/PotionChaos/Cauldron/cauldron_texture_5.uasset" 4211
"C:/Users/Admin/Desktop/MainProject/Mutants/Content/GameModesLevels/PotionChaos/Cauldron/cauldron_texture_4.uasset" 4212
"/Game/BloodBundle/RealisticBlood/_Commons/Textures/Splatters/Splatter03/T_BloodSplatter_N_03" 4213
"/Game/BloodBundle/RealisticBlood/_Commons/Textures/Splatters/SplatterDirectional05/T_BloodSplatter_Directional_N_05" 4214
"/Game/BloodBundle/RealisticBlood/_Commons/Textures/Splatters/SplatterDirectional05/T_BloodSplatter_Directional_05" 4215
"/Game/BloodBundle/RealisticBlood/_Commons/Textures/Decals/T_BloodDecal_03" 4216
"/Game/BloodBundle/RealisticBlood/_Commons/Textures/Decals/T_BloodDecal2_N_01" 4217
"/Game/UltraDynamicSky/Textures/Icons/Weather_Mask_Brush" 4218
"/Game/BloodBundle/RealisticBlood/_Commons/Textures/Shapes/T_CellSpot_01" 4219
"/Game/BloodBundle/RealisticBlood/_Commons/Textures/Shapes/T_CellSpot_N_01" 4220
"/Game/BloodBundle/RealisticBlood/_Commons/Textures/Splatters/SplatterDirectional03/T_BloodSplatter_Directional_N_03" 4221
"/Game/BloodBundle/RealisticBlood/_Commons/Textures/Splatters/SplatterDirectional03/T_BloodSplatter_Directional_03" 4222
"/Game/GameModesLevels/PotionChaos/Cauldron/cauldron_texture_5" 4223
"C:/Users/Admin/Desktop/MainProject/Mutants/Content/UltraDynamicSky/Materials/Material_Functions/Moon_Centered_Gradient.uasset" 4224
"C:/Users/Admin/Desktop/MainProject/Mutants/Content/UltraDynamicSky/Materials/Material_Functions/Sun_Centered_Gradient.uasset" 4225
"C:/Users/Admin/Desktop/MainProject/Mutants/Content/UltraDynamicSky/Textures/Icons/OcclusionVolume.uasset" 4226
"/Game/GameModesLevels/PotionChaos/Cauldron/cauldron_texture_4" 4227
"/Game/GameModesLevels/PotionChaos/Cauldron/cauldron_texture_3" 4228
"/Game/GameModesLevels/PotionChaos/Cauldron/cauldron_texture_2" 4229
"/Game/GameModesLevels/PotionChaos/Cauldron/cauldron_texture_1" 4230
"/Game/GameModesLevels/PotionChaos/Cauldron/cauldron_texture_0" 4231
"/Engine/Functions/Engine_MaterialFunctions01/WorldPositionOffset/SimpleGrassWind" 4232
"C:/Users/Admin/Desktop/MainProject/Mutants/Content/UltraDynamicSky/Materials/Material_Functions/Contrast_Control.uasset" 4233
"/Game/Stylized_NatureLite_JC/Textures/T_TreeAlpha_01" 4234
"/Game/MainMenu/Icons/crosshair" 4235
"/Game/MainMenu/Icons/SandTimer" 4236
"/Game/UltraDynamicSky/Textures/Icons/OcclusionVolume" 4237
"/Game/UltraDynamicSky/Materials/Material_Functions/Sun_Centered_Gradient" 4238
"C:/Users/Admin/Desktop/MainProject/Mutants/Content/UltraDynamicSky/Materials/Material_Functions/Scale_Intensity_Around_Sun.uasset" 4239
"../../../Engine/Content/Functions/Engine_MaterialFunctions02/Utility/VectorToRadialValue.uasset" 4240
"C:/Users/Admin/Desktop/MainProject/Mutants/Content/UltraDynamicSky/Textures/Weather/Weather_Mask_Brush_Target.uasset" 4241
"/Game/UltraDynamicSky/Materials/Material_Functions/Contrast_Control" 4242
"/Game/UltraDynamicSky/Materials/Material_Functions/Moon_Centered_Gradient" 4243
"C:/Users/Admin/Desktop/MainProject/Mutants/Content/UltraDynamicSky/Textures/Sky/LightRay_Card.uasset" 4244
"C:/Users/Admin/Desktop/MainProject/Mutants/Content/UltraDynamicSky/Blueprints/Enum/UDS_Property_Category.uasset" 4245
"/Game/UltraDynamicSky/Textures/Sky/LightRay_Card" 4246
"/Game/UltraDynamicSky/Textures/Weather/Weather_Mask_Brush_Target" 4247
"/Engine/Functions/Engine_MaterialFunctions02/Utility/VectorToRadialValue" 4248
"C:/Users/Admin/Desktop/MainProject/Mutants/Content/UltraDynamicSky/Textures/Tools/Static_Clouds_Authoring_Target.uasset" 4249
"C:/Users/Admin/Desktop/MainProject/Mutants/Content/UltraDynamicSky/Materials/Material_Functions/Filter_Clouds.uasset" 4250
"C:/Users/Admin/Desktop/MainProject/Mutants/Content/UltraDynamicSky/Blueprints/Enum/UDS_ConfigType.uasset" 4251
"/Game/UltraDynamicSky/Materials/Material_Functions/Scale_Intensity_Around_Sun" 4252
"/Game/UltraDynamicSky/Blueprints/Enum/UDS_Property_Category" 4253
"/Game/UltraDynamicSky/Textures/Tools/Static_Clouds_Authoring_Target" 4254
"C:/Users/Admin/Desktop/MainProject/Mutants/Content/UltraDynamicSky/Materials/Tools/Static_Clouds_Tool_Composite.uasset" 4255
"/Game/UltraDynamicSky/Materials/Material_Functions/Filter_Clouds" 4256
"/Game/UltraDynamicSky/Blueprints/Enum/UDS_ConfigType" 4257
"/Game/UltraDynamicSky/Materials/Tools/Static_Clouds_Tool_Composite" 4258
"C:/Users/Admin/Desktop/MainProject/Mutants/Content/UltraDynamicSky/Blueprints/System/Editor_UI/SkyModifier_Tool/Sky_Modifier_Editor_Category.uasset" 4259
"C:/Users/Admin/Desktop/MainProject/Mutants/Content/UltraDynamicSky/Blueprints/System/Editor_UI/Weather_Mask_Brush_Painter/WeatherMaskBrushPainter_Settings.uasset" 4260
"C:/Users/Admin/Desktop/MainProject/Mutants/Content/UltraDynamicSky/Blueprints/System/Editor_UI/Weather_Mask_Brush_Painter/WeatherMaskPainter_PreviewMat.uasset" 4261
"C:/Users/Admin/Desktop/MainProject/Mutants/Content/UltraDynamicSky/Textures/Weather/Mask_Brushes/Brush_Radial.uasset" 4262
"C:/Users/Admin/Desktop/MainProject/Mutants/Content/UltraDynamicSky/Textures/Icons/UDW_Icon.uasset" 4263
"C:/Users/Admin/Desktop/MainProject/Mutants/Content/UltraDynamicSky/Blueprints/System/Editor_UI/Weather_Mask_Brush_Painter/WeatherMaskBrushPainter_Capture.uasset" 4264
"C:/Users/Admin/Desktop/MainProject/Mutants/Content/UltraDynamicSky/Blueprints/System/Editor_UI/UDS_Readme_Settings.uasset" 4265
"C:/Users/Admin/Desktop/MainProject/Mutants/Content/UltraDynamicSky/Blueprints/System/Editor_UI/UDS_Readme_Entry.uasset" 4266
"C:/Users/Admin/Desktop/MainProject/Mutants/Content/StarterContent/Audio/Explosion01.uasset" 4267
"C:/Users/Admin/Desktop/MainProject/Mutants/Content/GameModesLevels/BoomPass/Icons/timericon.uasset" 4268
"C:/Users/Admin/Desktop/MainProject/Mutants/Content/UltraDynamicSky/Blueprints/Enum/UDS_Temperature_Sample_Location.uasset" 4269
"C:/Users/Admin/Desktop/MainProject/Mutants/Content/UltraDynamicSky/Sound/UDS_Outdoor_Sound.uasset" 4270
"C:/Users/Admin/Desktop/MainProject/Mutants/Content/UltraDynamicSky/Blueprints/System/UDS_RenderTarget_State.uasset" 4271
"C:/Users/Admin/Desktop/MainProject/Mutants/Content/UltraDynamicSky/Blueprints/Enum/UDS_Rain_Splash_RenderMode.uasset" 4272
"C:/Users/Admin/Desktop/MainProject/Mutants/Content/UltraDynamicSky/Materials/Weather/WOV_Target_Brush.uasset" 4273
"C:/Users/Admin/Desktop/MainProject/Mutants/Content/UltraDynamicSky/Textures/Weather/DLWE_MaskTarget.uasset" 4274
"C:/Users/Admin/Desktop/MainProject/Mutants/Content/UltraDynamicSky/Blueprints/Enum/UDS_TemperatureType.uasset" 4275
"C:/Users/Admin/Desktop/MainProject/Mutants/Content/UltraDynamicSky/Blueprints/System/Editor_UI/Cloud_Profile_Tool/CloudProfile_Draw_Mat.uasset" 4276
"C:/Users/Admin/Desktop/MainProject/Mutants/Content/UltraDynamicSky/Blueprints/Enum/UDS_Weather_Display_Names.uasset" 4277
"C:/Users/Admin/Desktop/MainProject/Mutants/Content/UltraDynamicSky/Blueprints/Weather_Effects/System/Temperature_Volume_Interface.uasset" 4278
"C:/Users/Admin/Desktop/MainProject/Mutants/Content/UltraDynamicSky/Blueprints/Enum/UDS_Season.uasset" 4279
"C:/Users/Admin/Desktop/MainProject/Mutants/Content/UltraDynamicSky/Blueprints/Enum/UDS_Weather_State_Variable.uasset" 4280
"C:/Users/Admin/Desktop/MainProject/Mutants/Content/UltraDynamicSky/Blueprints/Enum/UDS_ControlPointMode.uasset" 4281
"C:/Users/Admin/Desktop/MainProject/Mutants/Content/UltraDynamicSky/Particles/UDW_WeatherParticle_Parameters.uasset" 4282
"C:/Users/Admin/Desktop/MainProject/Mutants/Content/UltraDynamicSky/Blueprints/Weather_Effects/System/Puddle_Fluid_Volume_Interface.uasset" 4283
"C:/Users/Admin/Desktop/MainProject/Mutants/Content/UltraDynamicSky/Blueprints/Enum/UDS_SeasonMode.uasset" 4284
"C:/Users/Admin/Desktop/MainProject/Mutants/Content/UltraDynamicSky/Blueprints/Enum/UDS_Particle_Collision_Mode.uasset" 4285
"/Game/UltraDynamicSky/Blueprints/System/Editor_UI/UDS_Readme_Entry" 4286
"/Game/UltraDynamicSky/Blueprints/System/Editor_UI/UDS_Readme_Settings" 4287
"/Game/UltraDynamicSky/Textures/Icons/UDW_Icon" 4288
"/Game/UltraDynamicSky/Textures/Weather/Mask_Brushes/Brush_Radial" 4289
"/Game/UltraDynamicSky/Blueprints/System/Editor_UI/Weather_Mask_Brush_Painter/WeatherMaskBrushPainter_Capture" 4290
"C:/Users/Admin/Desktop/MainProject/Mutants/Content/UltraDynamicSky/Blueprints/System/Editor_UI/Cloud_Profile_Tool/UDS_CloudProfile_Key.uasset" 4291
"C:/Users/Admin/Desktop/MainProject/Mutants/Content/UltraDynamicSky/Textures/Icons/Key_Handle.uasset" 4292
"/Game/UltraDynamicSky/Blueprints/System/Editor_UI/Weather_Mask_Brush_Painter/WeatherMaskPainter_PreviewMat" 4293
"/Game/UltraDynamicSky/Blueprints/Weather_Effects/System/Puddle_Fluid_Volume_Interface" 4294
"C:/Users/Admin/Desktop/MainProject/Mutants/Content/UltraDynamicSky/Textures/Weather/Frost_Scatter.uasset" 4295
"C:/Users/Admin/Desktop/MainProject/Mutants/Content/UltraDynamicSky/Textures/Weather/Snow_Normal.uasset" 4296
"/Game/UltraDynamicSky/Particles/UDW_WeatherParticle_Parameters" 4297
"/Game/UltraDynamicSky/Blueprints/Enum/UDS_Particle_Collision_Mode" 4298
"/Game/UltraDynamicSky/Blueprints/Enum/UDS_ControlPointMode" 4299
"/Game/UltraDynamicSky/Blueprints/Weather_Effects/System/Temperature_Volume_Interface" 4300
"/Game/UltraDynamicSky/Blueprints/Enum/UDS_Weather_State_Variable" 4301
"/Game/UltraDynamicSky/Blueprints/Enum/UDS_Weather_Display_Names" 4302
"/Game/UltraDynamicSky/Blueprints/Enum/UDS_TemperatureType" 4303
"/Game/UltraDynamicSky/Textures/Weather/DLWE_MaskTarget" 4304
"/Game/UltraDynamicSky/Materials/Weather/WOV_Target_Brush" 4305
"/Game/UltraDynamicSky/Blueprints/Enum/UDS_Rain_Splash_RenderMode" 4306
"../../../Engine/Content/EngineMaterials/FlatNormal.uasset" 4307
"/Game/UltraDynamicSky/Blueprints/System/UDS_RenderTarget_State" 4308
"/Game/UltraDynamicSky/Sound/UDS_Outdoor_Sound" 4309
"/Game/UltraDynamicSky/Blueprints/Enum/UDS_Temperature_Sample_Location" 4310
"/Game/GameModesLevels/BoomPass/Icons/timericon" 4311
"/Game/StarterContent/Audio/Explosion01" 4312
"../../../../../../Users/Admin/Desktop/MainProject/Mutants/Content/StarterContent/Audio/Explosion01.uasset" 4313
"/Game/UltraDynamicSky/Blueprints/System/Editor_UI/Weather_Mask_Brush_Painter/WeatherMaskBrushPainter_Settings" 4314
"/Game/UltraDynamicSky/Blueprints/System/Editor_UI/Cloud_Profile_Tool/CloudProfile_Draw_Mat" 4315
"/Game/UltraDynamicSky/Blueprints/Enum/UDS_SeasonMode" 4316
"/Game/UltraDynamicSky/Blueprints/System/Editor_UI/SkyModifier_Tool/Sky_Modifier_Editor_Category" 4317
"/Game/UltraDynamicSky/Blueprints/Enum/UDS_Season" 4318
"C:/Users/Admin/Desktop/MainProject/Mutants/Content/UltraDynamicSky/Textures/Weather/WOV_Material_State_Target.uasset" 4319
"/Game/UltraDynamicSky/Textures/Weather/Snow_Normal" 4320
"C:/Users/Admin/Desktop/MainProject/Mutants/Content/UltraDynamicSky/Textures/Weather/Mask_Brushes/Brush_Circle.uasset" 4321
"C:/Users/Admin/Desktop/MainProject/Mutants/Content/UltraDynamicSky/Textures/Weather/Mask_Brushes/Brush_Pyramid.uasset" 4322
"C:/Users/Admin/Desktop/MainProject/Mutants/Content/UltraDynamicSky/Textures/Weather/Mask_Brushes/Brush_Square.uasset" 4323
"C:/Users/Admin/Desktop/MainProject/Mutants/Content/UltraDynamicSky/Textures/Weather/Mask_Brushes/Brush_Falloff.uasset" 4324
"C:/Users/Admin/Desktop/MainProject/Mutants/Content/Characters/Store/Torsos/pavement_02_diff_4k.uasset" 4325
"C:/Users/Admin/Desktop/MainProject/Mutants/Content/Characters/Mannequins/Textures/Manny/T_Manny_02_MSR_MSK.uasset" 4326
"C:/Users/Admin/Desktop/MainProject/Mutants/Content/Characters/Mannequins/Textures/Manny/T_Manny_02_CCRCCPlastic_MSK.uasset" 4327
"C:/Users/Admin/Desktop/MainProject/Mutants/Content/Characters/Mannequins/Textures/Manny/T_Manny_02_Tan.uasset" 4328
"/Engine/EngineMaterials/FlatNormal" 4329
"C:/Users/Admin/Desktop/MainProject/Mutants/Content/Characters/Mannequins/Textures/Manny/T_Manny_02_N.uasset" 4330
"C:/Users/Admin/Desktop/MainProject/Mutants/Content/Characters/Mannequins/Textures/Manny/T_Manny_02_BN.uasset" 4331
"C:/Users/Admin/Desktop/MainProject/Mutants/Content/Characters/Mannequins/Textures/Manny/T_Manny_02_ASAOPMASK_MSK.uasset" 4332
"C:/Users/Admin/Desktop/MainProject/Mutants/Content/Characters/Mannequins/Textures/Manny/T_Manny_02_D.uasset" 4333
"C:/Users/Admin/Desktop/MainProject/Mutants/Content/Characters/Mannequins/Textures/Manny/T_Manny_01_N.uasset" 4334
"C:/Users/Admin/Desktop/MainProject/Mutants/Content/Characters/Mannequins/Textures/Manny/T_Manny_01_CCRCCPlastic_MSK.uasset" 4335
"/Game/UltraDynamicSky/Textures/Icons/Key_Handle" 4336
"C:/Users/Admin/Desktop/MainProject/Mutants/Content/Characters/Mannequins/Textures/Manny/T_Manny_01_MSR_MSK.uasset" 4337
"C:/Users/Admin/Desktop/MainProject/Mutants/Content/Characters/Mannequins/Textures/Manny/T_Manny_01_ASAOPMASK_MSK.uasset" 4338
"C:/Users/Admin/Desktop/MainProject/Mutants/Content/Characters/Mannequins/Textures/Manny/T_Manny_01_BN.uasset" 4339
"C:/Users/Admin/Desktop/MainProject/Mutants/Content/Characters/Mannequins/Textures/Manny/T_Manny_01_D.uasset" 4340
"C:/Users/Admin/Desktop/MainProject/Mutants/Content/Characters/Mannequins/Textures/Manny/T_Manny_01_Tan.uasset" 4341
"/Game/UltraDynamicSky/Blueprints/System/Editor_UI/Cloud_Profile_Tool/UDS_CloudProfile_Key" 4342
"C:/Users/Admin/Desktop/MainProject/Mutants/Content/Characters/CableMan/Legs/30ab0998-3494-4784-a612-53e600aab983.uasset" 4343
"../../../Engine/Plugins/Animation/ControlRig/Content/Controls/DefaultGizmoLibrary.uasset" 4344
"C:/Users/Admin/Desktop/MainProject/Mutants/Content/Characters/Spok/HandLeftLowerSpokTex.uasset" 4345
"C:/Users/Admin/Desktop/MainProject/Mutants/Content/Characters/Loh/FBX/LegLeftLowerLohTex.uasset" 4346
"C:/Users/Admin/Desktop/MainProject/Mutants/Content/Characters/Spok/Asphalt008.uasset" 4347
"/Game/UltraDynamicSky/Textures/Weather/WOV_Material_State_Target" 4348
"C:/Users/Admin/Desktop/MainProject/Mutants/Content/Characters/Store/Heads/RoboHeadTex.uasset" 4349
"C:/Users/Admin/Desktop/MainProject/Mutants/Content/UltraDynamicSky/Textures/Weather/Debris_Twigs_and_Leaves.uasset" 4350
"/Game/UltraDynamicSky/Textures/Weather/Frost_Scatter" 4351
"/Game/Characters/Store/Heads/RoboHeadTex" 4352
"/Game/Characters/Spok/Asphalt008" 4353
"/Game/Characters/Spok/HandLeftLowerSpokTex" 4354
"/Game/Characters/Loh/FBX/LegLeftLowerLohTex" 4355
"/Game/Characters/CableMan/Legs/30ab0998-3494-4784-a612-53e600aab983" 4356
"/ControlRig/Controls/DefaultGizmoLibrary" 4357
"/Game/Characters/Mannequins/Textures/Manny/T_Manny_01_Tan" 4358
"/Game/Characters/Mannequins/Textures/Manny/T_Manny_01_D" 4359
"/Game/Characters/Mannequins/Textures/Manny/T_Manny_01_BN" 4360
"/Game/Characters/Mannequins/Textures/Manny/T_Manny_01_MSR_MSK" 4361
"/Game/Characters/Mannequins/Textures/Manny/T_Manny_01_ASAOPMASK_MSK" 4362
"/Game/Characters/Mannequins/Textures/Manny/T_Manny_01_CCRCCPlastic_MSK" 4363
"/Game/Characters/Mannequins/Textures/Manny/T_Manny_01_N" 4364
"/Game/Characters/Mannequins/Textures/Manny/T_Manny_02_D" 4365
"/Game/Characters/Mannequins/Textures/Manny/T_Manny_02_ASAOPMASK_MSK" 4366
"/Game/Characters/Mannequins/Textures/Manny/T_Manny_02_BN" 4367
"/Game/Characters/Mannequins/Textures/Manny/T_Manny_02_N" 4368
"/Game/Characters/Mannequins/Textures/Manny/T_Manny_02_Tan" 4369
"/Game/Characters/Mannequins/Textures/Manny/T_Manny_02_CCRCCPlastic_MSK" 4370
"/Game/Characters/Mannequins/Textures/Manny/T_Manny_02_MSR_MSK" 4371
"/Game/Characters/Store/Torsos/pavement_02_diff_4k" 4372
"/Game/UltraDynamicSky/Textures/Weather/Mask_Brushes/Brush_Square" 4373
"/Game/UltraDynamicSky/Textures/Weather/Mask_Brushes/Brush_Falloff" 4374
"/Game/UltraDynamicSky/Textures/Weather/Mask_Brushes/Brush_Pyramid" 4375
"/Game/UltraDynamicSky/Textures/Weather/Mask_Brushes/Brush_Circle" 4376
"/Game/UltraDynamicSky/Textures/Weather/Debris_Twigs_and_Leaves" 4377
"C:/Users/Admin/Desktop/MainProject/Mutants/Content/Characters/CableMan/TorsoUpdate/c7e704ac-f7e1-4cef-8915-f6d86afdc3f4.uasset" 4378
"C:/Users/Admin/Desktop/MainProject/Mutants/Content/Characters/CableMan/TorsoUpdate/PaintedMetal002.uasset" 4379
"C:/Users/Admin/Desktop/MainProject/Mutants/Content/Characters/CableMan/TorsoUpdate/18469ad3-c934-4df5-9b6a-440e102baea0.uasset" 4380
"C:/Users/Admin/Desktop/MainProject/Mutants/Content/Characters/CableMan/TorsoUpdate/PaintedMetal004.uasset" 4381
"C:/Users/Admin/Desktop/MainProject/Mutants/Content/Characters/CableMan/TorsoUpdate/SheetMetal004.uasset" 4382
"C:/Users/Admin/Desktop/MainProject/Mutants/Content/Characters/CableMan/TorsoUpdate/18acdf09-b370-4c91-ab7b-5a2d9cf4c2af.uasset" 4383
"C:/Users/Admin/Desktop/MainProject/Mutants/Content/Characters/CableMan/TorsoUpdate/Metal007.uasset" 4384
"C:/Users/Admin/Desktop/MainProject/Mutants/Content/Characters/Loh/FBX/HandLeftLowerLohTex.uasset" 4385
"C:/Users/Admin/Desktop/MainProject/Mutants/Content/Characters/Uzbek/HandRightLowerUzbekTex.uasset" 4386
"C:/Users/Admin/Desktop/MainProject/Mutants/Content/Characters/CableMan/Legs/Plastic016A.uasset" 4387
"C:/Users/Admin/Desktop/MainProject/Mutants/Content/Characters/CableMan/Legs/MetalPlates006.uasset" 4388
"C:/Users/Admin/Desktop/MainProject/Mutants/Content/Characters/CableMan/Legs/Metal047A.uasset" 4389
"C:/Users/Admin/Desktop/MainProject/Mutants/Content/Characters/CableMan/Legs/Plastic006.uasset" 4390
"C:/Users/Admin/Desktop/MainProject/Mutants/Content/Characters/CableMan/Legs/Plastic008.uasset" 4391
"C:/Users/Admin/Desktop/MainProject/Mutants/Content/Characters/CableMan/Legs/6dda7cd9-9ff1-4c56-a534-d7a4b6cfb3f0.uasset" 4392
"C:/Users/Admin/Desktop/MainProject/Mutants/Content/Characters/Loh/FBX/Marble016.uasset" 4393
"C:/Users/Admin/Desktop/MainProject/Mutants/Content/Characters/Loh/FBX/Plastic017A.uasset" 4394
"C:/Users/Admin/Desktop/MainProject/Mutants/Content/Characters/Loh/FBX/Metal052A.uasset" 4395
"C:/Users/Admin/Desktop/MainProject/Mutants/Content/Characters/Loh/FBX/Metal022.uasset" 4396
"C:/Users/Admin/Desktop/MainProject/Mutants/Content/Characters/Spok/LegRightUpperSpokTex.uasset" 4397
"C:/Users/Admin/Desktop/MainProject/Mutants/Content/Characters/Spok/LegRightLowerSpokTex.uasset" 4398
"C:/Users/Admin/Desktop/MainProject/Mutants/Content/Characters/Spok/HandRightLowerSpokTex.uasset" 4399
"C:/Users/Admin/Desktop/MainProject/Mutants/Content/Characters/Spok/LegLeftLowerSpokTex.uasset" 4400
"C:/Users/Admin/Desktop/MainProject/Mutants/Content/Characters/Spok/HeadSpokTex.uasset" 4401
"C:/Users/Admin/Desktop/MainProject/Mutants/Content/Characters/Loh/FBX/HandRightLowerLohTex.uasset" 4402
"C:/Users/Admin/Desktop/MainProject/Mutants/Content/Characters/Spok/HandRightUpperSpokTex.uasset" 4403
"C:/Users/Admin/Desktop/MainProject/Mutants/Content/Characters/CableMan/Legs/72b1be06-a631-49ef-875c-147738075096.uasset" 4404
"C:/Users/Admin/Desktop/MainProject/Mutants/Content/Characters/Loh/FBX/HandRightUpperLohTex.uasset" 4405
"C:/Users/Admin/Desktop/MainProject/Mutants/Content/Characters/Uzbek/TorsoUzbekTex.uasset" 4406
"C:/Users/Admin/Desktop/MainProject/Mutants/Content/Characters/CableMan/Legs/PaintedMetal008.uasset" 4407
"C:/Users/Admin/Desktop/MainProject/Mutants/Content/Characters/CableMan/Legs/PaintedMetal009.uasset" 4408
"C:/Users/Admin/Desktop/MainProject/Mutants/Content/Characters/CableMan/Legs/27d04dc2-8d8e-4461-9469-864f7a167ac6.uasset" 4409
"/Game/Characters/CableMan/Legs/27d04dc2-8d8e-4461-9469-864f7a167ac6" 4410
"/Game/Characters/CableMan/Legs/PaintedMetal009" 4411
"/Game/Characters/CableMan/Legs/PaintedMetal008" 4412
"/Game/Characters/Uzbek/TorsoUzbekTex" 4413
"/Game/Characters/Loh/FBX/HandRightUpperLohTex" 4414
"/Game/Characters/CableMan/Legs/72b1be06-a631-49ef-875c-147738075096" 4415
"/Game/Characters/CableMan/TorsoUpdate/18acdf09-b370-4c91-ab7b-5a2d9cf4c2af" 4416
"/Game/Characters/Loh/FBX/HandRightLowerLohTex" 4417
"/Game/Characters/Spok/HandRightUpperSpokTex" 4418
"/Game/Characters/Spok/HeadSpokTex" 4419
"/Game/Characters/CableMan/TorsoUpdate/SheetMetal004" 4420
"/Game/Characters/Spok/LegLeftLowerSpokTex" 4421
"/Game/Characters/Spok/HandRightLowerSpokTex" 4422
"/Game/Characters/Spok/LegRightLowerSpokTex" 4423
"/Game/Characters/Spok/LegRightUpperSpokTex" 4424
"/Game/Characters/Loh/FBX/Metal022" 4425
"/Game/Characters/Loh/FBX/Metal052A" 4426
"/Game/Characters/Loh/FBX/Plastic017A" 4427
"/Game/Characters/Loh/FBX/Marble016" 4428
"/Game/Characters/CableMan/Legs/6dda7cd9-9ff1-4c56-a534-d7a4b6cfb3f0" 4429
"/Game/Characters/CableMan/Legs/Plastic008" 4430
"/Game/Characters/CableMan/Legs/Plastic006" 4431
"/Game/Characters/CableMan/Legs/Metal047A" 4432
"/Game/Characters/CableMan/Legs/MetalPlates006" 4433
"/Game/Characters/CableMan/TorsoUpdate/PaintedMetal004" 4434
"/Game/Characters/CableMan/Legs/Plastic016A" 4435
"/Game/Characters/CableMan/TorsoUpdate/18469ad3-c934-4df5-9b6a-440e102baea0" 4436
"/Game/Characters/Uzbek/HandRightLowerUzbekTex" 4437
"/Game/Characters/Loh/FBX/HandLeftLowerLohTex" 4438
"/Game/Characters/CableMan/TorsoUpdate/Metal007" 4439
"/Game/Characters/CableMan/TorsoUpdate/PaintedMetal002" 4440
"/Game/Characters/CableMan/TorsoUpdate/c7e704ac-f7e1-4cef-8915-f6d86afdc3f4" 4441
"C:/Users/Admin/Desktop/MainProject/Mutants/Content/Characters/CableMan/Legs/Metal049C.uasset" 4442
"C:/Users/Admin/Desktop/MainProject/Mutants/Content/Characters/CableMan/Legs/Plastic002.uasset" 4443
"C:/Users/Admin/Desktop/MainProject/Mutants/Content/Characters/CableMan/Head/Metal047A.uasset" 4444
"C:/Users/Admin/Desktop/MainProject/Mutants/Content/Characters/CableMan/Head/Sponge003.uasset" 4445
"C:/Users/Admin/Desktop/MainProject/Mutants/Content/Characters/CableMan/Head/72b1be06-a631-49ef-875c-147738075096.uasset" 4446
"C:/Users/Admin/Desktop/MainProject/Mutants/Content/Characters/Uzbek/concrete_floor_painted_diff_1k.uasset" 4447
"C:/Users/Admin/Desktop/MainProject/Mutants/Content/Characters/Uzbek/Metal050B.uasset" 4448
"C:/Users/Admin/Desktop/MainProject/Mutants/Content/Characters/Uzbek/HandLeftUpperUzbekTex.uasset" 4449
"C:/Users/Admin/Desktop/MainProject/Mutants/Content/Characters/CableMan/Hands/6dda7cd9-9ff1-4c56-a534-d7a4b6cfb3f0.uasset" 4450
"C:/Users/Admin/Desktop/MainProject/Mutants/Content/Characters/Loh/FBX/HeadLohTex.uasset" 4451
"C:/Users/Admin/Desktop/MainProject/Mutants/Content/Characters/Store/Heads/MartianHeadTex.uasset" 4452
"C:/Users/Admin/Desktop/MainProject/Mutants/Content/Characters/Store/Hands/Right/HandLower_ShovelTex.uasset" 4453
"C:/Users/Admin/Desktop/MainProject/Mutants/Content/Characters/Spok/TorsoSpokTex.uasset" 4454
"C:/Users/Admin/Desktop/MainProject/Mutants/Content/Characters/Store/Hands/Right/HandRightUpperRoboTex.uasset" 4455
"C:/Users/Admin/Desktop/MainProject/Mutants/Content/Characters/CableMan/Hands/MetalPlates006.uasset" 4456
"C:/Users/Admin/Desktop/MainProject/Mutants/Content/Characters/Spok/LegLeftUpperSpokTex.uasset" 4457
"C:/Users/Admin/Desktop/MainProject/Mutants/Content/Characters/Loh/FBX/TorsoLohTex.uasset" 4458
"C:/Users/Admin/Desktop/MainProject/Mutants/Content/Characters/Store/Torsos/mannequin_color.uasset" 4459
"C:/Users/Admin/Desktop/MainProject/Mutants/Content/Characters/Uzbek/LegLeftUpperUzbekTex.uasset" 4460
"C:/Users/Admin/Desktop/MainProject/Mutants/Content/Characters/Uzbek/Metal062C.uasset" 4461
"C:/Users/Admin/Desktop/MainProject/Mutants/Content/Characters/Store/Legs/LegLowerFormsTex.uasset" 4462
"C:/Users/Admin/Desktop/MainProject/Mutants/Content/Characters/Uzbek/Wood075.uasset" 4463
"C:/Users/Admin/Desktop/MainProject/Mutants/Content/Characters/Store/Heads/CatHeadTex.uasset" 4464
"C:/Users/Admin/Desktop/MainProject/Mutants/Content/Characters/CableMan/Hands/photo_2025-07-18_15-58-41.uasset" 4465
"C:/Users/Admin/Desktop/MainProject/Mutants/Content/Characters/CableMan/Hands/DiamondPlate008D.uasset" 4466
"C:/Users/Admin/Desktop/MainProject/Mutants/Content/Characters/CableMan/Hands/Metal049C.uasset" 4467
"/Game/Characters/Store/Legs/LegLowerFormsTex" 4468
"C:/Users/Admin/Desktop/MainProject/Mutants/Content/Characters/CableMan/Hands/Metal047A.uasset" 4469
"C:/Users/Admin/Desktop/MainProject/Mutants/Content/Characters/CableMan/Hands/c7e704ac-f7e1-4cef-8915-f6d86afdc3f4.uasset" 4470
"C:/Users/Admin/Desktop/MainProject/Mutants/Content/Characters/CableMan/Hands/MetalPlates012.uasset" 4471
"C:/Users/Admin/Desktop/MainProject/Mutants/Content/Characters/Store/Heads/MashroomHeadTex.uasset" 4472
"C:/Users/Admin/Desktop/MainProject/Mutants/Content/Characters/Store/Legs/stand_roughness.uasset" 4473
"C:/Users/Admin/Desktop/MainProject/Mutants/Content/Characters/Store/Legs/stand_color.uasset" 4474
"/Game/Characters/Uzbek/Metal062C" 4475
"/Game/Characters/Uzbek/LegLeftUpperUzbekTex" 4476
"/Game/Characters/Store/Torsos/mannequin_color" 4477
"/Game/Characters/Loh/FBX/TorsoLohTex" 4478
"/Game/Characters/Spok/LegLeftUpperSpokTex" 4479
"/Game/Characters/CableMan/Hands/MetalPlates006" 4480
"/Game/Characters/Store/Hands/Right/HandRightUpperRoboTex" 4481
"/Game/Characters/Spok/TorsoSpokTex" 4482
"/Game/Characters/Store/Hands/Right/HandLower_ShovelTex" 4483
"/Game/Characters/Store/Heads/MartianHeadTex" 4484
"/Game/Characters/Loh/FBX/HeadLohTex" 4485
"/Game/Characters/CableMan/Hands/6dda7cd9-9ff1-4c56-a534-d7a4b6cfb3f0" 4486
"/Game/Characters/Uzbek/HandLeftUpperUzbekTex" 4487
"/Game/Characters/Uzbek/Metal050B" 4488
"/Game/Characters/Uzbek/concrete_floor_painted_diff_1k" 4489
"/Game/Characters/CableMan/Head/72b1be06-a631-49ef-875c-147738075096" 4490
"/Game/Characters/CableMan/Head/Sponge003" 4491
"/Game/Characters/CableMan/Head/Metal047A" 4492
"/Game/Characters/CableMan/Legs/Plastic002" 4493
"/Game/Characters/CableMan/Legs/Metal049C" 4494
"C:/Users/Admin/Desktop/MainProject/Mutants/Content/Characters/Uzbek/Metal053A.uasset" 4495
"C:/Users/Admin/Desktop/MainProject/Mutants/Content/Characters/Uzbek/Eye2UzbekTex.uasset" 4496
"C:/Users/Admin/Desktop/MainProject/Mutants/Content/Characters/Uzbek/MouthUzbekTex.uasset" 4497
"/Game/Characters/Store/Legs/stand_color" 4498
"C:/Users/Admin/Desktop/MainProject/Mutants/Content/Characters/Uzbek/Eye3UzbekTex.uasset" 4499
"C:/Users/Admin/Desktop/MainProject/Mutants/Content/Characters/Uzbek/Eye1UzbekTex.uasset" 4500
"C:/Users/Admin/Desktop/MainProject/Mutants/Content/Characters/Loh/FBX/LegRightLowerLohTex.uasset" 4501
"C:/Users/Admin/Desktop/MainProject/Mutants/Content/Characters/Uzbek/HandRUpperUzbekTex.uasset" 4502
"/Game/Characters/Store/Legs/stand_roughness" 4503
"C:/Users/Admin/Desktop/MainProject/Mutants/Content/Characters/Loh/FBX/PaintedMetal008.uasset" 4504
"C:/Users/Admin/Desktop/MainProject/Mutants/Content/Characters/Store/Hands/Right/HandRightLowerRobo.uasset" 4505
"C:/Users/Admin/Desktop/MainProject/Mutants/Content/Characters/Uzbek/HandLeftLowerUzbekTex.uasset" 4506
"C:/Users/Admin/Desktop/MainProject/Mutants/Content/Characters/Loh/FBX/HandLeftUpperLohTex.uasset" 4507
"/Game/Characters/Store/Heads/MashroomHeadTex" 4508
"C:/Users/Admin/Desktop/MainProject/Mutants/Content/Characters/CableMan/Hands/Lava004.uasset" 4509
"C:/Users/Admin/Desktop/MainProject/Mutants/Content/Characters/CableMan/Hands/Chip002.uasset" 4510
"C:/Users/Admin/Desktop/MainProject/Mutants/Content/BloodBundle/RealisticBlood/_Commons/Textures/Splatters/Splatter02/T_BloodSplatter_N_02.uasset" 4511
"C:/Users/Admin/Desktop/MainProject/Mutants/Content/BloodBundle/RealisticBlood/_Commons/Textures/Splatters/Splatter02/T_BloodSplatter_02.uasset" 4512
"C:/Users/Admin/Desktop/MainProject/Mutants/Content/BloodBundle/RealisticBlood/_Commons/Textures/Noises/T_Noise_01.uasset" 4513
"C:/Users/Admin/Desktop/MainProject/Mutants/Content/BloodBundle/RealisticBlood/_Commons/Textures/Smokes/T_SmokeBurst_01.uasset" 4514
"/Game/Characters/CableMan/Hands/MetalPlates012" 4515
"C:/Users/Admin/Desktop/MainProject/Mutants/Content/GameModesLevels/PotionChaos/Meshes/Frog/ponder_frog_creach_texture_0.uasset" 4516
"C:/Users/Admin/Desktop/MainProject/Mutants/Content/GameModesLevels/PotionChaos/Meshes/Frog/ponder_frog_creach_texture_1.uasset" 4517
"C:/Users/Admin/Desktop/MainProject/Mutants/Content/GameModesLevels/PotionChaos/Meshes/AnimalLegBone/T_vd5jei1aa_1K_N.uasset" 4518
"C:/Users/Admin/Desktop/MainProject/Mutants/Content/GameModesLevels/PotionChaos/Meshes/AnimalLegBone/T_vd5jei1aa_1K_ORM.uasset" 4519
"/Game/Characters/CableMan/Hands/c7e704ac-f7e1-4cef-8915-f6d86afdc3f4" 4520
"/Game/Characters/CableMan/Hands/Metal047A" 4521
"/Game/Characters/CableMan/Hands/Metal049C" 4522
"/Game/Characters/CableMan/Hands/DiamondPlate008D" 4523
"/Game/Characters/CableMan/Hands/photo_2025-07-18_15-58-41" 4524
"/Game/Characters/Store/Heads/CatHeadTex" 4525
"/Game/Characters/Uzbek/Wood075" 4526
"/Game/Characters/Uzbek/Eye2UzbekTex" 4527
"/Game/Characters/Uzbek/Metal053A" 4528
"C:/Users/Admin/Desktop/MainProject/Mutants/Content/GameModesLevels/PotionChaos/Meshes/AnimalLegBone/T_vd5jei1aa_1K_B.uasset" 4529
"/Game/GameModesLevels/PotionChaos/Meshes/AnimalLegBone/T_vd5jei1aa_1K_ORM" 4530
"C:/Users/Admin/Desktop/MainProject/Mutants/Content/GameModesLevels/PotionChaos/Meshes/HumanSkull/skull_texture_1.uasset" 4531
"C:/Users/Admin/Desktop/MainProject/Mutants/Content/GameModesLevels/PotionChaos/Meshes/HumanSkull/skull_texture_0.uasset" 4532
"C:/Users/Admin/Desktop/MainProject/Mutants/Content/GameModesLevels/PotionChaos/Meshes/HumanSkull/skull_texture_2.uasset" 4533
"C:/Users/Admin/Desktop/MainProject/Mutants/Content/GameModesLevels/PotionChaos/Meshes/Bug/ladybug_texture_0.uasset" 4534
"C:/Users/Admin/Desktop/MainProject/Mutants/Content/GameModesLevels/PotionChaos/Meshes/Bug/ladybug_texture_1.uasset" 4535
"C:/Users/Admin/Desktop/MainProject/Mutants/Content/GameModesLevels/PotionChaos/Meshes/Bug/ladybug_texture_2.uasset" 4536
"C:/Users/Admin/Desktop/MainProject/Mutants/Content/LevelPrototyping/Textures/T_GridChecker_A.uasset" 4537
"/Game/GameModesLevels/PotionChaos/Meshes/AnimalLegBone/T_vd5jei1aa_1K_N" 4538
"C:/Users/Admin/Desktop/MainProject/Mutants/Content/UltraDynamicSky/Blueprints/Enum/UDS_OcclusionShape.uasset" 4539
"../../../Engine/Content/Functions/Engine_MaterialFunctions02/ScreenResolution.uasset" 4540
"/Game/GameModesLevels/PotionChaos/Meshes/Frog/ponder_frog_creach_texture_1" 4541
"/Game/GameModesLevels/PotionChaos/Meshes/Frog/ponder_frog_creach_texture_0" 4542
"/Game/BloodBundle/RealisticBlood/_Commons/Textures/Smokes/T_SmokeBurst_01" 4543
"/Game/BloodBundle/RealisticBlood/_Commons/Textures/Noises/T_Noise_01" 4544
"/Game/BloodBundle/RealisticBlood/_Commons/Textures/Splatters/Splatter02/T_BloodSplatter_02" 4545
"/Game/BloodBundle/RealisticBlood/_Commons/Textures/Splatters/Splatter02/T_BloodSplatter_N_02" 4546
"/Game/Characters/CableMan/Hands/Chip002" 4547
"/Game/Characters/CableMan/Hands/Lava004" 4548
"/Game/Characters/Loh/FBX/HandLeftUpperLohTex" 4549
"/Game/Characters/Uzbek/HandLeftLowerUzbekTex" 4550
"/Game/Characters/Store/Hands/Right/HandRightLowerRobo" 4551
"/Game/Characters/Loh/FBX/PaintedMetal008" 4552
"/Game/Characters/Uzbek/HandRUpperUzbekTex" 4553
"/Game/Characters/Loh/FBX/LegRightLowerLohTex" 4554
"/Game/Characters/Uzbek/Eye1UzbekTex" 4555
"/Game/Characters/Uzbek/Eye3UzbekTex" 4556
"/Game/Characters/Uzbek/MouthUzbekTex" 4557
"/Game/GameModesLevels/PotionChaos/Meshes/AnimalLegBone/T_vd5jei1aa_1K_B" 4558
"/Engine/Functions/Engine_MaterialFunctions02/ScreenResolution" 4559
"../../../Engine/Content/Functions/Engine_MaterialFunctions02/Utility/FOV.uasset" 4560
"/Game/UltraDynamicSky/Blueprints/Enum/UDS_OcclusionShape" 4561
"C:/Users/Admin/Desktop/MainProject/Mutants/Content/UltraDynamicSky/Textures/Weather/Edge_Fade.uasset" 4562
"/Game/LevelPrototyping/Textures/T_GridChecker_A" 4563
"/Game/GameModesLevels/PotionChaos/Meshes/Bug/ladybug_texture_2" 4564
"/Game/GameModesLevels/PotionChaos/Meshes/Bug/ladybug_texture_1" 4565
"/Game/GameModesLevels/PotionChaos/Meshes/Bug/ladybug_texture_0" 4566
"/Game/GameModesLevels/PotionChaos/Meshes/HumanSkull/skull_texture_2" 4567
"/Game/GameModesLevels/PotionChaos/Meshes/HumanSkull/skull_texture_1" 4568
"/Game/GameModesLevels/PotionChaos/Meshes/HumanSkull/skull_texture_0" 4569
"/Engine/Functions/Engine_MaterialFunctions02/Utility/FOV" 4570
"/Game/UltraDynamicSky/Textures/Weather/Edge_Fade" 4571
"C:/Users/Admin/Desktop/MainProject/Mutants/Content/UltraDynamicSky/Blueprints/System/Editor_UI/UDS_Readme_HDIW_Panel.uasset" 4572
"/Game/UltraDynamicSky/Blueprints/System/Editor_UI/UDS_Readme_HDIW_Panel" 4573
"C:/Users/Admin/Desktop/MainProject/Mutants/Content/UltraDynamicSky/Blueprints/System/Editor_UI/Cloud_Painter/Cloud_Painter_BrushFrame.uasset" 4574
"/Game/UltraDynamicSky/Blueprints/System/Editor_UI/Cloud_Painter/Cloud_Painter_BrushFrame" 4575
"C:/Users/Admin/Desktop/MainProject/Mutants/Content/UltraDynamicSky/Blueprints/System/Editor_UI/UDS_Readme_Image.uasset" 4576
"C:/Users/Admin/Desktop/MainProject/Mutants/Content/UltraDynamicSky/Textures/Weather/DLWE_NormalBrush.uasset" 4577
"C:/Users/Admin/Desktop/MainProject/Mutants/Content/UltraDynamicSky/Textures/Icons/Weather/Snow.uasset" 4578
"../../../Engine/Content/EditorBlueprintResources/ActorComponentMacros.uasset" 4579
"/Engine/EditorBlueprintResources/ActorComponentMacros" 4580
"C:/Users/Admin/Desktop/MainProject/Mutants/Content/UltraDynamicSky/Textures/Icons/Weather/Blizzard.uasset" 4581
"/Game/UltraDynamicSky/Textures/Weather/DLWE_NormalBrush" 4582
"/Game/UltraDynamicSky/Textures/Icons/Weather/Snow" 4583
"/Game/UltraDynamicSky/Blueprints/System/Editor_UI/UDS_Readme_Image" 4584
"C:/Users/Admin/Desktop/MainProject/Mutants/Content/UltraDynamicSky/Textures/Icons/Weather/LightRain.uasset" 4585
"C:/Users/Admin/Desktop/MainProject/Mutants/Content/UltraDynamicSky/Textures/Sky/Stars_Noise.uasset" 4586
"C:/Users/Admin/Desktop/MainProject/Mutants/Content/UltraDynamicSky/Textures/Icons/Weather/PartlyCloudy.uasset" 4587
"/Game/UltraDynamicSky/Textures/Sky/Stars_Noise" 4588
"/Game/UltraDynamicSky/Textures/Icons/Weather/PartlyCloudy" 4589
"/Game/UltraDynamicSky/Textures/Icons/Weather/LightRain" 4590
"/Game/UltraDynamicSky/Textures/Icons/Weather/Blizzard" 4591
"C:/Users/Admin/Desktop/MainProject/Mutants/Content/UltraDynamicSky/Textures/Icons/Weather/Rain.uasset" 4592
"C:/Users/Admin/Desktop/MainProject/Mutants/Content/UltraDynamicSky/Textures/Icons/Weather_Override_Volume.uasset" 4593
"C:/Users/Admin/Desktop/MainProject/Mutants/Content/UltraDynamicSky/Textures/Icons/Weather/Light_Snow.uasset" 4594
"C:/Users/Admin/Desktop/MainProject/Mutants/Content/UltraDynamicSky/Textures/Icons/Weather/Cloudy.uasset" 4595
"../../../Engine/Content/EngineMaterials/DefaultNormal.uasset" 4596
"C:/Users/Admin/Desktop/MainProject/Mutants/Content/UltraDynamicSky/Textures/Icons/Weather/Foggy.uasset" 4597
"/Engine/EngineMaterials/DefaultNormal" 4598
"/Game/UltraDynamicSky/Textures/Icons/Weather_Override_Volume" 4599
"C:/Users/Admin/Desktop/MainProject/Mutants/Content/UltraDynamicSky/Textures/Icons/Weather/Clear_Skies.uasset" 4600
"/Game/UltraDynamicSky/Textures/Icons/Weather/Cloudy" 4601
"/Game/UltraDynamicSky/Textures/Icons/Weather/Light_Snow" 4602
"/Game/UltraDynamicSky/Textures/Icons/Weather/Rain" 4603
"/Game/UltraDynamicSky/Textures/Icons/Weather/Foggy" 4604
"/Game/UltraDynamicSky/Textures/Icons/Weather/Clear_Skies" 4605
"C:/Users/Admin/Desktop/MainProject/Mutants/Content/UltraDynamicSky/Textures/Icons/Weather/Thunderstorms.uasset" 4606
"C:/Users/Admin/Desktop/MainProject/Mutants/Content/UltraDynamicSky/Sound/UDS_Weather.uasset" 4607
"C:/Users/Admin/Desktop/MainProject/Mutants/Content/UltraDynamicSky/Materials/Weather/Brush_Visualize_Wireframe.uasset" 4608
"C:/Users/Admin/Desktop/MainProject/Mutants/Content/Characters/Mannequins/Materials/Functions/ML_BaseColorFallOff.uasset" 4609
"../../../Engine/Plugins/Fab/Content/Textures/Standard/T_DefaultDisplacement.uasset" 4610
"../../../Engine/Plugins/Fab/Content/MaterialFunctions/QMF_BaseColorAdjustments.uasset" 4611
"C:/Users/Admin/Desktop/MainProject/Mutants/Content/UltraDynamicSky/Materials/Weather/Rain_Ripple_Decal.uasset" 4612
"C:/Users/Admin/Desktop/MainProject/Mutants/Content/UltraDynamicSky/Textures/Weather/Drips_Vertical_Mask.uasset" 4613
"../../../Engine/Plugins/Fab/Content/Textures/Standard/T_DefaultNormal.uasset" 4614
"../../../Engine/Plugins/Fab/Content/Textures/Standard/T_DefaultMasks.uasset" 4615
"../../../Engine/Plugins/Fab/Content/MaterialFunctions/QMF_RoughnessAdjustments.uasset" 4616
"../../../Engine/Plugins/Fab/Content/MaterialFunctions/QMF_NormalAdjustments.uasset" 4617
"../../../Engine/Plugins/Fab/Content/MaterialFunctions/QMF_AOAdjustments.uasset" 4618
"../../../Engine/Plugins/Fab/Content/Textures/Standard/T_DefaultColor.uasset" 4619
"C:/Users/Admin/Desktop/MainProject/Mutants/Content/UltraDynamicSky/Blueprints/Enum/UDS_Readme_Glossary_Type.uasset" 4620
"/Fab/Textures/Standard/T_DefaultColor" 4621
"/Fab/MaterialFunctions/QMF_NormalAdjustments" 4622
"C:/Users/Admin/Desktop/MainProject/Mutants/Content/UltraDynamicSky/Sound/MetaSounds/UDS_Stereo_Panning_and_Occlusion.uasset" 4623
"C:/Users/Admin/Desktop/MainProject/Mutants/Content/UltraDynamicSky/Textures/Icons/Weather/Overcast.uasset" 4624
"C:/Users/Admin/Desktop/MainProject/Mutants/Content/UltraDynamicSky/Textures/Icons/Weather/DustStorm.uasset" 4625
"C:/Users/Admin/Desktop/MainProject/Mutants/Content/UltraDynamicSky/Materials/Material_Functions/Scale_Radial_Gradient_Around_White.uasset" 4626
"/Fab/Textures/Standard/T_DefaultMasks" 4627
"/Fab/Textures/Standard/T_DefaultNormal" 4628
"/Fab/MaterialFunctions/QMF_BaseColorAdjustments" 4629
"/Fab/Textures/Standard/T_DefaultDisplacement" 4630
"../../../Engine/Content/Functions/Engine_MaterialFunctions01/Density/ExponentialDensity.uasset" 4631
"/Game/Characters/Mannequins/Materials/Functions/ML_BaseColorFallOff" 4632
"/Game/UltraDynamicSky/Materials/Weather/Brush_Visualize_Wireframe" 4633
"/Game/UltraDynamicSky/Sound/UDS_Weather" 4634
"/Game/UltraDynamicSky/Textures/Weather/Drips_Vertical_Mask" 4635
"/Game/UltraDynamicSky/Textures/Icons/Weather/Thunderstorms" 4636
"/Game/UltraDynamicSky/Blueprints/Enum/UDS_Readme_Glossary_Type" 4637
"/Fab/MaterialFunctions/QMF_AOAdjustments" 4638
"/Game/UltraDynamicSky/Materials/Weather/Rain_Ripple_Decal" 4639
"/Fab/MaterialFunctions/QMF_RoughnessAdjustments" 4640
"C:/Users/Admin/Desktop/MainProject/Mutants/Content/UltraDynamicSky/Textures/Weather/Rainbow_gradient.uasset" 4641
"C:/Users/Admin/Desktop/MainProject/Mutants/Content/UltraDynamicSky/Textures/Weather/RainSnow_Sheet.uasset" 4642
"C:/Users/Admin/Desktop/MainProject/Mutants/Content/UltraDynamicSky/Textures/Weather/Splash_Animation.uasset" 4643
"/Game/UltraDynamicSky/Sound/MetaSounds/UDS_Stereo_Panning_and_Occlusion" 4644
"C:/Users/Admin/Desktop/MainProject/Mutants/Content/UltraDynamicSky/Materials/Weather/WeatherParticle_DepthTest.uasset" 4645
"C:/Users/Admin/Desktop/MainProject/Mutants/Content/UltraDynamicSky/Materials/Material_Functions/RadialGradientBasic.uasset" 4646
"C:/Users/Admin/Desktop/MainProject/Mutants/Content/Characters/Mannequins/Materials/Functions/ChromaticCurve.uasset" 4647
"C:/Users/Admin/Desktop/MainProject/Mutants/Content/Characters/Mannequins/Textures/Shared/T_UE_Logo_M.uasset" 4648
"C:/Users/Admin/Desktop/MainProject/Mutants/Content/UltraDynamicSky/Textures/Weather/DLWE_Noise.uasset" 4649
"C:/Users/Admin/Desktop/MainProject/Mutants/Content/UltraDynamicSky/Textures/Weather/ObscuredLightningSheet.uasset" 4650
"C:/Users/Admin/Desktop/MainProject/Mutants/Content/UltraDynamicSky/Textures/Weather/WaterDroplets_Small.uasset" 4651
"C:/Users/Admin/Desktop/MainProject/Mutants/Content/UltraDynamicSky/Textures/Icons/Weather/Dust.uasset" 4652
"C:/Users/Admin/Desktop/MainProject/Mutants/Content/UltraDynamicSky/Materials/Material_Functions/DLWE_PuddleMask.uasset" 4653
"C:/Users/Admin/Desktop/MainProject/Mutants/Content/UltraDynamicSky/Textures/Weather/Dust_Alpha.uasset" 4654
"../../../Engine/Content/Functions/Engine_MaterialFunctions01/Coordinates/WorldUnitsInPixel.uasset" 4655
"../../../Engine/Content/Functions/Engine_MaterialFunctions02/Math/CreateThirdOrthogonalVector.uasset" 4656
"C:/Users/Admin/Desktop/MainProject/Mutants/Content/UltraDynamicSky/Textures/Weather/Lightning_Bolt.uasset" 4657
"../../../Engine/Content/Functions/Engine_MaterialFunctions02/Utility/DitherTemporalAA.uasset" 4658
"C:/Users/Admin/Desktop/MainProject/Mutants/Content/GameModesLevels/PlatformCrush/Materials/M_Platform.uasset" 4659
"C:/Users/Admin/Desktop/MainProject/Mutants/Content/UltraDynamicSky/Materials/Material_Functions/Cloud_UVs.uasset" 4660
"../../../Engine/Content/Functions/Engine_MaterialFunctions01/Coordinates/PixelInWorldUnits.uasset" 4661
"../../../Engine/Content/Functions/Engine_MaterialFunctions02/Utility/DepthFromWorldPosition.uasset" 4662
"C:/Users/Admin/Desktop/MainProject/Mutants/Content/UltraDynamicSky/Materials/Material_Functions/Tiling_Stars_UVs.uasset" 4663
"C:/Users/Admin/Desktop/MainProject/Mutants/Content/UltraDynamicSky/Materials/Material_Functions/UDS_Basic_LightFunction.uasset" 4664
"../../../Engine/Content/EngineMaterials/PPM_DefaultCalibrationGrayscale.uasset" 4665
"/Game/UltraDynamicSky/Textures/Weather/Rainbow_gradient" 4666
"/Game/UltraDynamicSky/Textures/Icons/Weather/Overcast" 4667
"../../../Engine/Plugins/Interchange/Assets/Content/Functions/MX_Surface.uasset" 4668
"/Game/UltraDynamicSky/Textures/Weather/RainSnow_Sheet" 4669
"/Game/UltraDynamicSky/Textures/Icons/Weather/DustStorm" 4670
"../../../Engine/Content/EngineMaterials/PPM_DefaultCalibrationColor.uasset" 4671
"/Engine/Functions/Engine_MaterialFunctions01/Density/ExponentialDensity" 4672
"/Game/UltraDynamicSky/Materials/Material_Functions/Scale_Radial_Gradient_Around_White" 4673
"/Engine/EngineMaterials/PPM_DefaultCalibrationColor" 4674
"/Engine/EngineMaterials/PPM_DefaultCalibrationGrayscale" 4675
"/InterchangeAssets/Functions/MX_Surface" 4676
"C:/Users/Admin/Desktop/MainProject/Mutants/Content/UltraDynamicSky/Materials/Weather/Limit_Weather_Particle_Ambient.uasset" 4677
"../../../Engine/Content/MobileResources/HUD/DefaultVirtualJoysticks.uasset" 4678
"../../../Engine/Content/EngineMaterials/Substrate/Volume/SubstrateSimpleVolumeEnvLUT3D.uasset" 4679
"../../../Engine/Content/Functions/MaterialLayerFunctions/MatLayerBlend_OverrideOpacity.uasset" 4680
"/Game/GameModesLevels/PlatformCrush/Materials/M_Platform" 4681
"/Game/UltraDynamicSky/Textures/Weather/Splash_Animation" 4682
"/Engine/Functions/Engine_MaterialFunctions02/Utility/DepthFromWorldPosition" 4683
"/Game/UltraDynamicSky/Materials/Material_Functions/Tiling_Stars_UVs" 4684
"../../../Engine/Content/EngineMaterials/Substrate/GLints2/AGlintTex2dArray2.uasset" 4685
"../../../Engine/Content/EditorMaterials/PreviewShadowIndicatorMaterial.uasset" 4686
"C:/Users/Admin/Desktop/MainProject/Mutants/Content/MainMenu/OnlineGameInstance.uasset" 4687
"../../../Engine/Content/EngineMaterials/Substrate/Volume/SubstrateSimpleVolumeLUT3D.uasset" 4688
"../../../Engine/Content/EngineMaterials/Substrate/GLints/AGlintTex2dArray.uasset" 4689
"/Engine/Functions/Engine_MaterialFunctions02/Utility/DitherTemporalAA" 4690
"/Engine/Functions/Engine_MaterialFunctions02/Math/CreateThirdOrthogonalVector" 4691
"/Game/UltraDynamicSky/Materials/Material_Functions/Cloud_UVs" 4692
"/Game/UltraDynamicSky/Textures/Weather/Dust_Alpha" 4693
"/Game/UltraDynamicSky/Materials/Material_Functions/UDS_Basic_LightFunction" 4694
"/Game/UltraDynamicSky/Textures/Weather/WaterDroplets_Small" 4695
"/Game/UltraDynamicSky/Textures/Weather/ObscuredLightningSheet" 4696
"/Game/Characters/Mannequins/Textures/Shared/T_UE_Logo_M" 4697
"/Game/Characters/Mannequins/Materials/Functions/ChromaticCurve" 4698
"/Game/UltraDynamicSky/Textures/Weather/Lightning_Bolt" 4699
"/Game/UltraDynamicSky/Materials/Material_Functions/RadialGradientBasic" 4700
"/Game/UltraDynamicSky/Materials/Weather/WeatherParticle_DepthTest" 4701
"/Game/UltraDynamicSky/Textures/Icons/Weather/Dust" 4702
"/Game/UltraDynamicSky/Materials/Material_Functions/DLWE_PuddleMask" 4703
"/Engine/Functions/Engine_MaterialFunctions01/Coordinates/PixelInWorldUnits" 4704
"/Engine/Functions/Engine_MaterialFunctions01/Coordinates/WorldUnitsInPixel" 4705
"/Game/UltraDynamicSky/Textures/Weather/DLWE_Noise" 4706
"../../../Engine/Content/EditorBlueprintResources/ActorMacros.uasset" 4707
"/Game/MainMenu/OnlineGameInstance" 4708
"C:/Users/Admin/Desktop/MainProject/Mutants/Content/MutantParts/Structures/ST_PartConfig.uasset" 4709
"C:/Users/Admin/Desktop/MainProject/Mutants/Content/ThirdPerson/Blueprints/ST_BodyParts.uasset" 4710
"C:/Users/Admin/Desktop/MainProject/Mutants/Content/Weapons/BP_Weapon.uasset" 4711
"C:/Users/Admin/Desktop/MainProject/Mutants/Content/MainMenu/Customize/CustomizeMaterial.uasset" 4712
"C:/Users/Admin/Desktop/MainProject/Mutants/Content/StarterContent/Materials/M_Wood_Walnut.uasset" 4713
"C:/Users/Admin/Desktop/MainProject/Mutants/Content/StarterContent/Materials/M_Wood_Oak.uasset" 4714
"C:/Users/Admin/Desktop/MainProject/Mutants/Content/GameModesLevels/PotionChaos/PCG/PCGGraph.uasset" 4715
"C:/Users/Admin/Desktop/MainProject/Mutants/Content/StarterContent/Materials/M_Metal_Rust.uasset" 4716
"C:/Users/Admin/Desktop/MainProject/Mutants/Content/GameModesLevels/MusicLevel/BPI_Tiles.uasset" 4717
"C:/Users/Admin/Desktop/MainProject/Mutants/Content/UltraDynamicSky/Textures/3D_Clouds/3DCells_128.uasset" 4718
"/Engine/EditorMaterials/PreviewShadowIndicatorMaterial" 4719
"C:/Users/Admin/Desktop/MainProject/Mutants/Content/UltraDynamicSky/Materials/Overcast_Turbulence.uasset" 4720
"C:/Users/Admin/Desktop/MainProject/Mutants/Content/UltraDynamicSky/Materials/Material_Functions/Cloud_Wisps.uasset" 4721
"C:/Users/Admin/Desktop/MainProject/Mutants/Content/UltraDynamicSky/Materials/Material_Functions/Moon.uasset" 4722
"C:/Users/Admin/Desktop/MainProject/Mutants/Content/UltraDynamicSky/Materials/Material_Functions/Aurora.uasset" 4723
"C:/Users/Admin/Desktop/MainProject/Mutants/Content/UltraDynamicSky/Materials/Volumetric_Aurora.uasset" 4724
"C:/Users/Admin/Desktop/MainProject/Mutants/Content/MutantParts/Props/SK_ArmR_Lower.uasset" 4725
"/Game/UltraDynamicSky/Materials/Weather/Limit_Weather_Particle_Ambient" 4726
"C:/Users/Admin/Desktop/MainProject/Mutants/Content/StarterContent/Shapes/Shape_Cube.uasset" 4727
"C:/Users/Admin/Desktop/MainProject/Mutants/Content/UltraDynamicSky/Materials/Weather/Wind_Debris.uasset" 4728
"C:/Users/Admin/Desktop/MainProject/Mutants/Content/UltraDynamicSky/Materials/Material_Functions/Map_Cloud_Textures.uasset" 4729
"C:/Users/Admin/Desktop/MainProject/Mutants/Content/UltraDynamicSky/Textures/3D_Clouds/3D_Cells_32.uasset" 4730
"C:/Users/Admin/Desktop/MainProject/Mutants/Content/UltraDynamicSky/Blueprints/System/Calendars/Gregorian_Calendar.uasset" 4731
"C:/Users/Admin/Desktop/MainProject/Mutants/Content/UltraDynamicSky/Materials/Weather/Radial_Storm_Weather_Draw.uasset" 4732
"C:/Users/Admin/Desktop/MainProject/Mutants/Content/UltraDynamicSky/Textures/3D_Clouds/3D_Cells_64.uasset" 4733
"/Engine/EngineMaterials/Substrate/GLints/AGlintTex2dArray" 4734
"../../../Engine/Content/EngineMaterials/Substrate/GLints/dict_16_192_64_0p5_0p02_0000_0000.uasset" 4735
"../../../Engine/Content/EngineMaterials/Substrate/GLints/dict_16_192_64_0p5_0p02_0000_0001.uasset" 4736
"../../../Engine/Content/EngineMaterials/Substrate/GLints/dict_16_192_64_0p5_0p02_0000_0002.uasset" 4737
"../../../Engine/Content/EngineMaterials/Substrate/GLints/dict_16_192_64_0p5_0p02_0000_0003.uasset" 4738
"../../../Engine/Content/EngineMaterials/Substrate/GLints/dict_16_192_64_0p5_0p02_0000_0004.uasset" 4739
"../../../Engine/Content/EngineMaterials/Substrate/GLints/dict_16_192_64_0p5_0p02_0000_0005.uasset" 4740
"../../../Engine/Content/EngineMaterials/Substrate/GLints/dict_16_192_64_0p5_0p02_0000_0006.uasset" 4741
"../../../Engine/Content/EngineMaterials/Substrate/GLints/dict_16_192_64_0p5_0p02_0000_0007.uasset" 4742
"../../../Engine/Content/EngineMaterials/Substrate/GLints/dict_16_192_64_0p5_0p02_0000_0008.uasset" 4743
"../../../Engine/Content/EngineMaterials/Substrate/GLints/dict_16_192_64_0p5_0p02_0000_0009.uasset" 4744
"../../../Engine/Content/EngineMaterials/Substrate/GLints/dict_16_192_64_0p5_0p02_0000_0010.uasset" 4745
"../../../Engine/Content/EngineMaterials/Substrate/GLints/dict_16_192_64_0p5_0p02_0000_0011.uasset" 4746
"../../../Engine/Content/EngineMaterials/Substrate/GLints/dict_16_192_64_0p5_0p02_0000_0012.uasset" 4747
"../../../Engine/Content/EngineMaterials/Substrate/GLints/dict_16_192_64_0p5_0p02_0000_0013.uasset" 4748
"../../../Engine/Content/EngineMaterials/Substrate/GLints/dict_16_192_64_0p5_0p02_0000_0014.uasset" 4749
"../../../Engine/Content/EngineMaterials/Substrate/GLints/dict_16_192_64_0p5_0p02_0000_0015.uasset" 4750
"../../../Engine/Content/EngineMaterials/Substrate/GLints/dict_16_192_64_0p5_0p02_0001_0000.uasset" 4751
"../../../Engine/Content/EngineMaterials/Substrate/GLints/dict_16_192_64_0p5_0p02_0001_0001.uasset" 4752
"../../../Engine/Content/EngineMaterials/Substrate/GLints/dict_16_192_64_0p5_0p02_0001_0002.uasset" 4753
"../../../Engine/Content/EngineMaterials/Substrate/GLints/dict_16_192_64_0p5_0p02_0001_0003.uasset" 4754
"../../../Engine/Content/EngineMaterials/Substrate/GLints/dict_16_192_64_0p5_0p02_0001_0004.uasset" 4755
"../../../Engine/Content/EngineMaterials/Substrate/GLints/dict_16_192_64_0p5_0p02_0001_0005.uasset" 4756
"../../../Engine/Content/EngineMaterials/Substrate/GLints/dict_16_192_64_0p5_0p02_0001_0006.uasset" 4757
"../../../Engine/Content/EngineMaterials/Substrate/GLints/dict_16_192_64_0p5_0p02_0001_0007.uasset" 4758
"../../../Engine/Content/EngineMaterials/Substrate/GLints/dict_16_192_64_0p5_0p02_0001_0008.uasset" 4759
"../../../Engine/Content/EngineMaterials/Substrate/GLints/dict_16_192_64_0p5_0p02_0001_0009.uasset" 4760
"../../../Engine/Content/EngineMaterials/Substrate/GLints/dict_16_192_64_0p5_0p02_0001_0010.uasset" 4761
"../../../Engine/Content/EngineMaterials/Substrate/GLints/dict_16_192_64_0p5_0p02_0001_0011.uasset" 4762
"../../../Engine/Content/EngineMaterials/Substrate/GLints/dict_16_192_64_0p5_0p02_0001_0012.uasset" 4763
"../../../Engine/Content/EngineMaterials/Substrate/GLints/dict_16_192_64_0p5_0p02_0001_0013.uasset" 4764
"../../../Engine/Content/EngineMaterials/Substrate/GLints/dict_16_192_64_0p5_0p02_0001_0014.uasset" 4765
"../../../Engine/Content/EngineMaterials/Substrate/GLints/dict_16_192_64_0p5_0p02_0001_0015.uasset" 4766
"../../../Engine/Content/EngineMaterials/Substrate/GLints/dict_16_192_64_0p5_0p02_0002_0000.uasset" 4767
"../../../Engine/Content/EngineMaterials/Substrate/GLints/dict_16_192_64_0p5_0p02_0002_0001.uasset" 4768
"../../../Engine/Content/EngineMaterials/Substrate/GLints/dict_16_192_64_0p5_0p02_0002_0002.uasset" 4769
"../../../Engine/Content/EngineMaterials/Substrate/GLints/dict_16_192_64_0p5_0p02_0002_0003.uasset" 4770
"../../../../../../Users/Admin/Desktop/MainProject/Mutants/Content/UltraDynamicSky/Textures/Icons/Key_Handle.uasset" 4771
"../../../../../../Users/Admin/Desktop/MainProject/Mutants/Content/UltraDynamicSky/Blueprints/System/Editor_UI/Cloud_Painter/Cloud_Painter_BrushFrame.uasset" 4772
"../../../../../../Users/Admin/Desktop/MainProject/Mutants/Content/UltraDynamicSky/Textures/Icons/Weather/PartlyCloudy.uasset" 4773
"../../../../../../Users/Admin/Desktop/MainProject/Mutants/Content/UltraDynamicSky/Textures/Icons/Weather/Snow.uasset" 4774
"../../../Engine/Content/EngineMaterials/Substrate/GLints/dict_16_192_64_0p5_0p02_0002_0004.uasset" 4775
"../../../../../../Users/Admin/Desktop/MainProject/Mutants/Content/UltraDynamicSky/Textures/Icons/Weather/Blizzard.uasset" 4776
"../../../../../../Users/Admin/Desktop/MainProject/Mutants/Content/UltraDynamicSky/Textures/Icons/Weather/Cloudy.uasset" 4777
"../../../../../../Users/Admin/Desktop/MainProject/Mutants/Content/UltraDynamicSky/Textures/Icons/Weather/Light_Snow.uasset" 4778
"../../../../../../Users/Admin/Desktop/MainProject/Mutants/Content/UltraDynamicSky/Textures/Icons/Weather/LightRain.uasset" 4779
"../../../../../../Users/Admin/Desktop/MainProject/Mutants/Content/UltraDynamicSky/Textures/Icons/Weather/Rain.uasset" 4780
"../../../../../../Users/Admin/Desktop/MainProject/Mutants/Content/UltraDynamicSky/Textures/Icons/Weather/Thunderstorms.uasset" 4781
"../../../../../../Users/Admin/Desktop/MainProject/Mutants/Content/UltraDynamicSky/Textures/Icons/Weather/Foggy.uasset" 4782
"../../../../../../Users/Admin/Desktop/MainProject/Mutants/Content/UltraDynamicSky/Textures/Icons/Weather/Clear_Skies.uasset" 4783
"../../../Engine/Content/EngineMaterials/Substrate/GLints/dict_16_192_64_0p5_0p02_0002_0005.uasset" 4784
"../../../../../../Users/Admin/Desktop/MainProject/Mutants/Content/UltraDynamicSky/Textures/Icons/Weather/DustStorm.uasset" 4785
"../../../../../../Users/Admin/Desktop/MainProject/Mutants/Content/UltraDynamicSky/Textures/Icons/Weather/Dust.uasset" 4786
"../../../../../../Users/Admin/Desktop/MainProject/Mutants/Content/UltraDynamicSky/Textures/Icons/Weather/Overcast.uasset" 4787
"../../../Engine/Content/EngineMaterials/Substrate/GLints/dict_16_192_64_0p5_0p02_0002_0006.uasset" 4788
"../../../../../../Users/Admin/Desktop/MainProject/Mutants/Content/UltraDynamicSky/Textures/Sky/Real_Stars.uasset" 4789
"../../../../../../Users/Admin/Desktop/MainProject/Mutants/Content/UltraDynamicSky/Textures/StaticClouds/StaticClouds_A.uasset" 4790
"../../../../../../Users/Admin/Desktop/MainProject/Mutants/Content/UltraDynamicSky/Textures/Clouds/Aurora_Clouds.uasset" 4791
"../../../Engine/Content/EngineMaterials/Substrate/GLints/dict_16_192_64_0p5_0p02_0002_0007.uasset" 4792
"../../../../../../Users/Admin/Desktop/MainProject/Mutants/Content/UltraDynamicSky/Textures/Icons/Weather_Mask_Brush.uasset" 4793
"../../../Engine/Content/EngineMaterials/Substrate/GLints/dict_16_192_64_0p5_0p02_0002_0008.uasset" 4794
"../../../Engine/Content/EngineMaterials/Substrate/GLints/dict_16_192_64_0p5_0p02_0002_0009.uasset" 4795
"../../../Engine/Content/EngineMaterials/Substrate/GLints/dict_16_192_64_0p5_0p02_0002_0010.uasset" 4796
"../../../Engine/Content/EngineMaterials/Substrate/GLints/dict_16_192_64_0p5_0p02_0002_0011.uasset" 4797
"../../../Engine/Content/EngineMaterials/Substrate/GLints/dict_16_192_64_0p5_0p02_0002_0012.uasset" 4798
"../../../Engine/Content/EngineMaterials/Substrate/GLints/dict_16_192_64_0p5_0p02_0002_0013.uasset" 4799
"../../../Engine/Content/EngineMaterials/Substrate/GLints/dict_16_192_64_0p5_0p02_0002_0014.uasset" 4800
"../../../Engine/Content/EngineMaterials/Substrate/GLints/dict_16_192_64_0p5_0p02_0002_0015.uasset" 4801
"../../../Engine/Content/EngineMaterials/Substrate/GLints/dict_16_192_64_0p5_0p02_0003_0000.uasset" 4802
"../../../../../../Users/Admin/Desktop/MainProject/Mutants/Content/UltraDynamicSky/Textures/LensFlares/Anamorphic_Streak.uasset" 4803
"../../../../../../Users/Admin/Desktop/MainProject/Mutants/Content/UltraDynamicSky/Textures/LensFlares/Soft_Abberation.uasset" 4804
"../../../Engine/Content/EngineMaterials/Substrate/GLints/dict_16_192_64_0p5_0p02_0003_0001.uasset" 4805
"../../../../../../Users/Admin/Desktop/MainProject/Mutants/Content/UltraDynamicSky/Textures/LensFlares/Circle_Bokeh.uasset" 4806
"../../../../../../Users/Admin/Desktop/MainProject/Mutants/Content/UltraDynamicSky/Textures/LensFlares/Anamorphic_Flare.uasset" 4807
"../../../../../../Users/Admin/Desktop/MainProject/Mutants/Content/UltraDynamicSky/Textures/LensFlares/Flare_Line.uasset" 4808
"../../../../../../Users/Admin/Desktop/MainProject/Mutants/Content/UltraDynamicSky/Textures/LensFlares/Prime_Flare.uasset" 4809
"../../../../../../Users/Admin/Desktop/MainProject/Mutants/Content/UltraDynamicSky/Textures/LensFlares/Star_Flare.uasset" 4810
"../../../Engine/Content/EngineMaterials/Substrate/GLints/dict_16_192_64_0p5_0p02_0003_0002.uasset" 4811
"../../../../../../Users/Admin/Desktop/MainProject/Mutants/Content/UltraDynamicSky/Textures/LensFlares/Rainbow_Ring.uasset" 4812
"../../../../../../Users/Admin/Desktop/MainProject/Mutants/Content/UltraDynamicSky/Textures/LensFlares/Rough_Abberated_Bokeh.uasset" 4813
"../../../Engine/Content/EngineMaterials/Substrate/GLints/dict_16_192_64_0p5_0p02_0003_0003.uasset" 4814
"../../../../../../Users/Admin/Desktop/MainProject/Mutants/Content/UltraDynamicSky/Textures/Space/Rings/Planetary_Ring_1.uasset" 4815
"../../../../../../Users/Admin/Desktop/MainProject/Mutants/Content/UltraDynamicSky/Textures/Space/Planets_Moons/Deform_Noise.uasset" 4816
"../../../Engine/Content/EngineMaterials/Substrate/GLints/dict_16_192_64_0p5_0p02_0003_0004.uasset" 4817
"../../../Engine/Content/EngineMaterials/Substrate/GLints/dict_16_192_64_0p5_0p02_0003_0005.uasset" 4818
"../../../Engine/Content/EngineMaterials/Substrate/GLints/dict_16_192_64_0p5_0p02_0003_0006.uasset" 4819
"../../../Engine/Content/EngineMaterials/Substrate/GLints/dict_16_192_64_0p5_0p02_0003_0007.uasset" 4820
"../../../Engine/Content/EngineMaterials/Substrate/GLints/dict_16_192_64_0p5_0p02_0003_0008.uasset" 4821
"../../../Engine/Content/EngineMaterials/Substrate/GLints/dict_16_192_64_0p5_0p02_0003_0009.uasset" 4822
"../../../../../../Users/Admin/Desktop/MainProject/Mutants/Content/UltraDynamicSky/Textures/Weather/ParticleClouds.uasset" 4823
"../../../Engine/Content/EngineMaterials/Substrate/GLints/dict_16_192_64_0p5_0p02_0003_0010.uasset" 4824
"../../../../../../Users/Admin/Desktop/MainProject/Mutants/Content/UltraDynamicSky/Textures/Weather/Snow_Normal.uasset" 4825
"../../../../../../Users/Admin/Desktop/MainProject/Mutants/Content/UltraDynamicSky/Textures/Weather/Frost_Scatter.uasset" 4826
"../../../Engine/Content/EngineMaterials/Substrate/GLints/dict_16_192_64_0p5_0p02_0003_0011.uasset" 4827
"../../../Engine/Content/EngineMaterials/Substrate/GLints/dict_16_192_64_0p5_0p02_0003_0012.uasset" 4828
"../../../Engine/Content/EngineMaterials/Substrate/GLints/dict_16_192_64_0p5_0p02_0003_0013.uasset" 4829
"../../../Engine/Content/EngineMaterials/Substrate/GLints/dict_16_192_64_0p5_0p02_0003_0014.uasset" 4830
"../../../Engine/Content/EngineMaterials/Substrate/GLints/dict_16_192_64_0p5_0p02_0003_0015.uasset" 4831
"../../../Engine/Content/EngineMaterials/Substrate/GLints/dict_16_192_64_0p5_0p02_0004_0000.uasset" 4832
"../../../Engine/Content/EngineMaterials/Substrate/GLints/dict_16_192_64_0p5_0p02_0004_0001.uasset" 4833
"../../../Engine/Content/EngineMaterials/Substrate/GLints/dict_16_192_64_0p5_0p02_0004_0002.uasset" 4834
"../../../Engine/Content/EngineMaterials/Substrate/GLints/dict_16_192_64_0p5_0p02_0004_0003.uasset" 4835
"../../../Engine/Content/EngineMaterials/Substrate/GLints/dict_16_192_64_0p5_0p02_0004_0004.uasset" 4836
"../../../Engine/Content/EngineMaterials/Substrate/GLints/dict_16_192_64_0p5_0p02_0004_0005.uasset" 4837
"../../../Engine/Content/EngineMaterials/Substrate/GLints/dict_16_192_64_0p5_0p02_0004_0006.uasset" 4838
"../../../Engine/Content/EngineMaterials/Substrate/GLints/dict_16_192_64_0p5_0p02_0004_0007.uasset" 4839
"../../../Engine/Content/EngineMaterials/Substrate/GLints/dict_16_192_64_0p5_0p02_0004_0008.uasset" 4840
"../../../Engine/Content/EngineMaterials/Substrate/GLints/dict_16_192_64_0p5_0p02_0004_0009.uasset" 4841
"../../../Engine/Content/EngineMaterials/Substrate/GLints/dict_16_192_64_0p5_0p02_0004_0010.uasset" 4842
"../../../Engine/Content/EngineMaterials/Substrate/GLints/dict_16_192_64_0p5_0p02_0004_0011.uasset" 4843
"../../../Engine/Content/EngineMaterials/Substrate/GLints/dict_16_192_64_0p5_0p02_0004_0012.uasset" 4844
"../../../Engine/Content/EngineMaterials/Substrate/GLints/dict_16_192_64_0p5_0p02_0004_0013.uasset" 4845
"../../../Engine/Content/EngineMaterials/Substrate/GLints/dict_16_192_64_0p5_0p02_0004_0014.uasset" 4846
"../../../Engine/Content/EngineMaterials/Substrate/GLints/dict_16_192_64_0p5_0p02_0004_0015.uasset" 4847
"../../../Engine/Content/EngineMaterials/Substrate/GLints/dict_16_192_64_0p5_0p02_0005_0000.uasset" 4848
"../../../Engine/Content/EngineMaterials/Substrate/GLints/dict_16_192_64_0p5_0p02_0005_0001.uasset" 4849
"../../../Engine/Content/EngineMaterials/Substrate/GLints/dict_16_192_64_0p5_0p02_0005_0002.uasset" 4850
"../../../Engine/Content/EngineMaterials/Substrate/GLints/dict_16_192_64_0p5_0p02_0005_0003.uasset" 4851
"../../../Engine/Content/EngineMaterials/Substrate/GLints/dict_16_192_64_0p5_0p02_0005_0004.uasset" 4852
"../../../Engine/Content/EngineMaterials/Substrate/GLints/dict_16_192_64_0p5_0p02_0005_0005.uasset" 4853
"../../../Engine/Content/EngineMaterials/Substrate/GLints/dict_16_192_64_0p5_0p02_0005_0006.uasset" 4854
"../../../Engine/Content/EngineMaterials/Substrate/GLints/dict_16_192_64_0p5_0p02_0005_0007.uasset" 4855
"../../../Engine/Content/EngineMaterials/Substrate/GLints/dict_16_192_64_0p5_0p02_0005_0008.uasset" 4856
"../../../Engine/Content/EngineMaterials/Substrate/GLints/dict_16_192_64_0p5_0p02_0005_0009.uasset" 4857
"../../../Engine/Content/EngineMaterials/Substrate/GLints/dict_16_192_64_0p5_0p02_0005_0010.uasset" 4858
"../../../Engine/Content/EngineMaterials/Substrate/GLints/dict_16_192_64_0p5_0p02_0005_0011.uasset" 4859
"../../../Engine/Content/EngineMaterials/Substrate/GLints/dict_16_192_64_0p5_0p02_0005_0012.uasset" 4860
"../../../Engine/Content/EngineMaterials/Substrate/GLints/dict_16_192_64_0p5_0p02_0005_0013.uasset" 4861
"../../../Engine/Content/EngineMaterials/Substrate/GLints/dict_16_192_64_0p5_0p02_0005_0014.uasset" 4862
"../../../Engine/Content/EngineMaterials/Substrate/GLints/dict_16_192_64_0p5_0p02_0005_0015.uasset" 4863
"../../../Engine/Content/EngineMaterials/Substrate/GLints/dict_16_192_64_0p5_0p02_0006_0000.uasset" 4864
"../../../Engine/Content/EngineMaterials/Substrate/GLints/dict_16_192_64_0p5_0p02_0006_0001.uasset" 4865
"../../../Engine/Content/EngineMaterials/Substrate/GLints/dict_16_192_64_0p5_0p02_0006_0002.uasset" 4866
"../../../Engine/Content/EngineMaterials/Substrate/GLints/dict_16_192_64_0p5_0p02_0006_0003.uasset" 4867
"../../../Engine/Content/EngineMaterials/Substrate/GLints/dict_16_192_64_0p5_0p02_0006_0004.uasset" 4868
"../../../Engine/Content/EngineMaterials/Substrate/GLints/dict_16_192_64_0p5_0p02_0006_0005.uasset" 4869
"../../../Engine/Content/EngineMaterials/Substrate/GLints/dict_16_192_64_0p5_0p02_0006_0006.uasset" 4870
"../../../Engine/Content/EngineMaterials/Substrate/GLints/dict_16_192_64_0p5_0p02_0006_0007.uasset" 4871
"../../../Engine/Content/EngineMaterials/Substrate/GLints/dict_16_192_64_0p5_0p02_0006_0008.uasset" 4872
"../../../Engine/Content/EngineMaterials/Substrate/GLints/dict_16_192_64_0p5_0p02_0006_0009.uasset" 4873
"../../../Engine/Content/EngineMaterials/Substrate/GLints/dict_16_192_64_0p5_0p02_0006_0010.uasset" 4874
"../../../Engine/Content/EngineMaterials/Substrate/GLints/dict_16_192_64_0p5_0p02_0006_0011.uasset" 4875
"../../../Engine/Content/EngineMaterials/Substrate/GLints/dict_16_192_64_0p5_0p02_0006_0012.uasset" 4876
"../../../Engine/Content/EngineMaterials/Substrate/GLints/dict_16_192_64_0p5_0p02_0006_0013.uasset" 4877
"../../../Engine/Content/EngineMaterials/Substrate/GLints/dict_16_192_64_0p5_0p02_0006_0014.uasset" 4878
"../../../Engine/Content/EngineMaterials/Substrate/GLints/dict_16_192_64_0p5_0p02_0006_0015.uasset" 4879
"../../../Engine/Content/EngineMaterials/Substrate/GLints/dict_16_192_64_0p5_0p02_0007_0000.uasset" 4880
"../../../Engine/Content/EngineMaterials/Substrate/GLints/dict_16_192_64_0p5_0p02_0007_0001.uasset" 4881
"../../../Engine/Content/EngineMaterials/Substrate/GLints/dict_16_192_64_0p5_0p02_0007_0002.uasset" 4882
"../../../Engine/Content/EngineMaterials/Substrate/GLints/dict_16_192_64_0p5_0p02_0007_0003.uasset" 4883
"../../../Engine/Content/EngineMaterials/Substrate/GLints/dict_16_192_64_0p5_0p02_0007_0004.uasset" 4884
"../../../Engine/Content/EngineMaterials/Substrate/GLints/dict_16_192_64_0p5_0p02_0007_0005.uasset" 4885
"../../../Engine/Content/EngineMaterials/Substrate/GLints/dict_16_192_64_0p5_0p02_0007_0006.uasset" 4886
"../../../Engine/Content/EngineMaterials/Substrate/GLints/dict_16_192_64_0p5_0p02_0007_0007.uasset" 4887
"../../../Engine/Content/EngineMaterials/Substrate/GLints/dict_16_192_64_0p5_0p02_0007_0008.uasset" 4888
"../../../Engine/Content/EngineMaterials/Substrate/GLints/dict_16_192_64_0p5_0p02_0007_0009.uasset" 4889
"../../../Engine/Content/EngineMaterials/Substrate/GLints/dict_16_192_64_0p5_0p02_0007_0010.uasset" 4890
"../../../Engine/Content/EngineMaterials/Substrate/GLints/dict_16_192_64_0p5_0p02_0007_0011.uasset" 4891
"../../../Engine/Content/EngineMaterials/Substrate/GLints/dict_16_192_64_0p5_0p02_0007_0012.uasset" 4892
"../../../Engine/Content/EngineMaterials/Substrate/GLints/dict_16_192_64_0p5_0p02_0007_0013.uasset" 4893
"../../../Engine/Content/EngineMaterials/Substrate/GLints/dict_16_192_64_0p5_0p02_0007_0014.uasset" 4894
"../../../Engine/Content/EngineMaterials/Substrate/GLints/dict_16_192_64_0p5_0p02_0007_0015.uasset" 4895
"../../../Engine/Content/EngineMaterials/Substrate/GLints/dict_16_192_64_0p5_0p02_0008_0000.uasset" 4896
"../../../Engine/Content/EngineMaterials/Substrate/GLints/dict_16_192_64_0p5_0p02_0008_0001.uasset" 4897
"../../../Engine/Content/EngineMaterials/Substrate/GLints/dict_16_192_64_0p5_0p02_0008_0002.uasset" 4898
"../../../../../../Users/Admin/Desktop/MainProject/Mutants/Content/UltraDynamicSky/Textures/Weather/Debris_Twigs_and_Leaves.uasset" 4899
"../../../Engine/Content/EngineMaterials/Substrate/GLints/dict_16_192_64_0p5_0p02_0008_0003.uasset" 4900
"../../../Engine/Content/EngineMaterials/Substrate/GLints/dict_16_192_64_0p5_0p02_0008_0004.uasset" 4901
"../../../Engine/Content/EngineMaterials/Substrate/GLints/dict_16_192_64_0p5_0p02_0008_0005.uasset" 4902
"../../../Engine/Content/EngineMaterials/Substrate/GLints/dict_16_192_64_0p5_0p02_0008_0006.uasset" 4903
"../../../Engine/Content/EngineMaterials/Substrate/GLints/dict_16_192_64_0p5_0p02_0008_0007.uasset" 4904
"../../../Engine/Content/EngineMaterials/Substrate/GLints/dict_16_192_64_0p5_0p02_0008_0008.uasset" 4905
"../../../Engine/Content/EngineMaterials/Substrate/GLints/dict_16_192_64_0p5_0p02_0008_0009.uasset" 4906
"../../../Engine/Content/EngineMaterials/Substrate/GLints/dict_16_192_64_0p5_0p02_0008_0010.uasset" 4907
"../../../Engine/Content/EngineMaterials/Substrate/GLints/dict_16_192_64_0p5_0p02_0008_0011.uasset" 4908
"../../../Engine/Content/EngineMaterials/Substrate/GLints/dict_16_192_64_0p5_0p02_0008_0012.uasset" 4909
"../../../Engine/Content/EngineMaterials/Substrate/GLints/dict_16_192_64_0p5_0p02_0008_0013.uasset" 4910
"../../../Engine/Content/EngineMaterials/Substrate/GLints/dict_16_192_64_0p5_0p02_0008_0014.uasset" 4911
"../../../Engine/Content/EngineMaterials/Substrate/GLints/dict_16_192_64_0p5_0p02_0008_0015.uasset" 4912
"../../../Engine/Content/EngineMaterials/Substrate/GLints/dict_16_192_64_0p5_0p02_0009_0000.uasset" 4913
"../../../Engine/Content/EngineMaterials/Substrate/GLints/dict_16_192_64_0p5_0p02_0009_0001.uasset" 4914
"../../../Engine/Content/EngineMaterials/Substrate/GLints/dict_16_192_64_0p5_0p02_0009_0002.uasset" 4915
"../../../Engine/Content/EngineMaterials/Substrate/GLints/dict_16_192_64_0p5_0p02_0009_0003.uasset" 4916
"../../../Engine/Content/EngineMaterials/Substrate/GLints/dict_16_192_64_0p5_0p02_0009_0004.uasset" 4917
"../../../Engine/Content/EngineMaterials/Substrate/GLints/dict_16_192_64_0p5_0p02_0009_0005.uasset" 4918
"../../../Engine/Content/EngineMaterials/Substrate/GLints/dict_16_192_64_0p5_0p02_0009_0006.uasset" 4919
"../../../Engine/Content/EngineMaterials/Substrate/GLints/dict_16_192_64_0p5_0p02_0009_0007.uasset" 4920
"../../../Engine/Content/EngineMaterials/Substrate/GLints/dict_16_192_64_0p5_0p02_0009_0008.uasset" 4921
"../../../Engine/Content/EngineMaterials/Substrate/GLints/dict_16_192_64_0p5_0p02_0009_0009.uasset" 4922
"../../../Engine/Content/EngineMaterials/Substrate/GLints/dict_16_192_64_0p5_0p02_0009_0010.uasset" 4923
"../../../Engine/Content/EngineMaterials/Substrate/GLints/dict_16_192_64_0p5_0p02_0009_0011.uasset" 4924
"../../../Engine/Content/EngineMaterials/Substrate/GLints/dict_16_192_64_0p5_0p02_0009_0012.uasset" 4925
"../../../Engine/Content/EngineMaterials/Substrate/GLints/dict_16_192_64_0p5_0p02_0009_0013.uasset" 4926
"../../../../../../Users/Admin/Desktop/MainProject/Mutants/Content/UltraDynamicSky/Textures/Weather/Drips_Vertical_Mask.uasset" 4927
"../../../../../../Users/Admin/Desktop/MainProject/Mutants/Content/UltraDynamicSky/Textures/Weather/Rainbow_gradient.uasset" 4928
"../../../Engine/Content/EngineMaterials/Substrate/GLints/dict_16_192_64_0p5_0p02_0009_0014.uasset" 4929
"../../../../../../Users/Admin/Desktop/MainProject/Mutants/Content/UltraDynamicSky/Textures/Weather/RainSnow_Sheet.uasset" 4930
"../../../../../../Users/Admin/Desktop/MainProject/Mutants/Content/UltraDynamicSky/Textures/Weather/Splash_Animation.uasset" 4931
"../../../../../../Users/Admin/Desktop/MainProject/Mutants/Content/UltraDynamicSky/Textures/Weather/Dust_Alpha.uasset" 4932
"../../../../../../Users/Admin/Desktop/MainProject/Mutants/Content/UltraDynamicSky/Textures/Weather/WaterDroplets_Small.uasset" 4933
"../../../Engine/Content/EngineMaterials/Substrate/GLints/dict_16_192_64_0p5_0p02_0009_0015.uasset" 4934
"../../../../../../Users/Admin/Desktop/MainProject/Mutants/Content/UltraDynamicSky/Textures/Weather/ObscuredLightningSheet.uasset" 4935
"../../../../../../Users/Admin/Desktop/MainProject/Mutants/Content/UltraDynamicSky/Textures/Weather/Lightning_Bolt.uasset" 4936
"../../../Engine/Content/EngineMaterials/Substrate/GLints/dict_16_192_64_0p5_0p02_0010_0000.uasset" 4937
"../../../Engine/Content/EngineMaterials/Substrate/GLints/dict_16_192_64_0p5_0p02_0010_0001.uasset" 4938
"../../../Engine/Content/EngineMaterials/Substrate/GLints/dict_16_192_64_0p5_0p02_0010_0002.uasset" 4939
"../../../Engine/Content/EngineMaterials/Substrate/GLints/dict_16_192_64_0p5_0p02_0010_0003.uasset" 4940
"../../../Engine/Content/EngineMaterials/Substrate/GLints/dict_16_192_64_0p5_0p02_0010_0004.uasset" 4941
"../../../Engine/Content/EngineMaterials/Substrate/GLints/dict_16_192_64_0p5_0p02_0010_0005.uasset" 4942
"../../../Engine/Content/EngineMaterials/Substrate/GLints/dict_16_192_64_0p5_0p02_0010_0006.uasset" 4943
"../../../Engine/Content/EngineMaterials/Substrate/GLints/dict_16_192_64_0p5_0p02_0010_0007.uasset" 4944
"../../../Engine/Content/EngineMaterials/Substrate/GLints/dict_16_192_64_0p5_0p02_0010_0008.uasset" 4945
"../../../Engine/Content/EngineMaterials/Substrate/GLints/dict_16_192_64_0p5_0p02_0010_0009.uasset" 4946
"../../../Engine/Content/EngineMaterials/Substrate/GLints/dict_16_192_64_0p5_0p02_0010_0010.uasset" 4947
"../../../Engine/Content/EngineMaterials/Substrate/GLints/dict_16_192_64_0p5_0p02_0010_0011.uasset" 4948
"../../../Engine/Content/EngineMaterials/Substrate/GLints/dict_16_192_64_0p5_0p02_0010_0012.uasset" 4949
"../../../Engine/Content/EngineMaterials/Substrate/GLints/dict_16_192_64_0p5_0p02_0010_0013.uasset" 4950
"../../../Engine/Content/EngineMaterials/Substrate/GLints/dict_16_192_64_0p5_0p02_0010_0014.uasset" 4951
"../../../Engine/Content/EngineMaterials/Substrate/GLints/dict_16_192_64_0p5_0p02_0010_0015.uasset" 4952
"../../../Engine/Content/EngineMaterials/Substrate/GLints/dict_16_192_64_0p5_0p02_0011_0000.uasset" 4953
"../../../Engine/Content/EngineMaterials/Substrate/GLints/dict_16_192_64_0p5_0p02_0011_0001.uasset" 4954
"../../../Engine/Content/EngineMaterials/Substrate/GLints/dict_16_192_64_0p5_0p02_0011_0002.uasset" 4955
"../../../Engine/Content/EngineMaterials/Substrate/GLints/dict_16_192_64_0p5_0p02_0011_0003.uasset" 4956
"../../../Engine/Content/EngineMaterials/Substrate/GLints/dict_16_192_64_0p5_0p02_0011_0004.uasset" 4957
"../../../Engine/Content/EngineMaterials/Substrate/GLints/dict_16_192_64_0p5_0p02_0011_0005.uasset" 4958
"../../../Engine/Content/EngineMaterials/Substrate/GLints/dict_16_192_64_0p5_0p02_0011_0006.uasset" 4959
"../../../Engine/Content/EngineMaterials/Substrate/GLints/dict_16_192_64_0p5_0p02_0011_0007.uasset" 4960
"../../../Engine/Content/EngineMaterials/Substrate/GLints/dict_16_192_64_0p5_0p02_0011_0008.uasset" 4961
"../../../Engine/Content/EngineMaterials/Substrate/GLints/dict_16_192_64_0p5_0p02_0011_0009.uasset" 4962
"../../../Engine/Content/EngineMaterials/Substrate/GLints/dict_16_192_64_0p5_0p02_0011_0010.uasset" 4963
"../../../Engine/Content/EngineMaterials/Substrate/GLints/dict_16_192_64_0p5_0p02_0011_0011.uasset" 4964
"../../../Engine/Content/EngineMaterials/Substrate/GLints/dict_16_192_64_0p5_0p02_0011_0012.uasset" 4965
"../../../Engine/Content/EngineMaterials/Substrate/GLints/dict_16_192_64_0p5_0p02_0011_0013.uasset" 4966
"../../../Engine/Content/EngineMaterials/Substrate/GLints/dict_16_192_64_0p5_0p02_0011_0014.uasset" 4967
"../../../Engine/Content/EngineMaterials/Substrate/GLints/dict_16_192_64_0p5_0p02_0011_0015.uasset" 4968
"../../../Engine/Content/EngineMaterials/Substrate/GLints/dict_16_192_64_0p5_0p02_0012_0000.uasset" 4969
"../../../Engine/Content/EngineMaterials/Substrate/GLints/dict_16_192_64_0p5_0p02_0012_0001.uasset" 4970
"../../../Engine/Content/EngineMaterials/Substrate/GLints/dict_16_192_64_0p5_0p02_0012_0002.uasset" 4971
"../../../Engine/Content/EngineMaterials/Substrate/GLints/dict_16_192_64_0p5_0p02_0012_0003.uasset" 4972
"../../../Engine/Content/EngineMaterials/Substrate/GLints/dict_16_192_64_0p5_0p02_0012_0004.uasset" 4973
"../../../Engine/Content/EngineMaterials/Substrate/GLints/dict_16_192_64_0p5_0p02_0012_0005.uasset" 4974
"../../../Engine/Content/EngineMaterials/Substrate/GLints/dict_16_192_64_0p5_0p02_0012_0006.uasset" 4975
"../../../Engine/Content/EngineMaterials/Substrate/GLints/dict_16_192_64_0p5_0p02_0012_0007.uasset" 4976
"../../../Engine/Content/EngineMaterials/Substrate/GLints/dict_16_192_64_0p5_0p02_0012_0008.uasset" 4977
"../../../Engine/Content/EngineMaterials/Substrate/GLints/dict_16_192_64_0p5_0p02_0012_0009.uasset" 4978
"../../../Engine/Content/EngineMaterials/Substrate/GLints/dict_16_192_64_0p5_0p02_0012_0010.uasset" 4979
"../../../Engine/Content/EngineMaterials/Substrate/GLints/dict_16_192_64_0p5_0p02_0012_0011.uasset" 4980
"../../../Engine/Content/EngineMaterials/Substrate/GLints/dict_16_192_64_0p5_0p02_0012_0012.uasset" 4981
"../../../Engine/Content/EngineMaterials/Substrate/GLints/dict_16_192_64_0p5_0p02_0012_0013.uasset" 4982
"../../../Engine/Content/EngineMaterials/Substrate/GLints/dict_16_192_64_0p5_0p02_0012_0014.uasset" 4983
"../../../Engine/Content/EngineMaterials/Substrate/GLints/dict_16_192_64_0p5_0p02_0012_0015.uasset" 4984
"../../../Engine/Content/EngineMaterials/Substrate/GLints/dict_16_192_64_0p5_0p02_0013_0000.uasset" 4985
"../../../Engine/Content/EngineMaterials/Substrate/GLints/dict_16_192_64_0p5_0p02_0013_0001.uasset" 4986
"../../../Engine/Content/EngineMaterials/Substrate/GLints/dict_16_192_64_0p5_0p02_0013_0002.uasset" 4987
"../../../Engine/Content/EngineMaterials/Substrate/GLints/dict_16_192_64_0p5_0p02_0013_0003.uasset" 4988
"../../../Engine/Content/EngineMaterials/Substrate/GLints/dict_16_192_64_0p5_0p02_0013_0004.uasset" 4989
"../../../Engine/Content/EngineMaterials/Substrate/GLints/dict_16_192_64_0p5_0p02_0013_0005.uasset" 4990
"../../../Engine/Content/EngineMaterials/Substrate/GLints/dict_16_192_64_0p5_0p02_0013_0006.uasset" 4991
"../../../Engine/Content/EngineMaterials/Substrate/GLints/dict_16_192_64_0p5_0p02_0013_0007.uasset" 4992
"../../../Engine/Content/EngineMaterials/Substrate/GLints/dict_16_192_64_0p5_0p02_0013_0008.uasset" 4993
"../../../Engine/Content/EngineMaterials/Substrate/GLints/dict_16_192_64_0p5_0p02_0013_0009.uasset" 4994
"../../../Engine/Content/EngineMaterials/Substrate/GLints/dict_16_192_64_0p5_0p02_0013_0010.uasset" 4995
"../../../Engine/Content/EngineMaterials/Substrate/GLints/dict_16_192_64_0p5_0p02_0013_0011.uasset" 4996
"../../../Engine/Content/EngineMaterials/Substrate/GLints/dict_16_192_64_0p5_0p02_0013_0012.uasset" 4997
"../../../Engine/Content/EngineMaterials/Substrate/GLints/dict_16_192_64_0p5_0p02_0013_0013.uasset" 4998
"../../../Engine/Content/EngineMaterials/Substrate/GLints/dict_16_192_64_0p5_0p02_0013_0014.uasset" 4999
"../../../Engine/Content/EngineMaterials/Substrate/GLints/dict_16_192_64_0p5_0p02_0013_0015.uasset" 5000
"../../../Engine/Content/EngineMaterials/Substrate/GLints/dict_16_192_64_0p5_0p02_0014_0000.uasset" 5001
"../../../Engine/Content/EngineMaterials/Substrate/GLints/dict_16_192_64_0p5_0p02_0014_0001.uasset" 5002
"../../../Engine/Content/EngineMaterials/Substrate/GLints/dict_16_192_64_0p5_0p02_0014_0002.uasset" 5003
"../../../Engine/Content/EngineMaterials/Substrate/GLints/dict_16_192_64_0p5_0p02_0014_0003.uasset" 5004
"../../../Engine/Content/EngineMaterials/Substrate/GLints/dict_16_192_64_0p5_0p02_0014_0004.uasset" 5005
"../../../Engine/Content/EngineMaterials/Substrate/GLints/dict_16_192_64_0p5_0p02_0014_0005.uasset" 5006
"../../../Engine/Content/EngineMaterials/Substrate/GLints/dict_16_192_64_0p5_0p02_0014_0006.uasset" 5007
"../../../Engine/Content/EngineMaterials/Substrate/GLints/dict_16_192_64_0p5_0p02_0014_0007.uasset" 5008
"../../../Engine/Content/EngineMaterials/Substrate/GLints/dict_16_192_64_0p5_0p02_0014_0008.uasset" 5009
"../../../Engine/Content/EngineMaterials/Substrate/GLints/dict_16_192_64_0p5_0p02_0014_0009.uasset" 5010
"../../../Engine/Content/EngineMaterials/Substrate/GLints/dict_16_192_64_0p5_0p02_0014_0010.uasset" 5011
"../../../Engine/Content/EngineMaterials/Substrate/GLints/dict_16_192_64_0p5_0p02_0014_0011.uasset" 5012
"../../../Engine/Content/EngineMaterials/Substrate/GLints/dict_16_192_64_0p5_0p02_0014_0012.uasset" 5013
"../../../Engine/Content/EngineMaterials/Substrate/GLints/dict_16_192_64_0p5_0p02_0014_0013.uasset" 5014
"../../../Engine/Content/EngineMaterials/Substrate/GLints/dict_16_192_64_0p5_0p02_0014_0014.uasset" 5015
"../../../Engine/Content/EngineMaterials/Substrate/GLints/dict_16_192_64_0p5_0p02_0014_0015.uasset" 5016
"../../../Engine/Content/EngineMaterials/Substrate/GLints/dict_16_192_64_0p5_0p02_0015_0000.uasset" 5017
"../../../Engine/Content/EngineMaterials/Substrate/GLints/dict_16_192_64_0p5_0p02_0015_0001.uasset" 5018
"../../../Engine/Content/EngineMaterials/Substrate/GLints/dict_16_192_64_0p5_0p02_0015_0002.uasset" 5019
"../../../Engine/Content/EngineMaterials/Substrate/GLints/dict_16_192_64_0p5_0p02_0015_0003.uasset" 5020
"../../../Engine/Content/EngineMaterials/Substrate/GLints/dict_16_192_64_0p5_0p02_0015_0004.uasset" 5021
"../../../Engine/Content/EngineMaterials/Substrate/GLints/dict_16_192_64_0p5_0p02_0015_0005.uasset" 5022
"../../../Engine/Content/EngineMaterials/Substrate/GLints/dict_16_192_64_0p5_0p02_0015_0006.uasset" 5023
"../../../Engine/Content/EngineMaterials/Substrate/GLints/dict_16_192_64_0p5_0p02_0015_0007.uasset" 5024
"../../../Engine/Content/EngineMaterials/Substrate/GLints/dict_16_192_64_0p5_0p02_0015_0008.uasset" 5025
"../../../Engine/Content/EngineMaterials/Substrate/GLints/dict_16_192_64_0p5_0p02_0015_0009.uasset" 5026
"../../../Engine/Content/EngineMaterials/Substrate/GLints/dict_16_192_64_0p5_0p02_0015_0010.uasset" 5027
"../../../Engine/Content/EngineMaterials/Substrate/GLints/dict_16_192_64_0p5_0p02_0015_0011.uasset" 5028
"../../../Engine/Content/EngineMaterials/Substrate/GLints/dict_16_192_64_0p5_0p02_0015_0012.uasset" 5029
"../../../Engine/Content/EngineMaterials/Substrate/GLints/dict_16_192_64_0p5_0p02_0015_0013.uasset" 5030
"../../../Engine/Content/EngineMaterials/Substrate/GLints/dict_16_192_64_0p5_0p02_0015_0014.uasset" 5031
"../../../Engine/Content/EngineMaterials/Substrate/GLints/dict_16_192_64_0p5_0p02_0015_0015.uasset" 5032
"../../../Engine/Content/EngineMaterials/Substrate/GLints/dict_16_192_64_0p5_0p02_0016_0000.uasset" 5033
"../../../Engine/Content/EngineMaterials/Substrate/GLints/dict_16_192_64_0p5_0p02_0016_0001.uasset" 5034
"../../../Engine/Content/EngineMaterials/Substrate/GLints/dict_16_192_64_0p5_0p02_0016_0002.uasset" 5035
"../../../Engine/Content/EngineMaterials/Substrate/GLints/dict_16_192_64_0p5_0p02_0016_0003.uasset" 5036
"../../../Engine/Content/EngineMaterials/Substrate/GLints/dict_16_192_64_0p5_0p02_0016_0004.uasset" 5037
"../../../Engine/Content/EngineMaterials/Substrate/GLints/dict_16_192_64_0p5_0p02_0016_0005.uasset" 5038
"../../../Engine/Content/EngineMaterials/Substrate/GLints/dict_16_192_64_0p5_0p02_0016_0006.uasset" 5039
"../../../Engine/Content/EngineMaterials/Substrate/GLints/dict_16_192_64_0p5_0p02_0016_0007.uasset" 5040
"../../../Engine/Content/EngineMaterials/Substrate/GLints/dict_16_192_64_0p5_0p02_0016_0008.uasset" 5041
"../../../Engine/Content/EngineMaterials/Substrate/GLints/dict_16_192_64_0p5_0p02_0016_0009.uasset" 5042
"../../../Engine/Content/EngineMaterials/Substrate/GLints/dict_16_192_64_0p5_0p02_0016_0010.uasset" 5043
"../../../Engine/Content/EngineMaterials/Substrate/GLints/dict_16_192_64_0p5_0p02_0016_0011.uasset" 5044
"../../../Engine/Content/EngineMaterials/Substrate/GLints/dict_16_192_64_0p5_0p02_0016_0012.uasset" 5045
"../../../Engine/Content/EngineMaterials/Substrate/GLints/dict_16_192_64_0p5_0p02_0016_0013.uasset" 5046
"../../../Engine/Content/EngineMaterials/Substrate/GLints/dict_16_192_64_0p5_0p02_0016_0014.uasset" 5047
"../../../Engine/Content/EngineMaterials/Substrate/GLints/dict_16_192_64_0p5_0p02_0016_0015.uasset" 5048
"../../../Engine/Content/EngineMaterials/Substrate/GLints/dict_16_192_64_0p5_0p02_0017_0000.uasset" 5049
"../../../Engine/Content/EngineMaterials/Substrate/GLints/dict_16_192_64_0p5_0p02_0017_0001.uasset" 5050
"../../../Engine/Content/EngineMaterials/Substrate/GLints/dict_16_192_64_0p5_0p02_0017_0002.uasset" 5051
"../../../Engine/Content/EngineMaterials/Substrate/GLints/dict_16_192_64_0p5_0p02_0017_0003.uasset" 5052
"../../../Engine/Content/EngineMaterials/Substrate/GLints/dict_16_192_64_0p5_0p02_0017_0004.uasset" 5053
"../../../Engine/Content/EngineMaterials/Substrate/GLints/dict_16_192_64_0p5_0p02_0017_0005.uasset" 5054
"../../../Engine/Content/EngineMaterials/Substrate/GLints/dict_16_192_64_0p5_0p02_0017_0006.uasset" 5055
"../../../Engine/Content/EngineMaterials/Substrate/GLints/dict_16_192_64_0p5_0p02_0017_0007.uasset" 5056
"../../../Engine/Content/EngineMaterials/Substrate/GLints/dict_16_192_64_0p5_0p02_0017_0008.uasset" 5057
"../../../Engine/Content/EngineMaterials/Substrate/GLints/dict_16_192_64_0p5_0p02_0017_0009.uasset" 5058
"../../../Engine/Content/EngineMaterials/Substrate/GLints/dict_16_192_64_0p5_0p02_0017_0010.uasset" 5059
"../../../Engine/Content/EngineMaterials/Substrate/GLints/dict_16_192_64_0p5_0p02_0017_0011.uasset" 5060
"../../../Engine/Content/EngineMaterials/Substrate/GLints/dict_16_192_64_0p5_0p02_0017_0012.uasset" 5061
"../../../Engine/Content/EngineMaterials/Substrate/GLints/dict_16_192_64_0p5_0p02_0017_0013.uasset" 5062
"../../../Engine/Content/EngineMaterials/Substrate/GLints/dict_16_192_64_0p5_0p02_0017_0014.uasset" 5063
"../../../Engine/Content/EngineMaterials/Substrate/GLints/dict_16_192_64_0p5_0p02_0017_0015.uasset" 5064
"../../../Engine/Content/EngineMaterials/Substrate/GLints/dict_16_192_64_0p5_0p02_0018_0000.uasset" 5065
"../../../Engine/Content/EngineMaterials/Substrate/GLints/dict_16_192_64_0p5_0p02_0018_0001.uasset" 5066
"../../../Engine/Content/EngineMaterials/Substrate/GLints/dict_16_192_64_0p5_0p02_0018_0002.uasset" 5067
"../../../Engine/Content/EngineMaterials/Substrate/GLints/dict_16_192_64_0p5_0p02_0018_0003.uasset" 5068
"../../../Engine/Content/EngineMaterials/Substrate/GLints/dict_16_192_64_0p5_0p02_0018_0004.uasset" 5069
"../../../Engine/Content/EngineMaterials/Substrate/GLints/dict_16_192_64_0p5_0p02_0018_0005.uasset" 5070
"../../../Engine/Content/EngineMaterials/Substrate/GLints/dict_16_192_64_0p5_0p02_0018_0006.uasset" 5071
"../../../Engine/Content/EngineMaterials/Substrate/GLints/dict_16_192_64_0p5_0p02_0018_0007.uasset" 5072
"../../../Engine/Content/EngineMaterials/Substrate/GLints/dict_16_192_64_0p5_0p02_0018_0008.uasset" 5073
"../../../Engine/Content/EngineMaterials/Substrate/GLints/dict_16_192_64_0p5_0p02_0018_0009.uasset" 5074
"../../../Engine/Content/EngineMaterials/Substrate/GLints/dict_16_192_64_0p5_0p02_0018_0010.uasset" 5075
"../../../Engine/Content/EngineMaterials/Substrate/GLints/dict_16_192_64_0p5_0p02_0018_0011.uasset" 5076
"../../../Engine/Content/EngineMaterials/Substrate/GLints/dict_16_192_64_0p5_0p02_0018_0012.uasset" 5077
"../../../Engine/Content/EngineMaterials/Substrate/GLints/dict_16_192_64_0p5_0p02_0018_0013.uasset" 5078
"../../../Engine/Content/EngineMaterials/Substrate/GLints/dict_16_192_64_0p5_0p02_0018_0014.uasset" 5079
"../../../Engine/Content/EngineMaterials/Substrate/GLints/dict_16_192_64_0p5_0p02_0018_0015.uasset" 5080
"../../../Engine/Content/EngineMaterials/Substrate/GLints/dict_16_192_64_0p5_0p02_0019_0000.uasset" 5081
"../../../Engine/Content/EngineMaterials/Substrate/GLints/dict_16_192_64_0p5_0p02_0019_0001.uasset" 5082
"../../../Engine/Content/EngineMaterials/Substrate/GLints/dict_16_192_64_0p5_0p02_0019_0002.uasset" 5083
"../../../Engine/Content/EngineMaterials/Substrate/GLints/dict_16_192_64_0p5_0p02_0019_0003.uasset" 5084
"../../../Engine/Content/EngineMaterials/Substrate/GLints/dict_16_192_64_0p5_0p02_0019_0004.uasset" 5085
"../../../Engine/Content/EngineMaterials/Substrate/GLints/dict_16_192_64_0p5_0p02_0019_0005.uasset" 5086
"../../../Engine/Content/EngineMaterials/Substrate/GLints/dict_16_192_64_0p5_0p02_0019_0006.uasset" 5087
"../../../Engine/Content/EngineMaterials/Substrate/GLints/dict_16_192_64_0p5_0p02_0019_0007.uasset" 5088
"../../../Engine/Content/EngineMaterials/Substrate/GLints/dict_16_192_64_0p5_0p02_0019_0008.uasset" 5089
"../../../Engine/Content/EngineMaterials/Substrate/GLints/dict_16_192_64_0p5_0p02_0019_0009.uasset" 5090
"../../../Engine/Content/EngineMaterials/Substrate/GLints/dict_16_192_64_0p5_0p02_0019_0010.uasset" 5091
"../../../Engine/Content/EngineMaterials/Substrate/GLints/dict_16_192_64_0p5_0p02_0019_0011.uasset" 5092
"../../../Engine/Content/EngineMaterials/Substrate/GLints/dict_16_192_64_0p5_0p02_0019_0012.uasset" 5093
"../../../Engine/Content/EngineMaterials/Substrate/GLints/dict_16_192_64_0p5_0p02_0019_0013.uasset" 5094
"../../../Engine/Content/EngineMaterials/Substrate/GLints/dict_16_192_64_0p5_0p02_0019_0014.uasset" 5095
"../../../Engine/Content/EngineMaterials/Substrate/GLints/dict_16_192_64_0p5_0p02_0019_0015.uasset" 5096
"../../../Engine/Content/EngineMaterials/Substrate/GLints/dict_16_192_64_0p5_0p02_0020_0000.uasset" 5097
"../../../Engine/Content/EngineMaterials/Substrate/GLints/dict_16_192_64_0p5_0p02_0020_0001.uasset" 5098
"../../../Engine/Content/EngineMaterials/Substrate/GLints/dict_16_192_64_0p5_0p02_0020_0002.uasset" 5099
"../../../Engine/Content/EngineMaterials/Substrate/GLints/dict_16_192_64_0p5_0p02_0020_0003.uasset" 5100
"../../../Engine/Content/EngineMaterials/Substrate/GLints/dict_16_192_64_0p5_0p02_0020_0004.uasset" 5101
"../../../Engine/Content/EngineMaterials/Substrate/GLints/dict_16_192_64_0p5_0p02_0020_0005.uasset" 5102
"../../../Engine/Content/EngineMaterials/Substrate/GLints/dict_16_192_64_0p5_0p02_0020_0006.uasset" 5103
"../../../Engine/Content/EngineMaterials/Substrate/GLints/dict_16_192_64_0p5_0p02_0020_0007.uasset" 5104
"../../../Engine/Content/EngineMaterials/Substrate/GLints/dict_16_192_64_0p5_0p02_0020_0008.uasset" 5105
"../../../Engine/Content/EngineMaterials/Substrate/GLints/dict_16_192_64_0p5_0p02_0020_0009.uasset" 5106
"../../../Engine/Content/EngineMaterials/Substrate/GLints/dict_16_192_64_0p5_0p02_0020_0010.uasset" 5107
"../../../Engine/Content/EngineMaterials/Substrate/GLints/dict_16_192_64_0p5_0p02_0020_0011.uasset" 5108
"../../../Engine/Content/EngineMaterials/Substrate/GLints/dict_16_192_64_0p5_0p02_0020_0012.uasset" 5109
"../../../Engine/Content/EngineMaterials/Substrate/GLints/dict_16_192_64_0p5_0p02_0020_0013.uasset" 5110
"../../../Engine/Content/EngineMaterials/Substrate/GLints/dict_16_192_64_0p5_0p02_0020_0014.uasset" 5111
"../../../Engine/Content/EngineMaterials/Substrate/GLints/dict_16_192_64_0p5_0p02_0020_0015.uasset" 5112
"../../../Engine/Content/EngineMaterials/Substrate/GLints/dict_16_192_64_0p5_0p02_0021_0000.uasset" 5113
"../../../Engine/Content/EngineMaterials/Substrate/GLints/dict_16_192_64_0p5_0p02_0021_0001.uasset" 5114
"../../../Engine/Content/EngineMaterials/Substrate/GLints/dict_16_192_64_0p5_0p02_0021_0002.uasset" 5115
"../../../Engine/Content/EngineMaterials/Substrate/GLints/dict_16_192_64_0p5_0p02_0021_0003.uasset" 5116
"../../../Engine/Content/EngineMaterials/Substrate/GLints/dict_16_192_64_0p5_0p02_0021_0004.uasset" 5117
"../../../Engine/Content/EngineMaterials/Substrate/GLints/dict_16_192_64_0p5_0p02_0021_0005.uasset" 5118
"../../../Engine/Content/EngineMaterials/Substrate/GLints/dict_16_192_64_0p5_0p02_0021_0006.uasset" 5119
"../../../Engine/Content/EngineMaterials/Substrate/GLints/dict_16_192_64_0p5_0p02_0021_0007.uasset" 5120
"../../../Engine/Content/EngineMaterials/Substrate/GLints/dict_16_192_64_0p5_0p02_0021_0008.uasset" 5121
"../../../Engine/Content/EngineMaterials/Substrate/GLints/dict_16_192_64_0p5_0p02_0021_0009.uasset" 5122
"../../../Engine/Content/EngineMaterials/Substrate/GLints/dict_16_192_64_0p5_0p02_0021_0010.uasset" 5123
"../../../Engine/Content/EngineMaterials/Substrate/GLints/dict_16_192_64_0p5_0p02_0021_0011.uasset" 5124
"../../../Engine/Content/EngineMaterials/Substrate/GLints/dict_16_192_64_0p5_0p02_0021_0012.uasset" 5125
"../../../Engine/Content/EngineMaterials/Substrate/GLints/dict_16_192_64_0p5_0p02_0021_0013.uasset" 5126
"../../../Engine/Content/EngineMaterials/Substrate/GLints/dict_16_192_64_0p5_0p02_0021_0014.uasset" 5127
"../../../Engine/Content/EngineMaterials/Substrate/GLints/dict_16_192_64_0p5_0p02_0021_0015.uasset" 5128
"../../../Engine/Content/EngineMaterials/Substrate/GLints/dict_16_192_64_0p5_0p02_0022_0000.uasset" 5129
"../../../Engine/Content/EngineMaterials/Substrate/GLints/dict_16_192_64_0p5_0p02_0022_0001.uasset" 5130
"../../../Engine/Content/EngineMaterials/Substrate/GLints/dict_16_192_64_0p5_0p02_0022_0002.uasset" 5131
"../../../Engine/Content/EngineMaterials/Substrate/GLints/dict_16_192_64_0p5_0p02_0022_0003.uasset" 5132
"../../../Engine/Content/EngineMaterials/Substrate/GLints/dict_16_192_64_0p5_0p02_0022_0004.uasset" 5133
"../../../Engine/Content/EngineMaterials/Substrate/GLints/dict_16_192_64_0p5_0p02_0022_0005.uasset" 5134
"../../../Engine/Content/EngineMaterials/Substrate/GLints/dict_16_192_64_0p5_0p02_0022_0006.uasset" 5135
"../../../Engine/Content/EngineMaterials/Substrate/GLints/dict_16_192_64_0p5_0p02_0022_0007.uasset" 5136
"../../../Engine/Content/EngineMaterials/Substrate/GLints/dict_16_192_64_0p5_0p02_0022_0008.uasset" 5137
"../../../Engine/Content/EngineMaterials/Substrate/GLints/dict_16_192_64_0p5_0p02_0022_0009.uasset" 5138
"../../../Engine/Content/EngineMaterials/Substrate/GLints/dict_16_192_64_0p5_0p02_0022_0010.uasset" 5139
"../../../Engine/Content/EngineMaterials/Substrate/GLints/dict_16_192_64_0p5_0p02_0022_0011.uasset" 5140
"../../../Engine/Content/EngineMaterials/Substrate/GLints/dict_16_192_64_0p5_0p02_0022_0012.uasset" 5141
"../../../Engine/Content/EngineMaterials/Substrate/GLints/dict_16_192_64_0p5_0p02_0022_0013.uasset" 5142
"../../../Engine/Content/EngineMaterials/Substrate/GLints/dict_16_192_64_0p5_0p02_0022_0014.uasset" 5143
"../../../Engine/Content/EngineMaterials/Substrate/GLints/dict_16_192_64_0p5_0p02_0022_0015.uasset" 5144
"../../../Engine/Content/EngineMaterials/Substrate/GLints/dict_16_192_64_0p5_0p02_0023_0000.uasset" 5145
"../../../Engine/Content/EngineMaterials/Substrate/GLints/dict_16_192_64_0p5_0p02_0023_0001.uasset" 5146
"../../../Engine/Content/EngineMaterials/Substrate/GLints/dict_16_192_64_0p5_0p02_0023_0002.uasset" 5147
"../../../Engine/Content/EngineMaterials/Substrate/GLints/dict_16_192_64_0p5_0p02_0023_0003.uasset" 5148
"../../../Engine/Content/EngineMaterials/Substrate/GLints/dict_16_192_64_0p5_0p02_0023_0004.uasset" 5149
"../../../Engine/Content/EngineMaterials/Substrate/GLints/dict_16_192_64_0p5_0p02_0023_0005.uasset" 5150
"../../../Engine/Content/EngineMaterials/Substrate/GLints/dict_16_192_64_0p5_0p02_0023_0006.uasset" 5151
"../../../Engine/Content/EngineMaterials/Substrate/GLints/dict_16_192_64_0p5_0p02_0023_0007.uasset" 5152
"../../../Engine/Content/EngineMaterials/Substrate/GLints/dict_16_192_64_0p5_0p02_0023_0008.uasset" 5153
"../../../Engine/Content/EngineMaterials/Substrate/GLints/dict_16_192_64_0p5_0p02_0023_0009.uasset" 5154
"../../../Engine/Content/EngineMaterials/Substrate/GLints/dict_16_192_64_0p5_0p02_0023_0010.uasset" 5155
"../../../Engine/Content/EngineMaterials/Substrate/GLints/dict_16_192_64_0p5_0p02_0023_0011.uasset" 5156
"../../../Engine/Content/EngineMaterials/Substrate/GLints/dict_16_192_64_0p5_0p02_0023_0012.uasset" 5157
"../../../Engine/Content/EngineMaterials/Substrate/GLints/dict_16_192_64_0p5_0p02_0023_0013.uasset" 5158
"../../../Engine/Content/EngineMaterials/Substrate/GLints/dict_16_192_64_0p5_0p02_0023_0014.uasset" 5159
"../../../Engine/Content/EngineMaterials/Substrate/GLints/dict_16_192_64_0p5_0p02_0023_0015.uasset" 5160
"../../../Engine/Content/EngineMaterials/Substrate/GLints/dict_16_192_64_0p5_0p02_0024_0000.uasset" 5161
"../../../Engine/Content/EngineMaterials/Substrate/GLints/dict_16_192_64_0p5_0p02_0024_0001.uasset" 5162
"../../../Engine/Content/EngineMaterials/Substrate/GLints/dict_16_192_64_0p5_0p02_0024_0002.uasset" 5163
"../../../Engine/Content/EngineMaterials/Substrate/GLints/dict_16_192_64_0p5_0p02_0024_0003.uasset" 5164
"../../../Engine/Content/EngineMaterials/Substrate/GLints/dict_16_192_64_0p5_0p02_0024_0004.uasset" 5165
"../../../Engine/Content/EngineMaterials/Substrate/GLints/dict_16_192_64_0p5_0p02_0024_0005.uasset" 5166
"../../../Engine/Content/EngineMaterials/Substrate/GLints/dict_16_192_64_0p5_0p02_0024_0006.uasset" 5167
"../../../Engine/Content/EngineMaterials/Substrate/GLints/dict_16_192_64_0p5_0p02_0024_0007.uasset" 5168
"../../../Engine/Content/EngineMaterials/Substrate/GLints/dict_16_192_64_0p5_0p02_0024_0008.uasset" 5169
"../../../Engine/Content/EngineMaterials/Substrate/GLints/dict_16_192_64_0p5_0p02_0024_0009.uasset" 5170
"../../../Engine/Content/EngineMaterials/Substrate/GLints/dict_16_192_64_0p5_0p02_0024_0010.uasset" 5171
"../../../Engine/Content/EngineMaterials/Substrate/GLints/dict_16_192_64_0p5_0p02_0024_0011.uasset" 5172
"../../../Engine/Content/EngineMaterials/Substrate/GLints/dict_16_192_64_0p5_0p02_0024_0012.uasset" 5173
"../../../Engine/Content/EngineMaterials/Substrate/GLints/dict_16_192_64_0p5_0p02_0024_0013.uasset" 5174
"../../../Engine/Content/EngineMaterials/Substrate/GLints/dict_16_192_64_0p5_0p02_0024_0014.uasset" 5175
"../../../Engine/Content/EngineMaterials/Substrate/GLints/dict_16_192_64_0p5_0p02_0024_0015.uasset" 5176
"../../../Engine/Content/EngineMaterials/Substrate/GLints/dict_16_192_64_0p5_0p02_0025_0000.uasset" 5177
"../../../Engine/Content/EngineMaterials/Substrate/GLints/dict_16_192_64_0p5_0p02_0025_0001.uasset" 5178
"../../../Engine/Content/EngineMaterials/Substrate/GLints/dict_16_192_64_0p5_0p02_0025_0002.uasset" 5179
"../../../Engine/Content/EngineMaterials/Substrate/GLints/dict_16_192_64_0p5_0p02_0025_0003.uasset" 5180
"../../../Engine/Content/EngineMaterials/Substrate/GLints/dict_16_192_64_0p5_0p02_0025_0004.uasset" 5181
"../../../Engine/Content/EngineMaterials/Substrate/GLints/dict_16_192_64_0p5_0p02_0025_0005.uasset" 5182
"../../../Engine/Content/EngineMaterials/Substrate/GLints/dict_16_192_64_0p5_0p02_0025_0006.uasset" 5183
"../../../Engine/Content/EngineMaterials/Substrate/GLints/dict_16_192_64_0p5_0p02_0025_0007.uasset" 5184
"../../../Engine/Content/EngineMaterials/Substrate/GLints/dict_16_192_64_0p5_0p02_0025_0008.uasset" 5185
"../../../Engine/Content/EngineMaterials/Substrate/GLints/dict_16_192_64_0p5_0p02_0025_0009.uasset" 5186
"../../../Engine/Content/EngineMaterials/Substrate/GLints/dict_16_192_64_0p5_0p02_0025_0010.uasset" 5187
"../../../Engine/Content/EngineMaterials/Substrate/GLints/dict_16_192_64_0p5_0p02_0025_0011.uasset" 5188
"../../../Engine/Content/EngineMaterials/Substrate/GLints/dict_16_192_64_0p5_0p02_0025_0012.uasset" 5189
"../../../Engine/Content/EngineMaterials/Substrate/GLints/dict_16_192_64_0p5_0p02_0025_0013.uasset" 5190
"../../../Engine/Content/EngineMaterials/Substrate/GLints/dict_16_192_64_0p5_0p02_0025_0014.uasset" 5191
"../../../Engine/Content/EngineMaterials/Substrate/GLints/dict_16_192_64_0p5_0p02_0025_0015.uasset" 5192
"../../../Engine/Content/EngineMaterials/Substrate/GLints/dict_16_192_64_0p5_0p02_0026_0000.uasset" 5193
"../../../Engine/Content/EngineMaterials/Substrate/GLints/dict_16_192_64_0p5_0p02_0026_0001.uasset" 5194
"../../../Engine/Content/EngineMaterials/Substrate/GLints/dict_16_192_64_0p5_0p02_0026_0002.uasset" 5195
"../../../Engine/Content/EngineMaterials/Substrate/GLints/dict_16_192_64_0p5_0p02_0026_0003.uasset" 5196
"../../../Engine/Content/EngineMaterials/Substrate/GLints/dict_16_192_64_0p5_0p02_0026_0004.uasset" 5197
"../../../Engine/Content/EngineMaterials/Substrate/GLints/dict_16_192_64_0p5_0p02_0026_0005.uasset" 5198
"../../../Engine/Content/EngineMaterials/Substrate/GLints/dict_16_192_64_0p5_0p02_0026_0006.uasset" 5199
"../../../Engine/Content/EngineMaterials/Substrate/GLints/dict_16_192_64_0p5_0p02_0026_0007.uasset" 5200
"../../../Engine/Content/EngineMaterials/Substrate/GLints/dict_16_192_64_0p5_0p02_0026_0008.uasset" 5201
"../../../Engine/Content/EngineMaterials/Substrate/GLints/dict_16_192_64_0p5_0p02_0026_0009.uasset" 5202
"../../../Engine/Content/EngineMaterials/Substrate/GLints/dict_16_192_64_0p5_0p02_0026_0010.uasset" 5203
"../../../Engine/Content/EngineMaterials/Substrate/GLints/dict_16_192_64_0p5_0p02_0026_0011.uasset" 5204
"../../../Engine/Content/EngineMaterials/Substrate/GLints/dict_16_192_64_0p5_0p02_0026_0012.uasset" 5205
"../../../Engine/Content/EngineMaterials/Substrate/GLints/dict_16_192_64_0p5_0p02_0026_0013.uasset" 5206
"../../../Engine/Content/EngineMaterials/Substrate/GLints/dict_16_192_64_0p5_0p02_0026_0014.uasset" 5207
"../../../Engine/Content/EngineMaterials/Substrate/GLints/dict_16_192_64_0p5_0p02_0026_0015.uasset" 5208
"../../../Engine/Content/EngineMaterials/Substrate/GLints/dict_16_192_64_0p5_0p02_0027_0000.uasset" 5209
"../../../Engine/Content/EngineMaterials/Substrate/GLints/dict_16_192_64_0p5_0p02_0027_0001.uasset" 5210
"../../../Engine/Content/EngineMaterials/Substrate/GLints/dict_16_192_64_0p5_0p02_0027_0002.uasset" 5211
"../../../Engine/Content/EngineMaterials/Substrate/GLints/dict_16_192_64_0p5_0p02_0027_0003.uasset" 5212
"../../../Engine/Content/EngineMaterials/Substrate/GLints/dict_16_192_64_0p5_0p02_0027_0004.uasset" 5213
"../../../Engine/Content/EngineMaterials/Substrate/GLints/dict_16_192_64_0p5_0p02_0027_0005.uasset" 5214
"../../../Engine/Content/EngineMaterials/Substrate/GLints/dict_16_192_64_0p5_0p02_0027_0006.uasset" 5215
"../../../Engine/Content/EngineMaterials/Substrate/GLints/dict_16_192_64_0p5_0p02_0027_0007.uasset" 5216
"../../../Engine/Content/EngineMaterials/Substrate/GLints/dict_16_192_64_0p5_0p02_0027_0008.uasset" 5217
"../../../Engine/Content/EngineMaterials/Substrate/GLints/dict_16_192_64_0p5_0p02_0027_0009.uasset" 5218
"../../../Engine/Content/EngineMaterials/Substrate/GLints/dict_16_192_64_0p5_0p02_0027_0010.uasset" 5219
"../../../Engine/Content/EngineMaterials/Substrate/GLints/dict_16_192_64_0p5_0p02_0027_0011.uasset" 5220
"../../../Engine/Content/EngineMaterials/Substrate/GLints/dict_16_192_64_0p5_0p02_0027_0012.uasset" 5221
"../../../Engine/Content/EngineMaterials/Substrate/GLints/dict_16_192_64_0p5_0p02_0027_0013.uasset" 5222
"../../../Engine/Content/EngineMaterials/Substrate/GLints/dict_16_192_64_0p5_0p02_0027_0014.uasset" 5223
"../../../Engine/Content/EngineMaterials/Substrate/GLints/dict_16_192_64_0p5_0p02_0027_0015.uasset" 5224
"../../../Engine/Content/EngineMaterials/Substrate/GLints/dict_16_192_64_0p5_0p02_0028_0000.uasset" 5225
"../../../Engine/Content/EngineMaterials/Substrate/GLints/dict_16_192_64_0p5_0p02_0028_0001.uasset" 5226
"../../../Engine/Content/EngineMaterials/Substrate/GLints/dict_16_192_64_0p5_0p02_0028_0002.uasset" 5227
"../../../Engine/Content/EngineMaterials/Substrate/GLints/dict_16_192_64_0p5_0p02_0028_0003.uasset" 5228
"../../../Engine/Content/EngineMaterials/Substrate/GLints/dict_16_192_64_0p5_0p02_0028_0004.uasset" 5229
"../../../Engine/Content/EngineMaterials/Substrate/GLints/dict_16_192_64_0p5_0p02_0028_0005.uasset" 5230
"../../../Engine/Content/EngineMaterials/Substrate/GLints/dict_16_192_64_0p5_0p02_0028_0006.uasset" 5231
"../../../Engine/Content/EngineMaterials/Substrate/GLints/dict_16_192_64_0p5_0p02_0028_0007.uasset" 5232
"../../../Engine/Content/EngineMaterials/Substrate/GLints/dict_16_192_64_0p5_0p02_0028_0008.uasset" 5233
"../../../Engine/Content/EngineMaterials/Substrate/GLints/dict_16_192_64_0p5_0p02_0028_0009.uasset" 5234
"../../../Engine/Content/EngineMaterials/Substrate/GLints/dict_16_192_64_0p5_0p02_0028_0010.uasset" 5235
"../../../Engine/Content/EngineMaterials/Substrate/GLints/dict_16_192_64_0p5_0p02_0028_0011.uasset" 5236
"../../../Engine/Content/EngineMaterials/Substrate/GLints/dict_16_192_64_0p5_0p02_0028_0012.uasset" 5237
"../../../Engine/Content/EngineMaterials/Substrate/GLints/dict_16_192_64_0p5_0p02_0028_0013.uasset" 5238
"../../../Engine/Content/EngineMaterials/Substrate/GLints/dict_16_192_64_0p5_0p02_0028_0014.uasset" 5239
"../../../Engine/Content/EngineMaterials/Substrate/GLints/dict_16_192_64_0p5_0p02_0028_0015.uasset" 5240
"../../../Engine/Content/EngineMaterials/Substrate/GLints/dict_16_192_64_0p5_0p02_0029_0000.uasset" 5241
"../../../Engine/Content/EngineMaterials/Substrate/GLints/dict_16_192_64_0p5_0p02_0029_0001.uasset" 5242
"../../../Engine/Content/EngineMaterials/Substrate/GLints/dict_16_192_64_0p5_0p02_0029_0002.uasset" 5243
"../../../Engine/Content/EngineMaterials/Substrate/GLints/dict_16_192_64_0p5_0p02_0029_0003.uasset" 5244
"../../../Engine/Content/EngineMaterials/Substrate/GLints/dict_16_192_64_0p5_0p02_0029_0004.uasset" 5245
"../../../Engine/Content/EngineMaterials/Substrate/GLints/dict_16_192_64_0p5_0p02_0029_0005.uasset" 5246
"../../../Engine/Content/EngineMaterials/Substrate/GLints/dict_16_192_64_0p5_0p02_0029_0006.uasset" 5247
"../../../Engine/Content/EngineMaterials/Substrate/GLints/dict_16_192_64_0p5_0p02_0029_0007.uasset" 5248
"../../../Engine/Content/EngineMaterials/Substrate/GLints/dict_16_192_64_0p5_0p02_0029_0008.uasset" 5249
"../../../Engine/Content/EngineMaterials/Substrate/GLints/dict_16_192_64_0p5_0p02_0029_0009.uasset" 5250
"../../../Engine/Content/EngineMaterials/Substrate/GLints/dict_16_192_64_0p5_0p02_0029_0010.uasset" 5251
"../../../Engine/Content/EngineMaterials/Substrate/GLints/dict_16_192_64_0p5_0p02_0029_0011.uasset" 5252
"../../../Engine/Content/EngineMaterials/Substrate/GLints/dict_16_192_64_0p5_0p02_0029_0012.uasset" 5253
"../../../Engine/Content/EngineMaterials/Substrate/GLints/dict_16_192_64_0p5_0p02_0029_0013.uasset" 5254
"../../../Engine/Content/EngineMaterials/Substrate/GLints/dict_16_192_64_0p5_0p02_0029_0014.uasset" 5255
"../../../Engine/Content/EngineMaterials/Substrate/GLints/dict_16_192_64_0p5_0p02_0029_0015.uasset" 5256
"../../../Engine/Content/EngineMaterials/Substrate/GLints/dict_16_192_64_0p5_0p02_0030_0000.uasset" 5257
"../../../Engine/Content/EngineMaterials/Substrate/GLints/dict_16_192_64_0p5_0p02_0030_0001.uasset" 5258
"../../../Engine/Content/EngineMaterials/Substrate/GLints/dict_16_192_64_0p5_0p02_0030_0002.uasset" 5259
"../../../Engine/Content/EngineMaterials/Substrate/GLints/dict_16_192_64_0p5_0p02_0030_0003.uasset" 5260
"../../../Engine/Content/EngineMaterials/Substrate/GLints/dict_16_192_64_0p5_0p02_0030_0004.uasset" 5261
"../../../Engine/Content/EngineMaterials/Substrate/GLints/dict_16_192_64_0p5_0p02_0030_0005.uasset" 5262
"../../../Engine/Content/EngineMaterials/Substrate/GLints/dict_16_192_64_0p5_0p02_0030_0006.uasset" 5263
"../../../Engine/Content/EngineMaterials/Substrate/GLints/dict_16_192_64_0p5_0p02_0030_0007.uasset" 5264
"../../../Engine/Content/EngineMaterials/Substrate/GLints/dict_16_192_64_0p5_0p02_0030_0008.uasset" 5265
"../../../Engine/Content/EngineMaterials/Substrate/GLints/dict_16_192_64_0p5_0p02_0030_0009.uasset" 5266
"../../../Engine/Content/EngineMaterials/Substrate/GLints/dict_16_192_64_0p5_0p02_0030_0010.uasset" 5267
"../../../Engine/Content/EngineMaterials/Substrate/GLints/dict_16_192_64_0p5_0p02_0030_0011.uasset" 5268
"../../../Engine/Content/EngineMaterials/Substrate/GLints/dict_16_192_64_0p5_0p02_0030_0012.uasset" 5269
"../../../Engine/Content/EngineMaterials/Substrate/GLints/dict_16_192_64_0p5_0p02_0030_0013.uasset" 5270
"../../../Engine/Content/EngineMaterials/Substrate/GLints/dict_16_192_64_0p5_0p02_0030_0014.uasset" 5271
"../../../Engine/Content/EngineMaterials/Substrate/GLints/dict_16_192_64_0p5_0p02_0030_0015.uasset" 5272
"../../../Engine/Content/EngineMaterials/Substrate/GLints/dict_16_192_64_0p5_0p02_0031_0000.uasset" 5273
"../../../Engine/Content/EngineMaterials/Substrate/GLints/dict_16_192_64_0p5_0p02_0031_0001.uasset" 5274
"../../../Engine/Content/EngineMaterials/Substrate/GLints/dict_16_192_64_0p5_0p02_0031_0002.uasset" 5275
"../../../Engine/Content/EngineMaterials/Substrate/GLints/dict_16_192_64_0p5_0p02_0031_0003.uasset" 5276
"../../../Engine/Content/EngineMaterials/Substrate/GLints/dict_16_192_64_0p5_0p02_0031_0004.uasset" 5277
"../../../Engine/Content/EngineMaterials/Substrate/GLints/dict_16_192_64_0p5_0p02_0031_0005.uasset" 5278
"../../../Engine/Content/EngineMaterials/Substrate/GLints/dict_16_192_64_0p5_0p02_0031_0006.uasset" 5279
"../../../Engine/Content/EngineMaterials/Substrate/GLints/dict_16_192_64_0p5_0p02_0031_0007.uasset" 5280
"../../../Engine/Content/EngineMaterials/Substrate/GLints/dict_16_192_64_0p5_0p02_0031_0008.uasset" 5281
"../../../Engine/Content/EngineMaterials/Substrate/GLints/dict_16_192_64_0p5_0p02_0031_0009.uasset" 5282
"../../../Engine/Content/EngineMaterials/Substrate/GLints/dict_16_192_64_0p5_0p02_0031_0010.uasset" 5283
"../../../Engine/Content/EngineMaterials/Substrate/GLints/dict_16_192_64_0p5_0p02_0031_0011.uasset" 5284
"../../../Engine/Content/EngineMaterials/Substrate/GLints/dict_16_192_64_0p5_0p02_0031_0012.uasset" 5285
"../../../Engine/Content/EngineMaterials/Substrate/GLints/dict_16_192_64_0p5_0p02_0031_0013.uasset" 5286
"../../../Engine/Content/EngineMaterials/Substrate/GLints/dict_16_192_64_0p5_0p02_0031_0014.uasset" 5287
"../../../Engine/Content/EngineMaterials/Substrate/GLints/dict_16_192_64_0p5_0p02_0031_0015.uasset" 5288
"../../../Engine/Content/EngineMaterials/Substrate/GLints/dict_16_192_64_0p5_0p02_0032_0000.uasset" 5289
"../../../Engine/Content/EngineMaterials/Substrate/GLints/dict_16_192_64_0p5_0p02_0032_0001.uasset" 5290
"../../../Engine/Content/EngineMaterials/Substrate/GLints/dict_16_192_64_0p5_0p02_0032_0002.uasset" 5291
"../../../Engine/Content/EngineMaterials/Substrate/GLints/dict_16_192_64_0p5_0p02_0032_0003.uasset" 5292
"../../../Engine/Content/EngineMaterials/Substrate/GLints/dict_16_192_64_0p5_0p02_0032_0004.uasset" 5293
"../../../Engine/Content/EngineMaterials/Substrate/GLints/dict_16_192_64_0p5_0p02_0032_0005.uasset" 5294
"../../../Engine/Content/EngineMaterials/Substrate/GLints/dict_16_192_64_0p5_0p02_0032_0006.uasset" 5295
"../../../Engine/Content/EngineMaterials/Substrate/GLints/dict_16_192_64_0p5_0p02_0032_0007.uasset" 5296
"../../../Engine/Content/EngineMaterials/Substrate/GLints/dict_16_192_64_0p5_0p02_0032_0008.uasset" 5297
"../../../Engine/Content/EngineMaterials/Substrate/GLints/dict_16_192_64_0p5_0p02_0032_0009.uasset" 5298
"../../../Engine/Content/EngineMaterials/Substrate/GLints/dict_16_192_64_0p5_0p02_0032_0010.uasset" 5299
"../../../Engine/Content/EngineMaterials/Substrate/GLints/dict_16_192_64_0p5_0p02_0032_0011.uasset" 5300
"../../../Engine/Content/EngineMaterials/Substrate/GLints/dict_16_192_64_0p5_0p02_0032_0012.uasset" 5301
"../../../Engine/Content/EngineMaterials/Substrate/GLints/dict_16_192_64_0p5_0p02_0032_0013.uasset" 5302
"../../../Engine/Content/EngineMaterials/Substrate/GLints/dict_16_192_64_0p5_0p02_0032_0014.uasset" 5303
"../../../Engine/Content/EngineMaterials/Substrate/GLints/dict_16_192_64_0p5_0p02_0032_0015.uasset" 5304
"../../../Engine/Content/EngineMaterials/Substrate/GLints/dict_16_192_64_0p5_0p02_0033_0000.uasset" 5305
"../../../Engine/Content/EngineMaterials/Substrate/GLints/dict_16_192_64_0p5_0p02_0033_0001.uasset" 5306
"../../../Engine/Content/EngineMaterials/Substrate/GLints/dict_16_192_64_0p5_0p02_0033_0002.uasset" 5307
"../../../Engine/Content/EngineMaterials/Substrate/GLints/dict_16_192_64_0p5_0p02_0033_0003.uasset" 5308
"../../../Engine/Content/EngineMaterials/Substrate/GLints/dict_16_192_64_0p5_0p02_0033_0004.uasset" 5309
"../../../Engine/Content/EngineMaterials/Substrate/GLints/dict_16_192_64_0p5_0p02_0033_0005.uasset" 5310
"../../../Engine/Content/EngineMaterials/Substrate/GLints/dict_16_192_64_0p5_0p02_0033_0006.uasset" 5311
"../../../Engine/Content/EngineMaterials/Substrate/GLints/dict_16_192_64_0p5_0p02_0033_0007.uasset" 5312
"../../../Engine/Content/EngineMaterials/Substrate/GLints/dict_16_192_64_0p5_0p02_0033_0008.uasset" 5313
"../../../Engine/Content/EngineMaterials/Substrate/GLints/dict_16_192_64_0p5_0p02_0033_0009.uasset" 5314
"../../../Engine/Content/EngineMaterials/Substrate/GLints/dict_16_192_64_0p5_0p02_0033_0010.uasset" 5315
"../../../Engine/Content/EngineMaterials/Substrate/GLints/dict_16_192_64_0p5_0p02_0033_0011.uasset" 5316
"../../../Engine/Content/EngineMaterials/Substrate/GLints/dict_16_192_64_0p5_0p02_0033_0012.uasset" 5317
"../../../Engine/Content/EngineMaterials/Substrate/GLints/dict_16_192_64_0p5_0p02_0033_0013.uasset" 5318
"../../../Engine/Content/EngineMaterials/Substrate/GLints/dict_16_192_64_0p5_0p02_0033_0014.uasset" 5319
"../../../Engine/Content/EngineMaterials/Substrate/GLints/dict_16_192_64_0p5_0p02_0033_0015.uasset" 5320
"../../../Engine/Content/EngineMaterials/Substrate/GLints/dict_16_192_64_0p5_0p02_0034_0000.uasset" 5321
"../../../Engine/Content/EngineMaterials/Substrate/GLints/dict_16_192_64_0p5_0p02_0034_0001.uasset" 5322
"../../../Engine/Content/EngineMaterials/Substrate/GLints/dict_16_192_64_0p5_0p02_0034_0002.uasset" 5323
"../../../Engine/Content/EngineMaterials/Substrate/GLints/dict_16_192_64_0p5_0p02_0034_0003.uasset" 5324
"../../../Engine/Content/EngineMaterials/Substrate/GLints/dict_16_192_64_0p5_0p02_0034_0004.uasset" 5325
"../../../Engine/Content/EngineMaterials/Substrate/GLints/dict_16_192_64_0p5_0p02_0034_0005.uasset" 5326
"../../../Engine/Content/EngineMaterials/Substrate/GLints/dict_16_192_64_0p5_0p02_0034_0006.uasset" 5327
"../../../Engine/Content/EngineMaterials/Substrate/GLints/dict_16_192_64_0p5_0p02_0034_0007.uasset" 5328
"../../../Engine/Content/EngineMaterials/Substrate/GLints/dict_16_192_64_0p5_0p02_0034_0008.uasset" 5329
"../../../Engine/Content/EngineMaterials/Substrate/GLints/dict_16_192_64_0p5_0p02_0034_0009.uasset" 5330
"../../../Engine/Content/EngineMaterials/Substrate/GLints/dict_16_192_64_0p5_0p02_0034_0010.uasset" 5331
"../../../Engine/Content/EngineMaterials/Substrate/GLints/dict_16_192_64_0p5_0p02_0034_0011.uasset" 5332
"../../../Engine/Content/EngineMaterials/Substrate/GLints/dict_16_192_64_0p5_0p02_0034_0012.uasset" 5333
"../../../Engine/Content/EngineMaterials/Substrate/GLints/dict_16_192_64_0p5_0p02_0034_0013.uasset" 5334
"../../../Engine/Content/EngineMaterials/Substrate/GLints/dict_16_192_64_0p5_0p02_0034_0014.uasset" 5335
"../../../Engine/Content/EngineMaterials/Substrate/GLints/dict_16_192_64_0p5_0p02_0034_0015.uasset" 5336
"../../../Engine/Content/EngineMaterials/Substrate/GLints/dict_16_192_64_0p5_0p02_0035_0000.uasset" 5337
"../../../Engine/Content/EngineMaterials/Substrate/GLints/dict_16_192_64_0p5_0p02_0035_0001.uasset" 5338
"../../../Engine/Content/EngineMaterials/Substrate/GLints/dict_16_192_64_0p5_0p02_0035_0002.uasset" 5339
"../../../Engine/Content/EngineMaterials/Substrate/GLints/dict_16_192_64_0p5_0p02_0035_0003.uasset" 5340
"../../../Engine/Content/EngineMaterials/Substrate/GLints/dict_16_192_64_0p5_0p02_0035_0004.uasset" 5341
"../../../Engine/Content/EngineMaterials/Substrate/GLints/dict_16_192_64_0p5_0p02_0035_0005.uasset" 5342
"../../../Engine/Content/EngineMaterials/Substrate/GLints/dict_16_192_64_0p5_0p02_0035_0006.uasset" 5343
"../../../Engine/Content/EngineMaterials/Substrate/GLints/dict_16_192_64_0p5_0p02_0035_0007.uasset" 5344
"../../../Engine/Content/EngineMaterials/Substrate/GLints/dict_16_192_64_0p5_0p02_0035_0008.uasset" 5345
"../../../Engine/Content/EngineMaterials/Substrate/GLints/dict_16_192_64_0p5_0p02_0035_0009.uasset" 5346
"../../../Engine/Content/EngineMaterials/Substrate/GLints/dict_16_192_64_0p5_0p02_0035_0010.uasset" 5347
"../../../Engine/Content/EngineMaterials/Substrate/GLints/dict_16_192_64_0p5_0p02_0035_0011.uasset" 5348
"../../../Engine/Content/EngineMaterials/Substrate/GLints/dict_16_192_64_0p5_0p02_0035_0012.uasset" 5349
"../../../Engine/Content/EngineMaterials/Substrate/GLints/dict_16_192_64_0p5_0p02_0035_0013.uasset" 5350
"../../../Engine/Content/EngineMaterials/Substrate/GLints/dict_16_192_64_0p5_0p02_0035_0014.uasset" 5351
"../../../Engine/Content/EngineMaterials/Substrate/GLints/dict_16_192_64_0p5_0p02_0035_0015.uasset" 5352
"../../../Engine/Content/EngineMaterials/Substrate/GLints/dict_16_192_64_0p5_0p02_0036_0000.uasset" 5353
"../../../Engine/Content/EngineMaterials/Substrate/GLints/dict_16_192_64_0p5_0p02_0036_0001.uasset" 5354
"../../../Engine/Content/EngineMaterials/Substrate/GLints/dict_16_192_64_0p5_0p02_0036_0002.uasset" 5355
"../../../Engine/Content/EngineMaterials/Substrate/GLints/dict_16_192_64_0p5_0p02_0036_0003.uasset" 5356
"../../../Engine/Content/EngineMaterials/Substrate/GLints/dict_16_192_64_0p5_0p02_0036_0004.uasset" 5357
"../../../Engine/Content/EngineMaterials/Substrate/GLints/dict_16_192_64_0p5_0p02_0036_0005.uasset" 5358
"../../../Engine/Content/EngineMaterials/Substrate/GLints/dict_16_192_64_0p5_0p02_0036_0006.uasset" 5359
"../../../Engine/Content/EngineMaterials/Substrate/GLints/dict_16_192_64_0p5_0p02_0036_0007.uasset" 5360
"../../../Engine/Content/EngineMaterials/Substrate/GLints/dict_16_192_64_0p5_0p02_0036_0008.uasset" 5361
"../../../Engine/Content/EngineMaterials/Substrate/GLints/dict_16_192_64_0p5_0p02_0036_0009.uasset" 5362
"../../../Engine/Content/EngineMaterials/Substrate/GLints/dict_16_192_64_0p5_0p02_0036_0010.uasset" 5363
"../../../Engine/Content/EngineMaterials/Substrate/GLints/dict_16_192_64_0p5_0p02_0036_0011.uasset" 5364
"../../../Engine/Content/EngineMaterials/Substrate/GLints/dict_16_192_64_0p5_0p02_0036_0012.uasset" 5365
"../../../Engine/Content/EngineMaterials/Substrate/GLints/dict_16_192_64_0p5_0p02_0036_0013.uasset" 5366
"../../../Engine/Content/EngineMaterials/Substrate/GLints/dict_16_192_64_0p5_0p02_0036_0014.uasset" 5367
"../../../Engine/Content/EngineMaterials/Substrate/GLints/dict_16_192_64_0p5_0p02_0036_0015.uasset" 5368
"../../../Engine/Content/EngineMaterials/Substrate/GLints/dict_16_192_64_0p5_0p02_0037_0000.uasset" 5369
"../../../Engine/Content/EngineMaterials/Substrate/GLints/dict_16_192_64_0p5_0p02_0037_0001.uasset" 5370
"../../../Engine/Content/EngineMaterials/Substrate/GLints/dict_16_192_64_0p5_0p02_0037_0002.uasset" 5371
"../../../Engine/Content/EngineMaterials/Substrate/GLints/dict_16_192_64_0p5_0p02_0037_0003.uasset" 5372
"../../../Engine/Content/EngineMaterials/Substrate/GLints/dict_16_192_64_0p5_0p02_0037_0004.uasset" 5373
"../../../Engine/Content/EngineMaterials/Substrate/GLints/dict_16_192_64_0p5_0p02_0037_0005.uasset" 5374
"../../../Engine/Content/EngineMaterials/Substrate/GLints/dict_16_192_64_0p5_0p02_0037_0006.uasset" 5375
"../../../Engine/Content/EngineMaterials/Substrate/GLints/dict_16_192_64_0p5_0p02_0037_0007.uasset" 5376
"../../../Engine/Content/EngineMaterials/Substrate/GLints/dict_16_192_64_0p5_0p02_0037_0008.uasset" 5377
"../../../Engine/Content/EngineMaterials/Substrate/GLints/dict_16_192_64_0p5_0p02_0037_0009.uasset" 5378
"../../../Engine/Content/EngineMaterials/Substrate/GLints/dict_16_192_64_0p5_0p02_0037_0010.uasset" 5379
"../../../Engine/Content/EngineMaterials/Substrate/GLints/dict_16_192_64_0p5_0p02_0037_0011.uasset" 5380
"../../../Engine/Content/EngineMaterials/Substrate/GLints/dict_16_192_64_0p5_0p02_0037_0012.uasset" 5381
"../../../Engine/Content/EngineMaterials/Substrate/GLints/dict_16_192_64_0p5_0p02_0037_0013.uasset" 5382
"../../../Engine/Content/EngineMaterials/Substrate/GLints/dict_16_192_64_0p5_0p02_0037_0014.uasset" 5383
"../../../Engine/Content/EngineMaterials/Substrate/GLints/dict_16_192_64_0p5_0p02_0037_0015.uasset" 5384
"../../../Engine/Content/EngineMaterials/Substrate/GLints/dict_16_192_64_0p5_0p02_0038_0000.uasset" 5385
"../../../Engine/Content/EngineMaterials/Substrate/GLints/dict_16_192_64_0p5_0p02_0038_0001.uasset" 5386
"../../../Engine/Content/EngineMaterials/Substrate/GLints/dict_16_192_64_0p5_0p02_0038_0002.uasset" 5387
"../../../Engine/Content/EngineMaterials/Substrate/GLints/dict_16_192_64_0p5_0p02_0038_0003.uasset" 5388
"../../../Engine/Content/EngineMaterials/Substrate/GLints/dict_16_192_64_0p5_0p02_0038_0004.uasset" 5389
"../../../Engine/Content/EngineMaterials/Substrate/GLints/dict_16_192_64_0p5_0p02_0038_0005.uasset" 5390
"../../../Engine/Content/EngineMaterials/Substrate/GLints/dict_16_192_64_0p5_0p02_0038_0006.uasset" 5391
"../../../Engine/Content/EngineMaterials/Substrate/GLints/dict_16_192_64_0p5_0p02_0038_0007.uasset" 5392
"../../../Engine/Content/EngineMaterials/Substrate/GLints/dict_16_192_64_0p5_0p02_0038_0008.uasset" 5393
"../../../Engine/Content/EngineMaterials/Substrate/GLints/dict_16_192_64_0p5_0p02_0038_0009.uasset" 5394
"../../../Engine/Content/EngineMaterials/Substrate/GLints/dict_16_192_64_0p5_0p02_0038_0010.uasset" 5395
"../../../Engine/Content/EngineMaterials/Substrate/GLints/dict_16_192_64_0p5_0p02_0038_0011.uasset" 5396
"../../../Engine/Content/EngineMaterials/Substrate/GLints/dict_16_192_64_0p5_0p02_0038_0012.uasset" 5397
"../../../Engine/Content/EngineMaterials/Substrate/GLints/dict_16_192_64_0p5_0p02_0038_0013.uasset" 5398
"../../../Engine/Content/EngineMaterials/Substrate/GLints/dict_16_192_64_0p5_0p02_0038_0014.uasset" 5399
"../../../Engine/Content/EngineMaterials/Substrate/GLints/dict_16_192_64_0p5_0p02_0038_0015.uasset" 5400
"../../../Engine/Content/EngineMaterials/Substrate/GLints/dict_16_192_64_0p5_0p02_0039_0000.uasset" 5401
"../../../Engine/Content/EngineMaterials/Substrate/GLints/dict_16_192_64_0p5_0p02_0039_0001.uasset" 5402
"../../../Engine/Content/EngineMaterials/Substrate/GLints/dict_16_192_64_0p5_0p02_0039_0002.uasset" 5403
"../../../Engine/Content/EngineMaterials/Substrate/GLints/dict_16_192_64_0p5_0p02_0039_0003.uasset" 5404
"../../../Engine/Content/EngineMaterials/Substrate/GLints/dict_16_192_64_0p5_0p02_0039_0004.uasset" 5405
"../../../Engine/Content/EngineMaterials/Substrate/GLints/dict_16_192_64_0p5_0p02_0039_0005.uasset" 5406
"../../../Engine/Content/EngineMaterials/Substrate/GLints/dict_16_192_64_0p5_0p02_0039_0006.uasset" 5407
"../../../Engine/Content/EngineMaterials/Substrate/GLints/dict_16_192_64_0p5_0p02_0039_0007.uasset" 5408
"../../../Engine/Content/EngineMaterials/Substrate/GLints/dict_16_192_64_0p5_0p02_0039_0008.uasset" 5409
"../../../Engine/Content/EngineMaterials/Substrate/GLints/dict_16_192_64_0p5_0p02_0039_0009.uasset" 5410
"../../../Engine/Content/EngineMaterials/Substrate/GLints/dict_16_192_64_0p5_0p02_0039_0010.uasset" 5411
"../../../Engine/Content/EngineMaterials/Substrate/GLints/dict_16_192_64_0p5_0p02_0039_0011.uasset" 5412
"../../../Engine/Content/EngineMaterials/Substrate/GLints/dict_16_192_64_0p5_0p02_0039_0012.uasset" 5413
"../../../Engine/Content/EngineMaterials/Substrate/GLints/dict_16_192_64_0p5_0p02_0039_0013.uasset" 5414
"../../../Engine/Content/EngineMaterials/Substrate/GLints/dict_16_192_64_0p5_0p02_0039_0014.uasset" 5415
"../../../Engine/Content/EngineMaterials/Substrate/GLints/dict_16_192_64_0p5_0p02_0039_0015.uasset" 5416
"../../../Engine/Content/EngineMaterials/Substrate/GLints/dict_16_192_64_0p5_0p02_0040_0000.uasset" 5417
"../../../Engine/Content/EngineMaterials/Substrate/GLints/dict_16_192_64_0p5_0p02_0040_0001.uasset" 5418
"../../../Engine/Content/EngineMaterials/Substrate/GLints/dict_16_192_64_0p5_0p02_0040_0002.uasset" 5419
"../../../Engine/Content/EngineMaterials/Substrate/GLints/dict_16_192_64_0p5_0p02_0040_0003.uasset" 5420
"../../../Engine/Content/EngineMaterials/Substrate/GLints/dict_16_192_64_0p5_0p02_0040_0004.uasset" 5421
"../../../Engine/Content/EngineMaterials/Substrate/GLints/dict_16_192_64_0p5_0p02_0040_0005.uasset" 5422
"../../../Engine/Content/EngineMaterials/Substrate/GLints/dict_16_192_64_0p5_0p02_0040_0006.uasset" 5423
"../../../Engine/Content/EngineMaterials/Substrate/GLints/dict_16_192_64_0p5_0p02_0040_0007.uasset" 5424
"../../../Engine/Content/EngineMaterials/Substrate/GLints/dict_16_192_64_0p5_0p02_0040_0008.uasset" 5425
"../../../Engine/Content/EngineMaterials/Substrate/GLints/dict_16_192_64_0p5_0p02_0040_0009.uasset" 5426
"../../../Engine/Content/EngineMaterials/Substrate/GLints/dict_16_192_64_0p5_0p02_0040_0010.uasset" 5427
"../../../Engine/Content/EngineMaterials/Substrate/GLints/dict_16_192_64_0p5_0p02_0040_0011.uasset" 5428
"../../../Engine/Content/EngineMaterials/Substrate/GLints/dict_16_192_64_0p5_0p02_0040_0012.uasset" 5429
"../../../Engine/Content/EngineMaterials/Substrate/GLints/dict_16_192_64_0p5_0p02_0040_0013.uasset" 5430
"../../../Engine/Content/EngineMaterials/Substrate/GLints/dict_16_192_64_0p5_0p02_0040_0014.uasset" 5431
"../../../Engine/Content/EngineMaterials/Substrate/GLints/dict_16_192_64_0p5_0p02_0040_0015.uasset" 5432
"../../../Engine/Content/EngineMaterials/Substrate/GLints/dict_16_192_64_0p5_0p02_0041_0000.uasset" 5433
"../../../Engine/Content/EngineMaterials/Substrate/GLints/dict_16_192_64_0p5_0p02_0041_0001.uasset" 5434
"../../../Engine/Content/EngineMaterials/Substrate/GLints/dict_16_192_64_0p5_0p02_0041_0002.uasset" 5435
"../../../Engine/Content/EngineMaterials/Substrate/GLints/dict_16_192_64_0p5_0p02_0041_0003.uasset" 5436
"../../../Engine/Content/EngineMaterials/Substrate/GLints/dict_16_192_64_0p5_0p02_0041_0004.uasset" 5437
"../../../Engine/Content/EngineMaterials/Substrate/GLints/dict_16_192_64_0p5_0p02_0041_0005.uasset" 5438
"../../../Engine/Content/EngineMaterials/Substrate/GLints/dict_16_192_64_0p5_0p02_0041_0006.uasset" 5439
"../../../Engine/Content/EngineMaterials/Substrate/GLints/dict_16_192_64_0p5_0p02_0041_0007.uasset" 5440
"../../../Engine/Content/EngineMaterials/Substrate/GLints/dict_16_192_64_0p5_0p02_0041_0008.uasset" 5441
"../../../Engine/Content/EngineMaterials/Substrate/GLints/dict_16_192_64_0p5_0p02_0041_0009.uasset" 5442
"../../../Engine/Content/EngineMaterials/Substrate/GLints/dict_16_192_64_0p5_0p02_0041_0010.uasset" 5443
"../../../Engine/Content/EngineMaterials/Substrate/GLints/dict_16_192_64_0p5_0p02_0041_0011.uasset" 5444
"../../../Engine/Content/EngineMaterials/Substrate/GLints/dict_16_192_64_0p5_0p02_0041_0012.uasset" 5445
"../../../Engine/Content/EngineMaterials/Substrate/GLints/dict_16_192_64_0p5_0p02_0041_0013.uasset" 5446
"../../../Engine/Content/EngineMaterials/Substrate/GLints/dict_16_192_64_0p5_0p02_0041_0014.uasset" 5447
"../../../Engine/Content/EngineMaterials/Substrate/GLints/dict_16_192_64_0p5_0p02_0041_0015.uasset" 5448
"../../../Engine/Content/EngineMaterials/Substrate/GLints/dict_16_192_64_0p5_0p02_0042_0000.uasset" 5449
"../../../Engine/Content/EngineMaterials/Substrate/GLints/dict_16_192_64_0p5_0p02_0042_0001.uasset" 5450
"../../../Engine/Content/EngineMaterials/Substrate/GLints/dict_16_192_64_0p5_0p02_0042_0002.uasset" 5451
"../../../Engine/Content/EngineMaterials/Substrate/GLints/dict_16_192_64_0p5_0p02_0042_0003.uasset" 5452
"../../../Engine/Content/EngineMaterials/Substrate/GLints/dict_16_192_64_0p5_0p02_0042_0004.uasset" 5453
"../../../Engine/Content/EngineMaterials/Substrate/GLints/dict_16_192_64_0p5_0p02_0042_0005.uasset" 5454
"../../../Engine/Content/EngineMaterials/Substrate/GLints/dict_16_192_64_0p5_0p02_0042_0006.uasset" 5455
"../../../Engine/Content/EngineMaterials/Substrate/GLints/dict_16_192_64_0p5_0p02_0042_0007.uasset" 5456
"../../../Engine/Content/EngineMaterials/Substrate/GLints/dict_16_192_64_0p5_0p02_0042_0008.uasset" 5457
"../../../Engine/Content/EngineMaterials/Substrate/GLints/dict_16_192_64_0p5_0p02_0042_0009.uasset" 5458
"../../../Engine/Content/EngineMaterials/Substrate/GLints/dict_16_192_64_0p5_0p02_0042_0010.uasset" 5459
"../../../Engine/Content/EngineMaterials/Substrate/GLints/dict_16_192_64_0p5_0p02_0042_0011.uasset" 5460
"../../../Engine/Content/EngineMaterials/Substrate/GLints/dict_16_192_64_0p5_0p02_0042_0012.uasset" 5461
"../../../Engine/Content/EngineMaterials/Substrate/GLints/dict_16_192_64_0p5_0p02_0042_0013.uasset" 5462
"../../../Engine/Content/EngineMaterials/Substrate/GLints/dict_16_192_64_0p5_0p02_0042_0014.uasset" 5463
"../../../Engine/Content/EngineMaterials/Substrate/GLints/dict_16_192_64_0p5_0p02_0042_0015.uasset" 5464
"../../../Engine/Content/EngineMaterials/Substrate/GLints/dict_16_192_64_0p5_0p02_0043_0000.uasset" 5465
"../../../Engine/Content/EngineMaterials/Substrate/GLints/dict_16_192_64_0p5_0p02_0043_0001.uasset" 5466
"../../../Engine/Content/EngineMaterials/Substrate/GLints/dict_16_192_64_0p5_0p02_0043_0002.uasset" 5467
"../../../Engine/Content/EngineMaterials/Substrate/GLints/dict_16_192_64_0p5_0p02_0043_0003.uasset" 5468
"../../../Engine/Content/EngineMaterials/Substrate/GLints/dict_16_192_64_0p5_0p02_0043_0004.uasset" 5469
"../../../Engine/Content/EngineMaterials/Substrate/GLints/dict_16_192_64_0p5_0p02_0043_0005.uasset" 5470
"../../../Engine/Content/EngineMaterials/Substrate/GLints/dict_16_192_64_0p5_0p02_0043_0006.uasset" 5471
"../../../Engine/Content/EngineMaterials/Substrate/GLints/dict_16_192_64_0p5_0p02_0043_0007.uasset" 5472
"../../../Engine/Content/EngineMaterials/Substrate/GLints/dict_16_192_64_0p5_0p02_0043_0008.uasset" 5473
"../../../Engine/Content/EngineMaterials/Substrate/GLints/dict_16_192_64_0p5_0p02_0043_0009.uasset" 5474
"../../../Engine/Content/EngineMaterials/Substrate/GLints/dict_16_192_64_0p5_0p02_0043_0010.uasset" 5475
"../../../Engine/Content/EngineMaterials/Substrate/GLints/dict_16_192_64_0p5_0p02_0043_0011.uasset" 5476
"../../../Engine/Content/EngineMaterials/Substrate/GLints/dict_16_192_64_0p5_0p02_0043_0012.uasset" 5477
"../../../Engine/Content/EngineMaterials/Substrate/GLints/dict_16_192_64_0p5_0p02_0043_0013.uasset" 5478
"../../../Engine/Content/EngineMaterials/Substrate/GLints/dict_16_192_64_0p5_0p02_0043_0014.uasset" 5479
"../../../Engine/Content/EngineMaterials/Substrate/GLints/dict_16_192_64_0p5_0p02_0043_0015.uasset" 5480
"../../../Engine/Content/EngineMaterials/Substrate/GLints/dict_16_192_64_0p5_0p02_0044_0000.uasset" 5481
"../../../Engine/Content/EngineMaterials/Substrate/GLints/dict_16_192_64_0p5_0p02_0044_0001.uasset" 5482
"../../../Engine/Content/EngineMaterials/Substrate/GLints/dict_16_192_64_0p5_0p02_0044_0002.uasset" 5483
"../../../Engine/Content/EngineMaterials/Substrate/GLints/dict_16_192_64_0p5_0p02_0044_0003.uasset" 5484
"../../../Engine/Content/EngineMaterials/Substrate/GLints/dict_16_192_64_0p5_0p02_0044_0004.uasset" 5485
"../../../Engine/Content/EngineMaterials/Substrate/GLints/dict_16_192_64_0p5_0p02_0044_0005.uasset" 5486
"../../../Engine/Content/EngineMaterials/Substrate/GLints/dict_16_192_64_0p5_0p02_0044_0006.uasset" 5487
"../../../Engine/Content/EngineMaterials/Substrate/GLints/dict_16_192_64_0p5_0p02_0044_0007.uasset" 5488
"../../../Engine/Content/EngineMaterials/Substrate/GLints/dict_16_192_64_0p5_0p02_0044_0008.uasset" 5489
"../../../Engine/Content/EngineMaterials/Substrate/GLints/dict_16_192_64_0p5_0p02_0044_0009.uasset" 5490
"../../../Engine/Content/EngineMaterials/Substrate/GLints/dict_16_192_64_0p5_0p02_0044_0010.uasset" 5491
"../../../Engine/Content/EngineMaterials/Substrate/GLints/dict_16_192_64_0p5_0p02_0044_0011.uasset" 5492
"../../../Engine/Content/EngineMaterials/Substrate/GLints/dict_16_192_64_0p5_0p02_0044_0012.uasset" 5493
"../../../Engine/Content/EngineMaterials/Substrate/GLints/dict_16_192_64_0p5_0p02_0044_0013.uasset" 5494
"../../../Engine/Content/EngineMaterials/Substrate/GLints/dict_16_192_64_0p5_0p02_0044_0014.uasset" 5495
"../../../Engine/Content/EngineMaterials/Substrate/GLints/dict_16_192_64_0p5_0p02_0044_0015.uasset" 5496
"../../../Engine/Content/EngineMaterials/Substrate/GLints/dict_16_192_64_0p5_0p02_0045_0000.uasset" 5497
"../../../Engine/Content/EngineMaterials/Substrate/GLints/dict_16_192_64_0p5_0p02_0045_0001.uasset" 5498
"../../../Engine/Content/EngineMaterials/Substrate/GLints/dict_16_192_64_0p5_0p02_0045_0002.uasset" 5499
"../../../Engine/Content/EngineMaterials/Substrate/GLints/dict_16_192_64_0p5_0p02_0045_0003.uasset" 5500
"../../../Engine/Content/EngineMaterials/Substrate/GLints/dict_16_192_64_0p5_0p02_0045_0004.uasset" 5501
"../../../Engine/Content/EngineMaterials/Substrate/GLints/dict_16_192_64_0p5_0p02_0045_0005.uasset" 5502
"../../../Engine/Content/EngineMaterials/Substrate/GLints/dict_16_192_64_0p5_0p02_0045_0006.uasset" 5503
"../../../Engine/Content/EngineMaterials/Substrate/GLints/dict_16_192_64_0p5_0p02_0045_0007.uasset" 5504
"../../../Engine/Content/EngineMaterials/Substrate/GLints/dict_16_192_64_0p5_0p02_0045_0008.uasset" 5505
"../../../Engine/Content/EngineMaterials/Substrate/GLints/dict_16_192_64_0p5_0p02_0045_0009.uasset" 5506
"../../../Engine/Content/EngineMaterials/Substrate/GLints/dict_16_192_64_0p5_0p02_0045_0010.uasset" 5507
"../../../Engine/Content/EngineMaterials/Substrate/GLints/dict_16_192_64_0p5_0p02_0045_0011.uasset" 5508
"../../../Engine/Content/EngineMaterials/Substrate/GLints/dict_16_192_64_0p5_0p02_0045_0012.uasset" 5509
"../../../Engine/Content/EngineMaterials/Substrate/GLints/dict_16_192_64_0p5_0p02_0045_0013.uasset" 5510
"../../../Engine/Content/EngineMaterials/Substrate/GLints/dict_16_192_64_0p5_0p02_0045_0014.uasset" 5511
"../../../Engine/Content/EngineMaterials/Substrate/GLints/dict_16_192_64_0p5_0p02_0045_0015.uasset" 5512
"../../../Engine/Content/EngineMaterials/Substrate/GLints/dict_16_192_64_0p5_0p02_0046_0000.uasset" 5513
"../../../Engine/Content/EngineMaterials/Substrate/GLints/dict_16_192_64_0p5_0p02_0046_0001.uasset" 5514
"../../../Engine/Content/EngineMaterials/Substrate/GLints/dict_16_192_64_0p5_0p02_0046_0002.uasset" 5515
"../../../Engine/Content/EngineMaterials/Substrate/GLints/dict_16_192_64_0p5_0p02_0046_0003.uasset" 5516
"../../../Engine/Content/EngineMaterials/Substrate/GLints/dict_16_192_64_0p5_0p02_0046_0004.uasset" 5517
"../../../Engine/Content/EngineMaterials/Substrate/GLints/dict_16_192_64_0p5_0p02_0046_0005.uasset" 5518
"../../../Engine/Content/EngineMaterials/Substrate/GLints/dict_16_192_64_0p5_0p02_0046_0006.uasset" 5519
"../../../Engine/Content/EngineMaterials/Substrate/GLints/dict_16_192_64_0p5_0p02_0046_0007.uasset" 5520
"../../../Engine/Content/EngineMaterials/Substrate/GLints/dict_16_192_64_0p5_0p02_0046_0008.uasset" 5521
"../../../Engine/Content/EngineMaterials/Substrate/GLints/dict_16_192_64_0p5_0p02_0046_0009.uasset" 5522
"../../../Engine/Content/EngineMaterials/Substrate/GLints/dict_16_192_64_0p5_0p02_0046_0010.uasset" 5523
"../../../Engine/Content/EngineMaterials/Substrate/GLints/dict_16_192_64_0p5_0p02_0046_0011.uasset" 5524
"../../../Engine/Content/EngineMaterials/Substrate/GLints/dict_16_192_64_0p5_0p02_0046_0012.uasset" 5525
"../../../Engine/Content/EngineMaterials/Substrate/GLints/dict_16_192_64_0p5_0p02_0046_0013.uasset" 5526
"../../../Engine/Content/EngineMaterials/Substrate/GLints/dict_16_192_64_0p5_0p02_0046_0014.uasset" 5527
"../../../Engine/Content/EngineMaterials/Substrate/GLints/dict_16_192_64_0p5_0p02_0046_0015.uasset" 5528
"../../../Engine/Content/EngineMaterials/Substrate/GLints/dict_16_192_64_0p5_0p02_0047_0000.uasset" 5529
"../../../Engine/Content/EngineMaterials/Substrate/GLints/dict_16_192_64_0p5_0p02_0047_0001.uasset" 5530
"../../../Engine/Content/EngineMaterials/Substrate/GLints/dict_16_192_64_0p5_0p02_0047_0002.uasset" 5531
"../../../Engine/Content/EngineMaterials/Substrate/GLints/dict_16_192_64_0p5_0p02_0047_0003.uasset" 5532
"../../../Engine/Content/EngineMaterials/Substrate/GLints/dict_16_192_64_0p5_0p02_0047_0004.uasset" 5533
"../../../Engine/Content/EngineMaterials/Substrate/GLints/dict_16_192_64_0p5_0p02_0047_0005.uasset" 5534
"../../../Engine/Content/EngineMaterials/Substrate/GLints/dict_16_192_64_0p5_0p02_0047_0006.uasset" 5535
"../../../Engine/Content/EngineMaterials/Substrate/GLints/dict_16_192_64_0p5_0p02_0047_0007.uasset" 5536
"../../../Engine/Content/EngineMaterials/Substrate/GLints/dict_16_192_64_0p5_0p02_0047_0008.uasset" 5537
"../../../Engine/Content/EngineMaterials/Substrate/GLints/dict_16_192_64_0p5_0p02_0047_0009.uasset" 5538
"../../../Engine/Content/EngineMaterials/Substrate/GLints/dict_16_192_64_0p5_0p02_0047_0010.uasset" 5539
"../../../Engine/Content/EngineMaterials/Substrate/GLints/dict_16_192_64_0p5_0p02_0047_0011.uasset" 5540
"../../../Engine/Content/EngineMaterials/Substrate/GLints/dict_16_192_64_0p5_0p02_0047_0012.uasset" 5541
"../../../Engine/Content/EngineMaterials/Substrate/GLints/dict_16_192_64_0p5_0p02_0047_0013.uasset" 5542
"../../../Engine/Content/EngineMaterials/Substrate/GLints/dict_16_192_64_0p5_0p02_0047_0014.uasset" 5543
"../../../Engine/Content/EngineMaterials/Substrate/GLints/dict_16_192_64_0p5_0p02_0047_0015.uasset" 5544
"../../../Engine/Content/EngineMaterials/Substrate/GLints/dict_16_192_64_0p5_0p02_0048_0000.uasset" 5545
"../../../Engine/Content/EngineMaterials/Substrate/GLints/dict_16_192_64_0p5_0p02_0048_0001.uasset" 5546
"../../../Engine/Content/EngineMaterials/Substrate/GLints/dict_16_192_64_0p5_0p02_0048_0002.uasset" 5547
"../../../Engine/Content/EngineMaterials/Substrate/GLints/dict_16_192_64_0p5_0p02_0048_0003.uasset" 5548
"../../../Engine/Content/EngineMaterials/Substrate/GLints/dict_16_192_64_0p5_0p02_0048_0004.uasset" 5549
"../../../Engine/Content/EngineMaterials/Substrate/GLints/dict_16_192_64_0p5_0p02_0048_0005.uasset" 5550
"../../../Engine/Content/EngineMaterials/Substrate/GLints/dict_16_192_64_0p5_0p02_0048_0006.uasset" 5551
"../../../Engine/Content/EngineMaterials/Substrate/GLints/dict_16_192_64_0p5_0p02_0048_0007.uasset" 5552
"../../../Engine/Content/EngineMaterials/Substrate/GLints/dict_16_192_64_0p5_0p02_0048_0008.uasset" 5553
"../../../Engine/Content/EngineMaterials/Substrate/GLints/dict_16_192_64_0p5_0p02_0048_0009.uasset" 5554
"../../../Engine/Content/EngineMaterials/Substrate/GLints/dict_16_192_64_0p5_0p02_0048_0010.uasset" 5555
"../../../Engine/Content/EngineMaterials/Substrate/GLints/dict_16_192_64_0p5_0p02_0048_0011.uasset" 5556
"../../../Engine/Content/EngineMaterials/Substrate/GLints/dict_16_192_64_0p5_0p02_0048_0012.uasset" 5557
"../../../Engine/Content/EngineMaterials/Substrate/GLints/dict_16_192_64_0p5_0p02_0048_0013.uasset" 5558
"../../../Engine/Content/EngineMaterials/Substrate/GLints/dict_16_192_64_0p5_0p02_0048_0014.uasset" 5559
"../../../Engine/Content/EngineMaterials/Substrate/GLints/dict_16_192_64_0p5_0p02_0048_0015.uasset" 5560
"../../../Engine/Content/EngineMaterials/Substrate/GLints/dict_16_192_64_0p5_0p02_0049_0000.uasset" 5561
"../../../Engine/Content/EngineMaterials/Substrate/GLints/dict_16_192_64_0p5_0p02_0049_0001.uasset" 5562
"../../../Engine/Content/EngineMaterials/Substrate/GLints/dict_16_192_64_0p5_0p02_0049_0002.uasset" 5563
"../../../Engine/Content/EngineMaterials/Substrate/GLints/dict_16_192_64_0p5_0p02_0049_0003.uasset" 5564
"../../../Engine/Content/EngineMaterials/Substrate/GLints/dict_16_192_64_0p5_0p02_0049_0004.uasset" 5565
"../../../Engine/Content/EngineMaterials/Substrate/GLints/dict_16_192_64_0p5_0p02_0049_0005.uasset" 5566
"../../../Engine/Content/EngineMaterials/Substrate/GLints/dict_16_192_64_0p5_0p02_0049_0006.uasset" 5567
"../../../Engine/Content/EngineMaterials/Substrate/GLints/dict_16_192_64_0p5_0p02_0049_0007.uasset" 5568
"../../../Engine/Content/EngineMaterials/Substrate/GLints/dict_16_192_64_0p5_0p02_0049_0008.uasset" 5569
"../../../Engine/Content/EngineMaterials/Substrate/GLints/dict_16_192_64_0p5_0p02_0049_0009.uasset" 5570
"../../../Engine/Content/EngineMaterials/Substrate/GLints/dict_16_192_64_0p5_0p02_0049_0010.uasset" 5571
"../../../Engine/Content/EngineMaterials/Substrate/GLints/dict_16_192_64_0p5_0p02_0049_0011.uasset" 5572
"../../../Engine/Content/EngineMaterials/Substrate/GLints/dict_16_192_64_0p5_0p02_0049_0012.uasset" 5573
"../../../Engine/Content/EngineMaterials/Substrate/GLints/dict_16_192_64_0p5_0p02_0049_0013.uasset" 5574
"../../../Engine/Content/EngineMaterials/Substrate/GLints/dict_16_192_64_0p5_0p02_0049_0014.uasset" 5575
"../../../Engine/Content/EngineMaterials/Substrate/GLints/dict_16_192_64_0p5_0p02_0049_0015.uasset" 5576
"../../../Engine/Content/EngineMaterials/Substrate/GLints/dict_16_192_64_0p5_0p02_0050_0000.uasset" 5577
"../../../Engine/Content/EngineMaterials/Substrate/GLints/dict_16_192_64_0p5_0p02_0050_0001.uasset" 5578
"../../../Engine/Content/EngineMaterials/Substrate/GLints/dict_16_192_64_0p5_0p02_0050_0002.uasset" 5579
"../../../Engine/Content/EngineMaterials/Substrate/GLints/dict_16_192_64_0p5_0p02_0050_0003.uasset" 5580
"../../../Engine/Content/EngineMaterials/Substrate/GLints/dict_16_192_64_0p5_0p02_0050_0004.uasset" 5581
"../../../Engine/Content/EngineMaterials/Substrate/GLints/dict_16_192_64_0p5_0p02_0050_0005.uasset" 5582
"../../../Engine/Content/EngineMaterials/Substrate/GLints/dict_16_192_64_0p5_0p02_0050_0006.uasset" 5583
"../../../Engine/Content/EngineMaterials/Substrate/GLints/dict_16_192_64_0p5_0p02_0050_0007.uasset" 5584
"../../../Engine/Content/EngineMaterials/Substrate/GLints/dict_16_192_64_0p5_0p02_0050_0008.uasset" 5585
"../../../Engine/Content/EngineMaterials/Substrate/GLints/dict_16_192_64_0p5_0p02_0050_0009.uasset" 5586
"../../../Engine/Content/EngineMaterials/Substrate/GLints/dict_16_192_64_0p5_0p02_0050_0010.uasset" 5587
"../../../Engine/Content/EngineMaterials/Substrate/GLints/dict_16_192_64_0p5_0p02_0050_0011.uasset" 5588
"../../../Engine/Content/EngineMaterials/Substrate/GLints/dict_16_192_64_0p5_0p02_0050_0012.uasset" 5589
"../../../Engine/Content/EngineMaterials/Substrate/GLints/dict_16_192_64_0p5_0p02_0050_0013.uasset" 5590
"../../../Engine/Content/EngineMaterials/Substrate/GLints/dict_16_192_64_0p5_0p02_0050_0014.uasset" 5591
"../../../Engine/Content/EngineMaterials/Substrate/GLints/dict_16_192_64_0p5_0p02_0050_0015.uasset" 5592
"../../../Engine/Content/EngineMaterials/Substrate/GLints/dict_16_192_64_0p5_0p02_0051_0000.uasset" 5593
"../../../Engine/Content/EngineMaterials/Substrate/GLints/dict_16_192_64_0p5_0p02_0051_0001.uasset" 5594
"../../../Engine/Content/EngineMaterials/Substrate/GLints/dict_16_192_64_0p5_0p02_0051_0002.uasset" 5595
"../../../Engine/Content/EngineMaterials/Substrate/GLints/dict_16_192_64_0p5_0p02_0051_0003.uasset" 5596
"../../../Engine/Content/EngineMaterials/Substrate/GLints/dict_16_192_64_0p5_0p02_0051_0004.uasset" 5597
"../../../Engine/Content/EngineMaterials/Substrate/GLints/dict_16_192_64_0p5_0p02_0051_0005.uasset" 5598
"../../../Engine/Content/EngineMaterials/Substrate/GLints/dict_16_192_64_0p5_0p02_0051_0006.uasset" 5599
"../../../Engine/Content/EngineMaterials/Substrate/GLints/dict_16_192_64_0p5_0p02_0051_0007.uasset" 5600
"../../../Engine/Content/EngineMaterials/Substrate/GLints/dict_16_192_64_0p5_0p02_0051_0008.uasset" 5601
"../../../Engine/Content/EngineMaterials/Substrate/GLints/dict_16_192_64_0p5_0p02_0051_0009.uasset" 5602
"../../../Engine/Content/EngineMaterials/Substrate/GLints/dict_16_192_64_0p5_0p02_0051_0010.uasset" 5603
"../../../Engine/Content/EngineMaterials/Substrate/GLints/dict_16_192_64_0p5_0p02_0051_0011.uasset" 5604
"../../../Engine/Content/EngineMaterials/Substrate/GLints/dict_16_192_64_0p5_0p02_0051_0012.uasset" 5605
"../../../Engine/Content/EngineMaterials/Substrate/GLints/dict_16_192_64_0p5_0p02_0051_0013.uasset" 5606
"../../../Engine/Content/EngineMaterials/Substrate/GLints/dict_16_192_64_0p5_0p02_0051_0014.uasset" 5607
"../../../Engine/Content/EngineMaterials/Substrate/GLints/dict_16_192_64_0p5_0p02_0051_0015.uasset" 5608
"../../../Engine/Content/EngineMaterials/Substrate/GLints/dict_16_192_64_0p5_0p02_0052_0000.uasset" 5609
"../../../Engine/Content/EngineMaterials/Substrate/GLints/dict_16_192_64_0p5_0p02_0052_0001.uasset" 5610
"../../../Engine/Content/EngineMaterials/Substrate/GLints/dict_16_192_64_0p5_0p02_0052_0002.uasset" 5611
"../../../Engine/Content/EngineMaterials/Substrate/GLints/dict_16_192_64_0p5_0p02_0052_0003.uasset" 5612
"../../../Engine/Content/EngineMaterials/Substrate/GLints/dict_16_192_64_0p5_0p02_0052_0004.uasset" 5613
"../../../Engine/Content/EngineMaterials/Substrate/GLints/dict_16_192_64_0p5_0p02_0052_0005.uasset" 5614
"../../../Engine/Content/EngineMaterials/Substrate/GLints/dict_16_192_64_0p5_0p02_0052_0006.uasset" 5615
"../../../Engine/Content/EngineMaterials/Substrate/GLints/dict_16_192_64_0p5_0p02_0052_0007.uasset" 5616
"../../../Engine/Content/EngineMaterials/Substrate/GLints/dict_16_192_64_0p5_0p02_0052_0008.uasset" 5617
"../../../Engine/Content/EngineMaterials/Substrate/GLints/dict_16_192_64_0p5_0p02_0052_0009.uasset" 5618
"../../../Engine/Content/EngineMaterials/Substrate/GLints/dict_16_192_64_0p5_0p02_0052_0010.uasset" 5619
"../../../Engine/Content/EngineMaterials/Substrate/GLints/dict_16_192_64_0p5_0p02_0052_0011.uasset" 5620
"../../../Engine/Content/EngineMaterials/Substrate/GLints/dict_16_192_64_0p5_0p02_0052_0012.uasset" 5621
"../../../Engine/Content/EngineMaterials/Substrate/GLints/dict_16_192_64_0p5_0p02_0052_0013.uasset" 5622
"../../../Engine/Content/EngineMaterials/Substrate/GLints/dict_16_192_64_0p5_0p02_0052_0014.uasset" 5623
"../../../Engine/Content/EngineMaterials/Substrate/GLints/dict_16_192_64_0p5_0p02_0052_0015.uasset" 5624
"../../../Engine/Content/EngineMaterials/Substrate/GLints/dict_16_192_64_0p5_0p02_0053_0000.uasset" 5625
"../../../Engine/Content/EngineMaterials/Substrate/GLints/dict_16_192_64_0p5_0p02_0053_0001.uasset" 5626
"../../../Engine/Content/EngineMaterials/Substrate/GLints/dict_16_192_64_0p5_0p02_0053_0002.uasset" 5627
"../../../Engine/Content/EngineMaterials/Substrate/GLints/dict_16_192_64_0p5_0p02_0053_0003.uasset" 5628
"../../../Engine/Content/EngineMaterials/Substrate/GLints/dict_16_192_64_0p5_0p02_0053_0004.uasset" 5629
"../../../Engine/Content/EngineMaterials/Substrate/GLints/dict_16_192_64_0p5_0p02_0053_0005.uasset" 5630
"../../../Engine/Content/EngineMaterials/Substrate/GLints/dict_16_192_64_0p5_0p02_0053_0006.uasset" 5631
"../../../Engine/Content/EngineMaterials/Substrate/GLints/dict_16_192_64_0p5_0p02_0053_0007.uasset" 5632
"../../../Engine/Content/EngineMaterials/Substrate/GLints/dict_16_192_64_0p5_0p02_0053_0008.uasset" 5633
"../../../Engine/Content/EngineMaterials/Substrate/GLints/dict_16_192_64_0p5_0p02_0053_0009.uasset" 5634
"../../../Engine/Content/EngineMaterials/Substrate/GLints/dict_16_192_64_0p5_0p02_0053_0010.uasset" 5635
"../../../Engine/Content/EngineMaterials/Substrate/GLints/dict_16_192_64_0p5_0p02_0053_0011.uasset" 5636
"../../../Engine/Content/EngineMaterials/Substrate/GLints/dict_16_192_64_0p5_0p02_0053_0012.uasset" 5637
"../../../Engine/Content/EngineMaterials/Substrate/GLints/dict_16_192_64_0p5_0p02_0053_0013.uasset" 5638
"../../../Engine/Content/EngineMaterials/Substrate/GLints/dict_16_192_64_0p5_0p02_0053_0014.uasset" 5639
"../../../Engine/Content/EngineMaterials/Substrate/GLints/dict_16_192_64_0p5_0p02_0053_0015.uasset" 5640
"../../../Engine/Content/EngineMaterials/Substrate/GLints/dict_16_192_64_0p5_0p02_0054_0000.uasset" 5641
"../../../Engine/Content/EngineMaterials/Substrate/GLints/dict_16_192_64_0p5_0p02_0054_0001.uasset" 5642
"../../../Engine/Content/EngineMaterials/Substrate/GLints/dict_16_192_64_0p5_0p02_0054_0002.uasset" 5643
"../../../Engine/Content/EngineMaterials/Substrate/GLints/dict_16_192_64_0p5_0p02_0054_0003.uasset" 5644
"../../../Engine/Content/EngineMaterials/Substrate/GLints/dict_16_192_64_0p5_0p02_0054_0004.uasset" 5645
"../../../Engine/Content/EngineMaterials/Substrate/GLints/dict_16_192_64_0p5_0p02_0054_0005.uasset" 5646
"../../../Engine/Content/EngineMaterials/Substrate/GLints/dict_16_192_64_0p5_0p02_0054_0006.uasset" 5647
"../../../Engine/Content/EngineMaterials/Substrate/GLints/dict_16_192_64_0p5_0p02_0054_0007.uasset" 5648
"../../../Engine/Content/EngineMaterials/Substrate/GLints/dict_16_192_64_0p5_0p02_0054_0008.uasset" 5649
"../../../Engine/Content/EngineMaterials/Substrate/GLints/dict_16_192_64_0p5_0p02_0054_0009.uasset" 5650
"../../../Engine/Content/EngineMaterials/Substrate/GLints/dict_16_192_64_0p5_0p02_0054_0010.uasset" 5651
"../../../Engine/Content/EngineMaterials/Substrate/GLints/dict_16_192_64_0p5_0p02_0054_0011.uasset" 5652
"../../../Engine/Content/EngineMaterials/Substrate/GLints/dict_16_192_64_0p5_0p02_0054_0012.uasset" 5653
"../../../Engine/Content/EngineMaterials/Substrate/GLints/dict_16_192_64_0p5_0p02_0054_0013.uasset" 5654
"../../../Engine/Content/EngineMaterials/Substrate/GLints/dict_16_192_64_0p5_0p02_0054_0014.uasset" 5655
"../../../Engine/Content/EngineMaterials/Substrate/GLints/dict_16_192_64_0p5_0p02_0054_0015.uasset" 5656
"../../../Engine/Content/EngineMaterials/Substrate/GLints/dict_16_192_64_0p5_0p02_0055_0000.uasset" 5657
"../../../Engine/Content/EngineMaterials/Substrate/GLints/dict_16_192_64_0p5_0p02_0055_0001.uasset" 5658
"../../../Engine/Content/EngineMaterials/Substrate/GLints/dict_16_192_64_0p5_0p02_0055_0002.uasset" 5659
"../../../Engine/Content/EngineMaterials/Substrate/GLints/dict_16_192_64_0p5_0p02_0055_0003.uasset" 5660
"../../../Engine/Content/EngineMaterials/Substrate/GLints/dict_16_192_64_0p5_0p02_0055_0004.uasset" 5661
"../../../Engine/Content/EngineMaterials/Substrate/GLints/dict_16_192_64_0p5_0p02_0055_0005.uasset" 5662
"../../../Engine/Content/EngineMaterials/Substrate/GLints/dict_16_192_64_0p5_0p02_0055_0006.uasset" 5663
"../../../Engine/Content/EngineMaterials/Substrate/GLints/dict_16_192_64_0p5_0p02_0055_0007.uasset" 5664
"../../../Engine/Content/EngineMaterials/Substrate/GLints/dict_16_192_64_0p5_0p02_0055_0008.uasset" 5665
"../../../Engine/Content/EngineMaterials/Substrate/GLints/dict_16_192_64_0p5_0p02_0055_0009.uasset" 5666
"../../../Engine/Content/EngineMaterials/Substrate/GLints/dict_16_192_64_0p5_0p02_0055_0010.uasset" 5667
"../../../Engine/Content/EngineMaterials/Substrate/GLints/dict_16_192_64_0p5_0p02_0055_0011.uasset" 5668
"../../../Engine/Content/EngineMaterials/Substrate/GLints/dict_16_192_64_0p5_0p02_0055_0012.uasset" 5669
"../../../Engine/Content/EngineMaterials/Substrate/GLints/dict_16_192_64_0p5_0p02_0055_0013.uasset" 5670
"../../../Engine/Content/EngineMaterials/Substrate/GLints/dict_16_192_64_0p5_0p02_0055_0014.uasset" 5671
"../../../Engine/Content/EngineMaterials/Substrate/GLints/dict_16_192_64_0p5_0p02_0055_0015.uasset" 5672
"../../../Engine/Content/EngineMaterials/Substrate/GLints/dict_16_192_64_0p5_0p02_0056_0000.uasset" 5673
"../../../Engine/Content/EngineMaterials/Substrate/GLints/dict_16_192_64_0p5_0p02_0056_0001.uasset" 5674
"../../../Engine/Content/EngineMaterials/Substrate/GLints/dict_16_192_64_0p5_0p02_0056_0002.uasset" 5675
"../../../Engine/Content/EngineMaterials/Substrate/GLints/dict_16_192_64_0p5_0p02_0056_0003.uasset" 5676
"../../../Engine/Content/EngineMaterials/Substrate/GLints/dict_16_192_64_0p5_0p02_0056_0004.uasset" 5677
"../../../Engine/Content/EngineMaterials/Substrate/GLints/dict_16_192_64_0p5_0p02_0056_0005.uasset" 5678
"../../../Engine/Content/EngineMaterials/Substrate/GLints/dict_16_192_64_0p5_0p02_0056_0006.uasset" 5679
"../../../Engine/Content/EngineMaterials/Substrate/GLints/dict_16_192_64_0p5_0p02_0056_0007.uasset" 5680
"../../../Engine/Content/EngineMaterials/Substrate/GLints/dict_16_192_64_0p5_0p02_0056_0008.uasset" 5681
"../../../Engine/Content/EngineMaterials/Substrate/GLints/dict_16_192_64_0p5_0p02_0056_0009.uasset" 5682
"../../../Engine/Content/EngineMaterials/Substrate/GLints/dict_16_192_64_0p5_0p02_0056_0010.uasset" 5683
"../../../Engine/Content/EngineMaterials/Substrate/GLints/dict_16_192_64_0p5_0p02_0056_0011.uasset" 5684
"../../../Engine/Content/EngineMaterials/Substrate/GLints/dict_16_192_64_0p5_0p02_0056_0012.uasset" 5685
"../../../Engine/Content/EngineMaterials/Substrate/GLints/dict_16_192_64_0p5_0p02_0056_0013.uasset" 5686
"../../../Engine/Content/EngineMaterials/Substrate/GLints/dict_16_192_64_0p5_0p02_0056_0014.uasset" 5687
"../../../Engine/Content/EngineMaterials/Substrate/GLints/dict_16_192_64_0p5_0p02_0056_0015.uasset" 5688
"../../../Engine/Content/EngineMaterials/Substrate/GLints/dict_16_192_64_0p5_0p02_0057_0000.uasset" 5689
"../../../Engine/Content/EngineMaterials/Substrate/GLints/dict_16_192_64_0p5_0p02_0057_0001.uasset" 5690
"../../../Engine/Content/EngineMaterials/Substrate/GLints/dict_16_192_64_0p5_0p02_0057_0002.uasset" 5691
"../../../Engine/Content/EngineMaterials/Substrate/GLints/dict_16_192_64_0p5_0p02_0057_0003.uasset" 5692
"../../../Engine/Content/EngineMaterials/Substrate/GLints/dict_16_192_64_0p5_0p02_0057_0004.uasset" 5693
"../../../Engine/Content/EngineMaterials/Substrate/GLints/dict_16_192_64_0p5_0p02_0057_0005.uasset" 5694
"../../../Engine/Content/EngineMaterials/Substrate/GLints/dict_16_192_64_0p5_0p02_0057_0006.uasset" 5695
"../../../Engine/Content/EngineMaterials/Substrate/GLints/dict_16_192_64_0p5_0p02_0057_0007.uasset" 5696
"../../../Engine/Content/EngineMaterials/Substrate/GLints/dict_16_192_64_0p5_0p02_0057_0008.uasset" 5697
"../../../Engine/Content/EngineMaterials/Substrate/GLints/dict_16_192_64_0p5_0p02_0057_0009.uasset" 5698
"../../../Engine/Content/EngineMaterials/Substrate/GLints/dict_16_192_64_0p5_0p02_0057_0010.uasset" 5699
"../../../Engine/Content/EngineMaterials/Substrate/GLints/dict_16_192_64_0p5_0p02_0057_0011.uasset" 5700
"../../../Engine/Content/EngineMaterials/Substrate/GLints/dict_16_192_64_0p5_0p02_0057_0012.uasset" 5701
"../../../Engine/Content/EngineMaterials/Substrate/GLints/dict_16_192_64_0p5_0p02_0057_0013.uasset" 5702
"../../../Engine/Content/EngineMaterials/Substrate/GLints/dict_16_192_64_0p5_0p02_0057_0014.uasset" 5703
"../../../Engine/Content/EngineMaterials/Substrate/GLints/dict_16_192_64_0p5_0p02_0057_0015.uasset" 5704
"../../../Engine/Content/EngineMaterials/Substrate/GLints/dict_16_192_64_0p5_0p02_0058_0000.uasset" 5705
"../../../Engine/Content/EngineMaterials/Substrate/GLints/dict_16_192_64_0p5_0p02_0058_0001.uasset" 5706
"../../../Engine/Content/EngineMaterials/Substrate/GLints/dict_16_192_64_0p5_0p02_0058_0002.uasset" 5707
"../../../Engine/Content/EngineMaterials/Substrate/GLints/dict_16_192_64_0p5_0p02_0058_0003.uasset" 5708
"../../../Engine/Content/EngineMaterials/Substrate/GLints/dict_16_192_64_0p5_0p02_0058_0004.uasset" 5709
"../../../Engine/Content/EngineMaterials/Substrate/GLints/dict_16_192_64_0p5_0p02_0058_0005.uasset" 5710
"../../../Engine/Content/EngineMaterials/Substrate/GLints/dict_16_192_64_0p5_0p02_0058_0006.uasset" 5711
"../../../Engine/Content/EngineMaterials/Substrate/GLints/dict_16_192_64_0p5_0p02_0058_0007.uasset" 5712
"../../../Engine/Content/EngineMaterials/Substrate/GLints/dict_16_192_64_0p5_0p02_0058_0008.uasset" 5713
"../../../Engine/Content/EngineMaterials/Substrate/GLints/dict_16_192_64_0p5_0p02_0058_0009.uasset" 5714
"../../../Engine/Content/EngineMaterials/Substrate/GLints/dict_16_192_64_0p5_0p02_0058_0010.uasset" 5715
"../../../Engine/Content/EngineMaterials/Substrate/GLints/dict_16_192_64_0p5_0p02_0058_0011.uasset" 5716
"../../../Engine/Content/EngineMaterials/Substrate/GLints/dict_16_192_64_0p5_0p02_0058_0012.uasset" 5717
"../../../Engine/Content/EngineMaterials/Substrate/GLints/dict_16_192_64_0p5_0p02_0058_0013.uasset" 5718
"../../../Engine/Content/EngineMaterials/Substrate/GLints/dict_16_192_64_0p5_0p02_0058_0014.uasset" 5719
"../../../Engine/Content/EngineMaterials/Substrate/GLints/dict_16_192_64_0p5_0p02_0058_0015.uasset" 5720
"../../../Engine/Content/EngineMaterials/Substrate/GLints/dict_16_192_64_0p5_0p02_0059_0000.uasset" 5721
"../../../Engine/Content/EngineMaterials/Substrate/GLints/dict_16_192_64_0p5_0p02_0059_0001.uasset" 5722
"../../../Engine/Content/EngineMaterials/Substrate/GLints/dict_16_192_64_0p5_0p02_0059_0002.uasset" 5723
"../../../Engine/Content/EngineMaterials/Substrate/GLints/dict_16_192_64_0p5_0p02_0059_0003.uasset" 5724
"../../../Engine/Content/EngineMaterials/Substrate/GLints/dict_16_192_64_0p5_0p02_0059_0004.uasset" 5725
"../../../Engine/Content/EngineMaterials/Substrate/GLints/dict_16_192_64_0p5_0p02_0059_0005.uasset" 5726
"../../../Engine/Content/EngineMaterials/Substrate/GLints/dict_16_192_64_0p5_0p02_0059_0006.uasset" 5727
"../../../Engine/Content/EngineMaterials/Substrate/GLints/dict_16_192_64_0p5_0p02_0059_0007.uasset" 5728
"../../../Engine/Content/EngineMaterials/Substrate/GLints/dict_16_192_64_0p5_0p02_0059_0008.uasset" 5729
"../../../Engine/Content/EngineMaterials/Substrate/GLints/dict_16_192_64_0p5_0p02_0059_0009.uasset" 5730
"../../../Engine/Content/EngineMaterials/Substrate/GLints/dict_16_192_64_0p5_0p02_0059_0010.uasset" 5731
"../../../Engine/Content/EngineMaterials/Substrate/GLints/dict_16_192_64_0p5_0p02_0059_0011.uasset" 5732
"../../../Engine/Content/EngineMaterials/Substrate/GLints/dict_16_192_64_0p5_0p02_0059_0012.uasset" 5733
"../../../Engine/Content/EngineMaterials/Substrate/GLints/dict_16_192_64_0p5_0p02_0059_0013.uasset" 5734
"../../../Engine/Content/EngineMaterials/Substrate/GLints/dict_16_192_64_0p5_0p02_0059_0014.uasset" 5735
"../../../Engine/Content/EngineMaterials/Substrate/GLints/dict_16_192_64_0p5_0p02_0059_0015.uasset" 5736
"../../../Engine/Content/EngineMaterials/Substrate/GLints/dict_16_192_64_0p5_0p02_0060_0000.uasset" 5737
"../../../Engine/Content/EngineMaterials/Substrate/GLints/dict_16_192_64_0p5_0p02_0060_0001.uasset" 5738
"../../../Engine/Content/EngineMaterials/Substrate/GLints/dict_16_192_64_0p5_0p02_0060_0002.uasset" 5739
"../../../Engine/Content/EngineMaterials/Substrate/GLints/dict_16_192_64_0p5_0p02_0060_0003.uasset" 5740
"../../../Engine/Content/EngineMaterials/Substrate/GLints/dict_16_192_64_0p5_0p02_0060_0004.uasset" 5741
"../../../Engine/Content/EngineMaterials/Substrate/GLints/dict_16_192_64_0p5_0p02_0060_0005.uasset" 5742
"../../../Engine/Content/EngineMaterials/Substrate/GLints/dict_16_192_64_0p5_0p02_0060_0006.uasset" 5743
"../../../Engine/Content/EngineMaterials/Substrate/GLints/dict_16_192_64_0p5_0p02_0060_0007.uasset" 5744
"../../../Engine/Content/EngineMaterials/Substrate/GLints/dict_16_192_64_0p5_0p02_0060_0008.uasset" 5745
"../../../Engine/Content/EngineMaterials/Substrate/GLints/dict_16_192_64_0p5_0p02_0060_0009.uasset" 5746
"../../../Engine/Content/EngineMaterials/Substrate/GLints/dict_16_192_64_0p5_0p02_0060_0010.uasset" 5747
"../../../Engine/Content/EngineMaterials/Substrate/GLints/dict_16_192_64_0p5_0p02_0060_0011.uasset" 5748
"../../../Engine/Content/EngineMaterials/Substrate/GLints/dict_16_192_64_0p5_0p02_0060_0012.uasset" 5749
"../../../Engine/Content/EngineMaterials/Substrate/GLints/dict_16_192_64_0p5_0p02_0060_0013.uasset" 5750
"../../../Engine/Content/EngineMaterials/Substrate/GLints/dict_16_192_64_0p5_0p02_0060_0014.uasset" 5751
"../../../Engine/Content/EngineMaterials/Substrate/GLints/dict_16_192_64_0p5_0p02_0060_0015.uasset" 5752
"../../../Engine/Content/EngineMaterials/Substrate/GLints/dict_16_192_64_0p5_0p02_0061_0000.uasset" 5753
"../../../Engine/Content/EngineMaterials/Substrate/GLints/dict_16_192_64_0p5_0p02_0061_0001.uasset" 5754
"../../../Engine/Content/EngineMaterials/Substrate/GLints/dict_16_192_64_0p5_0p02_0061_0002.uasset" 5755
"../../../Engine/Content/EngineMaterials/Substrate/GLints/dict_16_192_64_0p5_0p02_0061_0003.uasset" 5756
"../../../Engine/Content/EngineMaterials/Substrate/GLints/dict_16_192_64_0p5_0p02_0061_0004.uasset" 5757
"../../../Engine/Content/EngineMaterials/Substrate/GLints/dict_16_192_64_0p5_0p02_0061_0005.uasset" 5758
"../../../Engine/Content/EngineMaterials/Substrate/GLints/dict_16_192_64_0p5_0p02_0061_0006.uasset" 5759
"../../../Engine/Content/EngineMaterials/Substrate/GLints/dict_16_192_64_0p5_0p02_0061_0007.uasset" 5760
"../../../Engine/Content/EngineMaterials/Substrate/GLints/dict_16_192_64_0p5_0p02_0061_0008.uasset" 5761
"../../../Engine/Content/EngineMaterials/Substrate/GLints/dict_16_192_64_0p5_0p02_0061_0009.uasset" 5762
"../../../Engine/Content/EngineMaterials/Substrate/GLints/dict_16_192_64_0p5_0p02_0061_0010.uasset" 5763
"../../../Engine/Content/EngineMaterials/Substrate/GLints/dict_16_192_64_0p5_0p02_0061_0011.uasset" 5764
"../../../Engine/Content/EngineMaterials/Substrate/GLints/dict_16_192_64_0p5_0p02_0061_0012.uasset" 5765
"../../../Engine/Content/EngineMaterials/Substrate/GLints/dict_16_192_64_0p5_0p02_0061_0013.uasset" 5766
"../../../Engine/Content/EngineMaterials/Substrate/GLints/dict_16_192_64_0p5_0p02_0061_0014.uasset" 5767
"../../../Engine/Content/EngineMaterials/Substrate/GLints/dict_16_192_64_0p5_0p02_0061_0015.uasset" 5768
"../../../Engine/Content/EngineMaterials/Substrate/GLints/dict_16_192_64_0p5_0p02_0062_0000.uasset" 5769
"../../../Engine/Content/EngineMaterials/Substrate/GLints/dict_16_192_64_0p5_0p02_0062_0001.uasset" 5770
"../../../Engine/Content/EngineMaterials/Substrate/GLints/dict_16_192_64_0p5_0p02_0062_0002.uasset" 5771
"../../../Engine/Content/EngineMaterials/Substrate/GLints/dict_16_192_64_0p5_0p02_0062_0003.uasset" 5772
"../../../Engine/Content/EngineMaterials/Substrate/GLints/dict_16_192_64_0p5_0p02_0062_0004.uasset" 5773
"../../../Engine/Content/EngineMaterials/Substrate/GLints/dict_16_192_64_0p5_0p02_0062_0005.uasset" 5774
"../../../Engine/Content/EngineMaterials/Substrate/GLints/dict_16_192_64_0p5_0p02_0062_0006.uasset" 5775
"../../../Engine/Content/EngineMaterials/Substrate/GLints/dict_16_192_64_0p5_0p02_0062_0007.uasset" 5776
"../../../Engine/Content/EngineMaterials/Substrate/GLints/dict_16_192_64_0p5_0p02_0062_0008.uasset" 5777
"../../../Engine/Content/EngineMaterials/Substrate/GLints/dict_16_192_64_0p5_0p02_0062_0009.uasset" 5778
"../../../Engine/Content/EngineMaterials/Substrate/GLints/dict_16_192_64_0p5_0p02_0062_0010.uasset" 5779
"../../../Engine/Content/EngineMaterials/Substrate/GLints/dict_16_192_64_0p5_0p02_0062_0011.uasset" 5780
"../../../Engine/Content/EngineMaterials/Substrate/GLints/dict_16_192_64_0p5_0p02_0062_0012.uasset" 5781
"../../../Engine/Content/EngineMaterials/Substrate/GLints/dict_16_192_64_0p5_0p02_0062_0013.uasset" 5782
"../../../Engine/Content/EngineMaterials/Substrate/GLints/dict_16_192_64_0p5_0p02_0062_0014.uasset" 5783
"../../../Engine/Content/EngineMaterials/Substrate/GLints/dict_16_192_64_0p5_0p02_0062_0015.uasset" 5784
"../../../Engine/Content/EngineMaterials/Substrate/GLints/dict_16_192_64_0p5_0p02_0063_0000.uasset" 5785
"../../../Engine/Content/EngineMaterials/Substrate/GLints/dict_16_192_64_0p5_0p02_0063_0001.uasset" 5786
"../../../Engine/Content/EngineMaterials/Substrate/GLints/dict_16_192_64_0p5_0p02_0063_0002.uasset" 5787
"../../../Engine/Content/EngineMaterials/Substrate/GLints/dict_16_192_64_0p5_0p02_0063_0003.uasset" 5788
"../../../Engine/Content/EngineMaterials/Substrate/GLints/dict_16_192_64_0p5_0p02_0063_0004.uasset" 5789
"../../../Engine/Content/EngineMaterials/Substrate/GLints/dict_16_192_64_0p5_0p02_0063_0005.uasset" 5790
"../../../Engine/Content/EngineMaterials/Substrate/GLints/dict_16_192_64_0p5_0p02_0063_0006.uasset" 5791
"../../../Engine/Content/EngineMaterials/Substrate/GLints/dict_16_192_64_0p5_0p02_0063_0007.uasset" 5792
"../../../Engine/Content/EngineMaterials/Substrate/GLints/dict_16_192_64_0p5_0p02_0063_0008.uasset" 5793
"../../../Engine/Content/EngineMaterials/Substrate/GLints/dict_16_192_64_0p5_0p02_0063_0009.uasset" 5794
"../../../Engine/Content/EngineMaterials/Substrate/GLints/dict_16_192_64_0p5_0p02_0063_0010.uasset" 5795
"../../../Engine/Content/EngineMaterials/Substrate/GLints/dict_16_192_64_0p5_0p02_0063_0011.uasset" 5796
"../../../Engine/Content/EngineMaterials/Substrate/GLints/dict_16_192_64_0p5_0p02_0063_0012.uasset" 5797
"../../../Engine/Content/EngineMaterials/Substrate/GLints/dict_16_192_64_0p5_0p02_0063_0013.uasset" 5798
"../../../Engine/Content/EngineMaterials/Substrate/GLints/dict_16_192_64_0p5_0p02_0063_0014.uasset" 5799
"../../../Engine/Content/EngineMaterials/Substrate/GLints/dict_16_192_64_0p5_0p02_0063_0015.uasset" 5800
"/Engine/EngineMaterials/Substrate/Glints2/AGlintTex2dArray2" 5801
"../../../Engine/Content/EngineMaterials/Substrate/Glints2/dict_0000_0000.uasset" 5802
"../../../Engine/Content/EngineMaterials/Substrate/Glints2/dict_0000_0001.uasset" 5803
"../../../Engine/Content/EngineMaterials/Substrate/Glints2/dict_0000_0002.uasset" 5804
"../../../Engine/Content/EngineMaterials/Substrate/Glints2/dict_0000_0003.uasset" 5805
"../../../Engine/Content/EngineMaterials/Substrate/Glints2/dict_0000_0004.uasset" 5806
"../../../Engine/Content/EngineMaterials/Substrate/Glints2/dict_0000_0005.uasset" 5807
"../../../Engine/Content/EngineMaterials/Substrate/Glints2/dict_0000_0006.uasset" 5808
"../../../Engine/Content/EngineMaterials/Substrate/Glints2/dict_0000_0007.uasset" 5809
"../../../Engine/Content/EngineMaterials/Substrate/Glints2/dict_0000_0008.uasset" 5810
"../../../Engine/Content/EngineMaterials/Substrate/Glints2/dict_0000_0009.uasset" 5811
"../../../Engine/Content/EngineMaterials/Substrate/Glints2/dict_0000_0010.uasset" 5812
"../../../Engine/Content/EngineMaterials/Substrate/Glints2/dict_0000_0011.uasset" 5813
"../../../Engine/Content/EngineMaterials/Substrate/Glints2/dict_0000_0012.uasset" 5814
"../../../Engine/Content/EngineMaterials/Substrate/Glints2/dict_0000_0013.uasset" 5815
"../../../Engine/Content/EngineMaterials/Substrate/Glints2/dict_0000_0014.uasset" 5816
"../../../Engine/Content/EngineMaterials/Substrate/Glints2/dict_0000_0015.uasset" 5817
"../../../Engine/Content/EngineMaterials/Substrate/Glints2/dict_0000_0016.uasset" 5818
"../../../Engine/Content/EngineMaterials/Substrate/Glints2/dict_0000_0017.uasset" 5819
"../../../Engine/Content/EngineMaterials/Substrate/Glints2/dict_0000_0018.uasset" 5820
"../../../Engine/Content/EngineMaterials/Substrate/Glints2/dict_0000_0019.uasset" 5821
"../../../Engine/Content/EngineMaterials/Substrate/Glints2/dict_0000_0020.uasset" 5822
"../../../Engine/Content/EngineMaterials/Substrate/Glints2/dict_0000_0021.uasset" 5823
"../../../Engine/Content/EngineMaterials/Substrate/Glints2/dict_0000_0022.uasset" 5824
"../../../Engine/Content/EngineMaterials/Substrate/Glints2/dict_0000_0023.uasset" 5825
"../../../Engine/Content/EngineMaterials/Substrate/Glints2/dict_0000_0024.uasset" 5826
"../../../Engine/Content/EngineMaterials/Substrate/Glints2/dict_0000_0025.uasset" 5827
"../../../Engine/Content/EngineMaterials/Substrate/Glints2/dict_0000_0026.uasset" 5828
"../../../Engine/Content/EngineMaterials/Substrate/Glints2/dict_0000_0027.uasset" 5829
"../../../Engine/Content/EngineMaterials/Substrate/Glints2/dict_0000_0028.uasset" 5830
"../../../Engine/Content/EngineMaterials/Substrate/Glints2/dict_0000_0029.uasset" 5831
"../../../Engine/Content/EngineMaterials/Substrate/Glints2/dict_0000_0030.uasset" 5832
"../../../Engine/Content/EngineMaterials/Substrate/Glints2/dict_0000_0031.uasset" 5833
"../../../Engine/Content/EngineMaterials/Substrate/Glints2/dict_0000_0032.uasset" 5834
"../../../Engine/Content/EngineMaterials/Substrate/Glints2/dict_0000_0033.uasset" 5835
"../../../Engine/Content/EngineMaterials/Substrate/Glints2/dict_0000_0034.uasset" 5836
"../../../Engine/Content/EngineMaterials/Substrate/Glints2/dict_0000_0035.uasset" 5837
"../../../Engine/Content/EngineMaterials/Substrate/Glints2/dict_0000_0036.uasset" 5838
"../../../Engine/Content/EngineMaterials/Substrate/Glints2/dict_0000_0037.uasset" 5839
"../../../Engine/Content/EngineMaterials/Substrate/Glints2/dict_0000_0038.uasset" 5840
"../../../Engine/Content/EngineMaterials/Substrate/Glints2/dict_0000_0039.uasset" 5841
"../../../Engine/Content/EngineMaterials/Substrate/Glints2/dict_0000_0040.uasset" 5842
"../../../Engine/Content/EngineMaterials/Substrate/Glints2/dict_0000_0041.uasset" 5843
"../../../Engine/Content/EngineMaterials/Substrate/Glints2/dict_0000_0042.uasset" 5844
"../../../Engine/Content/EngineMaterials/Substrate/Glints2/dict_0000_0043.uasset" 5845
"../../../Engine/Content/EngineMaterials/Substrate/Glints2/dict_0000_0044.uasset" 5846
"../../../Engine/Content/EngineMaterials/Substrate/Glints2/dict_0000_0045.uasset" 5847
"../../../Engine/Content/EngineMaterials/Substrate/Glints2/dict_0000_0046.uasset" 5848
"../../../Engine/Content/EngineMaterials/Substrate/Glints2/dict_0000_0047.uasset" 5849
"../../../Engine/Content/EngineMaterials/Substrate/Glints2/dict_0000_0048.uasset" 5850
"../../../Engine/Content/EngineMaterials/Substrate/Glints2/dict_0000_0049.uasset" 5851
"../../../Engine/Content/EngineMaterials/Substrate/Glints2/dict_0000_0050.uasset" 5852
"../../../Engine/Content/EngineMaterials/Substrate/Glints2/dict_0000_0051.uasset" 5853
"../../../Engine/Content/EngineMaterials/Substrate/Glints2/dict_0000_0052.uasset" 5854
"../../../Engine/Content/EngineMaterials/Substrate/Glints2/dict_0000_0053.uasset" 5855
"../../../Engine/Content/EngineMaterials/Substrate/Glints2/dict_0000_0054.uasset" 5856
"../../../Engine/Content/EngineMaterials/Substrate/Glints2/dict_0000_0055.uasset" 5857
"../../../Engine/Content/EngineMaterials/Substrate/Glints2/dict_0000_0056.uasset" 5858
"../../../Engine/Content/EngineMaterials/Substrate/Glints2/dict_0000_0057.uasset" 5859
"../../../Engine/Content/EngineMaterials/Substrate/Glints2/dict_0000_0058.uasset" 5860
"../../../Engine/Content/EngineMaterials/Substrate/Glints2/dict_0000_0059.uasset" 5861
"../../../Engine/Content/EngineMaterials/Substrate/Glints2/dict_0000_0060.uasset" 5862
"../../../Engine/Content/EngineMaterials/Substrate/Glints2/dict_0000_0061.uasset" 5863
"../../../Engine/Content/EngineMaterials/Substrate/Glints2/dict_0000_0062.uasset" 5864
"../../../Engine/Content/EngineMaterials/Substrate/Glints2/dict_0000_0063.uasset" 5865
"../../../Engine/Content/EngineMaterials/Substrate/Glints2/dict_0000_0064.uasset" 5866
"../../../Engine/Content/EngineMaterials/Substrate/Glints2/dict_0000_0065.uasset" 5867
"../../../Engine/Content/EngineMaterials/Substrate/Glints2/dict_0000_0066.uasset" 5868
"../../../Engine/Content/EngineMaterials/Substrate/Glints2/dict_0000_0067.uasset" 5869
"../../../Engine/Content/EngineMaterials/Substrate/Glints2/dict_0000_0068.uasset" 5870
"../../../Engine/Content/EngineMaterials/Substrate/Glints2/dict_0000_0069.uasset" 5871
"../../../Engine/Content/EngineMaterials/Substrate/Glints2/dict_0000_0070.uasset" 5872
"../../../Engine/Content/EngineMaterials/Substrate/Glints2/dict_0000_0071.uasset" 5873
"../../../Engine/Content/EngineMaterials/Substrate/Glints2/dict_0000_0072.uasset" 5874
"../../../Engine/Content/EngineMaterials/Substrate/Glints2/dict_0000_0073.uasset" 5875
"../../../Engine/Content/EngineMaterials/Substrate/Glints2/dict_0000_0074.uasset" 5876
"../../../Engine/Content/EngineMaterials/Substrate/Glints2/dict_0000_0075.uasset" 5877
"../../../Engine/Content/EngineMaterials/Substrate/Glints2/dict_0000_0076.uasset" 5878
"../../../Engine/Content/EngineMaterials/Substrate/Glints2/dict_0000_0077.uasset" 5879
"../../../Engine/Content/EngineMaterials/Substrate/Glints2/dict_0000_0078.uasset" 5880
"../../../Engine/Content/EngineMaterials/Substrate/Glints2/dict_0000_0079.uasset" 5881
"../../../Engine/Content/EngineMaterials/Substrate/Glints2/dict_0000_0080.uasset" 5882
"../../../Engine/Content/EngineMaterials/Substrate/Glints2/dict_0000_0081.uasset" 5883
"../../../Engine/Content/EngineMaterials/Substrate/Glints2/dict_0000_0082.uasset" 5884
"../../../Engine/Content/EngineMaterials/Substrate/Glints2/dict_0000_0083.uasset" 5885
"../../../Engine/Content/EngineMaterials/Substrate/Glints2/dict_0000_0084.uasset" 5886
"../../../Engine/Content/EngineMaterials/Substrate/Glints2/dict_0000_0085.uasset" 5887
"../../../Engine/Content/EngineMaterials/Substrate/Glints2/dict_0000_0086.uasset" 5888
"../../../Engine/Content/EngineMaterials/Substrate/Glints2/dict_0000_0087.uasset" 5889
"../../../Engine/Content/EngineMaterials/Substrate/Glints2/dict_0000_0088.uasset" 5890
"../../../Engine/Content/EngineMaterials/Substrate/Glints2/dict_0000_0089.uasset" 5891
"../../../Engine/Content/EngineMaterials/Substrate/Glints2/dict_0000_0090.uasset" 5892
"../../../Engine/Content/EngineMaterials/Substrate/Glints2/dict_0000_0091.uasset" 5893
"../../../Engine/Content/EngineMaterials/Substrate/Glints2/dict_0000_0092.uasset" 5894
"../../../Engine/Content/EngineMaterials/Substrate/Glints2/dict_0000_0093.uasset" 5895
"../../../Engine/Content/EngineMaterials/Substrate/Glints2/dict_0000_0094.uasset" 5896
"../../../Engine/Content/EngineMaterials/Substrate/Glints2/dict_0000_0095.uasset" 5897
"../../../Engine/Content/EngineMaterials/Substrate/Glints2/dict_0000_0096.uasset" 5898
"../../../Engine/Content/EngineMaterials/Substrate/Glints2/dict_0000_0097.uasset" 5899
"../../../Engine/Content/EngineMaterials/Substrate/Glints2/dict_0000_0098.uasset" 5900
"../../../Engine/Content/EngineMaterials/Substrate/Glints2/dict_0000_0099.uasset" 5901
"../../../Engine/Content/EngineMaterials/Substrate/Glints2/dict_0000_0100.uasset" 5902
"../../../Engine/Content/EngineMaterials/Substrate/Glints2/dict_0000_0101.uasset" 5903
"../../../Engine/Content/EngineMaterials/Substrate/Glints2/dict_0000_0102.uasset" 5904
"../../../Engine/Content/EngineMaterials/Substrate/Glints2/dict_0000_0103.uasset" 5905
"../../../Engine/Content/EngineMaterials/Substrate/Glints2/dict_0000_0104.uasset" 5906
"../../../Engine/Content/EngineMaterials/Substrate/Glints2/dict_0000_0105.uasset" 5907
"../../../Engine/Content/EngineMaterials/Substrate/Glints2/dict_0000_0106.uasset" 5908
"../../../Engine/Content/EngineMaterials/Substrate/Glints2/dict_0000_0107.uasset" 5909
"../../../Engine/Content/EngineMaterials/Substrate/Glints2/dict_0000_0108.uasset" 5910
"../../../Engine/Content/EngineMaterials/Substrate/Glints2/dict_0000_0109.uasset" 5911
"../../../Engine/Content/EngineMaterials/Substrate/Glints2/dict_0000_0110.uasset" 5912
"../../../Engine/Content/EngineMaterials/Substrate/Glints2/dict_0000_0111.uasset" 5913
"../../../Engine/Content/EngineMaterials/Substrate/Glints2/dict_0000_0112.uasset" 5914
"../../../Engine/Content/EngineMaterials/Substrate/Glints2/dict_0000_0113.uasset" 5915
"../../../Engine/Content/EngineMaterials/Substrate/Glints2/dict_0000_0114.uasset" 5916
"../../../Engine/Content/EngineMaterials/Substrate/Glints2/dict_0000_0115.uasset" 5917
"../../../Engine/Content/EngineMaterials/Substrate/Glints2/dict_0000_0116.uasset" 5918
"../../../Engine/Content/EngineMaterials/Substrate/Glints2/dict_0000_0117.uasset" 5919
"../../../Engine/Content/EngineMaterials/Substrate/Glints2/dict_0000_0118.uasset" 5920
"../../../Engine/Content/EngineMaterials/Substrate/Glints2/dict_0000_0119.uasset" 5921
"../../../Engine/Content/EngineMaterials/Substrate/Glints2/dict_0000_0120.uasset" 5922
"../../../Engine/Content/EngineMaterials/Substrate/Glints2/dict_0000_0121.uasset" 5923
"../../../Engine/Content/EngineMaterials/Substrate/Glints2/dict_0000_0122.uasset" 5924
"../../../Engine/Content/EngineMaterials/Substrate/Glints2/dict_0000_0123.uasset" 5925
"../../../Engine/Content/EngineMaterials/Substrate/Glints2/dict_0000_0124.uasset" 5926
"../../../Engine/Content/EngineMaterials/Substrate/Glints2/dict_0000_0125.uasset" 5927
"../../../Engine/Content/EngineMaterials/Substrate/Glints2/dict_0000_0126.uasset" 5928
"../../../Engine/Content/EngineMaterials/Substrate/Glints2/dict_0000_0127.uasset" 5929
"../../../Engine/Content/EngineMaterials/Substrate/Glints2/dict_0000_0128.uasset" 5930
"../../../Engine/Content/EngineMaterials/Substrate/Glints2/dict_0000_0129.uasset" 5931
"../../../Engine/Content/EngineMaterials/Substrate/Glints2/dict_0000_0130.uasset" 5932
"../../../Engine/Content/EngineMaterials/Substrate/Glints2/dict_0000_0131.uasset" 5933
"../../../Engine/Content/EngineMaterials/Substrate/Glints2/dict_0000_0132.uasset" 5934
"../../../Engine/Content/EngineMaterials/Substrate/Glints2/dict_0000_0133.uasset" 5935
"../../../Engine/Content/EngineMaterials/Substrate/Glints2/dict_0000_0134.uasset" 5936
"../../../Engine/Content/EngineMaterials/Substrate/Glints2/dict_0000_0135.uasset" 5937
"../../../Engine/Content/EngineMaterials/Substrate/Glints2/dict_0000_0136.uasset" 5938
"../../../Engine/Content/EngineMaterials/Substrate/Glints2/dict_0000_0137.uasset" 5939
"../../../Engine/Content/EngineMaterials/Substrate/Glints2/dict_0000_0138.uasset" 5940
"../../../Engine/Content/EngineMaterials/Substrate/Glints2/dict_0000_0139.uasset" 5941
"../../../Engine/Content/EngineMaterials/Substrate/Glints2/dict_0000_0140.uasset" 5942
"../../../Engine/Content/EngineMaterials/Substrate/Glints2/dict_0000_0141.uasset" 5943
"../../../Engine/Content/EngineMaterials/Substrate/Glints2/dict_0000_0142.uasset" 5944
"../../../Engine/Content/EngineMaterials/Substrate/Glints2/dict_0000_0143.uasset" 5945
"../../../Engine/Content/EngineMaterials/Substrate/Glints2/dict_0000_0144.uasset" 5946
"../../../Engine/Content/EngineMaterials/Substrate/Glints2/dict_0000_0145.uasset" 5947
"../../../Engine/Content/EngineMaterials/Substrate/Glints2/dict_0000_0146.uasset" 5948
"../../../Engine/Content/EngineMaterials/Substrate/Glints2/dict_0000_0147.uasset" 5949
"../../../Engine/Content/EngineMaterials/Substrate/Glints2/dict_0000_0148.uasset" 5950
"../../../Engine/Content/EngineMaterials/Substrate/Glints2/dict_0000_0149.uasset" 5951
"../../../Engine/Content/EngineMaterials/Substrate/Glints2/dict_0000_0150.uasset" 5952
"../../../Engine/Content/EngineMaterials/Substrate/Glints2/dict_0000_0151.uasset" 5953
"../../../Engine/Content/EngineMaterials/Substrate/Glints2/dict_0000_0152.uasset" 5954
"../../../Engine/Content/EngineMaterials/Substrate/Glints2/dict_0000_0153.uasset" 5955
"../../../Engine/Content/EngineMaterials/Substrate/Glints2/dict_0000_0154.uasset" 5956
"../../../Engine/Content/EngineMaterials/Substrate/Glints2/dict_0000_0155.uasset" 5957
"../../../Engine/Content/EngineMaterials/Substrate/Glints2/dict_0000_0156.uasset" 5958
"../../../Engine/Content/EngineMaterials/Substrate/Glints2/dict_0000_0157.uasset" 5959
"../../../Engine/Content/EngineMaterials/Substrate/Glints2/dict_0000_0158.uasset" 5960
"../../../Engine/Content/EngineMaterials/Substrate/Glints2/dict_0000_0159.uasset" 5961
"../../../Engine/Content/EngineMaterials/Substrate/Glints2/dict_0000_0160.uasset" 5962
"../../../Engine/Content/EngineMaterials/Substrate/Glints2/dict_0000_0161.uasset" 5963
"../../../Engine/Content/EngineMaterials/Substrate/Glints2/dict_0000_0162.uasset" 5964
"../../../Engine/Content/EngineMaterials/Substrate/Glints2/dict_0000_0163.uasset" 5965
"../../../Engine/Content/EngineMaterials/Substrate/Glints2/dict_0000_0164.uasset" 5966
"../../../Engine/Content/EngineMaterials/Substrate/Glints2/dict_0000_0165.uasset" 5967
"../../../Engine/Content/EngineMaterials/Substrate/Glints2/dict_0000_0166.uasset" 5968
"../../../Engine/Content/EngineMaterials/Substrate/Glints2/dict_0000_0167.uasset" 5969
"../../../Engine/Content/EngineMaterials/Substrate/Glints2/dict_0000_0168.uasset" 5970
"../../../Engine/Content/EngineMaterials/Substrate/Glints2/dict_0000_0169.uasset" 5971
"../../../Engine/Content/EngineMaterials/Substrate/Glints2/dict_0000_0170.uasset" 5972
"../../../Engine/Content/EngineMaterials/Substrate/Glints2/dict_0000_0171.uasset" 5973
"../../../Engine/Content/EngineMaterials/Substrate/Glints2/dict_0000_0172.uasset" 5974
"../../../Engine/Content/EngineMaterials/Substrate/Glints2/dict_0000_0173.uasset" 5975
"../../../Engine/Content/EngineMaterials/Substrate/Glints2/dict_0000_0174.uasset" 5976
"../../../Engine/Content/EngineMaterials/Substrate/Glints2/dict_0000_0175.uasset" 5977
"../../../Engine/Content/EngineMaterials/Substrate/Glints2/dict_0000_0176.uasset" 5978
"../../../Engine/Content/EngineMaterials/Substrate/Glints2/dict_0000_0177.uasset" 5979
"../../../Engine/Content/EngineMaterials/Substrate/Glints2/dict_0000_0178.uasset" 5980
"../../../Engine/Content/EngineMaterials/Substrate/Glints2/dict_0000_0179.uasset" 5981
"../../../Engine/Content/EngineMaterials/Substrate/Glints2/dict_0000_0180.uasset" 5982
"../../../Engine/Content/EngineMaterials/Substrate/Glints2/dict_0000_0181.uasset" 5983
"../../../Engine/Content/EngineMaterials/Substrate/Glints2/dict_0000_0182.uasset" 5984
"../../../Engine/Content/EngineMaterials/Substrate/Glints2/dict_0000_0183.uasset" 5985
"../../../Engine/Content/EngineMaterials/Substrate/Glints2/dict_0000_0184.uasset" 5986
"../../../Engine/Content/EngineMaterials/Substrate/Glints2/dict_0000_0185.uasset" 5987
"../../../Engine/Content/EngineMaterials/Substrate/Glints2/dict_0000_0186.uasset" 5988
"../../../Engine/Content/EngineMaterials/Substrate/Glints2/dict_0000_0187.uasset" 5989
"../../../Engine/Content/EngineMaterials/Substrate/Glints2/dict_0000_0188.uasset" 5990
"../../../Engine/Content/EngineMaterials/Substrate/Glints2/dict_0000_0189.uasset" 5991
"../../../Engine/Content/EngineMaterials/Substrate/Glints2/dict_0000_0190.uasset" 5992
"../../../Engine/Content/EngineMaterials/Substrate/Glints2/dict_0000_0191.uasset" 5993
"../../../Engine/Content/EngineMaterials/Substrate/Glints2/dict_0000_0192.uasset" 5994
"../../../Engine/Content/EngineMaterials/Substrate/Glints2/dict_0000_0193.uasset" 5995
"../../../Engine/Content/EngineMaterials/Substrate/Glints2/dict_0000_0194.uasset" 5996
"../../../Engine/Content/EngineMaterials/Substrate/Glints2/dict_0000_0195.uasset" 5997
"../../../Engine/Content/EngineMaterials/Substrate/Glints2/dict_0000_0196.uasset" 5998
"../../../Engine/Content/EngineMaterials/Substrate/Glints2/dict_0000_0197.uasset" 5999
"../../../Engine/Content/EngineMaterials/Substrate/Glints2/dict_0000_0198.uasset" 6000
"../../../Engine/Content/EngineMaterials/Substrate/Glints2/dict_0000_0199.uasset" 6001
"../../../Engine/Content/EngineMaterials/Substrate/Glints2/dict_0000_0200.uasset" 6002
"../../../Engine/Content/EngineMaterials/Substrate/Glints2/dict_0000_0201.uasset" 6003
"../../../Engine/Content/EngineMaterials/Substrate/Glints2/dict_0000_0202.uasset" 6004
"../../../Engine/Content/EngineMaterials/Substrate/Glints2/dict_0000_0203.uasset" 6005
"../../../Engine/Content/EngineMaterials/Substrate/Glints2/dict_0000_0204.uasset" 6006
"../../../Engine/Content/EngineMaterials/Substrate/Glints2/dict_0000_0205.uasset" 6007
"../../../Engine/Content/EngineMaterials/Substrate/Glints2/dict_0000_0206.uasset" 6008
"../../../Engine/Content/EngineMaterials/Substrate/Glints2/dict_0000_0207.uasset" 6009
"../../../Engine/Content/EngineMaterials/Substrate/Glints2/dict_0000_0208.uasset" 6010
"../../../Engine/Content/EngineMaterials/Substrate/Glints2/dict_0000_0209.uasset" 6011
"../../../Engine/Content/EngineMaterials/Substrate/Glints2/dict_0000_0210.uasset" 6012
"../../../Engine/Content/EngineMaterials/Substrate/Glints2/dict_0000_0211.uasset" 6013
"../../../Engine/Content/EngineMaterials/Substrate/Glints2/dict_0000_0212.uasset" 6014
"../../../Engine/Content/EngineMaterials/Substrate/Glints2/dict_0000_0213.uasset" 6015
"../../../Engine/Content/EngineMaterials/Substrate/Glints2/dict_0000_0214.uasset" 6016
"../../../Engine/Content/EngineMaterials/Substrate/Glints2/dict_0000_0215.uasset" 6017
"../../../Engine/Content/EngineMaterials/Substrate/Glints2/dict_0000_0216.uasset" 6018
"../../../Engine/Content/EngineMaterials/Substrate/Glints2/dict_0000_0217.uasset" 6019
"../../../Engine/Content/EngineMaterials/Substrate/Glints2/dict_0000_0218.uasset" 6020
"../../../Engine/Content/EngineMaterials/Substrate/Glints2/dict_0000_0219.uasset" 6021
"../../../Engine/Content/EngineMaterials/Substrate/Glints2/dict_0000_0220.uasset" 6022
"../../../Engine/Content/EngineMaterials/Substrate/Glints2/dict_0000_0221.uasset" 6023
"../../../Engine/Content/EngineMaterials/Substrate/Glints2/dict_0000_0222.uasset" 6024
"../../../Engine/Content/EngineMaterials/Substrate/Glints2/dict_0000_0223.uasset" 6025
"../../../Engine/Content/EngineMaterials/Substrate/Glints2/dict_0000_0224.uasset" 6026
"../../../Engine/Content/EngineMaterials/Substrate/Glints2/dict_0000_0225.uasset" 6027
"../../../Engine/Content/EngineMaterials/Substrate/Glints2/dict_0000_0226.uasset" 6028
"../../../Engine/Content/EngineMaterials/Substrate/Glints2/dict_0000_0227.uasset" 6029
"../../../Engine/Content/EngineMaterials/Substrate/Glints2/dict_0000_0228.uasset" 6030
"../../../Engine/Content/EngineMaterials/Substrate/Glints2/dict_0000_0229.uasset" 6031
"../../../Engine/Content/EngineMaterials/Substrate/Glints2/dict_0000_0230.uasset" 6032
"../../../Engine/Content/EngineMaterials/Substrate/Glints2/dict_0000_0231.uasset" 6033
"../../../Engine/Content/EngineMaterials/Substrate/Glints2/dict_0000_0232.uasset" 6034
"../../../Engine/Content/EngineMaterials/Substrate/Glints2/dict_0000_0233.uasset" 6035
"../../../Engine/Content/EngineMaterials/Substrate/Glints2/dict_0000_0234.uasset" 6036
"../../../Engine/Content/EngineMaterials/Substrate/Glints2/dict_0000_0235.uasset" 6037
"../../../Engine/Content/EngineMaterials/Substrate/Glints2/dict_0000_0236.uasset" 6038
"../../../Engine/Content/EngineMaterials/Substrate/Glints2/dict_0000_0237.uasset" 6039
"../../../Engine/Content/EngineMaterials/Substrate/Glints2/dict_0000_0238.uasset" 6040
"../../../Engine/Content/EngineMaterials/Substrate/Glints2/dict_0000_0239.uasset" 6041
"../../../Engine/Content/EngineMaterials/Substrate/Glints2/dict_0000_0240.uasset" 6042
"../../../Engine/Content/EngineMaterials/Substrate/Glints2/dict_0000_0241.uasset" 6043
"../../../Engine/Content/EngineMaterials/Substrate/Glints2/dict_0000_0242.uasset" 6044
"../../../Engine/Content/EngineMaterials/Substrate/Glints2/dict_0000_0243.uasset" 6045
"../../../Engine/Content/EngineMaterials/Substrate/Glints2/dict_0000_0244.uasset" 6046
"../../../Engine/Content/EngineMaterials/Substrate/Glints2/dict_0000_0245.uasset" 6047
"../../../Engine/Content/EngineMaterials/Substrate/Glints2/dict_0000_0246.uasset" 6048
"../../../Engine/Content/EngineMaterials/Substrate/Glints2/dict_0000_0247.uasset" 6049
"../../../Engine/Content/EngineMaterials/Substrate/Glints2/dict_0000_0248.uasset" 6050
"../../../Engine/Content/EngineMaterials/Substrate/Glints2/dict_0000_0249.uasset" 6051
"../../../Engine/Content/EngineMaterials/Substrate/Glints2/dict_0000_0250.uasset" 6052
"../../../Engine/Content/EngineMaterials/Substrate/Glints2/dict_0000_0251.uasset" 6053
"../../../Engine/Content/EngineMaterials/Substrate/Glints2/dict_0000_0252.uasset" 6054
"../../../Engine/Content/EngineMaterials/Substrate/Glints2/dict_0000_0253.uasset" 6055
"../../../Engine/Content/EngineMaterials/Substrate/Glints2/dict_0000_0254.uasset" 6056
"../../../Engine/Content/EngineMaterials/Substrate/Glints2/dict_0000_0255.uasset" 6057
"../../../Engine/Content/EngineMaterials/Substrate/Glints2/dict_0001_0000.uasset" 6058
"../../../Engine/Content/EngineMaterials/Substrate/Glints2/dict_0001_0001.uasset" 6059
"../../../Engine/Content/EngineMaterials/Substrate/Glints2/dict_0001_0002.uasset" 6060
"../../../Engine/Content/EngineMaterials/Substrate/Glints2/dict_0001_0003.uasset" 6061
"../../../Engine/Content/EngineMaterials/Substrate/Glints2/dict_0001_0004.uasset" 6062
"../../../Engine/Content/EngineMaterials/Substrate/Glints2/dict_0001_0005.uasset" 6063
"../../../Engine/Content/EngineMaterials/Substrate/Glints2/dict_0001_0006.uasset" 6064
"../../../Engine/Content/EngineMaterials/Substrate/Glints2/dict_0001_0007.uasset" 6065
"../../../Engine/Content/EngineMaterials/Substrate/Glints2/dict_0001_0008.uasset" 6066
"../../../Engine/Content/EngineMaterials/Substrate/Glints2/dict_0001_0009.uasset" 6067
"../../../Engine/Content/EngineMaterials/Substrate/Glints2/dict_0001_0010.uasset" 6068
"../../../Engine/Content/EngineMaterials/Substrate/Glints2/dict_0001_0011.uasset" 6069
"../../../Engine/Content/EngineMaterials/Substrate/Glints2/dict_0001_0012.uasset" 6070
"../../../Engine/Content/EngineMaterials/Substrate/Glints2/dict_0001_0013.uasset" 6071
"../../../Engine/Content/EngineMaterials/Substrate/Glints2/dict_0001_0014.uasset" 6072
"../../../Engine/Content/EngineMaterials/Substrate/Glints2/dict_0001_0015.uasset" 6073
"../../../Engine/Content/EngineMaterials/Substrate/Glints2/dict_0001_0016.uasset" 6074
"../../../Engine/Content/EngineMaterials/Substrate/Glints2/dict_0001_0017.uasset" 6075
"../../../Engine/Content/EngineMaterials/Substrate/Glints2/dict_0001_0018.uasset" 6076
"../../../Engine/Content/EngineMaterials/Substrate/Glints2/dict_0001_0019.uasset" 6077
"../../../Engine/Content/EngineMaterials/Substrate/Glints2/dict_0001_0020.uasset" 6078
"../../../Engine/Content/EngineMaterials/Substrate/Glints2/dict_0001_0021.uasset" 6079
"../../../Engine/Content/EngineMaterials/Substrate/Glints2/dict_0001_0022.uasset" 6080
"../../../Engine/Content/EngineMaterials/Substrate/Glints2/dict_0001_0023.uasset" 6081
"../../../Engine/Content/EngineMaterials/Substrate/Glints2/dict_0001_0024.uasset" 6082
"../../../Engine/Content/EngineMaterials/Substrate/Glints2/dict_0001_0025.uasset" 6083
"../../../Engine/Content/EngineMaterials/Substrate/Glints2/dict_0001_0026.uasset" 6084
"../../../Engine/Content/EngineMaterials/Substrate/Glints2/dict_0001_0027.uasset" 6085
"../../../Engine/Content/EngineMaterials/Substrate/Glints2/dict_0001_0028.uasset" 6086
"../../../Engine/Content/EngineMaterials/Substrate/Glints2/dict_0001_0029.uasset" 6087
"../../../Engine/Content/EngineMaterials/Substrate/Glints2/dict_0001_0030.uasset" 6088
"../../../Engine/Content/EngineMaterials/Substrate/Glints2/dict_0001_0031.uasset" 6089
"../../../Engine/Content/EngineMaterials/Substrate/Glints2/dict_0001_0032.uasset" 6090
"../../../Engine/Content/EngineMaterials/Substrate/Glints2/dict_0001_0033.uasset" 6091
"../../../Engine/Content/EngineMaterials/Substrate/Glints2/dict_0001_0034.uasset" 6092
"../../../Engine/Content/EngineMaterials/Substrate/Glints2/dict_0001_0035.uasset" 6093
"../../../Engine/Content/EngineMaterials/Substrate/Glints2/dict_0001_0036.uasset" 6094
"../../../Engine/Content/EngineMaterials/Substrate/Glints2/dict_0001_0037.uasset" 6095
"../../../Engine/Content/EngineMaterials/Substrate/Glints2/dict_0001_0038.uasset" 6096
"../../../Engine/Content/EngineMaterials/Substrate/Glints2/dict_0001_0039.uasset" 6097
"../../../Engine/Content/EngineMaterials/Substrate/Glints2/dict_0001_0040.uasset" 6098
"../../../Engine/Content/EngineMaterials/Substrate/Glints2/dict_0001_0041.uasset" 6099
"../../../Engine/Content/EngineMaterials/Substrate/Glints2/dict_0001_0042.uasset" 6100
"../../../Engine/Content/EngineMaterials/Substrate/Glints2/dict_0001_0043.uasset" 6101
"../../../Engine/Content/EngineMaterials/Substrate/Glints2/dict_0001_0044.uasset" 6102
"../../../Engine/Content/EngineMaterials/Substrate/Glints2/dict_0001_0045.uasset" 6103
"../../../Engine/Content/EngineMaterials/Substrate/Glints2/dict_0001_0046.uasset" 6104
"../../../Engine/Content/EngineMaterials/Substrate/Glints2/dict_0001_0047.uasset" 6105
"../../../Engine/Content/EngineMaterials/Substrate/Glints2/dict_0001_0048.uasset" 6106
"../../../Engine/Content/EngineMaterials/Substrate/Glints2/dict_0001_0049.uasset" 6107
"../../../Engine/Content/EngineMaterials/Substrate/Glints2/dict_0001_0050.uasset" 6108
"../../../Engine/Content/EngineMaterials/Substrate/Glints2/dict_0001_0051.uasset" 6109
"../../../Engine/Content/EngineMaterials/Substrate/Glints2/dict_0001_0052.uasset" 6110
"../../../Engine/Content/EngineMaterials/Substrate/Glints2/dict_0001_0053.uasset" 6111
"../../../Engine/Content/EngineMaterials/Substrate/Glints2/dict_0001_0054.uasset" 6112
"../../../Engine/Content/EngineMaterials/Substrate/Glints2/dict_0001_0055.uasset" 6113
"../../../Engine/Content/EngineMaterials/Substrate/Glints2/dict_0001_0056.uasset" 6114
"../../../Engine/Content/EngineMaterials/Substrate/Glints2/dict_0001_0057.uasset" 6115
"../../../Engine/Content/EngineMaterials/Substrate/Glints2/dict_0001_0058.uasset" 6116
"../../../Engine/Content/EngineMaterials/Substrate/Glints2/dict_0001_0059.uasset" 6117
"../../../Engine/Content/EngineMaterials/Substrate/Glints2/dict_0001_0060.uasset" 6118
"../../../Engine/Content/EngineMaterials/Substrate/Glints2/dict_0001_0061.uasset" 6119
"../../../Engine/Content/EngineMaterials/Substrate/Glints2/dict_0001_0062.uasset" 6120
"../../../Engine/Content/EngineMaterials/Substrate/Glints2/dict_0001_0063.uasset" 6121
"../../../Engine/Content/EngineMaterials/Substrate/Glints2/dict_0001_0064.uasset" 6122
"../../../Engine/Content/EngineMaterials/Substrate/Glints2/dict_0001_0065.uasset" 6123
"../../../Engine/Content/EngineMaterials/Substrate/Glints2/dict_0001_0066.uasset" 6124
"../../../Engine/Content/EngineMaterials/Substrate/Glints2/dict_0001_0067.uasset" 6125
"../../../Engine/Content/EngineMaterials/Substrate/Glints2/dict_0001_0068.uasset" 6126
"../../../Engine/Content/EngineMaterials/Substrate/Glints2/dict_0001_0069.uasset" 6127
"../../../Engine/Content/EngineMaterials/Substrate/Glints2/dict_0001_0070.uasset" 6128
"../../../Engine/Content/EngineMaterials/Substrate/Glints2/dict_0001_0071.uasset" 6129
"../../../Engine/Content/EngineMaterials/Substrate/Glints2/dict_0001_0072.uasset" 6130
"../../../Engine/Content/EngineMaterials/Substrate/Glints2/dict_0001_0073.uasset" 6131
"../../../Engine/Content/EngineMaterials/Substrate/Glints2/dict_0001_0074.uasset" 6132
"../../../Engine/Content/EngineMaterials/Substrate/Glints2/dict_0001_0075.uasset" 6133
"../../../Engine/Content/EngineMaterials/Substrate/Glints2/dict_0001_0076.uasset" 6134
"../../../Engine/Content/EngineMaterials/Substrate/Glints2/dict_0001_0077.uasset" 6135
"../../../Engine/Content/EngineMaterials/Substrate/Glints2/dict_0001_0078.uasset" 6136
"../../../Engine/Content/EngineMaterials/Substrate/Glints2/dict_0001_0079.uasset" 6137
"../../../Engine/Content/EngineMaterials/Substrate/Glints2/dict_0001_0080.uasset" 6138
"../../../Engine/Content/EngineMaterials/Substrate/Glints2/dict_0001_0081.uasset" 6139
"../../../Engine/Content/EngineMaterials/Substrate/Glints2/dict_0001_0082.uasset" 6140
"../../../Engine/Content/EngineMaterials/Substrate/Glints2/dict_0001_0083.uasset" 6141
"../../../Engine/Content/EngineMaterials/Substrate/Glints2/dict_0001_0084.uasset" 6142
"../../../Engine/Content/EngineMaterials/Substrate/Glints2/dict_0001_0085.uasset" 6143
"../../../Engine/Content/EngineMaterials/Substrate/Glints2/dict_0001_0086.uasset" 6144
"../../../Engine/Content/EngineMaterials/Substrate/Glints2/dict_0001_0087.uasset" 6145
"../../../Engine/Content/EngineMaterials/Substrate/Glints2/dict_0001_0088.uasset" 6146
"../../../Engine/Content/EngineMaterials/Substrate/Glints2/dict_0001_0089.uasset" 6147
"../../../Engine/Content/EngineMaterials/Substrate/Glints2/dict_0001_0090.uasset" 6148
"../../../Engine/Content/EngineMaterials/Substrate/Glints2/dict_0001_0091.uasset" 6149
"../../../Engine/Content/EngineMaterials/Substrate/Glints2/dict_0001_0092.uasset" 6150
"../../../Engine/Content/EngineMaterials/Substrate/Glints2/dict_0001_0093.uasset" 6151
"../../../Engine/Content/EngineMaterials/Substrate/Glints2/dict_0001_0094.uasset" 6152
"../../../Engine/Content/EngineMaterials/Substrate/Glints2/dict_0001_0095.uasset" 6153
"../../../Engine/Content/EngineMaterials/Substrate/Glints2/dict_0001_0096.uasset" 6154
"../../../Engine/Content/EngineMaterials/Substrate/Glints2/dict_0001_0097.uasset" 6155
"../../../Engine/Content/EngineMaterials/Substrate/Glints2/dict_0001_0098.uasset" 6156
"../../../Engine/Content/EngineMaterials/Substrate/Glints2/dict_0001_0099.uasset" 6157
"../../../Engine/Content/EngineMaterials/Substrate/Glints2/dict_0001_0100.uasset" 6158
"../../../Engine/Content/EngineMaterials/Substrate/Glints2/dict_0001_0101.uasset" 6159
"../../../Engine/Content/EngineMaterials/Substrate/Glints2/dict_0001_0102.uasset" 6160
"../../../Engine/Content/EngineMaterials/Substrate/Glints2/dict_0001_0103.uasset" 6161
"../../../Engine/Content/EngineMaterials/Substrate/Glints2/dict_0001_0104.uasset" 6162
"../../../Engine/Content/EngineMaterials/Substrate/Glints2/dict_0001_0105.uasset" 6163
"../../../Engine/Content/EngineMaterials/Substrate/Glints2/dict_0001_0106.uasset" 6164
"../../../Engine/Content/EngineMaterials/Substrate/Glints2/dict_0001_0107.uasset" 6165
"../../../Engine/Content/EngineMaterials/Substrate/Glints2/dict_0001_0108.uasset" 6166
"../../../Engine/Content/EngineMaterials/Substrate/Glints2/dict_0001_0109.uasset" 6167
"../../../Engine/Content/EngineMaterials/Substrate/Glints2/dict_0001_0110.uasset" 6168
"../../../Engine/Content/EngineMaterials/Substrate/Glints2/dict_0001_0111.uasset" 6169
"../../../Engine/Content/EngineMaterials/Substrate/Glints2/dict_0001_0112.uasset" 6170
"../../../Engine/Content/EngineMaterials/Substrate/Glints2/dict_0001_0113.uasset" 6171
"../../../Engine/Content/EngineMaterials/Substrate/Glints2/dict_0001_0114.uasset" 6172
"../../../Engine/Content/EngineMaterials/Substrate/Glints2/dict_0001_0115.uasset" 6173
"../../../Engine/Content/EngineMaterials/Substrate/Glints2/dict_0001_0116.uasset" 6174
"../../../Engine/Content/EngineMaterials/Substrate/Glints2/dict_0001_0117.uasset" 6175
"../../../Engine/Content/EngineMaterials/Substrate/Glints2/dict_0001_0118.uasset" 6176
"../../../Engine/Content/EngineMaterials/Substrate/Glints2/dict_0001_0119.uasset" 6177
"../../../Engine/Content/EngineMaterials/Substrate/Glints2/dict_0001_0120.uasset" 6178
"../../../Engine/Content/EngineMaterials/Substrate/Glints2/dict_0001_0121.uasset" 6179
"../../../Engine/Content/EngineMaterials/Substrate/Glints2/dict_0001_0122.uasset" 6180
"../../../Engine/Content/EngineMaterials/Substrate/Glints2/dict_0001_0123.uasset" 6181
"../../../Engine/Content/EngineMaterials/Substrate/Glints2/dict_0001_0124.uasset" 6182
"../../../Engine/Content/EngineMaterials/Substrate/Glints2/dict_0001_0125.uasset" 6183
"../../../Engine/Content/EngineMaterials/Substrate/Glints2/dict_0001_0126.uasset" 6184
"../../../Engine/Content/EngineMaterials/Substrate/Glints2/dict_0001_0127.uasset" 6185
"../../../Engine/Content/EngineMaterials/Substrate/Glints2/dict_0001_0128.uasset" 6186
"../../../Engine/Content/EngineMaterials/Substrate/Glints2/dict_0001_0129.uasset" 6187
"../../../Engine/Content/EngineMaterials/Substrate/Glints2/dict_0001_0130.uasset" 6188
"../../../Engine/Content/EngineMaterials/Substrate/Glints2/dict_0001_0131.uasset" 6189
"../../../Engine/Content/EngineMaterials/Substrate/Glints2/dict_0001_0132.uasset" 6190
"../../../Engine/Content/EngineMaterials/Substrate/Glints2/dict_0001_0133.uasset" 6191
"../../../Engine/Content/EngineMaterials/Substrate/Glints2/dict_0001_0134.uasset" 6192
"../../../Engine/Content/EngineMaterials/Substrate/Glints2/dict_0001_0135.uasset" 6193
"../../../Engine/Content/EngineMaterials/Substrate/Glints2/dict_0001_0136.uasset" 6194
"../../../Engine/Content/EngineMaterials/Substrate/Glints2/dict_0001_0137.uasset" 6195
"../../../Engine/Content/EngineMaterials/Substrate/Glints2/dict_0001_0138.uasset" 6196
"../../../Engine/Content/EngineMaterials/Substrate/Glints2/dict_0001_0139.uasset" 6197
"../../../Engine/Content/EngineMaterials/Substrate/Glints2/dict_0001_0140.uasset" 6198
"../../../Engine/Content/EngineMaterials/Substrate/Glints2/dict_0001_0141.uasset" 6199
"../../../Engine/Content/EngineMaterials/Substrate/Glints2/dict_0001_0142.uasset" 6200
"../../../Engine/Content/EngineMaterials/Substrate/Glints2/dict_0001_0143.uasset" 6201
"../../../Engine/Content/EngineMaterials/Substrate/Glints2/dict_0001_0144.uasset" 6202
"../../../Engine/Content/EngineMaterials/Substrate/Glints2/dict_0001_0145.uasset" 6203
"../../../Engine/Content/EngineMaterials/Substrate/Glints2/dict_0001_0146.uasset" 6204
"../../../Engine/Content/EngineMaterials/Substrate/Glints2/dict_0001_0147.uasset" 6205
"../../../Engine/Content/EngineMaterials/Substrate/Glints2/dict_0001_0148.uasset" 6206
"../../../Engine/Content/EngineMaterials/Substrate/Glints2/dict_0001_0149.uasset" 6207
"../../../Engine/Content/EngineMaterials/Substrate/Glints2/dict_0001_0150.uasset" 6208
"../../../Engine/Content/EngineMaterials/Substrate/Glints2/dict_0001_0151.uasset" 6209
"../../../Engine/Content/EngineMaterials/Substrate/Glints2/dict_0001_0152.uasset" 6210
"../../../Engine/Content/EngineMaterials/Substrate/Glints2/dict_0001_0153.uasset" 6211
"../../../Engine/Content/EngineMaterials/Substrate/Glints2/dict_0001_0154.uasset" 6212
"../../../Engine/Content/EngineMaterials/Substrate/Glints2/dict_0001_0155.uasset" 6213
"../../../Engine/Content/EngineMaterials/Substrate/Glints2/dict_0001_0156.uasset" 6214
"../../../Engine/Content/EngineMaterials/Substrate/Glints2/dict_0001_0157.uasset" 6215
"../../../Engine/Content/EngineMaterials/Substrate/Glints2/dict_0001_0158.uasset" 6216
"../../../Engine/Content/EngineMaterials/Substrate/Glints2/dict_0001_0159.uasset" 6217
"../../../Engine/Content/EngineMaterials/Substrate/Glints2/dict_0001_0160.uasset" 6218
"../../../Engine/Content/EngineMaterials/Substrate/Glints2/dict_0001_0161.uasset" 6219
"../../../Engine/Content/EngineMaterials/Substrate/Glints2/dict_0001_0162.uasset" 6220
"../../../Engine/Content/EngineMaterials/Substrate/Glints2/dict_0001_0163.uasset" 6221
"../../../Engine/Content/EngineMaterials/Substrate/Glints2/dict_0001_0164.uasset" 6222
"../../../Engine/Content/EngineMaterials/Substrate/Glints2/dict_0001_0165.uasset" 6223
"../../../Engine/Content/EngineMaterials/Substrate/Glints2/dict_0001_0166.uasset" 6224
"../../../Engine/Content/EngineMaterials/Substrate/Glints2/dict_0001_0167.uasset" 6225
"../../../Engine/Content/EngineMaterials/Substrate/Glints2/dict_0001_0168.uasset" 6226
"../../../Engine/Content/EngineMaterials/Substrate/Glints2/dict_0001_0169.uasset" 6227
"../../../Engine/Content/EngineMaterials/Substrate/Glints2/dict_0001_0170.uasset" 6228
"../../../Engine/Content/EngineMaterials/Substrate/Glints2/dict_0001_0171.uasset" 6229
"../../../Engine/Content/EngineMaterials/Substrate/Glints2/dict_0001_0172.uasset" 6230
"../../../Engine/Content/EngineMaterials/Substrate/Glints2/dict_0001_0173.uasset" 6231
"../../../Engine/Content/EngineMaterials/Substrate/Glints2/dict_0001_0174.uasset" 6232
"../../../Engine/Content/EngineMaterials/Substrate/Glints2/dict_0001_0175.uasset" 6233
"../../../Engine/Content/EngineMaterials/Substrate/Glints2/dict_0001_0176.uasset" 6234
"../../../Engine/Content/EngineMaterials/Substrate/Glints2/dict_0001_0177.uasset" 6235
"../../../Engine/Content/EngineMaterials/Substrate/Glints2/dict_0001_0178.uasset" 6236
"../../../Engine/Content/EngineMaterials/Substrate/Glints2/dict_0001_0179.uasset" 6237
"../../../Engine/Content/EngineMaterials/Substrate/Glints2/dict_0001_0180.uasset" 6238
"../../../Engine/Content/EngineMaterials/Substrate/Glints2/dict_0001_0181.uasset" 6239
"../../../Engine/Content/EngineMaterials/Substrate/Glints2/dict_0001_0182.uasset" 6240
"../../../Engine/Content/EngineMaterials/Substrate/Glints2/dict_0001_0183.uasset" 6241
"../../../Engine/Content/EngineMaterials/Substrate/Glints2/dict_0001_0184.uasset" 6242
"../../../Engine/Content/EngineMaterials/Substrate/Glints2/dict_0001_0185.uasset" 6243
"../../../Engine/Content/EngineMaterials/Substrate/Glints2/dict_0001_0186.uasset" 6244
"../../../Engine/Content/EngineMaterials/Substrate/Glints2/dict_0001_0187.uasset" 6245
"../../../Engine/Content/EngineMaterials/Substrate/Glints2/dict_0001_0188.uasset" 6246
"../../../Engine/Content/EngineMaterials/Substrate/Glints2/dict_0001_0189.uasset" 6247
"../../../Engine/Content/EngineMaterials/Substrate/Glints2/dict_0001_0190.uasset" 6248
"../../../Engine/Content/EngineMaterials/Substrate/Glints2/dict_0001_0191.uasset" 6249
"../../../Engine/Content/EngineMaterials/Substrate/Glints2/dict_0001_0192.uasset" 6250
"../../../Engine/Content/EngineMaterials/Substrate/Glints2/dict_0001_0193.uasset" 6251
"../../../Engine/Content/EngineMaterials/Substrate/Glints2/dict_0001_0194.uasset" 6252
"../../../Engine/Content/EngineMaterials/Substrate/Glints2/dict_0001_0195.uasset" 6253
"../../../Engine/Content/EngineMaterials/Substrate/Glints2/dict_0001_0196.uasset" 6254
"../../../Engine/Content/EngineMaterials/Substrate/Glints2/dict_0001_0197.uasset" 6255
"../../../Engine/Content/EngineMaterials/Substrate/Glints2/dict_0001_0198.uasset" 6256
"../../../Engine/Content/EngineMaterials/Substrate/Glints2/dict_0001_0199.uasset" 6257
"../../../Engine/Content/EngineMaterials/Substrate/Glints2/dict_0001_0200.uasset" 6258
"../../../Engine/Content/EngineMaterials/Substrate/Glints2/dict_0001_0201.uasset" 6259
"../../../Engine/Content/EngineMaterials/Substrate/Glints2/dict_0001_0202.uasset" 6260
"../../../Engine/Content/EngineMaterials/Substrate/Glints2/dict_0001_0203.uasset" 6261
"../../../Engine/Content/EngineMaterials/Substrate/Glints2/dict_0001_0204.uasset" 6262
"../../../Engine/Content/EngineMaterials/Substrate/Glints2/dict_0001_0205.uasset" 6263
"../../../Engine/Content/EngineMaterials/Substrate/Glints2/dict_0001_0206.uasset" 6264
"../../../Engine/Content/EngineMaterials/Substrate/Glints2/dict_0001_0207.uasset" 6265
"../../../Engine/Content/EngineMaterials/Substrate/Glints2/dict_0001_0208.uasset" 6266
"../../../Engine/Content/EngineMaterials/Substrate/Glints2/dict_0001_0209.uasset" 6267
"../../../Engine/Content/EngineMaterials/Substrate/Glints2/dict_0001_0210.uasset" 6268
"../../../Engine/Content/EngineMaterials/Substrate/Glints2/dict_0001_0211.uasset" 6269
"../../../Engine/Content/EngineMaterials/Substrate/Glints2/dict_0001_0212.uasset" 6270
"../../../Engine/Content/EngineMaterials/Substrate/Glints2/dict_0001_0213.uasset" 6271
"../../../Engine/Content/EngineMaterials/Substrate/Glints2/dict_0001_0214.uasset" 6272
"../../../Engine/Content/EngineMaterials/Substrate/Glints2/dict_0001_0215.uasset" 6273
"../../../Engine/Content/EngineMaterials/Substrate/Glints2/dict_0001_0216.uasset" 6274
"../../../Engine/Content/EngineMaterials/Substrate/Glints2/dict_0001_0217.uasset" 6275
"../../../Engine/Content/EngineMaterials/Substrate/Glints2/dict_0001_0218.uasset" 6276
"../../../Engine/Content/EngineMaterials/Substrate/Glints2/dict_0001_0219.uasset" 6277
"../../../Engine/Content/EngineMaterials/Substrate/Glints2/dict_0001_0220.uasset" 6278
"../../../Engine/Content/EngineMaterials/Substrate/Glints2/dict_0001_0221.uasset" 6279
"../../../Engine/Content/EngineMaterials/Substrate/Glints2/dict_0001_0222.uasset" 6280
"../../../Engine/Content/EngineMaterials/Substrate/Glints2/dict_0001_0223.uasset" 6281
"../../../Engine/Content/EngineMaterials/Substrate/Glints2/dict_0001_0224.uasset" 6282
"../../../Engine/Content/EngineMaterials/Substrate/Glints2/dict_0001_0225.uasset" 6283
"../../../Engine/Content/EngineMaterials/Substrate/Glints2/dict_0001_0226.uasset" 6284
"../../../Engine/Content/EngineMaterials/Substrate/Glints2/dict_0001_0227.uasset" 6285
"../../../Engine/Content/EngineMaterials/Substrate/Glints2/dict_0001_0228.uasset" 6286
"../../../Engine/Content/EngineMaterials/Substrate/Glints2/dict_0001_0229.uasset" 6287
"../../../Engine/Content/EngineMaterials/Substrate/Glints2/dict_0001_0230.uasset" 6288
"../../../Engine/Content/EngineMaterials/Substrate/Glints2/dict_0001_0231.uasset" 6289
"../../../Engine/Content/EngineMaterials/Substrate/Glints2/dict_0001_0232.uasset" 6290
"../../../Engine/Content/EngineMaterials/Substrate/Glints2/dict_0001_0233.uasset" 6291
"../../../Engine/Content/EngineMaterials/Substrate/Glints2/dict_0001_0234.uasset" 6292
"../../../Engine/Content/EngineMaterials/Substrate/Glints2/dict_0001_0235.uasset" 6293
"../../../Engine/Content/EngineMaterials/Substrate/Glints2/dict_0001_0236.uasset" 6294
"../../../Engine/Content/EngineMaterials/Substrate/Glints2/dict_0001_0237.uasset" 6295
"../../../Engine/Content/EngineMaterials/Substrate/Glints2/dict_0001_0238.uasset" 6296
"../../../Engine/Content/EngineMaterials/Substrate/Glints2/dict_0001_0239.uasset" 6297
"../../../Engine/Content/EngineMaterials/Substrate/Glints2/dict_0001_0240.uasset" 6298
"../../../Engine/Content/EngineMaterials/Substrate/Glints2/dict_0001_0241.uasset" 6299
"../../../Engine/Content/EngineMaterials/Substrate/Glints2/dict_0001_0242.uasset" 6300
"../../../Engine/Content/EngineMaterials/Substrate/Glints2/dict_0001_0243.uasset" 6301
"../../../Engine/Content/EngineMaterials/Substrate/Glints2/dict_0001_0244.uasset" 6302
"../../../Engine/Content/EngineMaterials/Substrate/Glints2/dict_0001_0245.uasset" 6303
"../../../Engine/Content/EngineMaterials/Substrate/Glints2/dict_0001_0246.uasset" 6304
"../../../Engine/Content/EngineMaterials/Substrate/Glints2/dict_0001_0247.uasset" 6305
"../../../Engine/Content/EngineMaterials/Substrate/Glints2/dict_0001_0248.uasset" 6306
"../../../Engine/Content/EngineMaterials/Substrate/Glints2/dict_0001_0249.uasset" 6307
"../../../Engine/Content/EngineMaterials/Substrate/Glints2/dict_0001_0250.uasset" 6308
"../../../Engine/Content/EngineMaterials/Substrate/Glints2/dict_0001_0251.uasset" 6309
"../../../Engine/Content/EngineMaterials/Substrate/Glints2/dict_0001_0252.uasset" 6310
"../../../Engine/Content/EngineMaterials/Substrate/Glints2/dict_0001_0253.uasset" 6311
"../../../Engine/Content/EngineMaterials/Substrate/Glints2/dict_0001_0254.uasset" 6312
"../../../Engine/Content/EngineMaterials/Substrate/Glints2/dict_0001_0255.uasset" 6313
"../../../Engine/Content/EngineMaterials/Substrate/Glints2/dict_0002_0000.uasset" 6314
"../../../Engine/Content/EngineMaterials/Substrate/Glints2/dict_0002_0001.uasset" 6315
"../../../Engine/Content/EngineMaterials/Substrate/Glints2/dict_0002_0002.uasset" 6316
"../../../Engine/Content/EngineMaterials/Substrate/Glints2/dict_0002_0003.uasset" 6317
"../../../Engine/Content/EngineMaterials/Substrate/Glints2/dict_0002_0004.uasset" 6318
"../../../Engine/Content/EngineMaterials/Substrate/Glints2/dict_0002_0005.uasset" 6319
"../../../Engine/Content/EngineMaterials/Substrate/Glints2/dict_0002_0006.uasset" 6320
"../../../Engine/Content/EngineMaterials/Substrate/Glints2/dict_0002_0007.uasset" 6321
"../../../Engine/Content/EngineMaterials/Substrate/Glints2/dict_0002_0008.uasset" 6322
"../../../Engine/Content/EngineMaterials/Substrate/Glints2/dict_0002_0009.uasset" 6323
"../../../Engine/Content/EngineMaterials/Substrate/Glints2/dict_0002_0010.uasset" 6324
"../../../Engine/Content/EngineMaterials/Substrate/Glints2/dict_0002_0011.uasset" 6325
"../../../Engine/Content/EngineMaterials/Substrate/Glints2/dict_0002_0012.uasset" 6326
"../../../Engine/Content/EngineMaterials/Substrate/Glints2/dict_0002_0013.uasset" 6327
"../../../Engine/Content/EngineMaterials/Substrate/Glints2/dict_0002_0014.uasset" 6328
"../../../Engine/Content/EngineMaterials/Substrate/Glints2/dict_0002_0015.uasset" 6329
"../../../Engine/Content/EngineMaterials/Substrate/Glints2/dict_0002_0016.uasset" 6330
"../../../Engine/Content/EngineMaterials/Substrate/Glints2/dict_0002_0017.uasset" 6331
"../../../Engine/Content/EngineMaterials/Substrate/Glints2/dict_0002_0018.uasset" 6332
"../../../Engine/Content/EngineMaterials/Substrate/Glints2/dict_0002_0019.uasset" 6333
"../../../Engine/Content/EngineMaterials/Substrate/Glints2/dict_0002_0020.uasset" 6334
"../../../Engine/Content/EngineMaterials/Substrate/Glints2/dict_0002_0021.uasset" 6335
"../../../Engine/Content/EngineMaterials/Substrate/Glints2/dict_0002_0022.uasset" 6336
"../../../Engine/Content/EngineMaterials/Substrate/Glints2/dict_0002_0023.uasset" 6337
"../../../Engine/Content/EngineMaterials/Substrate/Glints2/dict_0002_0024.uasset" 6338
"../../../Engine/Content/EngineMaterials/Substrate/Glints2/dict_0002_0025.uasset" 6339
"../../../Engine/Content/EngineMaterials/Substrate/Glints2/dict_0002_0026.uasset" 6340
"../../../Engine/Content/EngineMaterials/Substrate/Glints2/dict_0002_0027.uasset" 6341
"../../../Engine/Content/EngineMaterials/Substrate/Glints2/dict_0002_0028.uasset" 6342
"../../../Engine/Content/EngineMaterials/Substrate/Glints2/dict_0002_0029.uasset" 6343
"../../../Engine/Content/EngineMaterials/Substrate/Glints2/dict_0002_0030.uasset" 6344
"../../../Engine/Content/EngineMaterials/Substrate/Glints2/dict_0002_0031.uasset" 6345
"../../../Engine/Content/EngineMaterials/Substrate/Glints2/dict_0002_0032.uasset" 6346
"../../../Engine/Content/EngineMaterials/Substrate/Glints2/dict_0002_0033.uasset" 6347
"../../../Engine/Content/EngineMaterials/Substrate/Glints2/dict_0002_0034.uasset" 6348
"../../../Engine/Content/EngineMaterials/Substrate/Glints2/dict_0002_0035.uasset" 6349
"../../../Engine/Content/EngineMaterials/Substrate/Glints2/dict_0002_0036.uasset" 6350
"../../../Engine/Content/EngineMaterials/Substrate/Glints2/dict_0002_0037.uasset" 6351
"../../../Engine/Content/EngineMaterials/Substrate/Glints2/dict_0002_0038.uasset" 6352
"../../../Engine/Content/EngineMaterials/Substrate/Glints2/dict_0002_0039.uasset" 6353
"../../../Engine/Content/EngineMaterials/Substrate/Glints2/dict_0002_0040.uasset" 6354
"../../../Engine/Content/EngineMaterials/Substrate/Glints2/dict_0002_0041.uasset" 6355
"../../../Engine/Content/EngineMaterials/Substrate/Glints2/dict_0002_0042.uasset" 6356
"../../../Engine/Content/EngineMaterials/Substrate/Glints2/dict_0002_0043.uasset" 6357
"../../../Engine/Content/EngineMaterials/Substrate/Glints2/dict_0002_0044.uasset" 6358
"../../../Engine/Content/EngineMaterials/Substrate/Glints2/dict_0002_0045.uasset" 6359
"../../../Engine/Content/EngineMaterials/Substrate/Glints2/dict_0002_0046.uasset" 6360
"../../../Engine/Content/EngineMaterials/Substrate/Glints2/dict_0002_0047.uasset" 6361
"../../../Engine/Content/EngineMaterials/Substrate/Glints2/dict_0002_0048.uasset" 6362
"../../../Engine/Content/EngineMaterials/Substrate/Glints2/dict_0002_0049.uasset" 6363
"../../../Engine/Content/EngineMaterials/Substrate/Glints2/dict_0002_0050.uasset" 6364
"../../../Engine/Content/EngineMaterials/Substrate/Glints2/dict_0002_0051.uasset" 6365
"../../../Engine/Content/EngineMaterials/Substrate/Glints2/dict_0002_0052.uasset" 6366
"../../../Engine/Content/EngineMaterials/Substrate/Glints2/dict_0002_0053.uasset" 6367
"../../../Engine/Content/EngineMaterials/Substrate/Glints2/dict_0002_0054.uasset" 6368
"../../../Engine/Content/EngineMaterials/Substrate/Glints2/dict_0002_0055.uasset" 6369
"../../../Engine/Content/EngineMaterials/Substrate/Glints2/dict_0002_0056.uasset" 6370
"../../../Engine/Content/EngineMaterials/Substrate/Glints2/dict_0002_0057.uasset" 6371
"../../../Engine/Content/EngineMaterials/Substrate/Glints2/dict_0002_0058.uasset" 6372
"../../../Engine/Content/EngineMaterials/Substrate/Glints2/dict_0002_0059.uasset" 6373
"../../../Engine/Content/EngineMaterials/Substrate/Glints2/dict_0002_0060.uasset" 6374
"../../../Engine/Content/EngineMaterials/Substrate/Glints2/dict_0002_0061.uasset" 6375
"../../../Engine/Content/EngineMaterials/Substrate/Glints2/dict_0002_0062.uasset" 6376
"../../../Engine/Content/EngineMaterials/Substrate/Glints2/dict_0002_0063.uasset" 6377
"../../../Engine/Content/EngineMaterials/Substrate/Glints2/dict_0002_0064.uasset" 6378
"../../../Engine/Content/EngineMaterials/Substrate/Glints2/dict_0002_0065.uasset" 6379
"../../../Engine/Content/EngineMaterials/Substrate/Glints2/dict_0002_0066.uasset" 6380
"../../../Engine/Content/EngineMaterials/Substrate/Glints2/dict_0002_0067.uasset" 6381
"../../../Engine/Content/EngineMaterials/Substrate/Glints2/dict_0002_0068.uasset" 6382
"../../../Engine/Content/EngineMaterials/Substrate/Glints2/dict_0002_0069.uasset" 6383
"../../../Engine/Content/EngineMaterials/Substrate/Glints2/dict_0002_0070.uasset" 6384
"../../../Engine/Content/EngineMaterials/Substrate/Glints2/dict_0002_0071.uasset" 6385
"../../../Engine/Content/EngineMaterials/Substrate/Glints2/dict_0002_0072.uasset" 6386
"../../../Engine/Content/EngineMaterials/Substrate/Glints2/dict_0002_0073.uasset" 6387
"../../../Engine/Content/EngineMaterials/Substrate/Glints2/dict_0002_0074.uasset" 6388
"../../../Engine/Content/EngineMaterials/Substrate/Glints2/dict_0002_0075.uasset" 6389
"../../../Engine/Content/EngineMaterials/Substrate/Glints2/dict_0002_0076.uasset" 6390
"../../../Engine/Content/EngineMaterials/Substrate/Glints2/dict_0002_0077.uasset" 6391
"../../../Engine/Content/EngineMaterials/Substrate/Glints2/dict_0002_0078.uasset" 6392
"../../../Engine/Content/EngineMaterials/Substrate/Glints2/dict_0002_0079.uasset" 6393
"../../../Engine/Content/EngineMaterials/Substrate/Glints2/dict_0002_0080.uasset" 6394
"../../../Engine/Content/EngineMaterials/Substrate/Glints2/dict_0002_0081.uasset" 6395
"../../../Engine/Content/EngineMaterials/Substrate/Glints2/dict_0002_0082.uasset" 6396
"../../../Engine/Content/EngineMaterials/Substrate/Glints2/dict_0002_0083.uasset" 6397
"../../../Engine/Content/EngineMaterials/Substrate/Glints2/dict_0002_0084.uasset" 6398
"../../../Engine/Content/EngineMaterials/Substrate/Glints2/dict_0002_0085.uasset" 6399
"../../../Engine/Content/EngineMaterials/Substrate/Glints2/dict_0002_0086.uasset" 6400
"../../../Engine/Content/EngineMaterials/Substrate/Glints2/dict_0002_0087.uasset" 6401
"../../../Engine/Content/EngineMaterials/Substrate/Glints2/dict_0002_0088.uasset" 6402
"../../../Engine/Content/EngineMaterials/Substrate/Glints2/dict_0002_0089.uasset" 6403
"../../../Engine/Content/EngineMaterials/Substrate/Glints2/dict_0002_0090.uasset" 6404
"../../../Engine/Content/EngineMaterials/Substrate/Glints2/dict_0002_0091.uasset" 6405
"../../../Engine/Content/EngineMaterials/Substrate/Glints2/dict_0002_0092.uasset" 6406
"../../../Engine/Content/EngineMaterials/Substrate/Glints2/dict_0002_0093.uasset" 6407
"../../../Engine/Content/EngineMaterials/Substrate/Glints2/dict_0002_0094.uasset" 6408
"../../../Engine/Content/EngineMaterials/Substrate/Glints2/dict_0002_0095.uasset" 6409
"../../../Engine/Content/EngineMaterials/Substrate/Glints2/dict_0002_0096.uasset" 6410
"../../../Engine/Content/EngineMaterials/Substrate/Glints2/dict_0002_0097.uasset" 6411
"../../../Engine/Content/EngineMaterials/Substrate/Glints2/dict_0002_0098.uasset" 6412
"../../../Engine/Content/EngineMaterials/Substrate/Glints2/dict_0002_0099.uasset" 6413
"../../../Engine/Content/EngineMaterials/Substrate/Glints2/dict_0002_0100.uasset" 6414
"../../../Engine/Content/EngineMaterials/Substrate/Glints2/dict_0002_0101.uasset" 6415
"../../../Engine/Content/EngineMaterials/Substrate/Glints2/dict_0002_0102.uasset" 6416
"../../../Engine/Content/EngineMaterials/Substrate/Glints2/dict_0002_0103.uasset" 6417
"../../../Engine/Content/EngineMaterials/Substrate/Glints2/dict_0002_0104.uasset" 6418
"../../../Engine/Content/EngineMaterials/Substrate/Glints2/dict_0002_0105.uasset" 6419
"../../../Engine/Content/EngineMaterials/Substrate/Glints2/dict_0002_0106.uasset" 6420
"../../../Engine/Content/EngineMaterials/Substrate/Glints2/dict_0002_0107.uasset" 6421
"../../../Engine/Content/EngineMaterials/Substrate/Glints2/dict_0002_0108.uasset" 6422
"../../../Engine/Content/EngineMaterials/Substrate/Glints2/dict_0002_0109.uasset" 6423
"../../../Engine/Content/EngineMaterials/Substrate/Glints2/dict_0002_0110.uasset" 6424
"../../../Engine/Content/EngineMaterials/Substrate/Glints2/dict_0002_0111.uasset" 6425
"../../../Engine/Content/EngineMaterials/Substrate/Glints2/dict_0002_0112.uasset" 6426
"../../../Engine/Content/EngineMaterials/Substrate/Glints2/dict_0002_0113.uasset" 6427
"../../../Engine/Content/EngineMaterials/Substrate/Glints2/dict_0002_0114.uasset" 6428
"../../../Engine/Content/EngineMaterials/Substrate/Glints2/dict_0002_0115.uasset" 6429
"../../../Engine/Content/EngineMaterials/Substrate/Glints2/dict_0002_0116.uasset" 6430
"../../../Engine/Content/EngineMaterials/Substrate/Glints2/dict_0002_0117.uasset" 6431
"../../../Engine/Content/EngineMaterials/Substrate/Glints2/dict_0002_0118.uasset" 6432
"../../../Engine/Content/EngineMaterials/Substrate/Glints2/dict_0002_0119.uasset" 6433
"../../../Engine/Content/EngineMaterials/Substrate/Glints2/dict_0002_0120.uasset" 6434
"../../../Engine/Content/EngineMaterials/Substrate/Glints2/dict_0002_0121.uasset" 6435
"../../../Engine/Content/EngineMaterials/Substrate/Glints2/dict_0002_0122.uasset" 6436
"../../../Engine/Content/EngineMaterials/Substrate/Glints2/dict_0002_0123.uasset" 6437
"../../../Engine/Content/EngineMaterials/Substrate/Glints2/dict_0002_0124.uasset" 6438
"../../../Engine/Content/EngineMaterials/Substrate/Glints2/dict_0002_0125.uasset" 6439
"../../../Engine/Content/EngineMaterials/Substrate/Glints2/dict_0002_0126.uasset" 6440
"../../../Engine/Content/EngineMaterials/Substrate/Glints2/dict_0002_0127.uasset" 6441
"../../../Engine/Content/EngineMaterials/Substrate/Glints2/dict_0002_0128.uasset" 6442
"../../../Engine/Content/EngineMaterials/Substrate/Glints2/dict_0002_0129.uasset" 6443
"../../../Engine/Content/EngineMaterials/Substrate/Glints2/dict_0002_0130.uasset" 6444
"../../../Engine/Content/EngineMaterials/Substrate/Glints2/dict_0002_0131.uasset" 6445
"../../../Engine/Content/EngineMaterials/Substrate/Glints2/dict_0002_0132.uasset" 6446
"../../../Engine/Content/EngineMaterials/Substrate/Glints2/dict_0002_0133.uasset" 6447
"../../../Engine/Content/EngineMaterials/Substrate/Glints2/dict_0002_0134.uasset" 6448
"../../../Engine/Content/EngineMaterials/Substrate/Glints2/dict_0002_0135.uasset" 6449
"../../../Engine/Content/EngineMaterials/Substrate/Glints2/dict_0002_0136.uasset" 6450
"../../../Engine/Content/EngineMaterials/Substrate/Glints2/dict_0002_0137.uasset" 6451
"../../../Engine/Content/EngineMaterials/Substrate/Glints2/dict_0002_0138.uasset" 6452
"../../../Engine/Content/EngineMaterials/Substrate/Glints2/dict_0002_0139.uasset" 6453
"../../../Engine/Content/EngineMaterials/Substrate/Glints2/dict_0002_0140.uasset" 6454
"../../../Engine/Content/EngineMaterials/Substrate/Glints2/dict_0002_0141.uasset" 6455
"../../../Engine/Content/EngineMaterials/Substrate/Glints2/dict_0002_0142.uasset" 6456
"../../../Engine/Content/EngineMaterials/Substrate/Glints2/dict_0002_0143.uasset" 6457
"../../../Engine/Content/EngineMaterials/Substrate/Glints2/dict_0002_0144.uasset" 6458
"../../../Engine/Content/EngineMaterials/Substrate/Glints2/dict_0002_0145.uasset" 6459
"../../../Engine/Content/EngineMaterials/Substrate/Glints2/dict_0002_0146.uasset" 6460
"../../../Engine/Content/EngineMaterials/Substrate/Glints2/dict_0002_0147.uasset" 6461
"../../../Engine/Content/EngineMaterials/Substrate/Glints2/dict_0002_0148.uasset" 6462
"../../../Engine/Content/EngineMaterials/Substrate/Glints2/dict_0002_0149.uasset" 6463
"../../../Engine/Content/EngineMaterials/Substrate/Glints2/dict_0002_0150.uasset" 6464
"../../../Engine/Content/EngineMaterials/Substrate/Glints2/dict_0002_0151.uasset" 6465
"../../../Engine/Content/EngineMaterials/Substrate/Glints2/dict_0002_0152.uasset" 6466
"../../../Engine/Content/EngineMaterials/Substrate/Glints2/dict_0002_0153.uasset" 6467
"../../../Engine/Content/EngineMaterials/Substrate/Glints2/dict_0002_0154.uasset" 6468
"../../../Engine/Content/EngineMaterials/Substrate/Glints2/dict_0002_0155.uasset" 6469
"../../../Engine/Content/EngineMaterials/Substrate/Glints2/dict_0002_0156.uasset" 6470
"../../../Engine/Content/EngineMaterials/Substrate/Glints2/dict_0002_0157.uasset" 6471
"../../../Engine/Content/EngineMaterials/Substrate/Glints2/dict_0002_0158.uasset" 6472
"../../../Engine/Content/EngineMaterials/Substrate/Glints2/dict_0002_0159.uasset" 6473
"../../../Engine/Content/EngineMaterials/Substrate/Glints2/dict_0002_0160.uasset" 6474
"../../../Engine/Content/EngineMaterials/Substrate/Glints2/dict_0002_0161.uasset" 6475
"../../../Engine/Content/EngineMaterials/Substrate/Glints2/dict_0002_0162.uasset" 6476
"../../../Engine/Content/EngineMaterials/Substrate/Glints2/dict_0002_0163.uasset" 6477
"../../../Engine/Content/EngineMaterials/Substrate/Glints2/dict_0002_0164.uasset" 6478
"../../../Engine/Content/EngineMaterials/Substrate/Glints2/dict_0002_0165.uasset" 6479
"../../../Engine/Content/EngineMaterials/Substrate/Glints2/dict_0002_0166.uasset" 6480
"../../../Engine/Content/EngineMaterials/Substrate/Glints2/dict_0002_0167.uasset" 6481
"../../../Engine/Content/EngineMaterials/Substrate/Glints2/dict_0002_0168.uasset" 6482
"../../../Engine/Content/EngineMaterials/Substrate/Glints2/dict_0002_0169.uasset" 6483
"../../../Engine/Content/EngineMaterials/Substrate/Glints2/dict_0002_0170.uasset" 6484
"../../../Engine/Content/EngineMaterials/Substrate/Glints2/dict_0002_0171.uasset" 6485
"../../../Engine/Content/EngineMaterials/Substrate/Glints2/dict_0002_0172.uasset" 6486
"../../../Engine/Content/EngineMaterials/Substrate/Glints2/dict_0002_0173.uasset" 6487
"../../../Engine/Content/EngineMaterials/Substrate/Glints2/dict_0002_0174.uasset" 6488
"../../../Engine/Content/EngineMaterials/Substrate/Glints2/dict_0002_0175.uasset" 6489
"../../../Engine/Content/EngineMaterials/Substrate/Glints2/dict_0002_0176.uasset" 6490
"../../../Engine/Content/EngineMaterials/Substrate/Glints2/dict_0002_0177.uasset" 6491
"../../../Engine/Content/EngineMaterials/Substrate/Glints2/dict_0002_0178.uasset" 6492
"../../../Engine/Content/EngineMaterials/Substrate/Glints2/dict_0002_0179.uasset" 6493
"../../../Engine/Content/EngineMaterials/Substrate/Glints2/dict_0002_0180.uasset" 6494
"../../../Engine/Content/EngineMaterials/Substrate/Glints2/dict_0002_0181.uasset" 6495
"../../../Engine/Content/EngineMaterials/Substrate/Glints2/dict_0002_0182.uasset" 6496
"../../../Engine/Content/EngineMaterials/Substrate/Glints2/dict_0002_0183.uasset" 6497
"../../../Engine/Content/EngineMaterials/Substrate/Glints2/dict_0002_0184.uasset" 6498
"../../../Engine/Content/EngineMaterials/Substrate/Glints2/dict_0002_0185.uasset" 6499
"../../../Engine/Content/EngineMaterials/Substrate/Glints2/dict_0002_0186.uasset" 6500
"../../../Engine/Content/EngineMaterials/Substrate/Glints2/dict_0002_0187.uasset" 6501
"../../../Engine/Content/EngineMaterials/Substrate/Glints2/dict_0002_0188.uasset" 6502
"../../../Engine/Content/EngineMaterials/Substrate/Glints2/dict_0002_0189.uasset" 6503
"../../../Engine/Content/EngineMaterials/Substrate/Glints2/dict_0002_0190.uasset" 6504
"../../../Engine/Content/EngineMaterials/Substrate/Glints2/dict_0002_0191.uasset" 6505
"../../../Engine/Content/EngineMaterials/Substrate/Glints2/dict_0002_0192.uasset" 6506
"../../../Engine/Content/EngineMaterials/Substrate/Glints2/dict_0002_0193.uasset" 6507
"../../../Engine/Content/EngineMaterials/Substrate/Glints2/dict_0002_0194.uasset" 6508
"../../../Engine/Content/EngineMaterials/Substrate/Glints2/dict_0002_0195.uasset" 6509
"../../../Engine/Content/EngineMaterials/Substrate/Glints2/dict_0002_0196.uasset" 6510
"../../../Engine/Content/EngineMaterials/Substrate/Glints2/dict_0002_0197.uasset" 6511
"../../../Engine/Content/EngineMaterials/Substrate/Glints2/dict_0002_0198.uasset" 6512
"../../../Engine/Content/EngineMaterials/Substrate/Glints2/dict_0002_0199.uasset" 6513
"../../../Engine/Content/EngineMaterials/Substrate/Glints2/dict_0002_0200.uasset" 6514
"../../../Engine/Content/EngineMaterials/Substrate/Glints2/dict_0002_0201.uasset" 6515
"../../../Engine/Content/EngineMaterials/Substrate/Glints2/dict_0002_0202.uasset" 6516
"../../../Engine/Content/EngineMaterials/Substrate/Glints2/dict_0002_0203.uasset" 6517
"../../../Engine/Content/EngineMaterials/Substrate/Glints2/dict_0002_0204.uasset" 6518
"../../../Engine/Content/EngineMaterials/Substrate/Glints2/dict_0002_0205.uasset" 6519
"../../../Engine/Content/EngineMaterials/Substrate/Glints2/dict_0002_0206.uasset" 6520
"../../../Engine/Content/EngineMaterials/Substrate/Glints2/dict_0002_0207.uasset" 6521
"../../../Engine/Content/EngineMaterials/Substrate/Glints2/dict_0002_0208.uasset" 6522
"../../../Engine/Content/EngineMaterials/Substrate/Glints2/dict_0002_0209.uasset" 6523
"../../../Engine/Content/EngineMaterials/Substrate/Glints2/dict_0002_0210.uasset" 6524
"../../../Engine/Content/EngineMaterials/Substrate/Glints2/dict_0002_0211.uasset" 6525
"../../../Engine/Content/EngineMaterials/Substrate/Glints2/dict_0002_0212.uasset" 6526
"../../../Engine/Content/EngineMaterials/Substrate/Glints2/dict_0002_0213.uasset" 6527
"../../../Engine/Content/EngineMaterials/Substrate/Glints2/dict_0002_0214.uasset" 6528
"../../../Engine/Content/EngineMaterials/Substrate/Glints2/dict_0002_0215.uasset" 6529
"../../../Engine/Content/EngineMaterials/Substrate/Glints2/dict_0002_0216.uasset" 6530
"../../../Engine/Content/EngineMaterials/Substrate/Glints2/dict_0002_0217.uasset" 6531
"../../../Engine/Content/EngineMaterials/Substrate/Glints2/dict_0002_0218.uasset" 6532
"../../../Engine/Content/EngineMaterials/Substrate/Glints2/dict_0002_0219.uasset" 6533
"../../../Engine/Content/EngineMaterials/Substrate/Glints2/dict_0002_0220.uasset" 6534
"../../../Engine/Content/EngineMaterials/Substrate/Glints2/dict_0002_0221.uasset" 6535
"../../../Engine/Content/EngineMaterials/Substrate/Glints2/dict_0002_0222.uasset" 6536
"../../../Engine/Content/EngineMaterials/Substrate/Glints2/dict_0002_0223.uasset" 6537
"../../../Engine/Content/EngineMaterials/Substrate/Glints2/dict_0002_0224.uasset" 6538
"../../../Engine/Content/EngineMaterials/Substrate/Glints2/dict_0002_0225.uasset" 6539
"../../../Engine/Content/EngineMaterials/Substrate/Glints2/dict_0002_0226.uasset" 6540
"../../../Engine/Content/EngineMaterials/Substrate/Glints2/dict_0002_0227.uasset" 6541
"../../../Engine/Content/EngineMaterials/Substrate/Glints2/dict_0002_0228.uasset" 6542
"../../../Engine/Content/EngineMaterials/Substrate/Glints2/dict_0002_0229.uasset" 6543
"../../../Engine/Content/EngineMaterials/Substrate/Glints2/dict_0002_0230.uasset" 6544
"../../../Engine/Content/EngineMaterials/Substrate/Glints2/dict_0002_0231.uasset" 6545
"../../../Engine/Content/EngineMaterials/Substrate/Glints2/dict_0002_0232.uasset" 6546
"../../../Engine/Content/EngineMaterials/Substrate/Glints2/dict_0002_0233.uasset" 6547
"../../../Engine/Content/EngineMaterials/Substrate/Glints2/dict_0002_0234.uasset" 6548
"../../../Engine/Content/EngineMaterials/Substrate/Glints2/dict_0002_0235.uasset" 6549
"../../../Engine/Content/EngineMaterials/Substrate/Glints2/dict_0002_0236.uasset" 6550
"../../../Engine/Content/EngineMaterials/Substrate/Glints2/dict_0002_0237.uasset" 6551
"../../../Engine/Content/EngineMaterials/Substrate/Glints2/dict_0002_0238.uasset" 6552
"../../../Engine/Content/EngineMaterials/Substrate/Glints2/dict_0002_0239.uasset" 6553
"../../../Engine/Content/EngineMaterials/Substrate/Glints2/dict_0002_0240.uasset" 6554
"../../../Engine/Content/EngineMaterials/Substrate/Glints2/dict_0002_0241.uasset" 6555
"../../../Engine/Content/EngineMaterials/Substrate/Glints2/dict_0002_0242.uasset" 6556
"../../../Engine/Content/EngineMaterials/Substrate/Glints2/dict_0002_0243.uasset" 6557
"../../../Engine/Content/EngineMaterials/Substrate/Glints2/dict_0002_0244.uasset" 6558
"../../../Engine/Content/EngineMaterials/Substrate/Glints2/dict_0002_0245.uasset" 6559
"../../../Engine/Content/EngineMaterials/Substrate/Glints2/dict_0002_0246.uasset" 6560
"../../../Engine/Content/EngineMaterials/Substrate/Glints2/dict_0002_0247.uasset" 6561
"../../../Engine/Content/EngineMaterials/Substrate/Glints2/dict_0002_0248.uasset" 6562
"../../../Engine/Content/EngineMaterials/Substrate/Glints2/dict_0002_0249.uasset" 6563
"../../../Engine/Content/EngineMaterials/Substrate/Glints2/dict_0002_0250.uasset" 6564
"../../../Engine/Content/EngineMaterials/Substrate/Glints2/dict_0002_0251.uasset" 6565
"../../../Engine/Content/EngineMaterials/Substrate/Glints2/dict_0002_0252.uasset" 6566
"../../../Engine/Content/EngineMaterials/Substrate/Glints2/dict_0002_0253.uasset" 6567
"../../../Engine/Content/EngineMaterials/Substrate/Glints2/dict_0002_0254.uasset" 6568
"../../../Engine/Content/EngineMaterials/Substrate/Glints2/dict_0002_0255.uasset" 6569
"../../../Engine/Content/EngineMaterials/Substrate/Glints2/dict_0003_0000.uasset" 6570
"../../../Engine/Content/EngineMaterials/Substrate/Glints2/dict_0003_0001.uasset" 6571
"../../../Engine/Content/EngineMaterials/Substrate/Glints2/dict_0003_0002.uasset" 6572
"../../../Engine/Content/EngineMaterials/Substrate/Glints2/dict_0003_0003.uasset" 6573
"../../../Engine/Content/EngineMaterials/Substrate/Glints2/dict_0003_0004.uasset" 6574
"../../../Engine/Content/EngineMaterials/Substrate/Glints2/dict_0003_0005.uasset" 6575
"../../../Engine/Content/EngineMaterials/Substrate/Glints2/dict_0003_0006.uasset" 6576
"../../../Engine/Content/EngineMaterials/Substrate/Glints2/dict_0003_0007.uasset" 6577
"../../../Engine/Content/EngineMaterials/Substrate/Glints2/dict_0003_0008.uasset" 6578
"../../../Engine/Content/EngineMaterials/Substrate/Glints2/dict_0003_0009.uasset" 6579
"../../../Engine/Content/EngineMaterials/Substrate/Glints2/dict_0003_0010.uasset" 6580
"../../../Engine/Content/EngineMaterials/Substrate/Glints2/dict_0003_0011.uasset" 6581
"../../../Engine/Content/EngineMaterials/Substrate/Glints2/dict_0003_0012.uasset" 6582
"../../../Engine/Content/EngineMaterials/Substrate/Glints2/dict_0003_0013.uasset" 6583
"../../../Engine/Content/EngineMaterials/Substrate/Glints2/dict_0003_0014.uasset" 6584
"../../../Engine/Content/EngineMaterials/Substrate/Glints2/dict_0003_0015.uasset" 6585
"../../../Engine/Content/EngineMaterials/Substrate/Glints2/dict_0003_0016.uasset" 6586
"../../../Engine/Content/EngineMaterials/Substrate/Glints2/dict_0003_0017.uasset" 6587
"../../../Engine/Content/EngineMaterials/Substrate/Glints2/dict_0003_0018.uasset" 6588
"../../../Engine/Content/EngineMaterials/Substrate/Glints2/dict_0003_0019.uasset" 6589
"../../../Engine/Content/EngineMaterials/Substrate/Glints2/dict_0003_0020.uasset" 6590
"../../../Engine/Content/EngineMaterials/Substrate/Glints2/dict_0003_0021.uasset" 6591
"../../../Engine/Content/EngineMaterials/Substrate/Glints2/dict_0003_0022.uasset" 6592
"../../../Engine/Content/EngineMaterials/Substrate/Glints2/dict_0003_0023.uasset" 6593
"../../../Engine/Content/EngineMaterials/Substrate/Glints2/dict_0003_0024.uasset" 6594
"../../../Engine/Content/EngineMaterials/Substrate/Glints2/dict_0003_0025.uasset" 6595
"../../../Engine/Content/EngineMaterials/Substrate/Glints2/dict_0003_0026.uasset" 6596
"../../../Engine/Content/EngineMaterials/Substrate/Glints2/dict_0003_0027.uasset" 6597
"../../../Engine/Content/EngineMaterials/Substrate/Glints2/dict_0003_0028.uasset" 6598
"../../../Engine/Content/EngineMaterials/Substrate/Glints2/dict_0003_0029.uasset" 6599
"../../../Engine/Content/EngineMaterials/Substrate/Glints2/dict_0003_0030.uasset" 6600
"../../../Engine/Content/EngineMaterials/Substrate/Glints2/dict_0003_0031.uasset" 6601
"../../../Engine/Content/EngineMaterials/Substrate/Glints2/dict_0003_0032.uasset" 6602
"../../../Engine/Content/EngineMaterials/Substrate/Glints2/dict_0003_0033.uasset" 6603
"../../../Engine/Content/EngineMaterials/Substrate/Glints2/dict_0003_0034.uasset" 6604
"../../../Engine/Content/EngineMaterials/Substrate/Glints2/dict_0003_0035.uasset" 6605
"../../../Engine/Content/EngineMaterials/Substrate/Glints2/dict_0003_0036.uasset" 6606
"../../../Engine/Content/EngineMaterials/Substrate/Glints2/dict_0003_0037.uasset" 6607
"../../../Engine/Content/EngineMaterials/Substrate/Glints2/dict_0003_0038.uasset" 6608
"../../../Engine/Content/EngineMaterials/Substrate/Glints2/dict_0003_0039.uasset" 6609
"../../../Engine/Content/EngineMaterials/Substrate/Glints2/dict_0003_0040.uasset" 6610
"../../../Engine/Content/EngineMaterials/Substrate/Glints2/dict_0003_0041.uasset" 6611
"../../../Engine/Content/EngineMaterials/Substrate/Glints2/dict_0003_0042.uasset" 6612
"../../../Engine/Content/EngineMaterials/Substrate/Glints2/dict_0003_0043.uasset" 6613
"../../../Engine/Content/EngineMaterials/Substrate/Glints2/dict_0003_0044.uasset" 6614
"../../../Engine/Content/EngineMaterials/Substrate/Glints2/dict_0003_0045.uasset" 6615
"../../../Engine/Content/EngineMaterials/Substrate/Glints2/dict_0003_0046.uasset" 6616
"../../../Engine/Content/EngineMaterials/Substrate/Glints2/dict_0003_0047.uasset" 6617
"../../../Engine/Content/EngineMaterials/Substrate/Glints2/dict_0003_0048.uasset" 6618
"../../../Engine/Content/EngineMaterials/Substrate/Glints2/dict_0003_0049.uasset" 6619
"../../../Engine/Content/EngineMaterials/Substrate/Glints2/dict_0003_0050.uasset" 6620
"../../../Engine/Content/EngineMaterials/Substrate/Glints2/dict_0003_0051.uasset" 6621
"../../../Engine/Content/EngineMaterials/Substrate/Glints2/dict_0003_0052.uasset" 6622
"../../../Engine/Content/EngineMaterials/Substrate/Glints2/dict_0003_0053.uasset" 6623
"../../../Engine/Content/EngineMaterials/Substrate/Glints2/dict_0003_0054.uasset" 6624
"../../../Engine/Content/EngineMaterials/Substrate/Glints2/dict_0003_0055.uasset" 6625
"../../../Engine/Content/EngineMaterials/Substrate/Glints2/dict_0003_0056.uasset" 6626
"../../../Engine/Content/EngineMaterials/Substrate/Glints2/dict_0003_0057.uasset" 6627
"../../../Engine/Content/EngineMaterials/Substrate/Glints2/dict_0003_0058.uasset" 6628
"../../../Engine/Content/EngineMaterials/Substrate/Glints2/dict_0003_0059.uasset" 6629
"../../../Engine/Content/EngineMaterials/Substrate/Glints2/dict_0003_0060.uasset" 6630
"../../../Engine/Content/EngineMaterials/Substrate/Glints2/dict_0003_0061.uasset" 6631
"../../../Engine/Content/EngineMaterials/Substrate/Glints2/dict_0003_0062.uasset" 6632
"../../../Engine/Content/EngineMaterials/Substrate/Glints2/dict_0003_0063.uasset" 6633
"../../../Engine/Content/EngineMaterials/Substrate/Glints2/dict_0003_0064.uasset" 6634
"../../../Engine/Content/EngineMaterials/Substrate/Glints2/dict_0003_0065.uasset" 6635
"../../../Engine/Content/EngineMaterials/Substrate/Glints2/dict_0003_0066.uasset" 6636
"../../../Engine/Content/EngineMaterials/Substrate/Glints2/dict_0003_0067.uasset" 6637
"../../../Engine/Content/EngineMaterials/Substrate/Glints2/dict_0003_0068.uasset" 6638
"../../../Engine/Content/EngineMaterials/Substrate/Glints2/dict_0003_0069.uasset" 6639
"../../../Engine/Content/EngineMaterials/Substrate/Glints2/dict_0003_0070.uasset" 6640
"../../../Engine/Content/EngineMaterials/Substrate/Glints2/dict_0003_0071.uasset" 6641
"../../../Engine/Content/EngineMaterials/Substrate/Glints2/dict_0003_0072.uasset" 6642
"../../../Engine/Content/EngineMaterials/Substrate/Glints2/dict_0003_0073.uasset" 6643
"../../../Engine/Content/EngineMaterials/Substrate/Glints2/dict_0003_0074.uasset" 6644
"../../../Engine/Content/EngineMaterials/Substrate/Glints2/dict_0003_0075.uasset" 6645
"../../../Engine/Content/EngineMaterials/Substrate/Glints2/dict_0003_0076.uasset" 6646
"../../../Engine/Content/EngineMaterials/Substrate/Glints2/dict_0003_0077.uasset" 6647
"../../../Engine/Content/EngineMaterials/Substrate/Glints2/dict_0003_0078.uasset" 6648
"../../../Engine/Content/EngineMaterials/Substrate/Glints2/dict_0003_0079.uasset" 6649
"../../../Engine/Content/EngineMaterials/Substrate/Glints2/dict_0003_0080.uasset" 6650
"../../../Engine/Content/EngineMaterials/Substrate/Glints2/dict_0003_0081.uasset" 6651
"../../../Engine/Content/EngineMaterials/Substrate/Glints2/dict_0003_0082.uasset" 6652
"../../../Engine/Content/EngineMaterials/Substrate/Glints2/dict_0003_0083.uasset" 6653
"../../../Engine/Content/EngineMaterials/Substrate/Glints2/dict_0003_0084.uasset" 6654
"../../../Engine/Content/EngineMaterials/Substrate/Glints2/dict_0003_0085.uasset" 6655
"../../../Engine/Content/EngineMaterials/Substrate/Glints2/dict_0003_0086.uasset" 6656
"../../../Engine/Content/EngineMaterials/Substrate/Glints2/dict_0003_0087.uasset" 6657
"../../../Engine/Content/EngineMaterials/Substrate/Glints2/dict_0003_0088.uasset" 6658
"../../../Engine/Content/EngineMaterials/Substrate/Glints2/dict_0003_0089.uasset" 6659
"../../../Engine/Content/EngineMaterials/Substrate/Glints2/dict_0003_0090.uasset" 6660
"../../../Engine/Content/EngineMaterials/Substrate/Glints2/dict_0003_0091.uasset" 6661
"../../../Engine/Content/EngineMaterials/Substrate/Glints2/dict_0003_0092.uasset" 6662
"../../../Engine/Content/EngineMaterials/Substrate/Glints2/dict_0003_0093.uasset" 6663
"../../../Engine/Content/EngineMaterials/Substrate/Glints2/dict_0003_0094.uasset" 6664
"../../../Engine/Content/EngineMaterials/Substrate/Glints2/dict_0003_0095.uasset" 6665
"../../../Engine/Content/EngineMaterials/Substrate/Glints2/dict_0003_0096.uasset" 6666
"../../../Engine/Content/EngineMaterials/Substrate/Glints2/dict_0003_0097.uasset" 6667
"../../../Engine/Content/EngineMaterials/Substrate/Glints2/dict_0003_0098.uasset" 6668
"../../../Engine/Content/EngineMaterials/Substrate/Glints2/dict_0003_0099.uasset" 6669
"../../../Engine/Content/EngineMaterials/Substrate/Glints2/dict_0003_0100.uasset" 6670
"../../../Engine/Content/EngineMaterials/Substrate/Glints2/dict_0003_0101.uasset" 6671
"../../../Engine/Content/EngineMaterials/Substrate/Glints2/dict_0003_0102.uasset" 6672
"../../../Engine/Content/EngineMaterials/Substrate/Glints2/dict_0003_0103.uasset" 6673
"../../../Engine/Content/EngineMaterials/Substrate/Glints2/dict_0003_0104.uasset" 6674
"../../../Engine/Content/EngineMaterials/Substrate/Glints2/dict_0003_0105.uasset" 6675
"../../../Engine/Content/EngineMaterials/Substrate/Glints2/dict_0003_0106.uasset" 6676
"../../../Engine/Content/EngineMaterials/Substrate/Glints2/dict_0003_0107.uasset" 6677
"../../../Engine/Content/EngineMaterials/Substrate/Glints2/dict_0003_0108.uasset" 6678
"../../../Engine/Content/EngineMaterials/Substrate/Glints2/dict_0003_0109.uasset" 6679
"../../../Engine/Content/EngineMaterials/Substrate/Glints2/dict_0003_0110.uasset" 6680
"../../../Engine/Content/EngineMaterials/Substrate/Glints2/dict_0003_0111.uasset" 6681
"../../../Engine/Content/EngineMaterials/Substrate/Glints2/dict_0003_0112.uasset" 6682
"../../../Engine/Content/EngineMaterials/Substrate/Glints2/dict_0003_0113.uasset" 6683
"../../../Engine/Content/EngineMaterials/Substrate/Glints2/dict_0003_0114.uasset" 6684
"../../../Engine/Content/EngineMaterials/Substrate/Glints2/dict_0003_0115.uasset" 6685
"../../../Engine/Content/EngineMaterials/Substrate/Glints2/dict_0003_0116.uasset" 6686
"../../../Engine/Content/EngineMaterials/Substrate/Glints2/dict_0003_0117.uasset" 6687
"../../../Engine/Content/EngineMaterials/Substrate/Glints2/dict_0003_0118.uasset" 6688
"../../../Engine/Content/EngineMaterials/Substrate/Glints2/dict_0003_0119.uasset" 6689
"../../../Engine/Content/EngineMaterials/Substrate/Glints2/dict_0003_0120.uasset" 6690
"../../../Engine/Content/EngineMaterials/Substrate/Glints2/dict_0003_0121.uasset" 6691
"../../../Engine/Content/EngineMaterials/Substrate/Glints2/dict_0003_0122.uasset" 6692
"../../../Engine/Content/EngineMaterials/Substrate/Glints2/dict_0003_0123.uasset" 6693
"../../../Engine/Content/EngineMaterials/Substrate/Glints2/dict_0003_0124.uasset" 6694
"../../../Engine/Content/EngineMaterials/Substrate/Glints2/dict_0003_0125.uasset" 6695
"../../../Engine/Content/EngineMaterials/Substrate/Glints2/dict_0003_0126.uasset" 6696
"../../../Engine/Content/EngineMaterials/Substrate/Glints2/dict_0003_0127.uasset" 6697
"../../../Engine/Content/EngineMaterials/Substrate/Glints2/dict_0003_0128.uasset" 6698
"../../../Engine/Content/EngineMaterials/Substrate/Glints2/dict_0003_0129.uasset" 6699
"../../../Engine/Content/EngineMaterials/Substrate/Glints2/dict_0003_0130.uasset" 6700
"../../../Engine/Content/EngineMaterials/Substrate/Glints2/dict_0003_0131.uasset" 6701
"../../../Engine/Content/EngineMaterials/Substrate/Glints2/dict_0003_0132.uasset" 6702
"../../../Engine/Content/EngineMaterials/Substrate/Glints2/dict_0003_0133.uasset" 6703
"../../../Engine/Content/EngineMaterials/Substrate/Glints2/dict_0003_0134.uasset" 6704
"../../../Engine/Content/EngineMaterials/Substrate/Glints2/dict_0003_0135.uasset" 6705
"../../../Engine/Content/EngineMaterials/Substrate/Glints2/dict_0003_0136.uasset" 6706
"../../../Engine/Content/EngineMaterials/Substrate/Glints2/dict_0003_0137.uasset" 6707
"../../../Engine/Content/EngineMaterials/Substrate/Glints2/dict_0003_0138.uasset" 6708
"../../../Engine/Content/EngineMaterials/Substrate/Glints2/dict_0003_0139.uasset" 6709
"../../../Engine/Content/EngineMaterials/Substrate/Glints2/dict_0003_0140.uasset" 6710
"../../../Engine/Content/EngineMaterials/Substrate/Glints2/dict_0003_0141.uasset" 6711
"../../../Engine/Content/EngineMaterials/Substrate/Glints2/dict_0003_0142.uasset" 6712
"../../../Engine/Content/EngineMaterials/Substrate/Glints2/dict_0003_0143.uasset" 6713
"../../../Engine/Content/EngineMaterials/Substrate/Glints2/dict_0003_0144.uasset" 6714
"../../../Engine/Content/EngineMaterials/Substrate/Glints2/dict_0003_0145.uasset" 6715
"../../../Engine/Content/EngineMaterials/Substrate/Glints2/dict_0003_0146.uasset" 6716
"../../../Engine/Content/EngineMaterials/Substrate/Glints2/dict_0003_0147.uasset" 6717
"../../../Engine/Content/EngineMaterials/Substrate/Glints2/dict_0003_0148.uasset" 6718
"../../../Engine/Content/EngineMaterials/Substrate/Glints2/dict_0003_0149.uasset" 6719
"../../../Engine/Content/EngineMaterials/Substrate/Glints2/dict_0003_0150.uasset" 6720
"../../../Engine/Content/EngineMaterials/Substrate/Glints2/dict_0003_0151.uasset" 6721
"../../../Engine/Content/EngineMaterials/Substrate/Glints2/dict_0003_0152.uasset" 6722
"../../../Engine/Content/EngineMaterials/Substrate/Glints2/dict_0003_0153.uasset" 6723
"../../../Engine/Content/EngineMaterials/Substrate/Glints2/dict_0003_0154.uasset" 6724
"../../../Engine/Content/EngineMaterials/Substrate/Glints2/dict_0003_0155.uasset" 6725
"../../../Engine/Content/EngineMaterials/Substrate/Glints2/dict_0003_0156.uasset" 6726
"../../../Engine/Content/EngineMaterials/Substrate/Glints2/dict_0003_0157.uasset" 6727
"../../../Engine/Content/EngineMaterials/Substrate/Glints2/dict_0003_0158.uasset" 6728
"../../../Engine/Content/EngineMaterials/Substrate/Glints2/dict_0003_0159.uasset" 6729
"../../../Engine/Content/EngineMaterials/Substrate/Glints2/dict_0003_0160.uasset" 6730
"../../../Engine/Content/EngineMaterials/Substrate/Glints2/dict_0003_0161.uasset" 6731
"../../../Engine/Content/EngineMaterials/Substrate/Glints2/dict_0003_0162.uasset" 6732
"../../../Engine/Content/EngineMaterials/Substrate/Glints2/dict_0003_0163.uasset" 6733
"../../../Engine/Content/EngineMaterials/Substrate/Glints2/dict_0003_0164.uasset" 6734
"../../../Engine/Content/EngineMaterials/Substrate/Glints2/dict_0003_0165.uasset" 6735
"../../../Engine/Content/EngineMaterials/Substrate/Glints2/dict_0003_0166.uasset" 6736
"../../../Engine/Content/EngineMaterials/Substrate/Glints2/dict_0003_0167.uasset" 6737
"../../../Engine/Content/EngineMaterials/Substrate/Glints2/dict_0003_0168.uasset" 6738
"../../../Engine/Content/EngineMaterials/Substrate/Glints2/dict_0003_0169.uasset" 6739
"../../../Engine/Content/EngineMaterials/Substrate/Glints2/dict_0003_0170.uasset" 6740
"../../../Engine/Content/EngineMaterials/Substrate/Glints2/dict_0003_0171.uasset" 6741
"../../../Engine/Content/EngineMaterials/Substrate/Glints2/dict_0003_0172.uasset" 6742
"../../../Engine/Content/EngineMaterials/Substrate/Glints2/dict_0003_0173.uasset" 6743
"../../../Engine/Content/EngineMaterials/Substrate/Glints2/dict_0003_0174.uasset" 6744
"../../../Engine/Content/EngineMaterials/Substrate/Glints2/dict_0003_0175.uasset" 6745
"../../../Engine/Content/EngineMaterials/Substrate/Glints2/dict_0003_0176.uasset" 6746
"../../../Engine/Content/EngineMaterials/Substrate/Glints2/dict_0003_0177.uasset" 6747
"../../../Engine/Content/EngineMaterials/Substrate/Glints2/dict_0003_0178.uasset" 6748
"../../../Engine/Content/EngineMaterials/Substrate/Glints2/dict_0003_0179.uasset" 6749
"../../../Engine/Content/EngineMaterials/Substrate/Glints2/dict_0003_0180.uasset" 6750
"../../../Engine/Content/EngineMaterials/Substrate/Glints2/dict_0003_0181.uasset" 6751
"../../../Engine/Content/EngineMaterials/Substrate/Glints2/dict_0003_0182.uasset" 6752
"../../../Engine/Content/EngineMaterials/Substrate/Glints2/dict_0003_0183.uasset" 6753
"../../../Engine/Content/EngineMaterials/Substrate/Glints2/dict_0003_0184.uasset" 6754
"../../../Engine/Content/EngineMaterials/Substrate/Glints2/dict_0003_0185.uasset" 6755
"../../../Engine/Content/EngineMaterials/Substrate/Glints2/dict_0003_0186.uasset" 6756
"../../../Engine/Content/EngineMaterials/Substrate/Glints2/dict_0003_0187.uasset" 6757
"../../../Engine/Content/EngineMaterials/Substrate/Glints2/dict_0003_0188.uasset" 6758
"../../../Engine/Content/EngineMaterials/Substrate/Glints2/dict_0003_0189.uasset" 6759
"../../../Engine/Content/EngineMaterials/Substrate/Glints2/dict_0003_0190.uasset" 6760
"../../../Engine/Content/EngineMaterials/Substrate/Glints2/dict_0003_0191.uasset" 6761
"../../../Engine/Content/EngineMaterials/Substrate/Glints2/dict_0003_0192.uasset" 6762
"../../../Engine/Content/EngineMaterials/Substrate/Glints2/dict_0003_0193.uasset" 6763
"../../../Engine/Content/EngineMaterials/Substrate/Glints2/dict_0003_0194.uasset" 6764
"../../../Engine/Content/EngineMaterials/Substrate/Glints2/dict_0003_0195.uasset" 6765
"../../../Engine/Content/EngineMaterials/Substrate/Glints2/dict_0003_0196.uasset" 6766
"../../../Engine/Content/EngineMaterials/Substrate/Glints2/dict_0003_0197.uasset" 6767
"../../../Engine/Content/EngineMaterials/Substrate/Glints2/dict_0003_0198.uasset" 6768
"../../../Engine/Content/EngineMaterials/Substrate/Glints2/dict_0003_0199.uasset" 6769
"../../../Engine/Content/EngineMaterials/Substrate/Glints2/dict_0003_0200.uasset" 6770
"../../../Engine/Content/EngineMaterials/Substrate/Glints2/dict_0003_0201.uasset" 6771
"../../../Engine/Content/EngineMaterials/Substrate/Glints2/dict_0003_0202.uasset" 6772
"../../../Engine/Content/EngineMaterials/Substrate/Glints2/dict_0003_0203.uasset" 6773
"../../../Engine/Content/EngineMaterials/Substrate/Glints2/dict_0003_0204.uasset" 6774
"../../../Engine/Content/EngineMaterials/Substrate/Glints2/dict_0003_0205.uasset" 6775
"../../../Engine/Content/EngineMaterials/Substrate/Glints2/dict_0003_0206.uasset" 6776
"../../../Engine/Content/EngineMaterials/Substrate/Glints2/dict_0003_0207.uasset" 6777
"../../../Engine/Content/EngineMaterials/Substrate/Glints2/dict_0003_0208.uasset" 6778
"../../../Engine/Content/EngineMaterials/Substrate/Glints2/dict_0003_0209.uasset" 6779
"../../../Engine/Content/EngineMaterials/Substrate/Glints2/dict_0003_0210.uasset" 6780
"../../../Engine/Content/EngineMaterials/Substrate/Glints2/dict_0003_0211.uasset" 6781
"../../../Engine/Content/EngineMaterials/Substrate/Glints2/dict_0003_0212.uasset" 6782
"../../../Engine/Content/EngineMaterials/Substrate/Glints2/dict_0003_0213.uasset" 6783
"../../../Engine/Content/EngineMaterials/Substrate/Glints2/dict_0003_0214.uasset" 6784
"../../../Engine/Content/EngineMaterials/Substrate/Glints2/dict_0003_0215.uasset" 6785
"../../../Engine/Content/EngineMaterials/Substrate/Glints2/dict_0003_0216.uasset" 6786
"../../../Engine/Content/EngineMaterials/Substrate/Glints2/dict_0003_0217.uasset" 6787
"../../../Engine/Content/EngineMaterials/Substrate/Glints2/dict_0003_0218.uasset" 6788
"../../../Engine/Content/EngineMaterials/Substrate/Glints2/dict_0003_0219.uasset" 6789
"../../../Engine/Content/EngineMaterials/Substrate/Glints2/dict_0003_0220.uasset" 6790
"../../../Engine/Content/EngineMaterials/Substrate/Glints2/dict_0003_0221.uasset" 6791
"../../../Engine/Content/EngineMaterials/Substrate/Glints2/dict_0003_0222.uasset" 6792
"../../../Engine/Content/EngineMaterials/Substrate/Glints2/dict_0003_0223.uasset" 6793
"../../../Engine/Content/EngineMaterials/Substrate/Glints2/dict_0003_0224.uasset" 6794
"../../../Engine/Content/EngineMaterials/Substrate/Glints2/dict_0003_0225.uasset" 6795
"../../../Engine/Content/EngineMaterials/Substrate/Glints2/dict_0003_0226.uasset" 6796
"../../../Engine/Content/EngineMaterials/Substrate/Glints2/dict_0003_0227.uasset" 6797
"../../../Engine/Content/EngineMaterials/Substrate/Glints2/dict_0003_0228.uasset" 6798
"../../../Engine/Content/EngineMaterials/Substrate/Glints2/dict_0003_0229.uasset" 6799
"../../../Engine/Content/EngineMaterials/Substrate/Glints2/dict_0003_0230.uasset" 6800
"../../../Engine/Content/EngineMaterials/Substrate/Glints2/dict_0003_0231.uasset" 6801
"../../../Engine/Content/EngineMaterials/Substrate/Glints2/dict_0003_0232.uasset" 6802
"../../../Engine/Content/EngineMaterials/Substrate/Glints2/dict_0003_0233.uasset" 6803
"../../../Engine/Content/EngineMaterials/Substrate/Glints2/dict_0003_0234.uasset" 6804
"../../../Engine/Content/EngineMaterials/Substrate/Glints2/dict_0003_0235.uasset" 6805
"../../../Engine/Content/EngineMaterials/Substrate/Glints2/dict_0003_0236.uasset" 6806
"../../../Engine/Content/EngineMaterials/Substrate/Glints2/dict_0003_0237.uasset" 6807
"../../../Engine/Content/EngineMaterials/Substrate/Glints2/dict_0003_0238.uasset" 6808
"../../../Engine/Content/EngineMaterials/Substrate/Glints2/dict_0003_0239.uasset" 6809
"../../../Engine/Content/EngineMaterials/Substrate/Glints2/dict_0003_0240.uasset" 6810
"../../../Engine/Content/EngineMaterials/Substrate/Glints2/dict_0003_0241.uasset" 6811
"../../../Engine/Content/EngineMaterials/Substrate/Glints2/dict_0003_0242.uasset" 6812
"../../../Engine/Content/EngineMaterials/Substrate/Glints2/dict_0003_0243.uasset" 6813
"../../../Engine/Content/EngineMaterials/Substrate/Glints2/dict_0003_0244.uasset" 6814
"../../../Engine/Content/EngineMaterials/Substrate/Glints2/dict_0003_0245.uasset" 6815
"../../../Engine/Content/EngineMaterials/Substrate/Glints2/dict_0003_0246.uasset" 6816
"../../../Engine/Content/EngineMaterials/Substrate/Glints2/dict_0003_0247.uasset" 6817
"../../../Engine/Content/EngineMaterials/Substrate/Glints2/dict_0003_0248.uasset" 6818
"../../../Engine/Content/EngineMaterials/Substrate/Glints2/dict_0003_0249.uasset" 6819
"../../../Engine/Content/EngineMaterials/Substrate/Glints2/dict_0003_0250.uasset" 6820
"../../../Engine/Content/EngineMaterials/Substrate/Glints2/dict_0003_0251.uasset" 6821
"../../../Engine/Content/EngineMaterials/Substrate/Glints2/dict_0003_0252.uasset" 6822
"../../../Engine/Content/EngineMaterials/Substrate/Glints2/dict_0003_0253.uasset" 6823
"../../../Engine/Content/EngineMaterials/Substrate/Glints2/dict_0003_0254.uasset" 6824
"../../../Engine/Content/EngineMaterials/Substrate/Glints2/dict_0003_0255.uasset" 6825
"../../../Engine/Content/EngineMaterials/Substrate/Glints2/dict_0004_0000.uasset" 6826
"../../../Engine/Content/EngineMaterials/Substrate/Glints2/dict_0004_0001.uasset" 6827
"../../../Engine/Content/EngineMaterials/Substrate/Glints2/dict_0004_0002.uasset" 6828
"../../../Engine/Content/EngineMaterials/Substrate/Glints2/dict_0004_0003.uasset" 6829
"../../../Engine/Content/EngineMaterials/Substrate/Glints2/dict_0004_0004.uasset" 6830
"../../../Engine/Content/EngineMaterials/Substrate/Glints2/dict_0004_0005.uasset" 6831
"../../../Engine/Content/EngineMaterials/Substrate/Glints2/dict_0004_0006.uasset" 6832
"../../../Engine/Content/EngineMaterials/Substrate/Glints2/dict_0004_0007.uasset" 6833
"../../../Engine/Content/EngineMaterials/Substrate/Glints2/dict_0004_0008.uasset" 6834
"../../../Engine/Content/EngineMaterials/Substrate/Glints2/dict_0004_0009.uasset" 6835
"../../../Engine/Content/EngineMaterials/Substrate/Glints2/dict_0004_0010.uasset" 6836
"../../../Engine/Content/EngineMaterials/Substrate/Glints2/dict_0004_0011.uasset" 6837
"../../../Engine/Content/EngineMaterials/Substrate/Glints2/dict_0004_0012.uasset" 6838
"../../../Engine/Content/EngineMaterials/Substrate/Glints2/dict_0004_0013.uasset" 6839
"../../../Engine/Content/EngineMaterials/Substrate/Glints2/dict_0004_0014.uasset" 6840
"../../../Engine/Content/EngineMaterials/Substrate/Glints2/dict_0004_0015.uasset" 6841
"../../../Engine/Content/EngineMaterials/Substrate/Glints2/dict_0004_0016.uasset" 6842
"../../../Engine/Content/EngineMaterials/Substrate/Glints2/dict_0004_0017.uasset" 6843
"../../../Engine/Content/EngineMaterials/Substrate/Glints2/dict_0004_0018.uasset" 6844
"../../../Engine/Content/EngineMaterials/Substrate/Glints2/dict_0004_0019.uasset" 6845
"../../../Engine/Content/EngineMaterials/Substrate/Glints2/dict_0004_0020.uasset" 6846
"../../../Engine/Content/EngineMaterials/Substrate/Glints2/dict_0004_0021.uasset" 6847
"../../../Engine/Content/EngineMaterials/Substrate/Glints2/dict_0004_0022.uasset" 6848
"../../../Engine/Content/EngineMaterials/Substrate/Glints2/dict_0004_0023.uasset" 6849
"../../../Engine/Content/EngineMaterials/Substrate/Glints2/dict_0004_0024.uasset" 6850
"../../../Engine/Content/EngineMaterials/Substrate/Glints2/dict_0004_0025.uasset" 6851
"../../../Engine/Content/EngineMaterials/Substrate/Glints2/dict_0004_0026.uasset" 6852
"../../../Engine/Content/EngineMaterials/Substrate/Glints2/dict_0004_0027.uasset" 6853
"../../../Engine/Content/EngineMaterials/Substrate/Glints2/dict_0004_0028.uasset" 6854
"../../../Engine/Content/EngineMaterials/Substrate/Glints2/dict_0004_0029.uasset" 6855
"../../../Engine/Content/EngineMaterials/Substrate/Glints2/dict_0004_0030.uasset" 6856
"../../../Engine/Content/EngineMaterials/Substrate/Glints2/dict_0004_0031.uasset" 6857
"../../../Engine/Content/EngineMaterials/Substrate/Glints2/dict_0004_0032.uasset" 6858
"../../../Engine/Content/EngineMaterials/Substrate/Glints2/dict_0004_0033.uasset" 6859
"../../../Engine/Content/EngineMaterials/Substrate/Glints2/dict_0004_0034.uasset" 6860
"../../../Engine/Content/EngineMaterials/Substrate/Glints2/dict_0004_0035.uasset" 6861
"../../../Engine/Content/EngineMaterials/Substrate/Glints2/dict_0004_0036.uasset" 6862
"../../../Engine/Content/EngineMaterials/Substrate/Glints2/dict_0004_0037.uasset" 6863
"../../../Engine/Content/EngineMaterials/Substrate/Glints2/dict_0004_0038.uasset" 6864
"../../../Engine/Content/EngineMaterials/Substrate/Glints2/dict_0004_0039.uasset" 6865
"../../../Engine/Content/EngineMaterials/Substrate/Glints2/dict_0004_0040.uasset" 6866
"../../../Engine/Content/EngineMaterials/Substrate/Glints2/dict_0004_0041.uasset" 6867
"../../../Engine/Content/EngineMaterials/Substrate/Glints2/dict_0004_0042.uasset" 6868
"../../../Engine/Content/EngineMaterials/Substrate/Glints2/dict_0004_0043.uasset" 6869
"../../../Engine/Content/EngineMaterials/Substrate/Glints2/dict_0004_0044.uasset" 6870
"../../../Engine/Content/EngineMaterials/Substrate/Glints2/dict_0004_0045.uasset" 6871
"../../../Engine/Content/EngineMaterials/Substrate/Glints2/dict_0004_0046.uasset" 6872
"../../../Engine/Content/EngineMaterials/Substrate/Glints2/dict_0004_0047.uasset" 6873
"../../../Engine/Content/EngineMaterials/Substrate/Glints2/dict_0004_0048.uasset" 6874
"../../../Engine/Content/EngineMaterials/Substrate/Glints2/dict_0004_0049.uasset" 6875
"../../../Engine/Content/EngineMaterials/Substrate/Glints2/dict_0004_0050.uasset" 6876
"../../../Engine/Content/EngineMaterials/Substrate/Glints2/dict_0004_0051.uasset" 6877
"../../../Engine/Content/EngineMaterials/Substrate/Glints2/dict_0004_0052.uasset" 6878
"../../../Engine/Content/EngineMaterials/Substrate/Glints2/dict_0004_0053.uasset" 6879
"../../../Engine/Content/EngineMaterials/Substrate/Glints2/dict_0004_0054.uasset" 6880
"../../../Engine/Content/EngineMaterials/Substrate/Glints2/dict_0004_0055.uasset" 6881
"../../../Engine/Content/EngineMaterials/Substrate/Glints2/dict_0004_0056.uasset" 6882
"../../../Engine/Content/EngineMaterials/Substrate/Glints2/dict_0004_0057.uasset" 6883
"../../../Engine/Content/EngineMaterials/Substrate/Glints2/dict_0004_0058.uasset" 6884
"../../../Engine/Content/EngineMaterials/Substrate/Glints2/dict_0004_0059.uasset" 6885
"../../../Engine/Content/EngineMaterials/Substrate/Glints2/dict_0004_0060.uasset" 6886
"../../../Engine/Content/EngineMaterials/Substrate/Glints2/dict_0004_0061.uasset" 6887
"../../../Engine/Content/EngineMaterials/Substrate/Glints2/dict_0004_0062.uasset" 6888
"../../../Engine/Content/EngineMaterials/Substrate/Glints2/dict_0004_0063.uasset" 6889
"../../../Engine/Content/EngineMaterials/Substrate/Glints2/dict_0004_0064.uasset" 6890
"../../../Engine/Content/EngineMaterials/Substrate/Glints2/dict_0004_0065.uasset" 6891
"../../../Engine/Content/EngineMaterials/Substrate/Glints2/dict_0004_0066.uasset" 6892
"../../../Engine/Content/EngineMaterials/Substrate/Glints2/dict_0004_0067.uasset" 6893
"../../../Engine/Content/EngineMaterials/Substrate/Glints2/dict_0004_0068.uasset" 6894
"../../../Engine/Content/EngineMaterials/Substrate/Glints2/dict_0004_0069.uasset" 6895
"../../../Engine/Content/EngineMaterials/Substrate/Glints2/dict_0004_0070.uasset" 6896
"../../../Engine/Content/EngineMaterials/Substrate/Glints2/dict_0004_0071.uasset" 6897
"../../../Engine/Content/EngineMaterials/Substrate/Glints2/dict_0004_0072.uasset" 6898
"../../../Engine/Content/EngineMaterials/Substrate/Glints2/dict_0004_0073.uasset" 6899
"../../../Engine/Content/EngineMaterials/Substrate/Glints2/dict_0004_0074.uasset" 6900
"../../../Engine/Content/EngineMaterials/Substrate/Glints2/dict_0004_0075.uasset" 6901
"../../../Engine/Content/EngineMaterials/Substrate/Glints2/dict_0004_0076.uasset" 6902
"../../../Engine/Content/EngineMaterials/Substrate/Glints2/dict_0004_0077.uasset" 6903
"../../../Engine/Content/EngineMaterials/Substrate/Glints2/dict_0004_0078.uasset" 6904
"../../../Engine/Content/EngineMaterials/Substrate/Glints2/dict_0004_0079.uasset" 6905
"../../../Engine/Content/EngineMaterials/Substrate/Glints2/dict_0004_0080.uasset" 6906
"../../../Engine/Content/EngineMaterials/Substrate/Glints2/dict_0004_0081.uasset" 6907
"../../../Engine/Content/EngineMaterials/Substrate/Glints2/dict_0004_0082.uasset" 6908
"../../../Engine/Content/EngineMaterials/Substrate/Glints2/dict_0004_0083.uasset" 6909
"../../../Engine/Content/EngineMaterials/Substrate/Glints2/dict_0004_0084.uasset" 6910
"../../../Engine/Content/EngineMaterials/Substrate/Glints2/dict_0004_0085.uasset" 6911
"../../../Engine/Content/EngineMaterials/Substrate/Glints2/dict_0004_0086.uasset" 6912
"../../../Engine/Content/EngineMaterials/Substrate/Glints2/dict_0004_0087.uasset" 6913
"../../../Engine/Content/EngineMaterials/Substrate/Glints2/dict_0004_0088.uasset" 6914
"../../../Engine/Content/EngineMaterials/Substrate/Glints2/dict_0004_0089.uasset" 6915
"../../../Engine/Content/EngineMaterials/Substrate/Glints2/dict_0004_0090.uasset" 6916
"../../../Engine/Content/EngineMaterials/Substrate/Glints2/dict_0004_0091.uasset" 6917
"../../../Engine/Content/EngineMaterials/Substrate/Glints2/dict_0004_0092.uasset" 6918
"../../../Engine/Content/EngineMaterials/Substrate/Glints2/dict_0004_0093.uasset" 6919
"../../../Engine/Content/EngineMaterials/Substrate/Glints2/dict_0004_0094.uasset" 6920
"../../../Engine/Content/EngineMaterials/Substrate/Glints2/dict_0004_0095.uasset" 6921
"../../../Engine/Content/EngineMaterials/Substrate/Glints2/dict_0004_0096.uasset" 6922
"../../../Engine/Content/EngineMaterials/Substrate/Glints2/dict_0004_0097.uasset" 6923
"../../../Engine/Content/EngineMaterials/Substrate/Glints2/dict_0004_0098.uasset" 6924
"../../../Engine/Content/EngineMaterials/Substrate/Glints2/dict_0004_0099.uasset" 6925
"../../../Engine/Content/EngineMaterials/Substrate/Glints2/dict_0004_0100.uasset" 6926
"../../../Engine/Content/EngineMaterials/Substrate/Glints2/dict_0004_0101.uasset" 6927
"../../../Engine/Content/EngineMaterials/Substrate/Glints2/dict_0004_0102.uasset" 6928
"../../../Engine/Content/EngineMaterials/Substrate/Glints2/dict_0004_0103.uasset" 6929
"../../../Engine/Content/EngineMaterials/Substrate/Glints2/dict_0004_0104.uasset" 6930
"../../../Engine/Content/EngineMaterials/Substrate/Glints2/dict_0004_0105.uasset" 6931
"../../../Engine/Content/EngineMaterials/Substrate/Glints2/dict_0004_0106.uasset" 6932
"../../../Engine/Content/EngineMaterials/Substrate/Glints2/dict_0004_0107.uasset" 6933
"../../../Engine/Content/EngineMaterials/Substrate/Glints2/dict_0004_0108.uasset" 6934
"../../../Engine/Content/EngineMaterials/Substrate/Glints2/dict_0004_0109.uasset" 6935
"../../../Engine/Content/EngineMaterials/Substrate/Glints2/dict_0004_0110.uasset" 6936
"../../../Engine/Content/EngineMaterials/Substrate/Glints2/dict_0004_0111.uasset" 6937
"../../../Engine/Content/EngineMaterials/Substrate/Glints2/dict_0004_0112.uasset" 6938
"../../../Engine/Content/EngineMaterials/Substrate/Glints2/dict_0004_0113.uasset" 6939
"../../../Engine/Content/EngineMaterials/Substrate/Glints2/dict_0004_0114.uasset" 6940
"../../../Engine/Content/EngineMaterials/Substrate/Glints2/dict_0004_0115.uasset" 6941
"../../../Engine/Content/EngineMaterials/Substrate/Glints2/dict_0004_0116.uasset" 6942
"../../../Engine/Content/EngineMaterials/Substrate/Glints2/dict_0004_0117.uasset" 6943
"../../../Engine/Content/EngineMaterials/Substrate/Glints2/dict_0004_0118.uasset" 6944
"../../../Engine/Content/EngineMaterials/Substrate/Glints2/dict_0004_0119.uasset" 6945
"../../../Engine/Content/EngineMaterials/Substrate/Glints2/dict_0004_0120.uasset" 6946
"../../../Engine/Content/EngineMaterials/Substrate/Glints2/dict_0004_0121.uasset" 6947
"../../../Engine/Content/EngineMaterials/Substrate/Glints2/dict_0004_0122.uasset" 6948
"../../../Engine/Content/EngineMaterials/Substrate/Glints2/dict_0004_0123.uasset" 6949
"../../../Engine/Content/EngineMaterials/Substrate/Glints2/dict_0004_0124.uasset" 6950
"../../../Engine/Content/EngineMaterials/Substrate/Glints2/dict_0004_0125.uasset" 6951
"../../../Engine/Content/EngineMaterials/Substrate/Glints2/dict_0004_0126.uasset" 6952
"../../../Engine/Content/EngineMaterials/Substrate/Glints2/dict_0004_0127.uasset" 6953
"../../../Engine/Content/EngineMaterials/Substrate/Glints2/dict_0004_0128.uasset" 6954
"../../../Engine/Content/EngineMaterials/Substrate/Glints2/dict_0004_0129.uasset" 6955
"../../../Engine/Content/EngineMaterials/Substrate/Glints2/dict_0004_0130.uasset" 6956
"../../../Engine/Content/EngineMaterials/Substrate/Glints2/dict_0004_0131.uasset" 6957
"../../../Engine/Content/EngineMaterials/Substrate/Glints2/dict_0004_0132.uasset" 6958
"../../../Engine/Content/EngineMaterials/Substrate/Glints2/dict_0004_0133.uasset" 6959
"../../../Engine/Content/EngineMaterials/Substrate/Glints2/dict_0004_0134.uasset" 6960
"../../../Engine/Content/EngineMaterials/Substrate/Glints2/dict_0004_0135.uasset" 6961
"../../../Engine/Content/EngineMaterials/Substrate/Glints2/dict_0004_0136.uasset" 6962
"../../../Engine/Content/EngineMaterials/Substrate/Glints2/dict_0004_0137.uasset" 6963
"../../../Engine/Content/EngineMaterials/Substrate/Glints2/dict_0004_0138.uasset" 6964
"../../../Engine/Content/EngineMaterials/Substrate/Glints2/dict_0004_0139.uasset" 6965
"../../../Engine/Content/EngineMaterials/Substrate/Glints2/dict_0004_0140.uasset" 6966
"../../../Engine/Content/EngineMaterials/Substrate/Glints2/dict_0004_0141.uasset" 6967
"../../../Engine/Content/EngineMaterials/Substrate/Glints2/dict_0004_0142.uasset" 6968
"../../../Engine/Content/EngineMaterials/Substrate/Glints2/dict_0004_0143.uasset" 6969
"../../../Engine/Content/EngineMaterials/Substrate/Glints2/dict_0004_0144.uasset" 6970
"../../../Engine/Content/EngineMaterials/Substrate/Glints2/dict_0004_0145.uasset" 6971
"../../../Engine/Content/EngineMaterials/Substrate/Glints2/dict_0004_0146.uasset" 6972
"../../../Engine/Content/EngineMaterials/Substrate/Glints2/dict_0004_0147.uasset" 6973
"../../../Engine/Content/EngineMaterials/Substrate/Glints2/dict_0004_0148.uasset" 6974
"../../../Engine/Content/EngineMaterials/Substrate/Glints2/dict_0004_0149.uasset" 6975
"../../../Engine/Content/EngineMaterials/Substrate/Glints2/dict_0004_0150.uasset" 6976
"../../../Engine/Content/EngineMaterials/Substrate/Glints2/dict_0004_0151.uasset" 6977
"../../../Engine/Content/EngineMaterials/Substrate/Glints2/dict_0004_0152.uasset" 6978
"../../../Engine/Content/EngineMaterials/Substrate/Glints2/dict_0004_0153.uasset" 6979
"../../../Engine/Content/EngineMaterials/Substrate/Glints2/dict_0004_0154.uasset" 6980
"../../../Engine/Content/EngineMaterials/Substrate/Glints2/dict_0004_0155.uasset" 6981
"../../../Engine/Content/EngineMaterials/Substrate/Glints2/dict_0004_0156.uasset" 6982
"../../../Engine/Content/EngineMaterials/Substrate/Glints2/dict_0004_0157.uasset" 6983
"../../../Engine/Content/EngineMaterials/Substrate/Glints2/dict_0004_0158.uasset" 6984
"../../../Engine/Content/EngineMaterials/Substrate/Glints2/dict_0004_0159.uasset" 6985
"../../../Engine/Content/EngineMaterials/Substrate/Glints2/dict_0004_0160.uasset" 6986
"../../../Engine/Content/EngineMaterials/Substrate/Glints2/dict_0004_0161.uasset" 6987
"../../../Engine/Content/EngineMaterials/Substrate/Glints2/dict_0004_0162.uasset" 6988
"../../../Engine/Content/EngineMaterials/Substrate/Glints2/dict_0004_0163.uasset" 6989
"../../../Engine/Content/EngineMaterials/Substrate/Glints2/dict_0004_0164.uasset" 6990
"../../../Engine/Content/EngineMaterials/Substrate/Glints2/dict_0004_0165.uasset" 6991
"../../../Engine/Content/EngineMaterials/Substrate/Glints2/dict_0004_0166.uasset" 6992
"../../../Engine/Content/EngineMaterials/Substrate/Glints2/dict_0004_0167.uasset" 6993
"../../../Engine/Content/EngineMaterials/Substrate/Glints2/dict_0004_0168.uasset" 6994
"../../../Engine/Content/EngineMaterials/Substrate/Glints2/dict_0004_0169.uasset" 6995
"../../../Engine/Content/EngineMaterials/Substrate/Glints2/dict_0004_0170.uasset" 6996
"../../../Engine/Content/EngineMaterials/Substrate/Glints2/dict_0004_0171.uasset" 6997
"../../../Engine/Content/EngineMaterials/Substrate/Glints2/dict_0004_0172.uasset" 6998
"../../../Engine/Content/EngineMaterials/Substrate/Glints2/dict_0004_0173.uasset" 6999
"../../../Engine/Content/EngineMaterials/Substrate/Glints2/dict_0004_0174.uasset" 7000
"../../../Engine/Content/EngineMaterials/Substrate/Glints2/dict_0004_0175.uasset" 7001
"../../../Engine/Content/EngineMaterials/Substrate/Glints2/dict_0004_0176.uasset" 7002
"../../../Engine/Content/EngineMaterials/Substrate/Glints2/dict_0004_0177.uasset" 7003
"../../../Engine/Content/EngineMaterials/Substrate/Glints2/dict_0004_0178.uasset" 7004
"../../../Engine/Content/EngineMaterials/Substrate/Glints2/dict_0004_0179.uasset" 7005
"../../../Engine/Content/EngineMaterials/Substrate/Glints2/dict_0004_0180.uasset" 7006
"../../../Engine/Content/EngineMaterials/Substrate/Glints2/dict_0004_0181.uasset" 7007
"../../../Engine/Content/EngineMaterials/Substrate/Glints2/dict_0004_0182.uasset" 7008
"../../../Engine/Content/EngineMaterials/Substrate/Glints2/dict_0004_0183.uasset" 7009
"../../../Engine/Content/EngineMaterials/Substrate/Glints2/dict_0004_0184.uasset" 7010
"../../../Engine/Content/EngineMaterials/Substrate/Glints2/dict_0004_0185.uasset" 7011
"../../../Engine/Content/EngineMaterials/Substrate/Glints2/dict_0004_0186.uasset" 7012
"../../../Engine/Content/EngineMaterials/Substrate/Glints2/dict_0004_0187.uasset" 7013
"../../../Engine/Content/EngineMaterials/Substrate/Glints2/dict_0004_0188.uasset" 7014
"../../../Engine/Content/EngineMaterials/Substrate/Glints2/dict_0004_0189.uasset" 7015
"../../../Engine/Content/EngineMaterials/Substrate/Glints2/dict_0004_0190.uasset" 7016
"../../../Engine/Content/EngineMaterials/Substrate/Glints2/dict_0004_0191.uasset" 7017
"../../../Engine/Content/EngineMaterials/Substrate/Glints2/dict_0004_0192.uasset" 7018
"../../../Engine/Content/EngineMaterials/Substrate/Glints2/dict_0004_0193.uasset" 7019
"../../../Engine/Content/EngineMaterials/Substrate/Glints2/dict_0004_0194.uasset" 7020
"../../../Engine/Content/EngineMaterials/Substrate/Glints2/dict_0004_0195.uasset" 7021
"../../../Engine/Content/EngineMaterials/Substrate/Glints2/dict_0004_0196.uasset" 7022
"../../../Engine/Content/EngineMaterials/Substrate/Glints2/dict_0004_0197.uasset" 7023
"../../../Engine/Content/EngineMaterials/Substrate/Glints2/dict_0004_0198.uasset" 7024
"../../../Engine/Content/EngineMaterials/Substrate/Glints2/dict_0004_0199.uasset" 7025
"../../../Engine/Content/EngineMaterials/Substrate/Glints2/dict_0004_0200.uasset" 7026
"../../../Engine/Content/EngineMaterials/Substrate/Glints2/dict_0004_0201.uasset" 7027
"../../../Engine/Content/EngineMaterials/Substrate/Glints2/dict_0004_0202.uasset" 7028
"../../../Engine/Content/EngineMaterials/Substrate/Glints2/dict_0004_0203.uasset" 7029
"../../../Engine/Content/EngineMaterials/Substrate/Glints2/dict_0004_0204.uasset" 7030
"../../../Engine/Content/EngineMaterials/Substrate/Glints2/dict_0004_0205.uasset" 7031
"../../../Engine/Content/EngineMaterials/Substrate/Glints2/dict_0004_0206.uasset" 7032
"../../../Engine/Content/EngineMaterials/Substrate/Glints2/dict_0004_0207.uasset" 7033
"../../../Engine/Content/EngineMaterials/Substrate/Glints2/dict_0004_0208.uasset" 7034
"../../../Engine/Content/EngineMaterials/Substrate/Glints2/dict_0004_0209.uasset" 7035
"../../../Engine/Content/EngineMaterials/Substrate/Glints2/dict_0004_0210.uasset" 7036
"../../../Engine/Content/EngineMaterials/Substrate/Glints2/dict_0004_0211.uasset" 7037
"../../../Engine/Content/EngineMaterials/Substrate/Glints2/dict_0004_0212.uasset" 7038
"../../../Engine/Content/EngineMaterials/Substrate/Glints2/dict_0004_0213.uasset" 7039
"../../../Engine/Content/EngineMaterials/Substrate/Glints2/dict_0004_0214.uasset" 7040
"../../../Engine/Content/EngineMaterials/Substrate/Glints2/dict_0004_0215.uasset" 7041
"../../../Engine/Content/EngineMaterials/Substrate/Glints2/dict_0004_0216.uasset" 7042
"../../../Engine/Content/EngineMaterials/Substrate/Glints2/dict_0004_0217.uasset" 7043
"../../../Engine/Content/EngineMaterials/Substrate/Glints2/dict_0004_0218.uasset" 7044
"../../../Engine/Content/EngineMaterials/Substrate/Glints2/dict_0004_0219.uasset" 7045
"../../../Engine/Content/EngineMaterials/Substrate/Glints2/dict_0004_0220.uasset" 7046
"../../../Engine/Content/EngineMaterials/Substrate/Glints2/dict_0004_0221.uasset" 7047
"../../../Engine/Content/EngineMaterials/Substrate/Glints2/dict_0004_0222.uasset" 7048
"../../../Engine/Content/EngineMaterials/Substrate/Glints2/dict_0004_0223.uasset" 7049
"../../../Engine/Content/EngineMaterials/Substrate/Glints2/dict_0004_0224.uasset" 7050
"../../../Engine/Content/EngineMaterials/Substrate/Glints2/dict_0004_0225.uasset" 7051
"../../../Engine/Content/EngineMaterials/Substrate/Glints2/dict_0004_0226.uasset" 7052
"../../../Engine/Content/EngineMaterials/Substrate/Glints2/dict_0004_0227.uasset" 7053
"../../../Engine/Content/EngineMaterials/Substrate/Glints2/dict_0004_0228.uasset" 7054
"../../../Engine/Content/EngineMaterials/Substrate/Glints2/dict_0004_0229.uasset" 7055
"../../../Engine/Content/EngineMaterials/Substrate/Glints2/dict_0004_0230.uasset" 7056
"../../../Engine/Content/EngineMaterials/Substrate/Glints2/dict_0004_0231.uasset" 7057
"../../../Engine/Content/EngineMaterials/Substrate/Glints2/dict_0004_0232.uasset" 7058
"../../../Engine/Content/EngineMaterials/Substrate/Glints2/dict_0004_0233.uasset" 7059
"../../../Engine/Content/EngineMaterials/Substrate/Glints2/dict_0004_0234.uasset" 7060
"../../../Engine/Content/EngineMaterials/Substrate/Glints2/dict_0004_0235.uasset" 7061
"../../../Engine/Content/EngineMaterials/Substrate/Glints2/dict_0004_0236.uasset" 7062
"../../../Engine/Content/EngineMaterials/Substrate/Glints2/dict_0004_0237.uasset" 7063
"../../../Engine/Content/EngineMaterials/Substrate/Glints2/dict_0004_0238.uasset" 7064
"../../../Engine/Content/EngineMaterials/Substrate/Glints2/dict_0004_0239.uasset" 7065
"../../../Engine/Content/EngineMaterials/Substrate/Glints2/dict_0004_0240.uasset" 7066
"../../../Engine/Content/EngineMaterials/Substrate/Glints2/dict_0004_0241.uasset" 7067
"../../../Engine/Content/EngineMaterials/Substrate/Glints2/dict_0004_0242.uasset" 7068
"../../../Engine/Content/EngineMaterials/Substrate/Glints2/dict_0004_0243.uasset" 7069
"../../../Engine/Content/EngineMaterials/Substrate/Glints2/dict_0004_0244.uasset" 7070
"../../../Engine/Content/EngineMaterials/Substrate/Glints2/dict_0004_0245.uasset" 7071
"../../../Engine/Content/EngineMaterials/Substrate/Glints2/dict_0004_0246.uasset" 7072
"../../../Engine/Content/EngineMaterials/Substrate/Glints2/dict_0004_0247.uasset" 7073
"../../../Engine/Content/EngineMaterials/Substrate/Glints2/dict_0004_0248.uasset" 7074
"../../../Engine/Content/EngineMaterials/Substrate/Glints2/dict_0004_0249.uasset" 7075
"../../../Engine/Content/EngineMaterials/Substrate/Glints2/dict_0004_0250.uasset" 7076
"../../../Engine/Content/EngineMaterials/Substrate/Glints2/dict_0004_0251.uasset" 7077
"../../../Engine/Content/EngineMaterials/Substrate/Glints2/dict_0004_0252.uasset" 7078
"../../../Engine/Content/EngineMaterials/Substrate/Glints2/dict_0004_0253.uasset" 7079
"../../../Engine/Content/EngineMaterials/Substrate/Glints2/dict_0004_0254.uasset" 7080
"../../../Engine/Content/EngineMaterials/Substrate/Glints2/dict_0004_0255.uasset" 7081
"../../../Engine/Content/EngineMaterials/Substrate/Glints2/dict_0005_0000.uasset" 7082
"../../../Engine/Content/EngineMaterials/Substrate/Glints2/dict_0005_0001.uasset" 7083
"../../../Engine/Content/EngineMaterials/Substrate/Glints2/dict_0005_0002.uasset" 7084
"../../../Engine/Content/EngineMaterials/Substrate/Glints2/dict_0005_0003.uasset" 7085
"../../../Engine/Content/EngineMaterials/Substrate/Glints2/dict_0005_0004.uasset" 7086
"../../../Engine/Content/EngineMaterials/Substrate/Glints2/dict_0005_0005.uasset" 7087
"../../../Engine/Content/EngineMaterials/Substrate/Glints2/dict_0005_0006.uasset" 7088
"../../../Engine/Content/EngineMaterials/Substrate/Glints2/dict_0005_0007.uasset" 7089
"../../../Engine/Content/EngineMaterials/Substrate/Glints2/dict_0005_0008.uasset" 7090
"../../../Engine/Content/EngineMaterials/Substrate/Glints2/dict_0005_0009.uasset" 7091
"../../../Engine/Content/EngineMaterials/Substrate/Glints2/dict_0005_0010.uasset" 7092
"../../../Engine/Content/EngineMaterials/Substrate/Glints2/dict_0005_0011.uasset" 7093
"../../../Engine/Content/EngineMaterials/Substrate/Glints2/dict_0005_0012.uasset" 7094
"../../../Engine/Content/EngineMaterials/Substrate/Glints2/dict_0005_0013.uasset" 7095
"../../../Engine/Content/EngineMaterials/Substrate/Glints2/dict_0005_0014.uasset" 7096
"../../../Engine/Content/EngineMaterials/Substrate/Glints2/dict_0005_0015.uasset" 7097
"../../../Engine/Content/EngineMaterials/Substrate/Glints2/dict_0005_0016.uasset" 7098
"../../../Engine/Content/EngineMaterials/Substrate/Glints2/dict_0005_0017.uasset" 7099
"../../../Engine/Content/EngineMaterials/Substrate/Glints2/dict_0005_0018.uasset" 7100
"../../../Engine/Content/EngineMaterials/Substrate/Glints2/dict_0005_0019.uasset" 7101
"../../../Engine/Content/EngineMaterials/Substrate/Glints2/dict_0005_0020.uasset" 7102
"../../../Engine/Content/EngineMaterials/Substrate/Glints2/dict_0005_0021.uasset" 7103
"../../../Engine/Content/EngineMaterials/Substrate/Glints2/dict_0005_0022.uasset" 7104
"../../../Engine/Content/EngineMaterials/Substrate/Glints2/dict_0005_0023.uasset" 7105
"../../../Engine/Content/EngineMaterials/Substrate/Glints2/dict_0005_0024.uasset" 7106
"../../../Engine/Content/EngineMaterials/Substrate/Glints2/dict_0005_0025.uasset" 7107
"../../../Engine/Content/EngineMaterials/Substrate/Glints2/dict_0005_0026.uasset" 7108
"../../../Engine/Content/EngineMaterials/Substrate/Glints2/dict_0005_0027.uasset" 7109
"../../../Engine/Content/EngineMaterials/Substrate/Glints2/dict_0005_0028.uasset" 7110
"../../../Engine/Content/EngineMaterials/Substrate/Glints2/dict_0005_0029.uasset" 7111
"../../../Engine/Content/EngineMaterials/Substrate/Glints2/dict_0005_0030.uasset" 7112
"../../../Engine/Content/EngineMaterials/Substrate/Glints2/dict_0005_0031.uasset" 7113
"../../../Engine/Content/EngineMaterials/Substrate/Glints2/dict_0005_0032.uasset" 7114
"../../../Engine/Content/EngineMaterials/Substrate/Glints2/dict_0005_0033.uasset" 7115
"../../../Engine/Content/EngineMaterials/Substrate/Glints2/dict_0005_0034.uasset" 7116
"../../../Engine/Content/EngineMaterials/Substrate/Glints2/dict_0005_0035.uasset" 7117
"../../../Engine/Content/EngineMaterials/Substrate/Glints2/dict_0005_0036.uasset" 7118
"../../../Engine/Content/EngineMaterials/Substrate/Glints2/dict_0005_0037.uasset" 7119
"../../../Engine/Content/EngineMaterials/Substrate/Glints2/dict_0005_0038.uasset" 7120
"../../../Engine/Content/EngineMaterials/Substrate/Glints2/dict_0005_0039.uasset" 7121
"../../../Engine/Content/EngineMaterials/Substrate/Glints2/dict_0005_0040.uasset" 7122
"../../../Engine/Content/EngineMaterials/Substrate/Glints2/dict_0005_0041.uasset" 7123
"../../../Engine/Content/EngineMaterials/Substrate/Glints2/dict_0005_0042.uasset" 7124
"../../../Engine/Content/EngineMaterials/Substrate/Glints2/dict_0005_0043.uasset" 7125
"../../../Engine/Content/EngineMaterials/Substrate/Glints2/dict_0005_0044.uasset" 7126
"../../../Engine/Content/EngineMaterials/Substrate/Glints2/dict_0005_0045.uasset" 7127
"../../../Engine/Content/EngineMaterials/Substrate/Glints2/dict_0005_0046.uasset" 7128
"../../../Engine/Content/EngineMaterials/Substrate/Glints2/dict_0005_0047.uasset" 7129
"../../../Engine/Content/EngineMaterials/Substrate/Glints2/dict_0005_0048.uasset" 7130
"../../../Engine/Content/EngineMaterials/Substrate/Glints2/dict_0005_0049.uasset" 7131
"../../../Engine/Content/EngineMaterials/Substrate/Glints2/dict_0005_0050.uasset" 7132
"../../../Engine/Content/EngineMaterials/Substrate/Glints2/dict_0005_0051.uasset" 7133
"../../../Engine/Content/EngineMaterials/Substrate/Glints2/dict_0005_0052.uasset" 7134
"../../../Engine/Content/EngineMaterials/Substrate/Glints2/dict_0005_0053.uasset" 7135
"../../../Engine/Content/EngineMaterials/Substrate/Glints2/dict_0005_0054.uasset" 7136
"../../../Engine/Content/EngineMaterials/Substrate/Glints2/dict_0005_0055.uasset" 7137
"../../../Engine/Content/EngineMaterials/Substrate/Glints2/dict_0005_0056.uasset" 7138
"../../../Engine/Content/EngineMaterials/Substrate/Glints2/dict_0005_0057.uasset" 7139
"../../../Engine/Content/EngineMaterials/Substrate/Glints2/dict_0005_0058.uasset" 7140
"../../../Engine/Content/EngineMaterials/Substrate/Glints2/dict_0005_0059.uasset" 7141
"../../../Engine/Content/EngineMaterials/Substrate/Glints2/dict_0005_0060.uasset" 7142
"../../../Engine/Content/EngineMaterials/Substrate/Glints2/dict_0005_0061.uasset" 7143
"../../../Engine/Content/EngineMaterials/Substrate/Glints2/dict_0005_0062.uasset" 7144
"../../../Engine/Content/EngineMaterials/Substrate/Glints2/dict_0005_0063.uasset" 7145
"../../../Engine/Content/EngineMaterials/Substrate/Glints2/dict_0005_0064.uasset" 7146
"../../../Engine/Content/EngineMaterials/Substrate/Glints2/dict_0005_0065.uasset" 7147
"../../../Engine/Content/EngineMaterials/Substrate/Glints2/dict_0005_0066.uasset" 7148
"../../../Engine/Content/EngineMaterials/Substrate/Glints2/dict_0005_0067.uasset" 7149
"../../../Engine/Content/EngineMaterials/Substrate/Glints2/dict_0005_0068.uasset" 7150
"../../../Engine/Content/EngineMaterials/Substrate/Glints2/dict_0005_0069.uasset" 7151
"../../../Engine/Content/EngineMaterials/Substrate/Glints2/dict_0005_0070.uasset" 7152
"../../../Engine/Content/EngineMaterials/Substrate/Glints2/dict_0005_0071.uasset" 7153
"../../../Engine/Content/EngineMaterials/Substrate/Glints2/dict_0005_0072.uasset" 7154
"../../../Engine/Content/EngineMaterials/Substrate/Glints2/dict_0005_0073.uasset" 7155
"../../../Engine/Content/EngineMaterials/Substrate/Glints2/dict_0005_0074.uasset" 7156
"../../../Engine/Content/EngineMaterials/Substrate/Glints2/dict_0005_0075.uasset" 7157
"../../../Engine/Content/EngineMaterials/Substrate/Glints2/dict_0005_0076.uasset" 7158
"../../../Engine/Content/EngineMaterials/Substrate/Glints2/dict_0005_0077.uasset" 7159
"../../../Engine/Content/EngineMaterials/Substrate/Glints2/dict_0005_0078.uasset" 7160
"../../../Engine/Content/EngineMaterials/Substrate/Glints2/dict_0005_0079.uasset" 7161
"../../../Engine/Content/EngineMaterials/Substrate/Glints2/dict_0005_0080.uasset" 7162
"../../../Engine/Content/EngineMaterials/Substrate/Glints2/dict_0005_0081.uasset" 7163
"../../../Engine/Content/EngineMaterials/Substrate/Glints2/dict_0005_0082.uasset" 7164
"../../../Engine/Content/EngineMaterials/Substrate/Glints2/dict_0005_0083.uasset" 7165
"../../../Engine/Content/EngineMaterials/Substrate/Glints2/dict_0005_0084.uasset" 7166
"../../../Engine/Content/EngineMaterials/Substrate/Glints2/dict_0005_0085.uasset" 7167
"../../../Engine/Content/EngineMaterials/Substrate/Glints2/dict_0005_0086.uasset" 7168
"../../../Engine/Content/EngineMaterials/Substrate/Glints2/dict_0005_0087.uasset" 7169
"../../../Engine/Content/EngineMaterials/Substrate/Glints2/dict_0005_0088.uasset" 7170
"../../../Engine/Content/EngineMaterials/Substrate/Glints2/dict_0005_0089.uasset" 7171
"../../../Engine/Content/EngineMaterials/Substrate/Glints2/dict_0005_0090.uasset" 7172
"../../../Engine/Content/EngineMaterials/Substrate/Glints2/dict_0005_0091.uasset" 7173
"../../../Engine/Content/EngineMaterials/Substrate/Glints2/dict_0005_0092.uasset" 7174
"../../../Engine/Content/EngineMaterials/Substrate/Glints2/dict_0005_0093.uasset" 7175
"../../../Engine/Content/EngineMaterials/Substrate/Glints2/dict_0005_0094.uasset" 7176
"../../../Engine/Content/EngineMaterials/Substrate/Glints2/dict_0005_0095.uasset" 7177
"../../../Engine/Content/EngineMaterials/Substrate/Glints2/dict_0005_0096.uasset" 7178
"../../../Engine/Content/EngineMaterials/Substrate/Glints2/dict_0005_0097.uasset" 7179
"../../../Engine/Content/EngineMaterials/Substrate/Glints2/dict_0005_0098.uasset" 7180
"../../../Engine/Content/EngineMaterials/Substrate/Glints2/dict_0005_0099.uasset" 7181
"../../../Engine/Content/EngineMaterials/Substrate/Glints2/dict_0005_0100.uasset" 7182
"../../../Engine/Content/EngineMaterials/Substrate/Glints2/dict_0005_0101.uasset" 7183
"../../../Engine/Content/EngineMaterials/Substrate/Glints2/dict_0005_0102.uasset" 7184
"../../../Engine/Content/EngineMaterials/Substrate/Glints2/dict_0005_0103.uasset" 7185
"../../../Engine/Content/EngineMaterials/Substrate/Glints2/dict_0005_0104.uasset" 7186
"../../../Engine/Content/EngineMaterials/Substrate/Glints2/dict_0005_0105.uasset" 7187
"../../../Engine/Content/EngineMaterials/Substrate/Glints2/dict_0005_0106.uasset" 7188
"../../../Engine/Content/EngineMaterials/Substrate/Glints2/dict_0005_0107.uasset" 7189
"../../../Engine/Content/EngineMaterials/Substrate/Glints2/dict_0005_0108.uasset" 7190
"../../../Engine/Content/EngineMaterials/Substrate/Glints2/dict_0005_0109.uasset" 7191
"../../../Engine/Content/EngineMaterials/Substrate/Glints2/dict_0005_0110.uasset" 7192
"../../../Engine/Content/EngineMaterials/Substrate/Glints2/dict_0005_0111.uasset" 7193
"../../../Engine/Content/EngineMaterials/Substrate/Glints2/dict_0005_0112.uasset" 7194
"../../../Engine/Content/EngineMaterials/Substrate/Glints2/dict_0005_0113.uasset" 7195
"../../../Engine/Content/EngineMaterials/Substrate/Glints2/dict_0005_0114.uasset" 7196
"../../../Engine/Content/EngineMaterials/Substrate/Glints2/dict_0005_0115.uasset" 7197
"../../../Engine/Content/EngineMaterials/Substrate/Glints2/dict_0005_0116.uasset" 7198
"../../../Engine/Content/EngineMaterials/Substrate/Glints2/dict_0005_0117.uasset" 7199
"../../../Engine/Content/EngineMaterials/Substrate/Glints2/dict_0005_0118.uasset" 7200
"../../../Engine/Content/EngineMaterials/Substrate/Glints2/dict_0005_0119.uasset" 7201
"../../../Engine/Content/EngineMaterials/Substrate/Glints2/dict_0005_0120.uasset" 7202
"../../../Engine/Content/EngineMaterials/Substrate/Glints2/dict_0005_0121.uasset" 7203
"../../../Engine/Content/EngineMaterials/Substrate/Glints2/dict_0005_0122.uasset" 7204
"../../../Engine/Content/EngineMaterials/Substrate/Glints2/dict_0005_0123.uasset" 7205
"../../../Engine/Content/EngineMaterials/Substrate/Glints2/dict_0005_0124.uasset" 7206
"../../../Engine/Content/EngineMaterials/Substrate/Glints2/dict_0005_0125.uasset" 7207
"../../../Engine/Content/EngineMaterials/Substrate/Glints2/dict_0005_0126.uasset" 7208
"../../../Engine/Content/EngineMaterials/Substrate/Glints2/dict_0005_0127.uasset" 7209
"../../../Engine/Content/EngineMaterials/Substrate/Glints2/dict_0005_0128.uasset" 7210
"../../../Engine/Content/EngineMaterials/Substrate/Glints2/dict_0005_0129.uasset" 7211
"../../../Engine/Content/EngineMaterials/Substrate/Glints2/dict_0005_0130.uasset" 7212
"../../../Engine/Content/EngineMaterials/Substrate/Glints2/dict_0005_0131.uasset" 7213
"../../../Engine/Content/EngineMaterials/Substrate/Glints2/dict_0005_0132.uasset" 7214
"../../../Engine/Content/EngineMaterials/Substrate/Glints2/dict_0005_0133.uasset" 7215
"../../../Engine/Content/EngineMaterials/Substrate/Glints2/dict_0005_0134.uasset" 7216
"../../../Engine/Content/EngineMaterials/Substrate/Glints2/dict_0005_0135.uasset" 7217
"../../../Engine/Content/EngineMaterials/Substrate/Glints2/dict_0005_0136.uasset" 7218
"../../../Engine/Content/EngineMaterials/Substrate/Glints2/dict_0005_0137.uasset" 7219
"../../../Engine/Content/EngineMaterials/Substrate/Glints2/dict_0005_0138.uasset" 7220
"../../../Engine/Content/EngineMaterials/Substrate/Glints2/dict_0005_0139.uasset" 7221
"../../../Engine/Content/EngineMaterials/Substrate/Glints2/dict_0005_0140.uasset" 7222
"../../../Engine/Content/EngineMaterials/Substrate/Glints2/dict_0005_0141.uasset" 7223
"../../../Engine/Content/EngineMaterials/Substrate/Glints2/dict_0005_0142.uasset" 7224
"../../../Engine/Content/EngineMaterials/Substrate/Glints2/dict_0005_0143.uasset" 7225
"../../../Engine/Content/EngineMaterials/Substrate/Glints2/dict_0005_0144.uasset" 7226
"../../../Engine/Content/EngineMaterials/Substrate/Glints2/dict_0005_0145.uasset" 7227
"../../../Engine/Content/EngineMaterials/Substrate/Glints2/dict_0005_0146.uasset" 7228
"../../../Engine/Content/EngineMaterials/Substrate/Glints2/dict_0005_0147.uasset" 7229
"../../../Engine/Content/EngineMaterials/Substrate/Glints2/dict_0005_0148.uasset" 7230
"../../../Engine/Content/EngineMaterials/Substrate/Glints2/dict_0005_0149.uasset" 7231
"../../../Engine/Content/EngineMaterials/Substrate/Glints2/dict_0005_0150.uasset" 7232
"../../../Engine/Content/EngineMaterials/Substrate/Glints2/dict_0005_0151.uasset" 7233
"../../../Engine/Content/EngineMaterials/Substrate/Glints2/dict_0005_0152.uasset" 7234
"../../../Engine/Content/EngineMaterials/Substrate/Glints2/dict_0005_0153.uasset" 7235
"../../../Engine/Content/EngineMaterials/Substrate/Glints2/dict_0005_0154.uasset" 7236
"../../../Engine/Content/EngineMaterials/Substrate/Glints2/dict_0005_0155.uasset" 7237
"../../../Engine/Content/EngineMaterials/Substrate/Glints2/dict_0005_0156.uasset" 7238
"../../../Engine/Content/EngineMaterials/Substrate/Glints2/dict_0005_0157.uasset" 7239
"../../../Engine/Content/EngineMaterials/Substrate/Glints2/dict_0005_0158.uasset" 7240
"../../../Engine/Content/EngineMaterials/Substrate/Glints2/dict_0005_0159.uasset" 7241
"../../../Engine/Content/EngineMaterials/Substrate/Glints2/dict_0005_0160.uasset" 7242
"../../../Engine/Content/EngineMaterials/Substrate/Glints2/dict_0005_0161.uasset" 7243
"../../../Engine/Content/EngineMaterials/Substrate/Glints2/dict_0005_0162.uasset" 7244
"../../../Engine/Content/EngineMaterials/Substrate/Glints2/dict_0005_0163.uasset" 7245
"../../../Engine/Content/EngineMaterials/Substrate/Glints2/dict_0005_0164.uasset" 7246
"../../../Engine/Content/EngineMaterials/Substrate/Glints2/dict_0005_0165.uasset" 7247
"../../../Engine/Content/EngineMaterials/Substrate/Glints2/dict_0005_0166.uasset" 7248
"../../../Engine/Content/EngineMaterials/Substrate/Glints2/dict_0005_0167.uasset" 7249
"../../../Engine/Content/EngineMaterials/Substrate/Glints2/dict_0005_0168.uasset" 7250
"../../../Engine/Content/EngineMaterials/Substrate/Glints2/dict_0005_0169.uasset" 7251
"../../../Engine/Content/EngineMaterials/Substrate/Glints2/dict_0005_0170.uasset" 7252
"../../../Engine/Content/EngineMaterials/Substrate/Glints2/dict_0005_0171.uasset" 7253
"../../../Engine/Content/EngineMaterials/Substrate/Glints2/dict_0005_0172.uasset" 7254
"../../../Engine/Content/EngineMaterials/Substrate/Glints2/dict_0005_0173.uasset" 7255
"../../../Engine/Content/EngineMaterials/Substrate/Glints2/dict_0005_0174.uasset" 7256
"../../../Engine/Content/EngineMaterials/Substrate/Glints2/dict_0005_0175.uasset" 7257
"../../../Engine/Content/EngineMaterials/Substrate/Glints2/dict_0005_0176.uasset" 7258
"../../../Engine/Content/EngineMaterials/Substrate/Glints2/dict_0005_0177.uasset" 7259
"../../../Engine/Content/EngineMaterials/Substrate/Glints2/dict_0005_0178.uasset" 7260
"../../../Engine/Content/EngineMaterials/Substrate/Glints2/dict_0005_0179.uasset" 7261
"../../../Engine/Content/EngineMaterials/Substrate/Glints2/dict_0005_0180.uasset" 7262
"../../../Engine/Content/EngineMaterials/Substrate/Glints2/dict_0005_0181.uasset" 7263
"../../../Engine/Content/EngineMaterials/Substrate/Glints2/dict_0005_0182.uasset" 7264
"../../../Engine/Content/EngineMaterials/Substrate/Glints2/dict_0005_0183.uasset" 7265
"../../../Engine/Content/EngineMaterials/Substrate/Glints2/dict_0005_0184.uasset" 7266
"../../../Engine/Content/EngineMaterials/Substrate/Glints2/dict_0005_0185.uasset" 7267
"../../../Engine/Content/EngineMaterials/Substrate/Glints2/dict_0005_0186.uasset" 7268
"../../../Engine/Content/EngineMaterials/Substrate/Glints2/dict_0005_0187.uasset" 7269
"../../../Engine/Content/EngineMaterials/Substrate/Glints2/dict_0005_0188.uasset" 7270
"../../../Engine/Content/EngineMaterials/Substrate/Glints2/dict_0005_0189.uasset" 7271
"../../../Engine/Content/EngineMaterials/Substrate/Glints2/dict_0005_0190.uasset" 7272
"../../../Engine/Content/EngineMaterials/Substrate/Glints2/dict_0005_0191.uasset" 7273
"../../../Engine/Content/EngineMaterials/Substrate/Glints2/dict_0005_0192.uasset" 7274
"../../../Engine/Content/EngineMaterials/Substrate/Glints2/dict_0005_0193.uasset" 7275
"../../../Engine/Content/EngineMaterials/Substrate/Glints2/dict_0005_0194.uasset" 7276
"../../../Engine/Content/EngineMaterials/Substrate/Glints2/dict_0005_0195.uasset" 7277
"../../../Engine/Content/EngineMaterials/Substrate/Glints2/dict_0005_0196.uasset" 7278
"../../../Engine/Content/EngineMaterials/Substrate/Glints2/dict_0005_0197.uasset" 7279
"../../../Engine/Content/EngineMaterials/Substrate/Glints2/dict_0005_0198.uasset" 7280
"../../../Engine/Content/EngineMaterials/Substrate/Glints2/dict_0005_0199.uasset" 7281
"../../../Engine/Content/EngineMaterials/Substrate/Glints2/dict_0005_0200.uasset" 7282
"../../../Engine/Content/EngineMaterials/Substrate/Glints2/dict_0005_0201.uasset" 7283
"../../../Engine/Content/EngineMaterials/Substrate/Glints2/dict_0005_0202.uasset" 7284
"../../../Engine/Content/EngineMaterials/Substrate/Glints2/dict_0005_0203.uasset" 7285
"../../../Engine/Content/EngineMaterials/Substrate/Glints2/dict_0005_0204.uasset" 7286
"../../../Engine/Content/EngineMaterials/Substrate/Glints2/dict_0005_0205.uasset" 7287
"../../../Engine/Content/EngineMaterials/Substrate/Glints2/dict_0005_0206.uasset" 7288
"../../../Engine/Content/EngineMaterials/Substrate/Glints2/dict_0005_0207.uasset" 7289
"../../../Engine/Content/EngineMaterials/Substrate/Glints2/dict_0005_0208.uasset" 7290
"../../../Engine/Content/EngineMaterials/Substrate/Glints2/dict_0005_0209.uasset" 7291
"../../../Engine/Content/EngineMaterials/Substrate/Glints2/dict_0005_0210.uasset" 7292
"../../../Engine/Content/EngineMaterials/Substrate/Glints2/dict_0005_0211.uasset" 7293
"../../../Engine/Content/EngineMaterials/Substrate/Glints2/dict_0005_0212.uasset" 7294
"../../../Engine/Content/EngineMaterials/Substrate/Glints2/dict_0005_0213.uasset" 7295
"../../../Engine/Content/EngineMaterials/Substrate/Glints2/dict_0005_0214.uasset" 7296
"../../../Engine/Content/EngineMaterials/Substrate/Glints2/dict_0005_0215.uasset" 7297
"../../../Engine/Content/EngineMaterials/Substrate/Glints2/dict_0005_0216.uasset" 7298
"../../../Engine/Content/EngineMaterials/Substrate/Glints2/dict_0005_0217.uasset" 7299
"../../../Engine/Content/EngineMaterials/Substrate/Glints2/dict_0005_0218.uasset" 7300
"../../../Engine/Content/EngineMaterials/Substrate/Glints2/dict_0005_0219.uasset" 7301
"../../../Engine/Content/EngineMaterials/Substrate/Glints2/dict_0005_0220.uasset" 7302
"../../../Engine/Content/EngineMaterials/Substrate/Glints2/dict_0005_0221.uasset" 7303
"../../../Engine/Content/EngineMaterials/Substrate/Glints2/dict_0005_0222.uasset" 7304
"../../../Engine/Content/EngineMaterials/Substrate/Glints2/dict_0005_0223.uasset" 7305
"../../../Engine/Content/EngineMaterials/Substrate/Glints2/dict_0005_0224.uasset" 7306
"../../../Engine/Content/EngineMaterials/Substrate/Glints2/dict_0005_0225.uasset" 7307
"../../../Engine/Content/EngineMaterials/Substrate/Glints2/dict_0005_0226.uasset" 7308
"../../../Engine/Content/EngineMaterials/Substrate/Glints2/dict_0005_0227.uasset" 7309
"../../../Engine/Content/EngineMaterials/Substrate/Glints2/dict_0005_0228.uasset" 7310
"../../../Engine/Content/EngineMaterials/Substrate/Glints2/dict_0005_0229.uasset" 7311
"../../../Engine/Content/EngineMaterials/Substrate/Glints2/dict_0005_0230.uasset" 7312
"../../../Engine/Content/EngineMaterials/Substrate/Glints2/dict_0005_0231.uasset" 7313
"../../../Engine/Content/EngineMaterials/Substrate/Glints2/dict_0005_0232.uasset" 7314
"../../../Engine/Content/EngineMaterials/Substrate/Glints2/dict_0005_0233.uasset" 7315
"../../../Engine/Content/EngineMaterials/Substrate/Glints2/dict_0005_0234.uasset" 7316
"../../../Engine/Content/EngineMaterials/Substrate/Glints2/dict_0005_0235.uasset" 7317
"../../../Engine/Content/EngineMaterials/Substrate/Glints2/dict_0005_0236.uasset" 7318
"../../../Engine/Content/EngineMaterials/Substrate/Glints2/dict_0005_0237.uasset" 7319
"../../../Engine/Content/EngineMaterials/Substrate/Glints2/dict_0005_0238.uasset" 7320
"../../../Engine/Content/EngineMaterials/Substrate/Glints2/dict_0005_0239.uasset" 7321
"../../../Engine/Content/EngineMaterials/Substrate/Glints2/dict_0005_0240.uasset" 7322
"../../../Engine/Content/EngineMaterials/Substrate/Glints2/dict_0005_0241.uasset" 7323
"../../../Engine/Content/EngineMaterials/Substrate/Glints2/dict_0005_0242.uasset" 7324
"../../../Engine/Content/EngineMaterials/Substrate/Glints2/dict_0005_0243.uasset" 7325
"../../../Engine/Content/EngineMaterials/Substrate/Glints2/dict_0005_0244.uasset" 7326
"../../../Engine/Content/EngineMaterials/Substrate/Glints2/dict_0005_0245.uasset" 7327
"../../../Engine/Content/EngineMaterials/Substrate/Glints2/dict_0005_0246.uasset" 7328
"../../../Engine/Content/EngineMaterials/Substrate/Glints2/dict_0005_0247.uasset" 7329
"../../../Engine/Content/EngineMaterials/Substrate/Glints2/dict_0005_0248.uasset" 7330
"../../../Engine/Content/EngineMaterials/Substrate/Glints2/dict_0005_0249.uasset" 7331
"../../../Engine/Content/EngineMaterials/Substrate/Glints2/dict_0005_0250.uasset" 7332
"../../../Engine/Content/EngineMaterials/Substrate/Glints2/dict_0005_0251.uasset" 7333
"../../../Engine/Content/EngineMaterials/Substrate/Glints2/dict_0005_0252.uasset" 7334
"../../../Engine/Content/EngineMaterials/Substrate/Glints2/dict_0005_0253.uasset" 7335
"../../../Engine/Content/EngineMaterials/Substrate/Glints2/dict_0005_0254.uasset" 7336
"../../../Engine/Content/EngineMaterials/Substrate/Glints2/dict_0005_0255.uasset" 7337
"../../../Engine/Content/EngineMaterials/Substrate/Glints2/dict_0006_0000.uasset" 7338
"../../../Engine/Content/EngineMaterials/Substrate/Glints2/dict_0006_0001.uasset" 7339
"../../../Engine/Content/EngineMaterials/Substrate/Glints2/dict_0006_0002.uasset" 7340
"../../../Engine/Content/EngineMaterials/Substrate/Glints2/dict_0006_0003.uasset" 7341
"../../../Engine/Content/EngineMaterials/Substrate/Glints2/dict_0006_0004.uasset" 7342
"../../../Engine/Content/EngineMaterials/Substrate/Glints2/dict_0006_0005.uasset" 7343
"../../../Engine/Content/EngineMaterials/Substrate/Glints2/dict_0006_0006.uasset" 7344
"../../../Engine/Content/EngineMaterials/Substrate/Glints2/dict_0006_0007.uasset" 7345
"../../../Engine/Content/EngineMaterials/Substrate/Glints2/dict_0006_0008.uasset" 7346
"../../../Engine/Content/EngineMaterials/Substrate/Glints2/dict_0006_0009.uasset" 7347
"../../../Engine/Content/EngineMaterials/Substrate/Glints2/dict_0006_0010.uasset" 7348
"../../../Engine/Content/EngineMaterials/Substrate/Glints2/dict_0006_0011.uasset" 7349
"../../../Engine/Content/EngineMaterials/Substrate/Glints2/dict_0006_0012.uasset" 7350
"../../../Engine/Content/EngineMaterials/Substrate/Glints2/dict_0006_0013.uasset" 7351
"../../../Engine/Content/EngineMaterials/Substrate/Glints2/dict_0006_0014.uasset" 7352
"../../../Engine/Content/EngineMaterials/Substrate/Glints2/dict_0006_0015.uasset" 7353
"../../../Engine/Content/EngineMaterials/Substrate/Glints2/dict_0006_0016.uasset" 7354
"../../../Engine/Content/EngineMaterials/Substrate/Glints2/dict_0006_0017.uasset" 7355
"../../../Engine/Content/EngineMaterials/Substrate/Glints2/dict_0006_0018.uasset" 7356
"../../../Engine/Content/EngineMaterials/Substrate/Glints2/dict_0006_0019.uasset" 7357
"../../../Engine/Content/EngineMaterials/Substrate/Glints2/dict_0006_0020.uasset" 7358
"../../../Engine/Content/EngineMaterials/Substrate/Glints2/dict_0006_0021.uasset" 7359
"../../../Engine/Content/EngineMaterials/Substrate/Glints2/dict_0006_0022.uasset" 7360
"../../../Engine/Content/EngineMaterials/Substrate/Glints2/dict_0006_0023.uasset" 7361
"../../../Engine/Content/EngineMaterials/Substrate/Glints2/dict_0006_0024.uasset" 7362
"../../../Engine/Content/EngineMaterials/Substrate/Glints2/dict_0006_0025.uasset" 7363
"../../../Engine/Content/EngineMaterials/Substrate/Glints2/dict_0006_0026.uasset" 7364
"../../../Engine/Content/EngineMaterials/Substrate/Glints2/dict_0006_0027.uasset" 7365
"../../../Engine/Content/EngineMaterials/Substrate/Glints2/dict_0006_0028.uasset" 7366
"../../../Engine/Content/EngineMaterials/Substrate/Glints2/dict_0006_0029.uasset" 7367
"../../../Engine/Content/EngineMaterials/Substrate/Glints2/dict_0006_0030.uasset" 7368
"../../../Engine/Content/EngineMaterials/Substrate/Glints2/dict_0006_0031.uasset" 7369
"../../../Engine/Content/EngineMaterials/Substrate/Glints2/dict_0006_0032.uasset" 7370
"../../../Engine/Content/EngineMaterials/Substrate/Glints2/dict_0006_0033.uasset" 7371
"../../../Engine/Content/EngineMaterials/Substrate/Glints2/dict_0006_0034.uasset" 7372
"../../../Engine/Content/EngineMaterials/Substrate/Glints2/dict_0006_0035.uasset" 7373
"../../../Engine/Content/EngineMaterials/Substrate/Glints2/dict_0006_0036.uasset" 7374
"../../../Engine/Content/EngineMaterials/Substrate/Glints2/dict_0006_0037.uasset" 7375
"../../../Engine/Content/EngineMaterials/Substrate/Glints2/dict_0006_0038.uasset" 7376
"../../../Engine/Content/EngineMaterials/Substrate/Glints2/dict_0006_0039.uasset" 7377
"../../../Engine/Content/EngineMaterials/Substrate/Glints2/dict_0006_0040.uasset" 7378
"../../../Engine/Content/EngineMaterials/Substrate/Glints2/dict_0006_0041.uasset" 7379
"../../../Engine/Content/EngineMaterials/Substrate/Glints2/dict_0006_0042.uasset" 7380
"../../../Engine/Content/EngineMaterials/Substrate/Glints2/dict_0006_0043.uasset" 7381
"../../../Engine/Content/EngineMaterials/Substrate/Glints2/dict_0006_0044.uasset" 7382
"../../../Engine/Content/EngineMaterials/Substrate/Glints2/dict_0006_0045.uasset" 7383
"../../../Engine/Content/EngineMaterials/Substrate/Glints2/dict_0006_0046.uasset" 7384
"../../../Engine/Content/EngineMaterials/Substrate/Glints2/dict_0006_0047.uasset" 7385
"../../../Engine/Content/EngineMaterials/Substrate/Glints2/dict_0006_0048.uasset" 7386
"../../../Engine/Content/EngineMaterials/Substrate/Glints2/dict_0006_0049.uasset" 7387
"../../../Engine/Content/EngineMaterials/Substrate/Glints2/dict_0006_0050.uasset" 7388
"../../../Engine/Content/EngineMaterials/Substrate/Glints2/dict_0006_0051.uasset" 7389
"../../../Engine/Content/EngineMaterials/Substrate/Glints2/dict_0006_0052.uasset" 7390
"../../../Engine/Content/EngineMaterials/Substrate/Glints2/dict_0006_0053.uasset" 7391
"../../../Engine/Content/EngineMaterials/Substrate/Glints2/dict_0006_0054.uasset" 7392
"../../../Engine/Content/EngineMaterials/Substrate/Glints2/dict_0006_0055.uasset" 7393
"../../../Engine/Content/EngineMaterials/Substrate/Glints2/dict_0006_0056.uasset" 7394
"../../../Engine/Content/EngineMaterials/Substrate/Glints2/dict_0006_0057.uasset" 7395
"../../../Engine/Content/EngineMaterials/Substrate/Glints2/dict_0006_0058.uasset" 7396
"../../../Engine/Content/EngineMaterials/Substrate/Glints2/dict_0006_0059.uasset" 7397
"../../../Engine/Content/EngineMaterials/Substrate/Glints2/dict_0006_0060.uasset" 7398
"../../../Engine/Content/EngineMaterials/Substrate/Glints2/dict_0006_0061.uasset" 7399
"../../../Engine/Content/EngineMaterials/Substrate/Glints2/dict_0006_0062.uasset" 7400
"../../../Engine/Content/EngineMaterials/Substrate/Glints2/dict_0006_0063.uasset" 7401
"../../../Engine/Content/EngineMaterials/Substrate/Glints2/dict_0006_0064.uasset" 7402
"../../../Engine/Content/EngineMaterials/Substrate/Glints2/dict_0006_0065.uasset" 7403
"../../../Engine/Content/EngineMaterials/Substrate/Glints2/dict_0006_0066.uasset" 7404
"../../../Engine/Content/EngineMaterials/Substrate/Glints2/dict_0006_0067.uasset" 7405
"../../../Engine/Content/EngineMaterials/Substrate/Glints2/dict_0006_0068.uasset" 7406
"../../../Engine/Content/EngineMaterials/Substrate/Glints2/dict_0006_0069.uasset" 7407
"../../../Engine/Content/EngineMaterials/Substrate/Glints2/dict_0006_0070.uasset" 7408
"../../../Engine/Content/EngineMaterials/Substrate/Glints2/dict_0006_0071.uasset" 7409
"../../../Engine/Content/EngineMaterials/Substrate/Glints2/dict_0006_0072.uasset" 7410
"../../../Engine/Content/EngineMaterials/Substrate/Glints2/dict_0006_0073.uasset" 7411
"../../../Engine/Content/EngineMaterials/Substrate/Glints2/dict_0006_0074.uasset" 7412
"../../../Engine/Content/EngineMaterials/Substrate/Glints2/dict_0006_0075.uasset" 7413
"../../../Engine/Content/EngineMaterials/Substrate/Glints2/dict_0006_0076.uasset" 7414
"../../../Engine/Content/EngineMaterials/Substrate/Glints2/dict_0006_0077.uasset" 7415
"../../../Engine/Content/EngineMaterials/Substrate/Glints2/dict_0006_0078.uasset" 7416
"../../../Engine/Content/EngineMaterials/Substrate/Glints2/dict_0006_0079.uasset" 7417
"../../../Engine/Content/EngineMaterials/Substrate/Glints2/dict_0006_0080.uasset" 7418
"../../../Engine/Content/EngineMaterials/Substrate/Glints2/dict_0006_0081.uasset" 7419
"../../../Engine/Content/EngineMaterials/Substrate/Glints2/dict_0006_0082.uasset" 7420
"../../../Engine/Content/EngineMaterials/Substrate/Glints2/dict_0006_0083.uasset" 7421
"../../../Engine/Content/EngineMaterials/Substrate/Glints2/dict_0006_0084.uasset" 7422
"../../../Engine/Content/EngineMaterials/Substrate/Glints2/dict_0006_0085.uasset" 7423
"../../../Engine/Content/EngineMaterials/Substrate/Glints2/dict_0006_0086.uasset" 7424
"../../../Engine/Content/EngineMaterials/Substrate/Glints2/dict_0006_0087.uasset" 7425
"../../../Engine/Content/EngineMaterials/Substrate/Glints2/dict_0006_0088.uasset" 7426
"../../../Engine/Content/EngineMaterials/Substrate/Glints2/dict_0006_0089.uasset" 7427
"../../../Engine/Content/EngineMaterials/Substrate/Glints2/dict_0006_0090.uasset" 7428
"../../../Engine/Content/EngineMaterials/Substrate/Glints2/dict_0006_0091.uasset" 7429
"../../../Engine/Content/EngineMaterials/Substrate/Glints2/dict_0006_0092.uasset" 7430
"../../../Engine/Content/EngineMaterials/Substrate/Glints2/dict_0006_0093.uasset" 7431
"../../../Engine/Content/EngineMaterials/Substrate/Glints2/dict_0006_0094.uasset" 7432
"../../../Engine/Content/EngineMaterials/Substrate/Glints2/dict_0006_0095.uasset" 7433
"../../../Engine/Content/EngineMaterials/Substrate/Glints2/dict_0006_0096.uasset" 7434
"../../../Engine/Content/EngineMaterials/Substrate/Glints2/dict_0006_0097.uasset" 7435
"../../../Engine/Content/EngineMaterials/Substrate/Glints2/dict_0006_0098.uasset" 7436
"../../../Engine/Content/EngineMaterials/Substrate/Glints2/dict_0006_0099.uasset" 7437
"../../../Engine/Content/EngineMaterials/Substrate/Glints2/dict_0006_0100.uasset" 7438
"../../../Engine/Content/EngineMaterials/Substrate/Glints2/dict_0006_0101.uasset" 7439
"../../../Engine/Content/EngineMaterials/Substrate/Glints2/dict_0006_0102.uasset" 7440
"../../../Engine/Content/EngineMaterials/Substrate/Glints2/dict_0006_0103.uasset" 7441
"../../../Engine/Content/EngineMaterials/Substrate/Glints2/dict_0006_0104.uasset" 7442
"../../../Engine/Content/EngineMaterials/Substrate/Glints2/dict_0006_0105.uasset" 7443
"../../../Engine/Content/EngineMaterials/Substrate/Glints2/dict_0006_0106.uasset" 7444
"../../../Engine/Content/EngineMaterials/Substrate/Glints2/dict_0006_0107.uasset" 7445
"../../../Engine/Content/EngineMaterials/Substrate/Glints2/dict_0006_0108.uasset" 7446
"../../../Engine/Content/EngineMaterials/Substrate/Glints2/dict_0006_0109.uasset" 7447
"../../../Engine/Content/EngineMaterials/Substrate/Glints2/dict_0006_0110.uasset" 7448
"../../../Engine/Content/EngineMaterials/Substrate/Glints2/dict_0006_0111.uasset" 7449
"../../../Engine/Content/EngineMaterials/Substrate/Glints2/dict_0006_0112.uasset" 7450
"../../../Engine/Content/EngineMaterials/Substrate/Glints2/dict_0006_0113.uasset" 7451
"../../../Engine/Content/EngineMaterials/Substrate/Glints2/dict_0006_0114.uasset" 7452
"../../../Engine/Content/EngineMaterials/Substrate/Glints2/dict_0006_0115.uasset" 7453
"../../../Engine/Content/EngineMaterials/Substrate/Glints2/dict_0006_0116.uasset" 7454
"../../../Engine/Content/EngineMaterials/Substrate/Glints2/dict_0006_0117.uasset" 7455
"../../../Engine/Content/EngineMaterials/Substrate/Glints2/dict_0006_0118.uasset" 7456
"../../../Engine/Content/EngineMaterials/Substrate/Glints2/dict_0006_0119.uasset" 7457
"../../../Engine/Content/EngineMaterials/Substrate/Glints2/dict_0006_0120.uasset" 7458
"../../../Engine/Content/EngineMaterials/Substrate/Glints2/dict_0006_0121.uasset" 7459
"../../../Engine/Content/EngineMaterials/Substrate/Glints2/dict_0006_0122.uasset" 7460
"../../../Engine/Content/EngineMaterials/Substrate/Glints2/dict_0006_0123.uasset" 7461
"../../../Engine/Content/EngineMaterials/Substrate/Glints2/dict_0006_0124.uasset" 7462
"../../../Engine/Content/EngineMaterials/Substrate/Glints2/dict_0006_0125.uasset" 7463
"../../../Engine/Content/EngineMaterials/Substrate/Glints2/dict_0006_0126.uasset" 7464
"../../../Engine/Content/EngineMaterials/Substrate/Glints2/dict_0006_0127.uasset" 7465
"../../../Engine/Content/EngineMaterials/Substrate/Glints2/dict_0006_0128.uasset" 7466
"../../../Engine/Content/EngineMaterials/Substrate/Glints2/dict_0006_0129.uasset" 7467
"../../../Engine/Content/EngineMaterials/Substrate/Glints2/dict_0006_0130.uasset" 7468
"../../../Engine/Content/EngineMaterials/Substrate/Glints2/dict_0006_0131.uasset" 7469
"../../../Engine/Content/EngineMaterials/Substrate/Glints2/dict_0006_0132.uasset" 7470
"../../../Engine/Content/EngineMaterials/Substrate/Glints2/dict_0006_0133.uasset" 7471
"../../../Engine/Content/EngineMaterials/Substrate/Glints2/dict_0006_0134.uasset" 7472
"../../../Engine/Content/EngineMaterials/Substrate/Glints2/dict_0006_0135.uasset" 7473
"../../../Engine/Content/EngineMaterials/Substrate/Glints2/dict_0006_0136.uasset" 7474
"../../../Engine/Content/EngineMaterials/Substrate/Glints2/dict_0006_0137.uasset" 7475
"../../../Engine/Content/EngineMaterials/Substrate/Glints2/dict_0006_0138.uasset" 7476
"../../../Engine/Content/EngineMaterials/Substrate/Glints2/dict_0006_0139.uasset" 7477
"../../../Engine/Content/EngineMaterials/Substrate/Glints2/dict_0006_0140.uasset" 7478
"../../../Engine/Content/EngineMaterials/Substrate/Glints2/dict_0006_0141.uasset" 7479
"../../../Engine/Content/EngineMaterials/Substrate/Glints2/dict_0006_0142.uasset" 7480
"../../../Engine/Content/EngineMaterials/Substrate/Glints2/dict_0006_0143.uasset" 7481
"../../../Engine/Content/EngineMaterials/Substrate/Glints2/dict_0006_0144.uasset" 7482
"../../../Engine/Content/EngineMaterials/Substrate/Glints2/dict_0006_0145.uasset" 7483
"../../../Engine/Content/EngineMaterials/Substrate/Glints2/dict_0006_0146.uasset" 7484
"../../../Engine/Content/EngineMaterials/Substrate/Glints2/dict_0006_0147.uasset" 7485
"../../../Engine/Content/EngineMaterials/Substrate/Glints2/dict_0006_0148.uasset" 7486
"../../../Engine/Content/EngineMaterials/Substrate/Glints2/dict_0006_0149.uasset" 7487
"../../../Engine/Content/EngineMaterials/Substrate/Glints2/dict_0006_0150.uasset" 7488
"../../../Engine/Content/EngineMaterials/Substrate/Glints2/dict_0006_0151.uasset" 7489
"../../../Engine/Content/EngineMaterials/Substrate/Glints2/dict_0006_0152.uasset" 7490
"../../../Engine/Content/EngineMaterials/Substrate/Glints2/dict_0006_0153.uasset" 7491
"../../../Engine/Content/EngineMaterials/Substrate/Glints2/dict_0006_0154.uasset" 7492
"../../../Engine/Content/EngineMaterials/Substrate/Glints2/dict_0006_0155.uasset" 7493
"../../../Engine/Content/EngineMaterials/Substrate/Glints2/dict_0006_0156.uasset" 7494
"../../../Engine/Content/EngineMaterials/Substrate/Glints2/dict_0006_0157.uasset" 7495
"../../../Engine/Content/EngineMaterials/Substrate/Glints2/dict_0006_0158.uasset" 7496
"../../../Engine/Content/EngineMaterials/Substrate/Glints2/dict_0006_0159.uasset" 7497
"../../../Engine/Content/EngineMaterials/Substrate/Glints2/dict_0006_0160.uasset" 7498
"../../../Engine/Content/EngineMaterials/Substrate/Glints2/dict_0006_0161.uasset" 7499
"../../../Engine/Content/EngineMaterials/Substrate/Glints2/dict_0006_0162.uasset" 7500
"../../../Engine/Content/EngineMaterials/Substrate/Glints2/dict_0006_0163.uasset" 7501
"../../../Engine/Content/EngineMaterials/Substrate/Glints2/dict_0006_0164.uasset" 7502
"../../../Engine/Content/EngineMaterials/Substrate/Glints2/dict_0006_0165.uasset" 7503
"../../../Engine/Content/EngineMaterials/Substrate/Glints2/dict_0006_0166.uasset" 7504
"../../../Engine/Content/EngineMaterials/Substrate/Glints2/dict_0006_0167.uasset" 7505
"../../../Engine/Content/EngineMaterials/Substrate/Glints2/dict_0006_0168.uasset" 7506
"../../../Engine/Content/EngineMaterials/Substrate/Glints2/dict_0006_0169.uasset" 7507
"../../../Engine/Content/EngineMaterials/Substrate/Glints2/dict_0006_0170.uasset" 7508
"../../../Engine/Content/EngineMaterials/Substrate/Glints2/dict_0006_0171.uasset" 7509
"../../../Engine/Content/EngineMaterials/Substrate/Glints2/dict_0006_0172.uasset" 7510
"../../../Engine/Content/EngineMaterials/Substrate/Glints2/dict_0006_0173.uasset" 7511
"../../../Engine/Content/EngineMaterials/Substrate/Glints2/dict_0006_0174.uasset" 7512
"../../../Engine/Content/EngineMaterials/Substrate/Glints2/dict_0006_0175.uasset" 7513
"../../../Engine/Content/EngineMaterials/Substrate/Glints2/dict_0006_0176.uasset" 7514
"../../../Engine/Content/EngineMaterials/Substrate/Glints2/dict_0006_0177.uasset" 7515
"../../../Engine/Content/EngineMaterials/Substrate/Glints2/dict_0006_0178.uasset" 7516
"../../../Engine/Content/EngineMaterials/Substrate/Glints2/dict_0006_0179.uasset" 7517
"../../../Engine/Content/EngineMaterials/Substrate/Glints2/dict_0006_0180.uasset" 7518
"../../../Engine/Content/EngineMaterials/Substrate/Glints2/dict_0006_0181.uasset" 7519
"../../../Engine/Content/EngineMaterials/Substrate/Glints2/dict_0006_0182.uasset" 7520
"../../../Engine/Content/EngineMaterials/Substrate/Glints2/dict_0006_0183.uasset" 7521
"../../../Engine/Content/EngineMaterials/Substrate/Glints2/dict_0006_0184.uasset" 7522
"../../../Engine/Content/EngineMaterials/Substrate/Glints2/dict_0006_0185.uasset" 7523
"../../../Engine/Content/EngineMaterials/Substrate/Glints2/dict_0006_0186.uasset" 7524
"../../../Engine/Content/EngineMaterials/Substrate/Glints2/dict_0006_0187.uasset" 7525
"../../../Engine/Content/EngineMaterials/Substrate/Glints2/dict_0006_0188.uasset" 7526
"../../../Engine/Content/EngineMaterials/Substrate/Glints2/dict_0006_0189.uasset" 7527
"../../../Engine/Content/EngineMaterials/Substrate/Glints2/dict_0006_0190.uasset" 7528
"../../../Engine/Content/EngineMaterials/Substrate/Glints2/dict_0006_0191.uasset" 7529
"../../../Engine/Content/EngineMaterials/Substrate/Glints2/dict_0006_0192.uasset" 7530
"../../../Engine/Content/EngineMaterials/Substrate/Glints2/dict_0006_0193.uasset" 7531
"../../../Engine/Content/EngineMaterials/Substrate/Glints2/dict_0006_0194.uasset" 7532
"../../../Engine/Content/EngineMaterials/Substrate/Glints2/dict_0006_0195.uasset" 7533
"../../../Engine/Content/EngineMaterials/Substrate/Glints2/dict_0006_0196.uasset" 7534
"../../../Engine/Content/EngineMaterials/Substrate/Glints2/dict_0006_0197.uasset" 7535
"../../../Engine/Content/EngineMaterials/Substrate/Glints2/dict_0006_0198.uasset" 7536
"../../../Engine/Content/EngineMaterials/Substrate/Glints2/dict_0006_0199.uasset" 7537
"../../../Engine/Content/EngineMaterials/Substrate/Glints2/dict_0006_0200.uasset" 7538
"../../../Engine/Content/EngineMaterials/Substrate/Glints2/dict_0006_0201.uasset" 7539
"../../../Engine/Content/EngineMaterials/Substrate/Glints2/dict_0006_0202.uasset" 7540
"../../../Engine/Content/EngineMaterials/Substrate/Glints2/dict_0006_0203.uasset" 7541
"../../../Engine/Content/EngineMaterials/Substrate/Glints2/dict_0006_0204.uasset" 7542
"../../../Engine/Content/EngineMaterials/Substrate/Glints2/dict_0006_0205.uasset" 7543
"../../../Engine/Content/EngineMaterials/Substrate/Glints2/dict_0006_0206.uasset" 7544
"../../../Engine/Content/EngineMaterials/Substrate/Glints2/dict_0006_0207.uasset" 7545
"../../../Engine/Content/EngineMaterials/Substrate/Glints2/dict_0006_0208.uasset" 7546
"../../../Engine/Content/EngineMaterials/Substrate/Glints2/dict_0006_0209.uasset" 7547
"../../../Engine/Content/EngineMaterials/Substrate/Glints2/dict_0006_0210.uasset" 7548
"../../../Engine/Content/EngineMaterials/Substrate/Glints2/dict_0006_0211.uasset" 7549
"../../../Engine/Content/EngineMaterials/Substrate/Glints2/dict_0006_0212.uasset" 7550
"../../../Engine/Content/EngineMaterials/Substrate/Glints2/dict_0006_0213.uasset" 7551
"../../../Engine/Content/EngineMaterials/Substrate/Glints2/dict_0006_0214.uasset" 7552
"../../../Engine/Content/EngineMaterials/Substrate/Glints2/dict_0006_0215.uasset" 7553
"../../../Engine/Content/EngineMaterials/Substrate/Glints2/dict_0006_0216.uasset" 7554
"../../../Engine/Content/EngineMaterials/Substrate/Glints2/dict_0006_0217.uasset" 7555
"../../../Engine/Content/EngineMaterials/Substrate/Glints2/dict_0006_0218.uasset" 7556
"../../../Engine/Content/EngineMaterials/Substrate/Glints2/dict_0006_0219.uasset" 7557
"../../../Engine/Content/EngineMaterials/Substrate/Glints2/dict_0006_0220.uasset" 7558
"../../../Engine/Content/EngineMaterials/Substrate/Glints2/dict_0006_0221.uasset" 7559
"../../../Engine/Content/EngineMaterials/Substrate/Glints2/dict_0006_0222.uasset" 7560
"../../../Engine/Content/EngineMaterials/Substrate/Glints2/dict_0006_0223.uasset" 7561
"../../../Engine/Content/EngineMaterials/Substrate/Glints2/dict_0006_0224.uasset" 7562
"../../../Engine/Content/EngineMaterials/Substrate/Glints2/dict_0006_0225.uasset" 7563
"../../../Engine/Content/EngineMaterials/Substrate/Glints2/dict_0006_0226.uasset" 7564
"../../../Engine/Content/EngineMaterials/Substrate/Glints2/dict_0006_0227.uasset" 7565
"../../../Engine/Content/EngineMaterials/Substrate/Glints2/dict_0006_0228.uasset" 7566
"../../../Engine/Content/EngineMaterials/Substrate/Glints2/dict_0006_0229.uasset" 7567
"../../../Engine/Content/EngineMaterials/Substrate/Glints2/dict_0006_0230.uasset" 7568
"../../../Engine/Content/EngineMaterials/Substrate/Glints2/dict_0006_0231.uasset" 7569
"../../../Engine/Content/EngineMaterials/Substrate/Glints2/dict_0006_0232.uasset" 7570
"../../../Engine/Content/EngineMaterials/Substrate/Glints2/dict_0006_0233.uasset" 7571
"../../../Engine/Content/EngineMaterials/Substrate/Glints2/dict_0006_0234.uasset" 7572
"../../../Engine/Content/EngineMaterials/Substrate/Glints2/dict_0006_0235.uasset" 7573
"../../../Engine/Content/EngineMaterials/Substrate/Glints2/dict_0006_0236.uasset" 7574
"../../../Engine/Content/EngineMaterials/Substrate/Glints2/dict_0006_0237.uasset" 7575
"../../../Engine/Content/EngineMaterials/Substrate/Glints2/dict_0006_0238.uasset" 7576
"../../../Engine/Content/EngineMaterials/Substrate/Glints2/dict_0006_0239.uasset" 7577
"../../../Engine/Content/EngineMaterials/Substrate/Glints2/dict_0006_0240.uasset" 7578
"../../../Engine/Content/EngineMaterials/Substrate/Glints2/dict_0006_0241.uasset" 7579
"../../../Engine/Content/EngineMaterials/Substrate/Glints2/dict_0006_0242.uasset" 7580
"../../../Engine/Content/EngineMaterials/Substrate/Glints2/dict_0006_0243.uasset" 7581
"../../../Engine/Content/EngineMaterials/Substrate/Glints2/dict_0006_0244.uasset" 7582
"../../../Engine/Content/EngineMaterials/Substrate/Glints2/dict_0006_0245.uasset" 7583
"../../../Engine/Content/EngineMaterials/Substrate/Glints2/dict_0006_0246.uasset" 7584
"../../../Engine/Content/EngineMaterials/Substrate/Glints2/dict_0006_0247.uasset" 7585
"../../../Engine/Content/EngineMaterials/Substrate/Glints2/dict_0006_0248.uasset" 7586
"../../../Engine/Content/EngineMaterials/Substrate/Glints2/dict_0006_0249.uasset" 7587
"../../../Engine/Content/EngineMaterials/Substrate/Glints2/dict_0006_0250.uasset" 7588
"../../../Engine/Content/EngineMaterials/Substrate/Glints2/dict_0006_0251.uasset" 7589
"../../../Engine/Content/EngineMaterials/Substrate/Glints2/dict_0006_0252.uasset" 7590
"../../../Engine/Content/EngineMaterials/Substrate/Glints2/dict_0006_0253.uasset" 7591
"../../../Engine/Content/EngineMaterials/Substrate/Glints2/dict_0006_0254.uasset" 7592
"../../../Engine/Content/EngineMaterials/Substrate/Glints2/dict_0006_0255.uasset" 7593
"../../../Engine/Content/EngineMaterials/Substrate/Glints2/dict_0007_0000.uasset" 7594
"../../../Engine/Content/EngineMaterials/Substrate/Glints2/dict_0007_0001.uasset" 7595
"../../../Engine/Content/EngineMaterials/Substrate/Glints2/dict_0007_0002.uasset" 7596
"../../../Engine/Content/EngineMaterials/Substrate/Glints2/dict_0007_0003.uasset" 7597
"../../../Engine/Content/EngineMaterials/Substrate/Glints2/dict_0007_0004.uasset" 7598
"../../../Engine/Content/EngineMaterials/Substrate/Glints2/dict_0007_0005.uasset" 7599
"../../../Engine/Content/EngineMaterials/Substrate/Glints2/dict_0007_0006.uasset" 7600
"../../../Engine/Content/EngineMaterials/Substrate/Glints2/dict_0007_0007.uasset" 7601
"../../../Engine/Content/EngineMaterials/Substrate/Glints2/dict_0007_0008.uasset" 7602
"../../../Engine/Content/EngineMaterials/Substrate/Glints2/dict_0007_0009.uasset" 7603
"../../../Engine/Content/EngineMaterials/Substrate/Glints2/dict_0007_0010.uasset" 7604
"../../../Engine/Content/EngineMaterials/Substrate/Glints2/dict_0007_0011.uasset" 7605
"../../../Engine/Content/EngineMaterials/Substrate/Glints2/dict_0007_0012.uasset" 7606
"../../../Engine/Content/EngineMaterials/Substrate/Glints2/dict_0007_0013.uasset" 7607
"../../../Engine/Content/EngineMaterials/Substrate/Glints2/dict_0007_0014.uasset" 7608
"../../../Engine/Content/EngineMaterials/Substrate/Glints2/dict_0007_0015.uasset" 7609
"../../../Engine/Content/EngineMaterials/Substrate/Glints2/dict_0007_0016.uasset" 7610
"../../../Engine/Content/EngineMaterials/Substrate/Glints2/dict_0007_0017.uasset" 7611
"../../../Engine/Content/EngineMaterials/Substrate/Glints2/dict_0007_0018.uasset" 7612
"../../../Engine/Content/EngineMaterials/Substrate/Glints2/dict_0007_0019.uasset" 7613
"../../../Engine/Content/EngineMaterials/Substrate/Glints2/dict_0007_0020.uasset" 7614
"../../../Engine/Content/EngineMaterials/Substrate/Glints2/dict_0007_0021.uasset" 7615
"../../../Engine/Content/EngineMaterials/Substrate/Glints2/dict_0007_0022.uasset" 7616
"../../../Engine/Content/EngineMaterials/Substrate/Glints2/dict_0007_0023.uasset" 7617
"../../../Engine/Content/EngineMaterials/Substrate/Glints2/dict_0007_0024.uasset" 7618
"../../../Engine/Content/EngineMaterials/Substrate/Glints2/dict_0007_0025.uasset" 7619
"../../../Engine/Content/EngineMaterials/Substrate/Glints2/dict_0007_0026.uasset" 7620
"../../../Engine/Content/EngineMaterials/Substrate/Glints2/dict_0007_0027.uasset" 7621
"../../../Engine/Content/EngineMaterials/Substrate/Glints2/dict_0007_0028.uasset" 7622
"../../../Engine/Content/EngineMaterials/Substrate/Glints2/dict_0007_0029.uasset" 7623
"../../../Engine/Content/EngineMaterials/Substrate/Glints2/dict_0007_0030.uasset" 7624
"../../../Engine/Content/EngineMaterials/Substrate/Glints2/dict_0007_0031.uasset" 7625
"../../../Engine/Content/EngineMaterials/Substrate/Glints2/dict_0007_0032.uasset" 7626
"../../../Engine/Content/EngineMaterials/Substrate/Glints2/dict_0007_0033.uasset" 7627
"../../../Engine/Content/EngineMaterials/Substrate/Glints2/dict_0007_0034.uasset" 7628
"../../../Engine/Content/EngineMaterials/Substrate/Glints2/dict_0007_0035.uasset" 7629
"../../../Engine/Content/EngineMaterials/Substrate/Glints2/dict_0007_0036.uasset" 7630
"../../../Engine/Content/EngineMaterials/Substrate/Glints2/dict_0007_0037.uasset" 7631
"../../../Engine/Content/EngineMaterials/Substrate/Glints2/dict_0007_0038.uasset" 7632
"../../../Engine/Content/EngineMaterials/Substrate/Glints2/dict_0007_0039.uasset" 7633
"../../../Engine/Content/EngineMaterials/Substrate/Glints2/dict_0007_0040.uasset" 7634
"../../../Engine/Content/EngineMaterials/Substrate/Glints2/dict_0007_0041.uasset" 7635
"../../../Engine/Content/EngineMaterials/Substrate/Glints2/dict_0007_0042.uasset" 7636
"../../../Engine/Content/EngineMaterials/Substrate/Glints2/dict_0007_0043.uasset" 7637
"../../../Engine/Content/EngineMaterials/Substrate/Glints2/dict_0007_0044.uasset" 7638
"../../../Engine/Content/EngineMaterials/Substrate/Glints2/dict_0007_0045.uasset" 7639
"../../../Engine/Content/EngineMaterials/Substrate/Glints2/dict_0007_0046.uasset" 7640
"../../../Engine/Content/EngineMaterials/Substrate/Glints2/dict_0007_0047.uasset" 7641
"../../../Engine/Content/EngineMaterials/Substrate/Glints2/dict_0007_0048.uasset" 7642
"../../../Engine/Content/EngineMaterials/Substrate/Glints2/dict_0007_0049.uasset" 7643
"../../../Engine/Content/EngineMaterials/Substrate/Glints2/dict_0007_0050.uasset" 7644
"../../../Engine/Content/EngineMaterials/Substrate/Glints2/dict_0007_0051.uasset" 7645
"../../../Engine/Content/EngineMaterials/Substrate/Glints2/dict_0007_0052.uasset" 7646
"../../../Engine/Content/EngineMaterials/Substrate/Glints2/dict_0007_0053.uasset" 7647
"../../../Engine/Content/EngineMaterials/Substrate/Glints2/dict_0007_0054.uasset" 7648
"../../../Engine/Content/EngineMaterials/Substrate/Glints2/dict_0007_0055.uasset" 7649
"../../../Engine/Content/EngineMaterials/Substrate/Glints2/dict_0007_0056.uasset" 7650
"../../../Engine/Content/EngineMaterials/Substrate/Glints2/dict_0007_0057.uasset" 7651
"../../../Engine/Content/EngineMaterials/Substrate/Glints2/dict_0007_0058.uasset" 7652
"../../../Engine/Content/EngineMaterials/Substrate/Glints2/dict_0007_0059.uasset" 7653
"../../../Engine/Content/EngineMaterials/Substrate/Glints2/dict_0007_0060.uasset" 7654
"../../../Engine/Content/EngineMaterials/Substrate/Glints2/dict_0007_0061.uasset" 7655
"../../../Engine/Content/EngineMaterials/Substrate/Glints2/dict_0007_0062.uasset" 7656
"../../../Engine/Content/EngineMaterials/Substrate/Glints2/dict_0007_0063.uasset" 7657
"../../../Engine/Content/EngineMaterials/Substrate/Glints2/dict_0007_0064.uasset" 7658
"../../../Engine/Content/EngineMaterials/Substrate/Glints2/dict_0007_0065.uasset" 7659
"../../../Engine/Content/EngineMaterials/Substrate/Glints2/dict_0007_0066.uasset" 7660
"../../../Engine/Content/EngineMaterials/Substrate/Glints2/dict_0007_0067.uasset" 7661
"../../../Engine/Content/EngineMaterials/Substrate/Glints2/dict_0007_0068.uasset" 7662
"../../../Engine/Content/EngineMaterials/Substrate/Glints2/dict_0007_0069.uasset" 7663
"../../../Engine/Content/EngineMaterials/Substrate/Glints2/dict_0007_0070.uasset" 7664
"../../../Engine/Content/EngineMaterials/Substrate/Glints2/dict_0007_0071.uasset" 7665
"../../../Engine/Content/EngineMaterials/Substrate/Glints2/dict_0007_0072.uasset" 7666
"../../../Engine/Content/EngineMaterials/Substrate/Glints2/dict_0007_0073.uasset" 7667
"../../../Engine/Content/EngineMaterials/Substrate/Glints2/dict_0007_0074.uasset" 7668
"../../../Engine/Content/EngineMaterials/Substrate/Glints2/dict_0007_0075.uasset" 7669
"../../../Engine/Content/EngineMaterials/Substrate/Glints2/dict_0007_0076.uasset" 7670
"../../../Engine/Content/EngineMaterials/Substrate/Glints2/dict_0007_0077.uasset" 7671
"../../../Engine/Content/EngineMaterials/Substrate/Glints2/dict_0007_0078.uasset" 7672
"../../../Engine/Content/EngineMaterials/Substrate/Glints2/dict_0007_0079.uasset" 7673
"../../../Engine/Content/EngineMaterials/Substrate/Glints2/dict_0007_0080.uasset" 7674
"../../../Engine/Content/EngineMaterials/Substrate/Glints2/dict_0007_0081.uasset" 7675
"../../../Engine/Content/EngineMaterials/Substrate/Glints2/dict_0007_0082.uasset" 7676
"../../../Engine/Content/EngineMaterials/Substrate/Glints2/dict_0007_0083.uasset" 7677
"../../../Engine/Content/EngineMaterials/Substrate/Glints2/dict_0007_0084.uasset" 7678
"../../../Engine/Content/EngineMaterials/Substrate/Glints2/dict_0007_0085.uasset" 7679
"../../../Engine/Content/EngineMaterials/Substrate/Glints2/dict_0007_0086.uasset" 7680
"../../../Engine/Content/EngineMaterials/Substrate/Glints2/dict_0007_0087.uasset" 7681
"../../../Engine/Content/EngineMaterials/Substrate/Glints2/dict_0007_0088.uasset" 7682
"../../../Engine/Content/EngineMaterials/Substrate/Glints2/dict_0007_0089.uasset" 7683
"../../../Engine/Content/EngineMaterials/Substrate/Glints2/dict_0007_0090.uasset" 7684
"../../../Engine/Content/EngineMaterials/Substrate/Glints2/dict_0007_0091.uasset" 7685
"../../../Engine/Content/EngineMaterials/Substrate/Glints2/dict_0007_0092.uasset" 7686
"../../../Engine/Content/EngineMaterials/Substrate/Glints2/dict_0007_0093.uasset" 7687
"../../../Engine/Content/EngineMaterials/Substrate/Glints2/dict_0007_0094.uasset" 7688
"../../../Engine/Content/EngineMaterials/Substrate/Glints2/dict_0007_0095.uasset" 7689
"../../../Engine/Content/EngineMaterials/Substrate/Glints2/dict_0007_0096.uasset" 7690
"../../../Engine/Content/EngineMaterials/Substrate/Glints2/dict_0007_0097.uasset" 7691
"../../../Engine/Content/EngineMaterials/Substrate/Glints2/dict_0007_0098.uasset" 7692
"../../../Engine/Content/EngineMaterials/Substrate/Glints2/dict_0007_0099.uasset" 7693
"../../../Engine/Content/EngineMaterials/Substrate/Glints2/dict_0007_0100.uasset" 7694
"../../../Engine/Content/EngineMaterials/Substrate/Glints2/dict_0007_0101.uasset" 7695
"../../../Engine/Content/EngineMaterials/Substrate/Glints2/dict_0007_0102.uasset" 7696
"../../../Engine/Content/EngineMaterials/Substrate/Glints2/dict_0007_0103.uasset" 7697
"../../../Engine/Content/EngineMaterials/Substrate/Glints2/dict_0007_0104.uasset" 7698
"../../../Engine/Content/EngineMaterials/Substrate/Glints2/dict_0007_0105.uasset" 7699
"../../../Engine/Content/EngineMaterials/Substrate/Glints2/dict_0007_0106.uasset" 7700
"../../../Engine/Content/EngineMaterials/Substrate/Glints2/dict_0007_0107.uasset" 7701
"../../../Engine/Content/EngineMaterials/Substrate/Glints2/dict_0007_0108.uasset" 7702
"../../../Engine/Content/EngineMaterials/Substrate/Glints2/dict_0007_0109.uasset" 7703
"../../../Engine/Content/EngineMaterials/Substrate/Glints2/dict_0007_0110.uasset" 7704
"../../../Engine/Content/EngineMaterials/Substrate/Glints2/dict_0007_0111.uasset" 7705
"../../../Engine/Content/EngineMaterials/Substrate/Glints2/dict_0007_0112.uasset" 7706
"../../../Engine/Content/EngineMaterials/Substrate/Glints2/dict_0007_0113.uasset" 7707
"../../../Engine/Content/EngineMaterials/Substrate/Glints2/dict_0007_0114.uasset" 7708
"../../../Engine/Content/EngineMaterials/Substrate/Glints2/dict_0007_0115.uasset" 7709
"../../../Engine/Content/EngineMaterials/Substrate/Glints2/dict_0007_0116.uasset" 7710
"../../../Engine/Content/EngineMaterials/Substrate/Glints2/dict_0007_0117.uasset" 7711
"../../../Engine/Content/EngineMaterials/Substrate/Glints2/dict_0007_0118.uasset" 7712
"../../../Engine/Content/EngineMaterials/Substrate/Glints2/dict_0007_0119.uasset" 7713
"../../../Engine/Content/EngineMaterials/Substrate/Glints2/dict_0007_0120.uasset" 7714
"../../../Engine/Content/EngineMaterials/Substrate/Glints2/dict_0007_0121.uasset" 7715
"../../../Engine/Content/EngineMaterials/Substrate/Glints2/dict_0007_0122.uasset" 7716
"../../../Engine/Content/EngineMaterials/Substrate/Glints2/dict_0007_0123.uasset" 7717
"../../../Engine/Content/EngineMaterials/Substrate/Glints2/dict_0007_0124.uasset" 7718
"../../../Engine/Content/EngineMaterials/Substrate/Glints2/dict_0007_0125.uasset" 7719
"../../../Engine/Content/EngineMaterials/Substrate/Glints2/dict_0007_0126.uasset" 7720
"../../../Engine/Content/EngineMaterials/Substrate/Glints2/dict_0007_0127.uasset" 7721
"../../../Engine/Content/EngineMaterials/Substrate/Glints2/dict_0007_0128.uasset" 7722
"../../../Engine/Content/EngineMaterials/Substrate/Glints2/dict_0007_0129.uasset" 7723
"../../../Engine/Content/EngineMaterials/Substrate/Glints2/dict_0007_0130.uasset" 7724
"../../../Engine/Content/EngineMaterials/Substrate/Glints2/dict_0007_0131.uasset" 7725
"../../../Engine/Content/EngineMaterials/Substrate/Glints2/dict_0007_0132.uasset" 7726
"../../../Engine/Content/EngineMaterials/Substrate/Glints2/dict_0007_0133.uasset" 7727
"../../../Engine/Content/EngineMaterials/Substrate/Glints2/dict_0007_0134.uasset" 7728
"../../../Engine/Content/EngineMaterials/Substrate/Glints2/dict_0007_0135.uasset" 7729
"../../../Engine/Content/EngineMaterials/Substrate/Glints2/dict_0007_0136.uasset" 7730
"../../../Engine/Content/EngineMaterials/Substrate/Glints2/dict_0007_0137.uasset" 7731
"../../../Engine/Content/EngineMaterials/Substrate/Glints2/dict_0007_0138.uasset" 7732
"../../../Engine/Content/EngineMaterials/Substrate/Glints2/dict_0007_0139.uasset" 7733
"../../../Engine/Content/EngineMaterials/Substrate/Glints2/dict_0007_0140.uasset" 7734
"../../../Engine/Content/EngineMaterials/Substrate/Glints2/dict_0007_0141.uasset" 7735
"../../../Engine/Content/EngineMaterials/Substrate/Glints2/dict_0007_0142.uasset" 7736
"../../../Engine/Content/EngineMaterials/Substrate/Glints2/dict_0007_0143.uasset" 7737
"../../../Engine/Content/EngineMaterials/Substrate/Glints2/dict_0007_0144.uasset" 7738
"../../../Engine/Content/EngineMaterials/Substrate/Glints2/dict_0007_0145.uasset" 7739
"../../../Engine/Content/EngineMaterials/Substrate/Glints2/dict_0007_0146.uasset" 7740
"../../../Engine/Content/EngineMaterials/Substrate/Glints2/dict_0007_0147.uasset" 7741
"../../../Engine/Content/EngineMaterials/Substrate/Glints2/dict_0007_0148.uasset" 7742
"../../../Engine/Content/EngineMaterials/Substrate/Glints2/dict_0007_0149.uasset" 7743
"../../../Engine/Content/EngineMaterials/Substrate/Glints2/dict_0007_0150.uasset" 7744
"../../../Engine/Content/EngineMaterials/Substrate/Glints2/dict_0007_0151.uasset" 7745
"../../../Engine/Content/EngineMaterials/Substrate/Glints2/dict_0007_0152.uasset" 7746
"../../../Engine/Content/EngineMaterials/Substrate/Glints2/dict_0007_0153.uasset" 7747
"../../../Engine/Content/EngineMaterials/Substrate/Glints2/dict_0007_0154.uasset" 7748
"../../../Engine/Content/EngineMaterials/Substrate/Glints2/dict_0007_0155.uasset" 7749
"../../../Engine/Content/EngineMaterials/Substrate/Glints2/dict_0007_0156.uasset" 7750
"../../../Engine/Content/EngineMaterials/Substrate/Glints2/dict_0007_0157.uasset" 7751
"../../../Engine/Content/EngineMaterials/Substrate/Glints2/dict_0007_0158.uasset" 7752
"../../../Engine/Content/EngineMaterials/Substrate/Glints2/dict_0007_0159.uasset" 7753
"../../../Engine/Content/EngineMaterials/Substrate/Glints2/dict_0007_0160.uasset" 7754
"../../../Engine/Content/EngineMaterials/Substrate/Glints2/dict_0007_0161.uasset" 7755
"../../../Engine/Content/EngineMaterials/Substrate/Glints2/dict_0007_0162.uasset" 7756
"../../../Engine/Content/EngineMaterials/Substrate/Glints2/dict_0007_0163.uasset" 7757
"../../../Engine/Content/EngineMaterials/Substrate/Glints2/dict_0007_0164.uasset" 7758
"../../../Engine/Content/EngineMaterials/Substrate/Glints2/dict_0007_0165.uasset" 7759
"../../../Engine/Content/EngineMaterials/Substrate/Glints2/dict_0007_0166.uasset" 7760
"../../../Engine/Content/EngineMaterials/Substrate/Glints2/dict_0007_0167.uasset" 7761
"../../../Engine/Content/EngineMaterials/Substrate/Glints2/dict_0007_0168.uasset" 7762
"../../../Engine/Content/EngineMaterials/Substrate/Glints2/dict_0007_0169.uasset" 7763
"../../../Engine/Content/EngineMaterials/Substrate/Glints2/dict_0007_0170.uasset" 7764
"../../../Engine/Content/EngineMaterials/Substrate/Glints2/dict_0007_0171.uasset" 7765
"../../../Engine/Content/EngineMaterials/Substrate/Glints2/dict_0007_0172.uasset" 7766
"../../../Engine/Content/EngineMaterials/Substrate/Glints2/dict_0007_0173.uasset" 7767
"../../../Engine/Content/EngineMaterials/Substrate/Glints2/dict_0007_0174.uasset" 7768
"../../../Engine/Content/EngineMaterials/Substrate/Glints2/dict_0007_0175.uasset" 7769
"../../../Engine/Content/EngineMaterials/Substrate/Glints2/dict_0007_0176.uasset" 7770
"../../../Engine/Content/EngineMaterials/Substrate/Glints2/dict_0007_0177.uasset" 7771
"../../../Engine/Content/EngineMaterials/Substrate/Glints2/dict_0007_0178.uasset" 7772
"../../../Engine/Content/EngineMaterials/Substrate/Glints2/dict_0007_0179.uasset" 7773
"../../../Engine/Content/EngineMaterials/Substrate/Glints2/dict_0007_0180.uasset" 7774
"../../../Engine/Content/EngineMaterials/Substrate/Glints2/dict_0007_0181.uasset" 7775
"../../../Engine/Content/EngineMaterials/Substrate/Glints2/dict_0007_0182.uasset" 7776
"../../../Engine/Content/EngineMaterials/Substrate/Glints2/dict_0007_0183.uasset" 7777
"../../../Engine/Content/EngineMaterials/Substrate/Glints2/dict_0007_0184.uasset" 7778
"../../../Engine/Content/EngineMaterials/Substrate/Glints2/dict_0007_0185.uasset" 7779
"../../../Engine/Content/EngineMaterials/Substrate/Glints2/dict_0007_0186.uasset" 7780
"../../../Engine/Content/EngineMaterials/Substrate/Glints2/dict_0007_0187.uasset" 7781
"../../../Engine/Content/EngineMaterials/Substrate/Glints2/dict_0007_0188.uasset" 7782
"../../../Engine/Content/EngineMaterials/Substrate/Glints2/dict_0007_0189.uasset" 7783
"../../../Engine/Content/EngineMaterials/Substrate/Glints2/dict_0007_0190.uasset" 7784
"../../../Engine/Content/EngineMaterials/Substrate/Glints2/dict_0007_0191.uasset" 7785
"../../../Engine/Content/EngineMaterials/Substrate/Glints2/dict_0007_0192.uasset" 7786
"../../../Engine/Content/EngineMaterials/Substrate/Glints2/dict_0007_0193.uasset" 7787
"../../../Engine/Content/EngineMaterials/Substrate/Glints2/dict_0007_0194.uasset" 7788
"../../../Engine/Content/EngineMaterials/Substrate/Glints2/dict_0007_0195.uasset" 7789
"../../../Engine/Content/EngineMaterials/Substrate/Glints2/dict_0007_0196.uasset" 7790
"../../../Engine/Content/EngineMaterials/Substrate/Glints2/dict_0007_0197.uasset" 7791
"../../../Engine/Content/EngineMaterials/Substrate/Glints2/dict_0007_0198.uasset" 7792
"../../../Engine/Content/EngineMaterials/Substrate/Glints2/dict_0007_0199.uasset" 7793
"../../../Engine/Content/EngineMaterials/Substrate/Glints2/dict_0007_0200.uasset" 7794
"../../../Engine/Content/EngineMaterials/Substrate/Glints2/dict_0007_0201.uasset" 7795
"../../../Engine/Content/EngineMaterials/Substrate/Glints2/dict_0007_0202.uasset" 7796
"../../../Engine/Content/EngineMaterials/Substrate/Glints2/dict_0007_0203.uasset" 7797
"../../../Engine/Content/EngineMaterials/Substrate/Glints2/dict_0007_0204.uasset" 7798
"../../../Engine/Content/EngineMaterials/Substrate/Glints2/dict_0007_0205.uasset" 7799
"../../../Engine/Content/EngineMaterials/Substrate/Glints2/dict_0007_0206.uasset" 7800
"../../../Engine/Content/EngineMaterials/Substrate/Glints2/dict_0007_0207.uasset" 7801
"../../../Engine/Content/EngineMaterials/Substrate/Glints2/dict_0007_0208.uasset" 7802
"../../../Engine/Content/EngineMaterials/Substrate/Glints2/dict_0007_0209.uasset" 7803
"../../../Engine/Content/EngineMaterials/Substrate/Glints2/dict_0007_0210.uasset" 7804
"../../../Engine/Content/EngineMaterials/Substrate/Glints2/dict_0007_0211.uasset" 7805
"../../../Engine/Content/EngineMaterials/Substrate/Glints2/dict_0007_0212.uasset" 7806
"../../../Engine/Content/EngineMaterials/Substrate/Glints2/dict_0007_0213.uasset" 7807
"../../../Engine/Content/EngineMaterials/Substrate/Glints2/dict_0007_0214.uasset" 7808
"../../../Engine/Content/EngineMaterials/Substrate/Glints2/dict_0007_0215.uasset" 7809
"../../../Engine/Content/EngineMaterials/Substrate/Glints2/dict_0007_0216.uasset" 7810
"../../../Engine/Content/EngineMaterials/Substrate/Glints2/dict_0007_0217.uasset" 7811
"../../../Engine/Content/EngineMaterials/Substrate/Glints2/dict_0007_0218.uasset" 7812
"../../../Engine/Content/EngineMaterials/Substrate/Glints2/dict_0007_0219.uasset" 7813
"../../../Engine/Content/EngineMaterials/Substrate/Glints2/dict_0007_0220.uasset" 7814
"../../../Engine/Content/EngineMaterials/Substrate/Glints2/dict_0007_0221.uasset" 7815
"../../../Engine/Content/EngineMaterials/Substrate/Glints2/dict_0007_0222.uasset" 7816
"../../../Engine/Content/EngineMaterials/Substrate/Glints2/dict_0007_0223.uasset" 7817
"../../../Engine/Content/EngineMaterials/Substrate/Glints2/dict_0007_0224.uasset" 7818
"../../../Engine/Content/EngineMaterials/Substrate/Glints2/dict_0007_0225.uasset" 7819
"../../../Engine/Content/EngineMaterials/Substrate/Glints2/dict_0007_0226.uasset" 7820
"../../../Engine/Content/EngineMaterials/Substrate/Glints2/dict_0007_0227.uasset" 7821
"../../../Engine/Content/EngineMaterials/Substrate/Glints2/dict_0007_0228.uasset" 7822
"../../../Engine/Content/EngineMaterials/Substrate/Glints2/dict_0007_0229.uasset" 7823
"../../../Engine/Content/EngineMaterials/Substrate/Glints2/dict_0007_0230.uasset" 7824
"../../../Engine/Content/EngineMaterials/Substrate/Glints2/dict_0007_0231.uasset" 7825
"../../../Engine/Content/EngineMaterials/Substrate/Glints2/dict_0007_0232.uasset" 7826
"../../../Engine/Content/EngineMaterials/Substrate/Glints2/dict_0007_0233.uasset" 7827
"../../../Engine/Content/EngineMaterials/Substrate/Glints2/dict_0007_0234.uasset" 7828
"../../../Engine/Content/EngineMaterials/Substrate/Glints2/dict_0007_0235.uasset" 7829
"../../../Engine/Content/EngineMaterials/Substrate/Glints2/dict_0007_0236.uasset" 7830
"../../../Engine/Content/EngineMaterials/Substrate/Glints2/dict_0007_0237.uasset" 7831
"../../../Engine/Content/EngineMaterials/Substrate/Glints2/dict_0007_0238.uasset" 7832
"../../../Engine/Content/EngineMaterials/Substrate/Glints2/dict_0007_0239.uasset" 7833
"../../../Engine/Content/EngineMaterials/Substrate/Glints2/dict_0007_0240.uasset" 7834
"../../../Engine/Content/EngineMaterials/Substrate/Glints2/dict_0007_0241.uasset" 7835
"../../../Engine/Content/EngineMaterials/Substrate/Glints2/dict_0007_0242.uasset" 7836
"../../../Engine/Content/EngineMaterials/Substrate/Glints2/dict_0007_0243.uasset" 7837
"../../../Engine/Content/EngineMaterials/Substrate/Glints2/dict_0007_0244.uasset" 7838
"../../../Engine/Content/EngineMaterials/Substrate/Glints2/dict_0007_0245.uasset" 7839
"../../../Engine/Content/EngineMaterials/Substrate/Glints2/dict_0007_0246.uasset" 7840
"../../../Engine/Content/EngineMaterials/Substrate/Glints2/dict_0007_0247.uasset" 7841
"../../../Engine/Content/EngineMaterials/Substrate/Glints2/dict_0007_0248.uasset" 7842
"../../../Engine/Content/EngineMaterials/Substrate/Glints2/dict_0007_0249.uasset" 7843
"../../../Engine/Content/EngineMaterials/Substrate/Glints2/dict_0007_0250.uasset" 7844
"../../../Engine/Content/EngineMaterials/Substrate/Glints2/dict_0007_0251.uasset" 7845
"../../../Engine/Content/EngineMaterials/Substrate/Glints2/dict_0007_0252.uasset" 7846
"../../../Engine/Content/EngineMaterials/Substrate/Glints2/dict_0007_0253.uasset" 7847
"../../../Engine/Content/EngineMaterials/Substrate/Glints2/dict_0007_0254.uasset" 7848
"../../../Engine/Content/EngineMaterials/Substrate/Glints2/dict_0007_0255.uasset" 7849
"/Engine/EngineMaterials/Substrate/Volume/SubstrateSimpleVolumeLUT3D" 7850
"../../../Engine/Content/EngineMaterials/Substrate/Volume/SubstrateSimpleVolumeLUT2D.uasset" 7851
"/Engine/EngineMaterials/Substrate/Volume/SubstrateSimpleVolumeEnvLUT3D" 7852
"../../../Engine/Content/EngineMaterials/Substrate/Volume/SubstrateSimpleVolumeEnvLUT2D.uasset" 7853
"/Engine/MobileResources/HUD/DefaultVirtualJoysticks" 7854
"/Game/UltraDynamicSky/Blueprints/System/Calendars/Gregorian_Calendar" 7855
"/Game/UltraDynamicSky/Materials/Weather/Radial_Storm_Weather_Draw" 7856
"/Game/UltraDynamicSky/Textures/3D_Clouds/3D_Cells_64" 7857
"../../../../../../Users/Admin/Desktop/MainProject/Mutants/Content/UltraDynamicSky/Textures/3D_Clouds/3DCells_64_Sheet.uasset" 7858
"/Game/UltraDynamicSky/Textures/3D_Clouds/3D_Cells_32" 7859
"../../../../../../Users/Admin/Desktop/MainProject/Mutants/Content/UltraDynamicSky/Textures/3D_Clouds/3D_Cells_32_Sheet.uasset" 7860
"/Game/MutantParts/Props/SK_ArmR_Lower" 7861
"/Game/StarterContent/Shapes/Shape_Cube" 7862
"/Game/UltraDynamicSky/Materials/Weather/Wind_Debris" 7863
"/Game/UltraDynamicSky/Materials/Material_Functions/Map_Cloud_Textures" 7864
"/Game/UltraDynamicSky/Materials/Material_Functions/Cloud_Wisps" 7865
"/Game/UltraDynamicSky/Materials/Material_Functions/Aurora" 7866
"/Game/UltraDynamicSky/Materials/Material_Functions/Moon" 7867
"/Game/UltraDynamicSky/Materials/Volumetric_Aurora" 7868
"/Game/UltraDynamicSky/Materials/Overcast_Turbulence" 7869
"/Game/UltraDynamicSky/Textures/3D_Clouds/3DCells_128" 7870
"../../../../../../Users/Admin/Desktop/MainProject/Mutants/Content/UltraDynamicSky/Textures/3D_Clouds/3DCells_128_Sheet.uasset" 7871
"/Game/StarterContent/Materials/M_Metal_Rust" 7872
"/Game/GameModesLevels/PotionChaos/PCG/PCGGraph" 7873
"/Game/StarterContent/Materials/M_Wood_Oak" 7874
"/Game/StarterContent/Materials/M_Wood_Walnut" 7875
"/Game/MainMenu/Customize/CustomizeMaterial" 7876
"/Game/Weapons/BP_Weapon" 7877
"/Game/ThirdPerson/Blueprints/ST_BodyParts" 7878
"/Game/MutantParts/Structures/ST_PartConfig" 7879
"/Engine/EditorBlueprintResources/ActorMacros" 7880
"/Game/GameModesLevels/MusicLevel/BPI_Tiles" 7881
"C:/Users/Admin/Desktop/MainProject/Mutants/Content/UltraDynamicSky/Blueprints/System/UDS_Modifier.uasset" 7882
"C:/Users/Admin/Desktop/MainProject/Mutants/Content/UltraDynamicSky/Blueprints/System/Editor_UI/UDS_CurrentVersion.uasset" 7883
"C:/Users/Admin/Desktop/MainProject/Mutants/Content/UltraDynamicSky/Blueprints/System/UDS_Space_Planet.uasset" 7884
"/Game/UltraDynamicSky/Blueprints/System/Editor_UI/UDS_CurrentVersion" 7885
"/Game/UltraDynamicSky/Blueprints/System/UDS_Modifier" 7886
"C:/Users/Admin/Desktop/MainProject/Mutants/Content/MainMenu/Shop/RenderMaterial.uasset" 7887
"C:/Users/Admin/Desktop/MainProject/Mutants/Content/ThirdPerson/Input/IMC_Default.uasset" 7888
"C:/Users/Admin/Desktop/MainProject/Mutants/Content/Stylized_NatureLite_JC/Materials/MasterMaterials/M_StylizedNatureLite_Tree_01.uasset" 7889
"../../../Engine/Content/EngineSky/M_Sky_Panning_Clouds2.uasset" 7890
"/Engine/EngineSky/M_Sky_Panning_Clouds2" 7891
"C:/Users/Admin/Desktop/MainProject/Mutants/Content/Stylized_NatureLite_JC/Materials/MasterMaterials/M_StylizedNatureLite_Terrain.uasset" 7892
"C:/Users/Admin/Desktop/MainProject/Mutants/Content/Stylized_NatureLite_JC/Materials/MasterMaterials/M_StylizedNatureLite_Rock.uasset" 7893
"C:/Users/Admin/Desktop/MainProject/Mutants/Content/UltraDynamicSky/Blueprints/System/RandomWeatherVariation_State.uasset" 7894
"C:/Users/Admin/Desktop/MainProject/Mutants/Content/UltraDynamicSky/Materials/Weather/Draw_Texture_Mat.uasset" 7895
"C:/Users/Admin/Desktop/MainProject/Mutants/Content/UltraDynamicSky/Blueprints/System/UDS_OcclusionSettings.uasset" 7896
"C:/Users/Admin/Desktop/MainProject/Mutants/Content/UltraDynamicSky/Materials/Material_Functions/SC_DirectionalScattering.uasset" 7897
"C:/Users/Admin/Desktop/MainProject/Mutants/Content/StarterContent/Props/Materials/M_TableRound.uasset" 7898
"../../../Engine/Content/Functions/Engine_MaterialFunctions01/ImageAdjustment/CheapContrast.uasset" 7899
"C:/Users/Admin/Desktop/MainProject/Mutants/Content/Lobby/Widgets/BP_EndMatchItem.uasset" 7900
"C:/Users/Admin/Desktop/MainProject/Mutants/Content/MainMenu/ST_ShopParts.uasset" 7901
"C:/Users/Admin/Desktop/MainProject/Mutants/Content/Lobby/Widgets/BP_Health.uasset" 7902
"/Game/Stylized_NatureLite_JC/Materials/MasterMaterials/M_StylizedNatureLite_Tree_01" 7903
"C:/Users/Admin/Desktop/MainProject/Mutants/Content/Characters/CableMan/Head/Material_020.uasset" 7904
"C:/Users/Admin/Desktop/MainProject/Mutants/Content/Characters/CableMan/Head/Material_018.uasset" 7905
"C:/Users/Admin/Desktop/MainProject/Mutants/Content/Characters/Goblin/MouthGoblin.uasset" 7906
"C:/Users/Admin/Desktop/MainProject/Mutants/Content/Characters/Goblin/HeadGoblin_001.uasset" 7907
"C:/Users/Admin/Desktop/MainProject/Mutants/Content/Characters/Goblin/EyeGoblin.uasset" 7908
"C:/Users/Admin/Desktop/MainProject/Mutants/Content/Characters/Goblin/TorsoGoblin.uasset" 7909
"C:/Users/Admin/Desktop/MainProject/Mutants/Content/Characters/Goblin/HandRU.uasset" 7910
"C:/Users/Admin/Desktop/MainProject/Mutants/Content/Characters/Goblin/LegLU.uasset" 7911
"C:/Users/Admin/Desktop/MainProject/Mutants/Content/Characters/Goblin/HandLLGoblin.uasset" 7912
"/Game/ThirdPerson/Input/IMC_Default" 7913
"C:/Users/Admin/Desktop/MainProject/Mutants/Content/Characters/Mannequins/Animations/Manny/MM_Walk_InPlace.uasset" 7914
"/Game/MainMenu/Shop/RenderMaterial" 7915
"/Game/Characters/Mannequins/Animations/Manny/MM_Walk_InPlace" 7916
"C:/Users/Admin/Desktop/MainProject/Mutants/Content/UltraDynamicSky/Materials/PathTracer_ExpHeightFog.uasset" 7917
"C:/Users/Admin/Desktop/MainProject/Mutants/Content/UltraDynamicSky/Materials/Material_Functions/Caustic_Refraction_Light.uasset" 7918
"C:/Users/Admin/Desktop/MainProject/Mutants/Content/UltraDynamicSky/Materials/Material_Functions/Volumetric_Clouds_Conservative_Density.uasset" 7919
"/Game/Characters/Goblin/HandLLGoblin" 7920
"/Game/Characters/Goblin/LegLU" 7921
"/Game/Characters/Goblin/HandRU" 7922
"/Game/Characters/Goblin/TorsoGoblin" 7923
"/Game/Characters/Goblin/EyeGoblin" 7924
"/Game/Characters/Goblin/HeadGoblin_001" 7925
"/Game/Characters/Goblin/MouthGoblin" 7926
"/Game/Characters/CableMan/Head/Material_018" 7927
"/Game/Characters/CableMan/Head/Material_020" 7928
"C:/Users/Admin/Desktop/MainProject/Mutants/Content/UltraDynamicSky/Materials/Material_Functions/Lens_Flare_Element.uasset" 7929
"/Game/Lobby/Widgets/BP_Health" 7930
"/Game/MainMenu/ST_ShopParts" 7931
"/Game/Lobby/Widgets/BP_EndMatchItem" 7932
"/Engine/Functions/Engine_MaterialFunctions01/ImageAdjustment/CheapContrast" 7933
"/Game/StarterContent/Props/Materials/M_TableRound" 7934
"/Game/UltraDynamicSky/Blueprints/System/UDS_Space_Planet" 7935
"/Game/UltraDynamicSky/Blueprints/System/UDS_OcclusionSettings" 7936
"/Game/UltraDynamicSky/Materials/Weather/Draw_Texture_Mat" 7937
"/Game/UltraDynamicSky/Blueprints/System/RandomWeatherVariation_State" 7938
"/Game/UltraDynamicSky/Materials/Material_Functions/SC_DirectionalScattering" 7939
"/Game/Stylized_NatureLite_JC/Materials/MasterMaterials/M_StylizedNatureLite_Rock" 7940
"/Game/Stylized_NatureLite_JC/Materials/MasterMaterials/M_StylizedNatureLite_Terrain" 7941
"/Game/UltraDynamicSky/Materials/Material_Functions/Volumetric_Clouds_Conservative_Density" 7942
"/Game/UltraDynamicSky/Materials/PathTracer_ExpHeightFog" 7943
"/Game/UltraDynamicSky/Materials/Material_Functions/Lens_Flare_Element" 7944
"/Game/UltraDynamicSky/Materials/Material_Functions/Caustic_Refraction_Light" 7945
"C:/Users/Admin/Desktop/MainProject/Mutants/Content/Characters/Mannequins/Animations/AS_RightHook.uasset" 7946
"C:/Users/Admin/Desktop/MainProject/Mutants/Content/Characters/Mannequins/Animations/AS_LeftHook.uasset" 7947
"C:/Users/Admin/Desktop/MainProject/Mutants/Content/Characters/Mannequins/Animations/Manny/MM_Fall_Loop.uasset" 7948
"C:/Users/Admin/Desktop/MainProject/Mutants/Content/Characters/Mannequins/Animations/Manny/MM_Jump.uasset" 7949
"C:/Users/Admin/Desktop/MainProject/Mutants/Content/Characters/Mannequins/Animations/Manny/MM_Land.uasset" 7950
"C:/Users/Admin/Desktop/MainProject/Mutants/Content/Characters/Mannequins/Animations/Manny/MM_Idle.uasset" 7951
"C:/Users/Admin/Desktop/MainProject/Mutants/Content/Characters/Mannequins/Animations/Manny/MM_Run_Fwd.uasset" 7952
"C:/Users/Admin/Desktop/MainProject/Mutants/Content/Characters/Mannequins/Animations/Manny/MM_Walk_Fwd.uasset" 7953
"C:/Users/Admin/Desktop/MainProject/Mutants/Content/Characters/Goblin/HandRL.uasset" 7954
"C:/Users/Admin/Desktop/MainProject/Mutants/Content/Characters/Goblin/LegRU.uasset" 7955
"C:/Users/Admin/Desktop/MainProject/Mutants/Content/Characters/Goblin/LegRLGoblin.uasset" 7956
"C:/Users/Admin/Desktop/MainProject/Mutants/Content/Characters/Goblin/HandLU.uasset" 7957
"C:/Users/Admin/Desktop/MainProject/Mutants/Content/Characters/Goblin/LegLL.uasset" 7958
"C:/Users/Admin/Desktop/MainProject/Mutants/Content/BloodBundle/RealisticBlood/_Commons/Materials/Decals/M_LiquidDecalBase.uasset" 7959
"/Game/Characters/Mannequins/Animations/Manny/MM_Idle" 7960
"C:/Users/Admin/Desktop/MainProject/Mutants/Content/UltraDynamicSky/Materials/Material_Functions/Sample_Weather_Mask_Brushes.uasset" 7961
"C:/Users/Admin/Desktop/MainProject/Mutants/Content/UltraDynamicSky/Materials/Weather/Projection_Box_Mask.uasset" 7962
"C:/Users/Admin/Desktop/MainProject/Mutants/Content/UltraDynamicSky/Materials/Weather/Projection_Box_Height.uasset" 7963
"C:/Users/Admin/Desktop/MainProject/Mutants/Content/UltraDynamicSky/Materials/Weather/Snow_Fade_Target_Mat.uasset" 7964
"C:/Users/Admin/Desktop/MainProject/Mutants/Content/UltraDynamicSky/Materials/Weather/DLWE_Trail_Pixel_Operation.uasset" 7965
"C:/Users/Admin/Desktop/MainProject/Mutants/Content/UltraDynamicSky/Blueprints/Weather_Effects/System/UDS_Climate_Preset.uasset" 7966
"C:/Users/Admin/Desktop/MainProject/Mutants/Content/UltraDynamicSky/Materials/Material_Functions/Sample_WOV_Target.uasset" 7967
"C:/Users/Admin/Desktop/MainProject/Mutants/Content/Characters/Store/Torsos/Material.uasset" 7968
"C:/Users/Admin/Desktop/MainProject/Mutants/Content/Characters/Mannequins/Rigs/CR_Mannequin_BasicFootIK.uasset" 7969
"C:/Users/Admin/Desktop/MainProject/Mutants/Content/Characters/Mannequins/Rigs/CR_Mannequin_Procedural.uasset" 7970
"C:/Users/Admin/Desktop/MainProject/Mutants/Content/Characters/CableMan/Legs/Material_029.uasset" 7971
"C:/Users/Admin/Desktop/MainProject/Mutants/Content/UltraDynamicSky/Materials/Tools/Static_Clouds_Cubemap_Transform.uasset" 7972
"C:/Users/Admin/Desktop/MainProject/Mutants/Content/UltraDynamicSky/Blueprints/System/Editor_UI/Cloud_Profile_Tool/UDS_CloudProfile_Data.uasset" 7973
"C:/Users/Admin/Desktop/MainProject/Mutants/Content/UltraDynamicSky/Blueprints/System/Editor_UI/Cloud_Painter/Cloud_Painter_Settings.uasset" 7974
"C:/Users/Admin/Desktop/MainProject/Mutants/Content/UltraDynamicSky/Materials/Material_Functions/Cloud_Distribution.uasset" 7975
"C:/Users/Admin/Desktop/MainProject/Mutants/Content/UltraDynamicSky/Blueprints/System/Editor_UI/UDS_Readme_Entries.uasset" 7976
"C:/Users/Admin/Desktop/MainProject/Mutants/Content/Stylized_NatureLite_JC/Materials/MasterMaterials/M_StylizedNatureLite_Plants.uasset" 7977
"C:/Users/Admin/Desktop/MainProject/Mutants/Content/UltraDynamicSky/Materials/Material_Functions/2D_Cloud_Shadows_MF.uasset" 7978
"/Game/Characters/Mannequins/Animations/Manny/MM_Land" 7979
"/Game/Characters/Mannequins/Animations/Manny/MM_Jump" 7980
"/Game/BloodBundle/RealisticBlood/_Commons/Materials/Decals/M_LiquidDecalBase" 7981
"/Game/Characters/Mannequins/Animations/Manny/MM_Fall_Loop" 7982
"/Game/Characters/Goblin/LegLL" 7983
"/Game/Characters/Goblin/HandLU" 7984
"/Game/Characters/Mannequins/Animations/AS_LeftHook" 7985
"/Game/Characters/Goblin/LegRLGoblin" 7986
"/Game/Characters/Goblin/LegRU" 7987
"/Game/Characters/Goblin/HandRL" 7988
"/Game/Characters/Mannequins/Animations/AS_RightHook" 7989
"/Game/Characters/Mannequins/Animations/Manny/MM_Walk_Fwd" 7990
"/Game/Characters/Mannequins/Animations/Manny/MM_Run_Fwd" 7991
"C:/Users/Admin/Desktop/MainProject/Mutants/Content/Characters/Spok/HandLLSpok.uasset" 7992
"C:/Users/Admin/Desktop/MainProject/Mutants/Content/Characters/Loh/FBX/LegLLLoh_001.uasset" 7993
"C:/Users/Admin/Desktop/MainProject/Mutants/Content/Characters/Spok/Material_038.uasset" 7994
"/Game/UltraDynamicSky/Materials/Material_Functions/Sample_WOV_Target" 7995
"C:/Users/Admin/Desktop/MainProject/Mutants/Content/Characters/Store/Heads/RoboHead.uasset" 7996
"C:/Users/Admin/Desktop/MainProject/Mutants/Content/Characters/CableMan/TorsoUpdate/Torso_Cable8.uasset" 7997
"C:/Users/Admin/Desktop/MainProject/Mutants/Content/Characters/CableMan/TorsoUpdate/Torso_Cable6.uasset" 7998
"C:/Users/Admin/Desktop/MainProject/Mutants/Content/Characters/CableMan/TorsoUpdate/Torso_Cable1.uasset" 7999
"C:/Users/Admin/Desktop/MainProject/Mutants/Content/Characters/CableMan/TorsoUpdate/Torso_Cable2.uasset" 8000
"C:/Users/Admin/Desktop/MainProject/Mutants/Content/Characters/CableMan/TorsoUpdate/Torso_Cable4.uasset" 8001
"C:/Users/Admin/Desktop/MainProject/Mutants/Content/Characters/CableMan/TorsoUpdate/Torso_Cable5.uasset" 8002
"C:/Users/Admin/Desktop/MainProject/Mutants/Content/Characters/CableMan/TorsoUpdate/Torso_Cable7.uasset" 8003
"C:/Users/Admin/Desktop/MainProject/Mutants/Content/Characters/Loh/FBX/HandLLLoh.uasset" 8004
"C:/Users/Admin/Desktop/MainProject/Mutants/Content/Characters/CableMan/Legs/LegLeftUpper_Cable9.uasset" 8005
"C:/Users/Admin/Desktop/MainProject/Mutants/Content/Characters/Uzbek/HandRLUzbek.uasset" 8006
"/Game/UltraDynamicSky/Blueprints/Weather_Effects/System/UDS_Climate_Preset" 8007
"/Game/UltraDynamicSky/Materials/Weather/DLWE_Trail_Pixel_Operation" 8008
"/Game/UltraDynamicSky/Materials/Weather/Snow_Fade_Target_Mat" 8009
"/Game/UltraDynamicSky/Blueprints/System/Editor_UI/Cloud_Profile_Tool/UDS_CloudProfile_Data" 8010
"/Game/UltraDynamicSky/Blueprints/System/Editor_UI/UDS_Readme_Entries" 8011
"/Game/UltraDynamicSky/Blueprints/System/Editor_UI/Cloud_Painter/Cloud_Painter_Settings" 8012
"/Game/UltraDynamicSky/Materials/Tools/Static_Clouds_Cubemap_Transform" 8013
"/Game/UltraDynamicSky/Materials/Weather/Projection_Box_Mask" 8014
"/Game/UltraDynamicSky/Materials/Weather/Projection_Box_Height" 8015
"/Game/Characters/CableMan/Legs/Material_029" 8016
"/Game/UltraDynamicSky/Materials/Material_Functions/Sample_Weather_Mask_Brushes" 8017
"/Game/UltraDynamicSky/Materials/Material_Functions/2D_Cloud_Shadows_MF" 8018
"/Game/UltraDynamicSky/Materials/Material_Functions/Cloud_Distribution" 8019
"/Game/Stylized_NatureLite_JC/Materials/MasterMaterials/M_StylizedNatureLite_Plants" 8020
"/Game/Characters/Mannequins/Rigs/CR_Mannequin_Procedural" 8021
"/Game/Characters/Mannequins/Rigs/CR_Mannequin_BasicFootIK" 8022
"/Game/Characters/Store/Torsos/Material" 8023
"/Game/Characters/Spok/HandLLSpok" 8024
"C:/Users/Admin/Desktop/MainProject/Mutants/Content/Characters/CableMan/Legs/LegLeftUpper_Cable2.uasset" 8025
"C:/Users/Admin/Desktop/MainProject/Mutants/Content/Characters/CableMan/Legs/LegLeftUpper_Cable3.uasset" 8026
"/Game/Characters/CableMan/Legs/LegLeftUpper_Cable9" 8027
"C:/Users/Admin/Desktop/MainProject/Mutants/Content/Characters/CableMan/Legs/LegLeftUpper_Cable4.uasset" 8028
"C:/Users/Admin/Desktop/MainProject/Mutants/Content/Characters/CableMan/Legs/LegLeftUpper_Cable6.uasset" 8029
"C:/Users/Admin/Desktop/MainProject/Mutants/Content/Characters/CableMan/Legs/LegLeftUpper_Cable7.uasset" 8030
"C:/Users/Admin/Desktop/MainProject/Mutants/Content/Characters/CableMan/Legs/LegLeftUpper_Cable5.uasset" 8031
"C:/Users/Admin/Desktop/MainProject/Mutants/Content/Characters/CableMan/Legs/LegLeftUpper_Cable11.uasset" 8032
"C:/Users/Admin/Desktop/MainProject/Mutants/Content/Characters/CableMan/Legs/LegLeftUpper_Cable10.uasset" 8033
"C:/Users/Admin/Desktop/MainProject/Mutants/Content/Characters/CableMan/Legs/LegLeftUpper_Cable8.uasset" 8034
"C:/Users/Admin/Desktop/MainProject/Mutants/Content/Characters/CableMan/Legs/LegLeftUpper_Cable1.uasset" 8035
"C:/Users/Admin/Desktop/MainProject/Mutants/Content/Characters/Loh/FBX/LegRightUpper_Loh1.uasset" 8036
"C:/Users/Admin/Desktop/MainProject/Mutants/Content/Characters/Loh/FBX/LegRightUpper_Loh2.uasset" 8037
"C:/Users/Admin/Desktop/MainProject/Mutants/Content/Characters/Loh/FBX/LegRightUpper_Loh4.uasset" 8038
"C:/Users/Admin/Desktop/MainProject/Mutants/Content/Characters/Loh/FBX/LegRightUpper_Loh3.uasset" 8039
"C:/Users/Admin/Desktop/MainProject/Mutants/Content/Characters/Spok/LegRUSpok.uasset" 8040
"C:/Users/Admin/Desktop/MainProject/Mutants/Content/Characters/Spok/LegRLSpok.uasset" 8041
"C:/Users/Admin/Desktop/MainProject/Mutants/Content/Characters/Spok/HandRLSpok.uasset" 8042
"C:/Users/Admin/Desktop/MainProject/Mutants/Content/Characters/Spok/LegLLSpok.uasset" 8043
"C:/Users/Admin/Desktop/MainProject/Mutants/Content/Characters/Spok/HeadSpok.uasset" 8044
"/Game/Characters/Uzbek/HandRLUzbek" 8045
"/Game/Characters/Loh/FBX/HandLLLoh" 8046
"/Game/Characters/CableMan/TorsoUpdate/Torso_Cable5" 8047
"/Game/Characters/CableMan/TorsoUpdate/Torso_Cable7" 8048
"/Game/Characters/CableMan/TorsoUpdate/Torso_Cable4" 8049
"/Game/Characters/CableMan/TorsoUpdate/Torso_Cable2" 8050
"/Game/Characters/CableMan/TorsoUpdate/Torso_Cable1" 8051
"/Game/Characters/CableMan/TorsoUpdate/Torso_Cable6" 8052
"/Game/Characters/CableMan/TorsoUpdate/Torso_Cable8" 8053
"/Game/Characters/Store/Heads/RoboHead" 8054
"/Game/Characters/Spok/Material_038" 8055
"/Game/Characters/Loh/FBX/LegLLLoh_001" 8056
"C:/Users/Admin/Desktop/MainProject/Mutants/Content/Characters/Spok/HandRUSpok.uasset" 8057
"C:/Users/Admin/Desktop/MainProject/Mutants/Content/Characters/Loh/FBX/HandRLLoh_001.uasset" 8058
"/Game/Characters/Spok/HeadSpok" 8059
"C:/Users/Admin/Desktop/MainProject/Mutants/Content/Characters/CableMan/Legs/Material_037.uasset" 8060
"C:/Users/Admin/Desktop/MainProject/Mutants/Content/Characters/Loh/FBX/HandRULoh_001.uasset" 8061
"C:/Users/Admin/Desktop/MainProject/Mutants/Content/Characters/Uzbek/TorsoUzbek.uasset" 8062
"C:/Users/Admin/Desktop/MainProject/Mutants/Content/Characters/CableMan/Legs/LegLeftLower_Cable3.uasset" 8063
"C:/Users/Admin/Desktop/MainProject/Mutants/Content/Characters/CableMan/Legs/LegLeftLower_Cable2.uasset" 8064
"C:/Users/Admin/Desktop/MainProject/Mutants/Content/Characters/CableMan/Legs/LegLeftLower_Cable5.uasset" 8065
"C:/Users/Admin/Desktop/MainProject/Mutants/Content/Characters/CableMan/Legs/LegLeftLower_Cable6.uasset" 8066
"C:/Users/Admin/Desktop/MainProject/Mutants/Content/Characters/CableMan/Legs/LegLeftLower_Cable4.uasset" 8067
"C:/Users/Admin/Desktop/MainProject/Mutants/Content/Characters/CableMan/Head/Material_017.uasset" 8068
"C:/Users/Admin/Desktop/MainProject/Mutants/Content/Characters/CableMan/Head/Material_019.uasset" 8069
"C:/Users/Admin/Desktop/MainProject/Mutants/Content/Characters/CableMan/Head/Material_016.uasset" 8070
"/Game/Characters/Spok/LegLLSpok" 8071
"/Game/Characters/Spok/HandRLSpok" 8072
"/Game/Characters/Spok/LegRLSpok" 8073
"/Game/Characters/Spok/LegRUSpok" 8074
"/Game/Characters/Loh/FBX/LegRightUpper_Loh3" 8075
"/Game/Characters/Loh/FBX/LegRightUpper_Loh4" 8076
"/Game/Characters/Loh/FBX/LegRightUpper_Loh2" 8077
"/Game/Characters/Loh/FBX/LegRightUpper_Loh1" 8078
"/Game/Characters/CableMan/Legs/LegLeftUpper_Cable1" 8079
"/Game/Characters/CableMan/Legs/LegLeftUpper_Cable8" 8080
"/Game/Characters/CableMan/Legs/LegLeftUpper_Cable10" 8081
"/Game/Characters/CableMan/Legs/LegLeftUpper_Cable11" 8082
"/Game/Characters/CableMan/Legs/LegLeftUpper_Cable5" 8083
"/Game/Characters/CableMan/Legs/LegLeftUpper_Cable7" 8084
"/Game/Characters/CableMan/Legs/LegLeftUpper_Cable6" 8085
"/Game/Characters/CableMan/Legs/LegLeftUpper_Cable4" 8086
"/Game/Characters/CableMan/Legs/LegLeftUpper_Cable3" 8087
"/Game/Characters/CableMan/Legs/LegLeftUpper_Cable2" 8088
"C:/Users/Admin/Desktop/MainProject/Mutants/Content/Characters/Uzbek/Material_015.uasset" 8089
"C:/Users/Admin/Desktop/MainProject/Mutants/Content/Characters/Uzbek/Material_014.uasset" 8090
"/Game/Characters/CableMan/Head/Material_016" 8091
"C:/Users/Admin/Desktop/MainProject/Mutants/Content/Characters/Uzbek/Material_009.uasset" 8092
"C:/Users/Admin/Desktop/MainProject/Mutants/Content/Characters/Uzbek/Material_013.uasset" 8093
"C:/Users/Admin/Desktop/MainProject/Mutants/Content/Characters/Uzbek/HandLUUzbek.uasset" 8094
"C:/Users/Admin/Desktop/MainProject/Mutants/Content/Characters/CableMan/Hands/HandRightUpper_Cable.uasset" 8095
"C:/Users/Admin/Desktop/MainProject/Mutants/Content/Characters/CableMan/Hands/HandLeftLower_Cable2.uasset" 8096
"C:/Users/Admin/Desktop/MainProject/Mutants/Content/Characters/CableMan/Hands/HandLeftLower_Cable1.uasset" 8097
"C:/Users/Admin/Desktop/MainProject/Mutants/Content/Characters/CableMan/Hands/HandRightLower_Cable1.uasset" 8098
"C:/Users/Admin/Desktop/MainProject/Mutants/Content/Characters/Loh/FBX/HeadLoh_001.uasset" 8099
"C:/Users/Admin/Desktop/MainProject/Mutants/Content/Characters/Store/Heads/MartianHead.uasset" 8100
"C:/Users/Admin/Desktop/MainProject/Mutants/Content/Characters/Store/Hands/Right/HandLower_Shovel.uasset" 8101
"C:/Users/Admin/Desktop/MainProject/Mutants/Content/Characters/Spok/TorsoSpok_001.uasset" 8102
"C:/Users/Admin/Desktop/MainProject/Mutants/Content/Characters/Store/Hands/Right/HandRightUpperRobo.uasset" 8103
"C:/Users/Admin/Desktop/MainProject/Mutants/Content/Characters/CableMan/Hands/HandLeftLower_Cable3.uasset" 8104
"C:/Users/Admin/Desktop/MainProject/Mutants/Content/Characters/Spok/HandLeftUpper_Spok.uasset" 8105
"C:/Users/Admin/Desktop/MainProject/Mutants/Content/Characters/Store/Torsos/mannequin.uasset" 8106
"C:/Users/Admin/Desktop/MainProject/Mutants/Content/Characters/Loh/FBX/TorsoLoh_001.uasset" 8107
"C:/Users/Admin/Desktop/MainProject/Mutants/Content/Characters/Uzbek/LegLUUzbek.uasset" 8108
"/Game/Characters/CableMan/Head/Material_019" 8109
"/Game/Characters/CableMan/Head/Material_017" 8110
"/Game/Characters/CableMan/Legs/LegLeftLower_Cable4" 8111
"/Game/Characters/CableMan/Legs/LegLeftLower_Cable6" 8112
"/Game/Characters/CableMan/Legs/LegLeftLower_Cable5" 8113
"/Game/Characters/CableMan/Legs/LegLeftLower_Cable2" 8114
"/Game/Characters/CableMan/Legs/LegLeftLower_Cable3" 8115
"/Game/Characters/Uzbek/TorsoUzbek" 8116
"/Game/Characters/Loh/FBX/HandRULoh_001" 8117
"/Game/Characters/CableMan/Legs/Material_037" 8118
"/Game/Characters/Loh/FBX/HandRLLoh_001" 8119
"/Game/Characters/Spok/HandRUSpok" 8120
"C:/Users/Admin/Desktop/MainProject/Mutants/Content/Characters/Uzbek/Material_001.uasset" 8121
"C:/Users/Admin/Desktop/MainProject/Mutants/Content/Characters/Store/Legs/LegLowerForms.uasset" 8122
"C:/Users/Admin/Desktop/MainProject/Mutants/Content/Characters/Uzbek/Material_039.uasset" 8123
"C:/Users/Admin/Desktop/MainProject/Mutants/Content/Characters/Store/Heads/CatHead.uasset" 8124
"C:/Users/Admin/Desktop/MainProject/Mutants/Content/Characters/CableMan/Hands/HandRightLower_Cable2.uasset" 8125
"C:/Users/Admin/Desktop/MainProject/Mutants/Content/Characters/CableMan/Hands/HandRightLower_Cable11.uasset" 8126
"C:/Users/Admin/Desktop/MainProject/Mutants/Content/Characters/CableMan/Hands/HandRightLower_Cable8.uasset" 8127
"/Game/Characters/Uzbek/LegLUUzbek" 8128
"C:/Users/Admin/Desktop/MainProject/Mutants/Content/Characters/CableMan/Hands/HandRightLower_Cable7.uasset" 8129
"C:/Users/Admin/Desktop/MainProject/Mutants/Content/Characters/CableMan/Hands/HandRightLower_Cable4.uasset" 8130
"C:/Users/Admin/Desktop/MainProject/Mutants/Content/Characters/CableMan/Hands/HandRightLower_Cable5.uasset" 8131
"C:/Users/Admin/Desktop/MainProject/Mutants/Content/Characters/CableMan/Hands/HandRightLower_Cable9.uasset" 8132
"C:/Users/Admin/Desktop/MainProject/Mutants/Content/Characters/CableMan/Hands/HandRightLower_Cable10.uasset" 8133
"C:/Users/Admin/Desktop/MainProject/Mutants/Content/Characters/CableMan/Hands/HandRightLower_Cable3.uasset" 8134
"/Game/Characters/Store/Torsos/mannequin" 8135
"/Game/Characters/Loh/FBX/TorsoLoh_001" 8136
"/Game/Characters/Spok/HandLeftUpper_Spok" 8137
"/Game/Characters/CableMan/Hands/HandLeftLower_Cable3" 8138
"/Game/Characters/Store/Hands/Right/HandRightUpperRobo" 8139
"/Game/Characters/Spok/TorsoSpok_001" 8140
"/Game/Characters/Store/Hands/Right/HandLower_Shovel" 8141
"/Game/Characters/Store/Heads/MartianHead" 8142
"/Game/Characters/Loh/FBX/HeadLoh_001" 8143
"/Game/Characters/CableMan/Hands/HandRightLower_Cable1" 8144
"/Game/Characters/CableMan/Hands/HandLeftLower_Cable1" 8145
"/Game/Characters/CableMan/Hands/HandLeftLower_Cable2" 8146
"/Game/Characters/CableMan/Hands/HandRightUpper_Cable" 8147
"/Game/Characters/Uzbek/HandLUUzbek" 8148
"/Game/Characters/Uzbek/Material_013" 8149
"/Game/Characters/Uzbek/Material_009" 8150
"/Game/Characters/Store/Heads/CatHead" 8151
"/Game/Characters/Uzbek/Material_039" 8152
"/Game/Characters/Store/Legs/LegLowerForms" 8153
"/Game/Characters/Uzbek/Material_014" 8154
"/Game/Characters/Uzbek/Material_015" 8155
"/Game/Characters/Uzbek/Material_001" 8156
"C:/Users/Admin/Desktop/MainProject/Mutants/Content/Characters/CableMan/Hands/HandRightLower_Cable6.uasset" 8157
"C:/Users/Admin/Desktop/MainProject/Mutants/Content/Characters/CableMan/Hands/HandLeftUpper_Cable1.uasset" 8158
"/Game/Characters/CableMan/Hands/HandRightLower_Cable3" 8159
"C:/Users/Admin/Desktop/MainProject/Mutants/Content/Characters/CableMan/Hands/HandRightLower_Cable15.uasset" 8160
"C:/Users/Admin/Desktop/MainProject/Mutants/Content/Characters/CableMan/Hands/HandRightLower_Cable14.uasset" 8161
"C:/Users/Admin/Desktop/MainProject/Mutants/Content/Characters/CableMan/Hands/HandRightLower_Cable13.uasset" 8162
"C:/Users/Admin/Desktop/MainProject/Mutants/Content/Characters/CableMan/Hands/HandRightLower_Cable12.uasset" 8163
"C:/Users/Admin/Desktop/MainProject/Mutants/Content/Characters/Store/Heads/MashroomHead.uasset" 8164
"C:/Users/Admin/Desktop/MainProject/Mutants/Content/Characters/Store/Legs/stand.uasset" 8165
"C:/Users/Admin/Desktop/MainProject/Mutants/Content/Characters/Uzbek/HeadUzbek_001.uasset" 8166
"C:/Users/Admin/Desktop/MainProject/Mutants/Content/Characters/Uzbek/Eye2Uzbek.uasset" 8167
"C:/Users/Admin/Desktop/MainProject/Mutants/Content/Characters/Uzbek/MouthUzbek.uasset" 8168
"C:/Users/Admin/Desktop/MainProject/Mutants/Content/Characters/Uzbek/Eye3Uzbek.uasset" 8169
"C:/Users/Admin/Desktop/MainProject/Mutants/Content/Characters/Uzbek/Eye1Uzbek.uasset" 8170
"C:/Users/Admin/Desktop/MainProject/Mutants/Content/Characters/Loh/FBX/LegRLLoh_001.uasset" 8171
"C:/Users/Admin/Desktop/MainProject/Mutants/Content/Characters/Uzbek/HandRUUzbek.uasset" 8172
"C:/Users/Admin/Desktop/MainProject/Mutants/Content/Characters/Loh/FBX/LegLeftUpper_Loh.uasset" 8173
"C:/Users/Admin/Desktop/MainProject/Mutants/Content/Characters/Store/Hands/Right/HandRightLowerRobo1.uasset" 8174
"C:/Users/Admin/Desktop/MainProject/Mutants/Content/Characters/Uzbek/HandLLUzbek.uasset" 8175
"/Game/Characters/CableMan/Hands/HandRightLower_Cable10" 8176
"C:/Users/Admin/Desktop/MainProject/Mutants/Content/Characters/Loh/FBX/HandLULoh_001.uasset" 8177
"C:/Users/Admin/Desktop/MainProject/Mutants/Content/Characters/CableMan/Hands/HandLeftUpper_Cable2.uasset" 8178
"C:/Users/Admin/Desktop/MainProject/Mutants/Content/Characters/CableMan/Hands/HandLeftUpper_Cable3.uasset" 8179
"/Game/Characters/CableMan/Hands/HandRightLower_Cable9" 8180
"C:/Users/Admin/Desktop/MainProject/Mutants/Content/UltraDynamicSky/Blueprints/System/UDS_Volume_Actor.uasset" 8181
"C:/Users/Admin/Desktop/MainProject/Mutants/Content/BloodBundle/RealisticBlood/_Commons/Materials/Smokes/M_Smoke.uasset" 8182
"/Game/Characters/CableMan/Hands/HandRightLower_Cable5" 8183
"/Game/Characters/CableMan/Hands/HandRightLower_Cable7" 8184
"/Game/Characters/CableMan/Hands/HandRightLower_Cable4" 8185
"/Game/Characters/CableMan/Hands/HandRightLower_Cable8" 8186
"/Game/Characters/CableMan/Hands/HandRightLower_Cable11" 8187
"/Game/Characters/CableMan/Hands/HandRightLower_Cable2" 8188
"/Game/UltraDynamicSky/Blueprints/System/UDS_Volume_Actor" 8189
"../../../Engine/Content/Functions/Engine_MaterialFunctions02/Math/ManualWorldToScreenUVsTransform.uasset" 8190
"C:/Users/Admin/Desktop/MainProject/Mutants/Content/UltraDynamicSky/Blueprints/System/Editor_UI/Cloud_Painter/Cloud_Painter_Brush_Mat.uasset" 8191
"C:/Users/Admin/Desktop/MainProject/Mutants/Content/UltraDynamicSky/Materials/Weather/DLWE_Brush.uasset" 8192
"C:/Users/Admin/Desktop/MainProject/Mutants/Content/UltraDynamicSky/Blueprints/System/Editor_UI/Cloud_Painter/Cloud_Painter_Draw_Panel_Mat.uasset" 8193
"C:/Users/Admin/Desktop/MainProject/Mutants/Content/UltraDynamicSky/Sound/Wind/Wind_Whistling.uasset" 8194
"C:/Users/Admin/Desktop/MainProject/Mutants/Content/UltraDynamicSky/Sound/Close_Thunder/CloseThunder_1.uasset" 8195
"C:/Users/Admin/Desktop/MainProject/Mutants/Content/UltraDynamicSky/Sound/Close_Thunder/CloseThunder_2.uasset" 8196
"C:/Users/Admin/Desktop/MainProject/Mutants/Content/UltraDynamicSky/Sound/Close_Thunder/CloseThunder_3.uasset" 8197
"C:/Users/Admin/Desktop/MainProject/Mutants/Content/UltraDynamicSky/Sound/Close_Thunder/CloseThunder_4.uasset" 8198
"/Game/BloodBundle/RealisticBlood/_Commons/Materials/Smokes/M_Smoke" 8199
"/Game/Characters/CableMan/Hands/HandLeftUpper_Cable3" 8200
"/Game/Characters/CableMan/Hands/HandLeftUpper_Cable2" 8201
"/Game/Characters/Loh/FBX/HandLULoh_001" 8202
"/Game/Characters/Uzbek/HandLLUzbek" 8203
"/Game/Characters/Store/Hands/Right/HandRightLowerRobo1" 8204
"/Game/Characters/Loh/FBX/LegLeftUpper_Loh" 8205
"/Game/Characters/Uzbek/HandRUUzbek" 8206
"/Game/Characters/Loh/FBX/LegRLLoh_001" 8207
"/Game/Characters/Uzbek/Eye1Uzbek" 8208
"/Game/Characters/Uzbek/Eye3Uzbek" 8209
"/Game/Characters/Uzbek/MouthUzbek" 8210
"/Game/Characters/Uzbek/Eye2Uzbek" 8211
"/Game/Characters/Uzbek/HeadUzbek_001" 8212
"/Game/Characters/Store/Legs/stand" 8213
"/Game/Characters/Store/Heads/MashroomHead" 8214
"/Game/Characters/CableMan/Hands/HandRightLower_Cable12" 8215
"/Game/Characters/CableMan/Hands/HandRightLower_Cable13" 8216
"/Game/Characters/CableMan/Hands/HandRightLower_Cable14" 8217
"/Game/Characters/CableMan/Hands/HandRightLower_Cable15" 8218
"/Game/Characters/CableMan/Hands/HandLeftUpper_Cable1" 8219
"/Game/Characters/CableMan/Hands/HandRightLower_Cable6" 8220
"/Game/UltraDynamicSky/Sound/Close_Thunder/CloseThunder_4" 8221
"../../../../../../Users/Admin/Desktop/MainProject/Mutants/Content/UltraDynamicSky/Sound/Close_Thunder/CloseThunder_4.uasset" 8222
"/Game/UltraDynamicSky/Sound/Close_Thunder/CloseThunder_3" 8223
"../../../../../../Users/Admin/Desktop/MainProject/Mutants/Content/UltraDynamicSky/Sound/Close_Thunder/CloseThunder_3.uasset" 8224
"/Game/UltraDynamicSky/Sound/Close_Thunder/CloseThunder_2" 8225
"/Game/UltraDynamicSky/Sound/Close_Thunder/CloseThunder_1" 8226
"../../../../../../Users/Admin/Desktop/MainProject/Mutants/Content/UltraDynamicSky/Sound/Close_Thunder/CloseThunder_1.uasset" 8227
"C:/Users/Admin/Desktop/MainProject/Mutants/Content/UltraDynamicSky/Sound/Close_Thunder/CloseThunder_5.uasset" 8228
"C:/Users/Admin/Desktop/MainProject/Mutants/Content/UltraDynamicSky/Sound/Close_Thunder/CloseThunder_6.uasset" 8229
"/Game/UltraDynamicSky/Sound/Wind/Wind_Whistling" 8230
"../../../../../../Users/Admin/Desktop/MainProject/Mutants/Content/UltraDynamicSky/Sound/Wind/Wind_Whistling.uasset" 8231
"/Game/UltraDynamicSky/Materials/Weather/DLWE_Brush" 8232
"/Game/UltraDynamicSky/Blueprints/System/Editor_UI/Cloud_Painter/Cloud_Painter_Draw_Panel_Mat" 8233
"/Game/UltraDynamicSky/Blueprints/System/Editor_UI/Cloud_Painter/Cloud_Painter_Brush_Mat" 8234
"/Engine/Functions/Engine_MaterialFunctions02/Math/ManualWorldToScreenUVsTransform" 8235
"C:/Users/Admin/Desktop/MainProject/Mutants/Content/UltraDynamicSky/Sound/Rain/MediumRain_1.uasset" 8236
"C:/Users/Admin/Desktop/MainProject/Mutants/Content/UltraDynamicSky/Sound/Rain/MediumRain_2.uasset" 8237
"/Game/UltraDynamicSky/Sound/Rain/MediumRain_2" 8238
"/Game/UltraDynamicSky/Sound/Rain/MediumRain_1" 8239
"C:/Users/Admin/Desktop/MainProject/Mutants/Content/UltraDynamicSky/Sound/Rain/MediumRain_4.uasset" 8240
"C:/Users/Admin/Desktop/MainProject/Mutants/Content/UltraDynamicSky/Sound/Rain/MediumRain_3.uasset" 8241
"C:/Users/Admin/Desktop/MainProject/Mutants/Content/UltraDynamicSky/Sound/Rain/RainHit_1.uasset" 8242
"/Game/UltraDynamicSky/Sound/Close_Thunder/CloseThunder_6" 8243
"../../../../../../Users/Admin/Desktop/MainProject/Mutants/Content/UltraDynamicSky/Sound/Close_Thunder/CloseThunder_6.uasset" 8244
"/Game/UltraDynamicSky/Sound/Close_Thunder/CloseThunder_5" 8245
"/Game/UltraDynamicSky/Sound/Rain/RainHit_1" 8246
"../../../../../../Users/Admin/Desktop/MainProject/Mutants/Content/UltraDynamicSky/Sound/Rain/RainHit_1.uasset" 8247
"/Game/UltraDynamicSky/Sound/Rain/MediumRain_4" 8248
"/Game/UltraDynamicSky/Sound/Rain/MediumRain_3" 8249
"C:/Users/Admin/Desktop/MainProject/Mutants/Content/UltraDynamicSky/Sound/Rain/RainHit_3.uasset" 8250
"C:/Users/Admin/Desktop/MainProject/Mutants/Content/UltraDynamicSky/Sound/Rain/RainHit_2.uasset" 8251
"C:/Users/Admin/Desktop/MainProject/Mutants/Content/UltraDynamicSky/Sound/Rain/LightRain_1.uasset" 8252
"C:/Users/Admin/Desktop/MainProject/Mutants/Content/UltraDynamicSky/Meshes/Brush_Square.uasset" 8253
"/Game/UltraDynamicSky/Sound/Rain/LightRain_1" 8254
"C:/Users/Admin/Desktop/MainProject/Mutants/Content/UltraDynamicSky/Meshes/Brush_Cube.uasset" 8255
"../../../Engine/Plugins/Fab/Content/Materials/Standard/M_MS_Base.uasset" 8256
"/Game/UltraDynamicSky/Sound/Rain/RainHit_3" 8257
"../../../../../../Users/Admin/Desktop/MainProject/Mutants/Content/UltraDynamicSky/Sound/Rain/RainHit_3.uasset" 8258
"/Game/UltraDynamicSky/Sound/Rain/RainHit_2" 8259
"../../../../../../Users/Admin/Desktop/MainProject/Mutants/Content/UltraDynamicSky/Sound/Rain/RainHit_2.uasset" 8260
"/Fab/Materials/Standard/M_MS_Base" 8261
"/Game/UltraDynamicSky/Meshes/Brush_Cube" 8262
"/Game/UltraDynamicSky/Meshes/Brush_Square" 8263
"C:/Users/Admin/Desktop/MainProject/Mutants/Content/UltraDynamicSky/Sound/Rain/LightRain_2.uasset" 8264
"C:/Users/Admin/Desktop/MainProject/Mutants/Content/UltraDynamicSky/Materials/Material_Functions/Shading_Gradients.uasset" 8265
"C:/Users/Admin/Desktop/MainProject/Mutants/Content/UltraDynamicSky/Sound/Rain/LightRain_4.uasset" 8266
"C:/Users/Admin/Desktop/MainProject/Mutants/Content/UltraDynamicSky/Sound/Rain/LightRain_3.uasset" 8267
"/Game/UltraDynamicSky/Materials/Material_Functions/Shading_Gradients" 8268
"/Game/UltraDynamicSky/Sound/Rain/LightRain_4" 8269
"/Game/UltraDynamicSky/Sound/Rain/LightRain_3" 8270
"../../../Engine/Content/Functions/Engine_MaterialFunctions01/Gradient/RadialGradientExponential.uasset" 8271
"/Game/UltraDynamicSky/Sound/Rain/LightRain_2" 8272
"/Engine/Functions/Engine_MaterialFunctions01/Gradient/RadialGradientExponential" 8273
"C:/Users/Admin/Desktop/MainProject/Mutants/Content/UltraDynamicSky/Materials/Material_Functions/Rain_Splash_Droplet_Sprite.uasset" 8274
"C:/Users/Admin/Desktop/MainProject/Mutants/Content/UltraDynamicSky/Materials/Weather/Rain_Spot_Decal.uasset" 8275
"C:/Users/Admin/Desktop/MainProject/Mutants/Content/UltraDynamicSky/Materials/Weather/Stuck_Snow_Decal_Mat.uasset" 8276
"C:/Users/Admin/Desktop/MainProject/Mutants/Content/Characters/Mannequins/Materials/Functions/CA_Mannequin.uasset" 8277
"C:/Users/Admin/Desktop/MainProject/Mutants/Content/UltraDynamicSky/Materials/Material_Functions/DLWE_VariationClouds.uasset" 8278
"C:/Users/Admin/Desktop/MainProject/Mutants/Content/UltraDynamicSky/Blueprints/System/Editor_UI/UDS_Glossary_Entry.uasset" 8279
"C:/Users/Admin/Desktop/MainProject/Mutants/Content/UltraDynamicSky/Materials/Space/Space_Planet_Glow_Mat.uasset" 8280
"C:/Users/Admin/Desktop/MainProject/Mutants/Content/UltraDynamicSky/Materials/Space/Space_Ring_Mat.uasset" 8281
"C:/Users/Admin/Desktop/MainProject/Mutants/Content/Stylized_NatureLite_JC/Materials/MasterMaterials/M_StylizedNatureLite_Tree_02.uasset" 8282
"/Game/UltraDynamicSky/Materials/Weather/Rain_Spot_Decal" 8283
"C:/Users/Admin/Desktop/MainProject/Mutants/Content/BloodBundle/RealisticBlood/_Commons/Materials/M_LiquidBase.uasset" 8284
"/Game/UltraDynamicSky/Materials/Weather/Stuck_Snow_Decal_Mat" 8285
"C:/Users/Admin/Desktop/MainProject/Mutants/Content/UltraDynamicSky/Materials/Material_Functions/Screen_Droplet_Sample.uasset" 8286
"../../../Engine/Content/Functions/Engine_MaterialFunctions01/Coordinates/VirtualPlaneCoordinates.uasset" 8287
"C:/Users/Admin/Desktop/MainProject/Mutants/Content/GameModesLevels/PlatformCrush/Objects/Platform.uasset" 8288
"../../../Engine/Content/Functions/Engine_MaterialFunctions02/Texturing/ScreenAlignedUVs.uasset" 8289
"C:/Users/Admin/Desktop/MainProject/Mutants/Content/Characters/Mannequins/Materials/Functions/MF_logo3layers.uasset" 8290
"../../../Engine/Content/MapTemplates/SM_Template_Map_Floor.uasset" 8291
"../../../Engine/Plugins/Animation/ControlRig/Content/Controls/ControlRig_Wedge_solid.uasset" 8292
"/Game/UltraDynamicSky/Materials/Material_Functions/Rain_Splash_Droplet_Sprite" 8293
"C:/Users/Admin/Desktop/MainProject/Mutants/Content/UltraDynamicSky/Materials/Weather/Lightning_Light_Rays_Card.uasset" 8294
"/Game/UltraDynamicSky/Blueprints/System/Editor_UI/UDS_Glossary_Entry" 8295
"/Game/Stylized_NatureLite_JC/Materials/MasterMaterials/M_StylizedNatureLite_Tree_02" 8296
"/Game/UltraDynamicSky/Materials/Space/Space_Ring_Mat" 8297
"/Game/UltraDynamicSky/Materials/Space/Space_Planet_Glow_Mat" 8298
"C:/Users/Admin/Desktop/MainProject/Mutants/Content/UltraDynamicSky/Materials/Weather/Weather_Particle_DOF.uasset" 8299
"../../../Engine/Plugins/Interchange/Assets/Content/Functions/MX_StandardSurface.uasset" 8300
"/Game/UltraDynamicSky/Materials/Material_Functions/DLWE_VariationClouds" 8301
"../../../Engine/Plugins/Animation/ControlRig/Content/Controls/ControlRig_Triangle_solid.uasset" 8302
"C:/Users/Admin/Desktop/MainProject/Mutants/Content/UltraDynamicSky/Materials/Material_Functions/Heat_Distortion_Sample.uasset" 8303
"../../../Engine/Plugins/Animation/ControlRig/Content/Controls/ControlRig_Wedge_1mm.uasset" 8304
"/Game/Characters/Mannequins/Materials/Functions/CA_Mannequin" 8305
"../../../Engine/Plugins/Animation/ControlRig/Content/Controls/ControlRig_Wedge_3mm.uasset" 8306
"C:/Users/Admin/Desktop/MainProject/Mutants/Content/UltraDynamicSky/Materials/Space/Space_Planet_Mat.uasset" 8307
"/Game/UltraDynamicSky/Materials/Weather/Lightning_Light_Rays_Card" 8308
"/Game/UltraDynamicSky/Materials/Space/Space_Planet_Mat" 8309
"../../../Engine/Plugins/Animation/ControlRig/Content/Controls/ControlRig_Triangle_3mm.uasset" 8310
"../../../Engine/Plugins/Animation/ControlRig/Content/Controls/ControlRig_Star4_1mm.uasset" 8311
"../../../Engine/Plugins/Animation/ControlRig/Content/Controls/ControlRig_Star4_solid.uasset" 8312
"../../../Engine/Plugins/Animation/ControlRig/Content/Controls/ControlRig_Triangle_1mm.uasset" 8313
"../../../Engine/Plugins/Animation/ControlRig/Content/Controls/ControlRig_Star4_3mm.uasset" 8314
"../../../Engine/Plugins/Animation/ControlRig/Content/Controls/ControlRig_Square_solid.uasset" 8315
"/ControlRig/Controls/ControlRig_Triangle_solid" 8316
"/ControlRig/Controls/ControlRig_Wedge_1mm" 8317
"../../../Engine/Plugins/Animation/ControlRig/Content/Controls/ControlRig_Square_1mm.uasset" 8318
"/ControlRig/Controls/ControlRig_Wedge_3mm" 8319
"../../../Engine/Plugins/Animation/ControlRig/Content/Controls/ControlRig_Sphere_3mm.uasset" 8320
"/ControlRig/Controls/ControlRig_Wedge_solid" 8321
"/Engine/Functions/Engine_MaterialFunctions01/Coordinates/VirtualPlaneCoordinates" 8322
"../../../Engine/Plugins/Animation/ControlRig/Content/Controls/ControlRig_Sphere_1mm.uasset" 8323
"../../../Engine/Plugins/Animation/ControlRig/Content/Controls/ControlRig_RoundedSquare_solid.uasset" 8324
"../../../Engine/Plugins/Animation/ControlRig/Content/Controls/ControlRig_RoundedTriangle_1mm.uasset" 8325
"../../../Engine/Plugins/Animation/ControlRig/Content/Controls/ControlRig_RoundedSquare_3mm.uasset" 8326
"../../../Engine/Plugins/Animation/ControlRig/Content/Controls/ControlRig_RoundedSquare_1mm.uasset" 8327
"../../../Engine/Plugins/Animation/ControlRig/Content/Controls/ControlRig_RoundedTriangle_3mm.uasset" 8328
"../../../Engine/Plugins/Animation/ControlRig/Content/Controls/ControlRig_Square_3mm.uasset" 8329
"/Engine/MapTemplates/SM_Template_Map_Floor" 8330
"/Game/UltraDynamicSky/Materials/Weather/Weather_Particle_DOF" 8331
"/Game/UltraDynamicSky/Materials/Material_Functions/Screen_Droplet_Sample" 8332
"/Game/Characters/Mannequins/Materials/Functions/MF_logo3layers" 8333
"/Engine/Functions/Engine_MaterialFunctions02/Texturing/ScreenAlignedUVs" 8334
"/Game/GameModesLevels/PlatformCrush/Objects/Platform" 8335
"/InterchangeAssets/Functions/MX_StandardSurface" 8336
"../../Plugins/Interchange/Assets/Content/Functions/MF_OrenNayerView.uasset" 8337
"../../Plugins/Interchange/Assets/Content/Functions/MF_SchlickApprox.uasset" 8338
"/Game/UltraDynamicSky/Materials/Material_Functions/Heat_Distortion_Sample" 8339
"/Game/BloodBundle/RealisticBlood/_Commons/Materials/M_LiquidBase" 8340
"/ControlRig/Controls/ControlRig_RoundedSquare_1mm" 8341
"/ControlRig/Controls/ControlRig_RoundedSquare_3mm" 8342
"/ControlRig/Controls/ControlRig_RoundedSquare_solid" 8343
"../../../Engine/Plugins/Animation/ControlRig/Content/Controls/ControlRig_QuarterCircle_1mm.uasset" 8344
"../../../Engine/Plugins/Animation/ControlRig/Content/Controls/ControlRig_QuarterCircle_solid.uasset" 8345
"/ControlRig/Controls/ControlRig_RoundedTriangle_1mm" 8346
"/ControlRig/Controls/ControlRig_Square_3mm" 8347
"../../../Engine/Plugins/Animation/ControlRig/Content/Controls/ControlRig_Pyramid_solid.uasset" 8348
"/ControlRig/Controls/ControlRig_Square_solid" 8349
"../../../Engine/Plugins/Animation/ControlRig/Content/Controls/ControlRig_Pyramid_3mm.uasset" 8350
"/ControlRig/Controls/ControlRig_Triangle_1mm" 8351
"../../../Engine/Plugins/Animation/ControlRig/Content/Controls/ControlRig_Pyramid_1mm.uasset" 8352
"../../../Engine/Plugins/Animation/ControlRig/Content/Controls/ControlRig_Octagon_3mm.uasset" 8353
"../../../Engine/Plugins/Animation/ControlRig/Content/Controls/ControlRig_Octagon_solid.uasset" 8354
"../../../Engine/Plugins/Animation/ControlRig/Content/Controls/ControlRig_Octagon_1mm.uasset" 8355
"../../../Engine/Plugins/Animation/ControlRig/Content/Controls/ControlRig_Hexagon_3mm.uasset" 8356
"../../../Engine/Plugins/Animation/ControlRig/Content/Controls/ControlRig_Hexagon_solid.uasset" 8357
"../../../Engine/Plugins/Animation/ControlRig/Content/Controls/ControlRig_QuarterCircle_3mm.uasset" 8358
"../../../Engine/Plugins/Animation/ControlRig/Content/Controls/ControlRig_HalfCircle_3mm.uasset" 8359
"../../../Engine/Plugins/Animation/ControlRig/Content/Controls/ControlRig_Hexagon_1mm.uasset" 8360
"../../../Engine/Plugins/Animation/ControlRig/Content/Controls/ControlRig_HalfCircle_solid.uasset" 8361
"/ControlRig/Controls/ControlRig_Triangle_3mm" 8362
"../../../Engine/Plugins/Animation/ControlRig/Content/Controls/ControlRig_Diamond_solid.uasset" 8363
"/ControlRig/Controls/ControlRig_RoundedTriangle_3mm" 8364
"/ControlRig/Controls/ControlRig_Star4_1mm" 8365
"/ControlRig/Controls/ControlRig_Star4_3mm" 8366
"/ControlRig/Controls/ControlRig_Star4_solid" 8367
"../../../Engine/Plugins/Animation/ControlRig/Content/Controls/ControlRig_HalfCircle_1mm.uasset" 8368
"/ControlRig/Controls/ControlRig_Sphere_1mm" 8369
"/ControlRig/Controls/ControlRig_Sphere_3mm" 8370
"/ControlRig/Controls/ControlRig_Square_1mm" 8371
"../../../Engine/Plugins/Animation/ControlRig/Content/Controls/ControlRig_Diamond_1mm.uasset" 8372
"../../../Engine/Plugins/Animation/ControlRig/Content/Controls/ControlRig_Diamond_3mm.uasset" 8373
"../../../Engine/Plugins/Animation/ControlRig/Content/Controls/ControlRig_Circle_solid.uasset" 8374
"../../../Engine/Plugins/Animation/ControlRig/Content/Controls/ControlRig_Circle_3mm.uasset" 8375
"../../../Engine/Plugins/Animation/ControlRig/Content/Controls/ControlRig_Circle_1mm.uasset" 8376
"../../../Engine/Plugins/Animation/ControlRig/Content/Controls/ControlRig_Box_solid.uasset" 8377
"../../../Engine/Plugins/Animation/ControlRig/Content/Controls/ControlRig_Box_3mm.uasset" 8378
"../../../Engine/Plugins/Animation/ControlRig/Content/Controls/ControlRig_Box_1mm.uasset" 8379
"../../../Engine/Plugins/Animation/ControlRig/Content/Controls/ControlRig_Arrow_solid.uasset" 8380
"../../../Engine/Plugins/Animation/ControlRig/Content/Controls/ControlRig_Arrow_3mm.uasset" 8381
"../../../Engine/Plugins/Animation/ControlRig/Content/Controls/ControlRig_Arrow_1mm.uasset" 8382
"../../../Engine/Plugins/Animation/ControlRig/Content/Controls/ControlRig_Arrow4_solid.uasset" 8383
"../../../Engine/Plugins/Animation/ControlRig/Content/Controls/ControlRig_Arrow4_3mm.uasset" 8384
"../../../Engine/Plugins/Animation/ControlRig/Content/Controls/ControlRig_Arrow4_1mm.uasset" 8385
"../../../Engine/Plugins/Animation/ControlRig/Content/Controls/ControlRig_Arrow2_solid.uasset" 8386
"/ControlRig/Controls/ControlRig_Diamond_solid" 8387
"/ControlRig/Controls/ControlRig_HalfCircle_1mm" 8388
"../../../Engine/Plugins/Animation/ControlRig/Content/Controls/ControlRig_RoundedTriangle_solid.uasset" 8389
"/ControlRig/Controls/ControlRig_Box_3mm" 8390
"/ControlRig/Controls/ControlRig_HalfCircle_3mm" 8391
"/ControlRig/Controls/ControlRig_Box_solid" 8392
"/ControlRig/Controls/ControlRig_Circle_1mm" 8393
"/ControlRig/Controls/ControlRig_Circle_3mm" 8394
"/ControlRig/Controls/ControlRig_HalfCircle_solid" 8395
"/ControlRig/Controls/ControlRig_Hexagon_1mm" 8396
"/ControlRig/Controls/ControlRig_Circle_solid" 8397
"/ControlRig/Controls/ControlRig_Hexagon_3mm" 8398
"/ControlRig/Controls/ControlRig_Hexagon_solid" 8399
"/ControlRig/Controls/ControlRig_Octagon_1mm" 8400
"/ControlRig/Controls/ControlRig_Octagon_3mm" 8401
"/ControlRig/Controls/ControlRig_Diamond_1mm" 8402
"/ControlRig/Controls/ControlRig_Diamond_3mm" 8403
"/ControlRig/Controls/ControlRig_Octagon_solid" 8404
"/ControlRig/Controls/ControlRig_Pyramid_1mm" 8405
"/ControlRig/Controls/ControlRig_Pyramid_3mm" 8406
"/ControlRig/Controls/ControlRig_Pyramid_solid" 8407
"/ControlRig/Controls/ControlRig_QuarterCircle_1mm" 8408
"/ControlRig/Controls/ControlRig_QuarterCircle_3mm" 8409
"/ControlRig/Controls/ControlRig_QuarterCircle_solid" 8410
"../../../Engine/Plugins/Animation/ControlRig/Content/Controls/ControlRig_Arrow2_3mm.uasset" 8411
"../../../Engine/Plugins/Animation/ControlRig/Content/Controls/ControlRig_Arrow2_1mm.uasset" 8412
"/ControlRig/Controls/ControlRig_Arrow2_solid" 8413
"C:/Users/Admin/Desktop/MainProject/Mutants/Content/UltraDynamicSky/Meshes/Space_Glow_Circle.uasset" 8414
"C:/Users/Admin/Desktop/MainProject/Mutants/Content/UltraDynamicSky/Meshes/Nebula_Sphere.uasset" 8415
"C:/Users/Admin/Desktop/MainProject/Mutants/Content/UltraDynamicSky/Meshes/2D_Turbulence_Disk.uasset" 8416
"C:/Users/Admin/Desktop/MainProject/Mutants/Content/UltraDynamicSky/Meshes/Space_Planet.uasset" 8417
"C:/Users/Admin/Desktop/MainProject/Mutants/Content/UltraDynamicSky/Meshes/Space_Ring_BackHalf.uasset" 8418
"C:/Users/Admin/Desktop/MainProject/Mutants/Content/UltraDynamicSky/Meshes/Space_Ring_FrontHalf.uasset" 8419
"C:/Users/Admin/Desktop/MainProject/Mutants/Content/UltraDynamicSky/Meshes/Ultra_Dynamic_Sky_Sphere.uasset" 8420
"C:/Users/Admin/Desktop/MainProject/Mutants/Content/UltraDynamicSky/Meshes/Portal_Arrow.uasset" 8421
"C:/Users/Admin/Desktop/MainProject/Mutants/Content/UltraDynamicSky/Meshes/Rainbow.uasset" 8422
"C:/Users/Admin/Desktop/MainProject/Mutants/Content/Weapons/BPI_EquipWeapon.uasset" 8423
"/ControlRig/Controls/ControlRig_Arrow4_1mm" 8424
"/ControlRig/Controls/ControlRig_Arrow4_3mm" 8425
"../../../Engine/Plugins/Animation/ControlRig/Content/Controls/ControlRig_Sphere_solid.uasset" 8426
"/ControlRig/Controls/ControlRig_Arrow4_solid" 8427
"/ControlRig/Controls/ControlRig_Arrow_1mm" 8428
"/ControlRig/Controls/ControlRig_Arrow_3mm" 8429
"/ControlRig/Controls/ControlRig_Arrow_solid" 8430
"C:/Users/Admin/Desktop/MainProject/Mutants/Content/UltraDynamicSky/Materials/Space/Nebula_Layer.uasset" 8431
"/ControlRig/Controls/ControlRig_Box_1mm" 8432
"/ControlRig/Controls/ControlRig_RoundedTriangle_solid" 8433
"C:/Users/Admin/Desktop/MainProject/Mutants/Content/UltraDynamicSky/Materials/Material_Functions/Stars.uasset" 8434
"C:/Users/Admin/Desktop/MainProject/Mutants/Content/UltraDynamicSky/Materials/Material_Functions/Sky_Material_Ambient_Fog.uasset" 8435
"C:/Users/Admin/Desktop/MainProject/Mutants/Content/UltraDynamicSky/Materials/Material_Functions/Volumetric_Clouds_Extinction.uasset" 8436
"C:/Users/Admin/Desktop/MainProject/Mutants/Content/UltraDynamicSky/Blueprints/System/UDS_Modifier_Interface.uasset" 8437
"C:/Users/Admin/Desktop/MainProject/Mutants/Content/UltraDynamicSky/Blueprints/System/UDS_Planet_Preset.uasset" 8438
"C:/Users/Admin/Desktop/MainProject/Mutants/Content/ThirdPerson/Blueprints/BP_PlayerController.uasset" 8439
"/Game/UltraDynamicSky/Blueprints/System/UDS_Modifier_Interface" 8440
"../../../Engine/Content/EngineSky/SM_SkySphere.uasset" 8441
"C:/Users/Admin/Desktop/MainProject/Mutants/Content/Stylized_NatureLite_JC/Materials/MI_StylizedNatureLite_Terrain.uasset" 8442
"C:/Users/Admin/Desktop/MainProject/Mutants/Content/Stylized_NatureLite_JC/Models/SM_Rock_01.uasset" 8443
"C:/Users/Admin/Desktop/MainProject/Mutants/Content/UltraDynamicSky/Blueprints/Weather_Effects/System/UDW_WOV_State.uasset" 8444
"C:/Users/Admin/Desktop/MainProject/Mutants/Content/UltraDynamicSky/Blueprints/Occlusion/Occlusion_Settings/UDS_Standard_Occlusion_Settings.uasset" 8445
"C:/Users/Admin/Desktop/MainProject/Mutants/Content/UltraDynamicSky/Blueprints/System/UDS_OcclusionState.uasset" 8446
"C:/Users/Admin/Desktop/MainProject/Mutants/Content/StarterContent/Props/SM_TableRound.uasset" 8447
"/Game/UltraDynamicSky/Materials/Material_Functions/Volumetric_Clouds_Extinction" 8448
"C:/Users/Admin/Desktop/MainProject/Mutants/Content/UltraDynamicSky/Materials/Weather/Post_Process_Wind_Fog.uasset" 8449
"C:/Users/Admin/Desktop/MainProject/Mutants/Content/UltraDynamicSky/Materials/Weather/Cloud_Altitude_Mask.uasset" 8450
"C:/Users/Admin/Desktop/MainProject/Mutants/Content/UltraDynamicSky/Materials/Weather/Fog_ParticleMat.uasset" 8451
"C:/Users/Admin/Desktop/MainProject/Mutants/Content/UltraDynamicSky/Materials/Weather/Screen_Frost.uasset" 8452
"C:/Users/Admin/Desktop/MainProject/Mutants/Content/UltraDynamicSky/Materials/Material_Instances/Water_Caustics_LightFunction.uasset" 8453
"/Game/UltraDynamicSky/Materials/Material_Functions/Sky_Material_Ambient_Fog" 8454
"/Game/UltraDynamicSky/Materials/Material_Functions/Stars" 8455
"/Game/UltraDynamicSky/Materials/Space/Nebula_Layer" 8456
"/Game/Weapons/BPI_EquipWeapon" 8457
"/Game/UltraDynamicSky/Meshes/Rainbow" 8458
"/Game/UltraDynamicSky/Meshes/Portal_Arrow" 8459
"/Game/UltraDynamicSky/Meshes/Ultra_Dynamic_Sky_Sphere" 8460
"/Game/UltraDynamicSky/Meshes/Space_Ring_FrontHalf" 8461
"/Game/UltraDynamicSky/Meshes/Space_Ring_BackHalf" 8462
"/Game/UltraDynamicSky/Meshes/Space_Planet" 8463
"/Game/UltraDynamicSky/Meshes/2D_Turbulence_Disk" 8464
"/Game/UltraDynamicSky/Meshes/Nebula_Sphere" 8465
"/Game/UltraDynamicSky/Meshes/Space_Glow_Circle" 8466
"/ControlRig/Controls/ControlRig_Sphere_solid" 8467
"/ControlRig/Controls/ControlRig_Arrow2_1mm" 8468
"/ControlRig/Controls/ControlRig_Arrow2_3mm" 8469
"../../../Engine/Content/Functions/Engine_MaterialFunctions01/Texturing/WorldAlignedTexture.uasset" 8470
"../../../Engine/Content/Functions/Engine_MaterialFunctions02/WorldAlignedNormals_HighQuality.uasset" 8471
"/Game/UltraDynamicSky/Blueprints/System/UDS_Planet_Preset" 8472
"C:/Users/Admin/Desktop/MainProject/Mutants/Content/LevelPrototyping/Materials/MF_ProcGrid.uasset" 8473
"/Game/StarterContent/Props/SM_TableRound" 8474
"/Game/UltraDynamicSky/Blueprints/System/UDS_OcclusionState" 8475
"C:/Users/Admin/Desktop/MainProject/Mutants/Content/UltraDynamicSky/Materials/VolumetricCloud_LightRay.uasset" 8476
"C:/Users/Admin/Desktop/MainProject/Mutants/Content/UltraDynamicSky/Materials/Material_Functions/Volumetric_Cloud_Shadows_MF.uasset" 8477
"C:/Users/Admin/Desktop/MainProject/Mutants/Content/Characters/Goblin/HeadGoblinM.uasset" 8478
"C:/Users/Admin/Desktop/MainProject/Mutants/Content/Characters/Goblin/TorsoGoblin1.uasset" 8479
"C:/Users/Admin/Desktop/MainProject/Mutants/Content/Characters/Goblin/HandRightUpper_Goblin.uasset" 8480
"C:/Users/Admin/Desktop/MainProject/Mutants/Content/Characters/Goblin/LegLeftUpper_Goblin.uasset" 8481
"C:/Users/Admin/Desktop/MainProject/Mutants/Content/Characters/Goblin/HandLeftLower_Goblin.uasset" 8482
"C:/Users/Admin/Desktop/MainProject/Mutants/Content/UltraDynamicSky/Materials/Weather/Hide_Weather_Particle_With_Local_Cloud_Coverage.uasset" 8483
"C:/Users/Admin/Desktop/MainProject/Mutants/Content/Characters/Mannequins/Animations/AS_RightHook_Montage.uasset" 8484
"C:/Users/Admin/Desktop/MainProject/Mutants/Content/Characters/Mannequins/Animations/AS_LeftHook_Montage.uasset" 8485
"C:/Users/Admin/Desktop/MainProject/Mutants/Content/Characters/Mannequins/Animations/Manny/BS_MM_WalkRun.uasset" 8486
"C:/Users/Admin/Desktop/MainProject/Mutants/Content/Characters/Mannequins/Rigs/Poses/Manny/Manny_foot_l_pose.uasset" 8487
"C:/Users/Admin/Desktop/MainProject/Mutants/Content/Characters/Mannequins/Rigs/Poses/Manny/Manny_thigh_r_pose.uasset" 8488
"C:/Users/Admin/Desktop/MainProject/Mutants/Content/Characters/Mannequins/Rigs/Poses/Manny/Manny_hand_r_pose.uasset" 8489
"C:/Users/Admin/Desktop/MainProject/Mutants/Content/Characters/Mannequins/Rigs/Poses/Manny/Manny_clavicle_l_pose.uasset" 8490
"/Game/UltraDynamicSky/Blueprints/Occlusion/Occlusion_Settings/UDS_Standard_Occlusion_Settings" 8491
"/Game/UltraDynamicSky/Blueprints/Weather_Effects/System/UDW_WOV_State" 8492
"/Game/UltraDynamicSky/Materials/Material_Instances/Water_Caustics_LightFunction" 8493
"/Game/Stylized_NatureLite_JC/Models/SM_Rock_01" 8494
"/Game/Stylized_NatureLite_JC/Materials/MI_StylizedNatureLite_Terrain" 8495
"/Engine/EngineSky/SM_SkySphere" 8496
"/Game/UltraDynamicSky/Materials/Weather/Cloud_Altitude_Mask" 8497
"/Game/UltraDynamicSky/Materials/Weather/Fog_ParticleMat" 8498
"/Game/UltraDynamicSky/Materials/Weather/Screen_Frost" 8499
"/Game/UltraDynamicSky/Materials/Weather/Post_Process_Wind_Fog" 8500
"/Game/ThirdPerson/Blueprints/BP_PlayerController" 8501
"C:/Users/Admin/Desktop/MainProject/Mutants/Content/Characters/Mannequins/Rigs/Poses/Manny/Manny_calf_l_pose.uasset" 8502
"C:/Users/Admin/Desktop/MainProject/Mutants/Content/Characters/Mannequins/Rigs/Poses/Manny/Manny_hand_l_pose.uasset" 8503
"/Game/Characters/Mannequins/Rigs/Poses/Manny/Manny_clavicle_l_pose" 8504
"C:/Users/Admin/Desktop/MainProject/Mutants/Content/Characters/Mannequins/Rigs/Poses/Manny/Manny_upperarm_r_pose.uasset" 8505
"C:/Users/Admin/Desktop/MainProject/Mutants/Content/Characters/Mannequins/Rigs/Poses/Manny/Manny_lowerarm_r_pose.uasset" 8506
"C:/Users/Admin/Desktop/MainProject/Mutants/Content/Characters/Mannequins/Rigs/Poses/Manny/Manny_calf_r_pose.uasset" 8507
"C:/Users/Admin/Desktop/MainProject/Mutants/Content/Characters/Mannequins/Rigs/Poses/Manny/Manny_foot_r_pose.uasset" 8508
"C:/Users/Admin/Desktop/MainProject/Mutants/Content/Characters/Mannequins/Rigs/Poses/Manny/Manny_lowerarm_l_pose.uasset" 8509
"C:/Users/Admin/Desktop/MainProject/Mutants/Content/Characters/Mannequins/Rigs/Poses/Manny/Manny_clavicle_r_pose.uasset" 8510
"../../../../../../Users/Admin/Desktop/MainProject/Mutants/Content/Characters/Mannequins/Rigs/Poses/Manny/Manny_clavicle_l_anim.uasset" 8511
"C:/Users/Admin/Desktop/MainProject/Mutants/Content/Characters/Mannequins/Rigs/Poses/Manny/Manny_thigh_l_pose.uasset" 8512
"C:/Users/Admin/Desktop/MainProject/Mutants/Content/Characters/Mannequins/Rigs/Poses/Manny/Manny_upperarm_l_pose.uasset" 8513
"C:/Users/Admin/Desktop/MainProject/Mutants/Content/Characters/Goblin/HandRightLower_Goblin.uasset" 8514
"C:/Users/Admin/Desktop/MainProject/Mutants/Content/Characters/Goblin/LegRightUpper_Goblin.uasset" 8515
"C:/Users/Admin/Desktop/MainProject/Mutants/Content/Characters/Goblin/LegRightLowerGoblinM.uasset" 8516
"C:/Users/Admin/Desktop/MainProject/Mutants/Content/Characters/Goblin/HandLeftUpper_Goblin.uasset" 8517
"/Game/Characters/Mannequins/Rigs/Poses/Manny/Manny_hand_r_pose" 8518
"../../../../../../Users/Admin/Desktop/MainProject/Mutants/Content/Characters/Mannequins/Rigs/Poses/Manny/Manny_hand_r_anim.uasset" 8519
"/Game/Characters/Mannequins/Rigs/Poses/Manny/Manny_thigh_r_pose" 8520
"../../../../../../Users/Admin/Desktop/MainProject/Mutants/Content/Characters/Mannequins/Rigs/Poses/Manny/Manny_thigh_r_anim.uasset" 8521
"/Game/Characters/Mannequins/Rigs/Poses/Manny/Manny_foot_l_pose" 8522
"../../../../../../Users/Admin/Desktop/MainProject/Mutants/Content/Characters/Mannequins/Rigs/Poses/Manny/Manny_foot_l_anim.uasset" 8523
"/Game/Characters/Mannequins/Animations/Manny/BS_MM_WalkRun" 8524
"/Game/Characters/Mannequins/Animations/AS_LeftHook_Montage" 8525
"/Game/Characters/Mannequins/Animations/AS_RightHook_Montage" 8526
"/Game/Characters/Goblin/HandLeftLower_Goblin" 8527
"/Game/Characters/Goblin/LegLeftUpper_Goblin" 8528
"/Game/Characters/Goblin/HandRightUpper_Goblin" 8529
"/Game/Characters/Goblin/TorsoGoblin1" 8530
"/Game/Characters/Goblin/HeadGoblinM" 8531
"/Game/UltraDynamicSky/Materials/Weather/Hide_Weather_Particle_With_Local_Cloud_Coverage" 8532
"/Game/UltraDynamicSky/Materials/VolumetricCloud_LightRay" 8533
"/Game/UltraDynamicSky/Materials/Material_Functions/Volumetric_Cloud_Shadows_MF" 8534
"/Game/LevelPrototyping/Materials/MF_ProcGrid" 8535
"/Engine/Functions/Engine_MaterialFunctions02/WorldAlignedNormals_HighQuality" 8536
"/Engine/Functions/Engine_MaterialFunctions01/Texturing/WorldAlignedTexture" 8537
"C:/Users/Admin/Desktop/MainProject/Mutants/Content/Characters/Goblin/LegLeftLower_Goblin.uasset" 8538
"C:/Users/Admin/Desktop/MainProject/Mutants/Content/BloodBundle/RealisticBlood/_Commons/Materials/Decals/MI_BloodDecal_06.uasset" 8539
"/Game/Characters/Goblin/HandLeftUpper_Goblin" 8540
"/Game/Characters/Goblin/LegRightLowerGoblinM" 8541
"/Game/Characters/Goblin/LegRightUpper_Goblin" 8542
"/Game/Characters/Goblin/HandRightLower_Goblin" 8543
"/Game/Characters/Mannequins/Rigs/Poses/Manny/Manny_upperarm_l_pose" 8544
"../../../../../../Users/Admin/Desktop/MainProject/Mutants/Content/Characters/Mannequins/Rigs/Poses/Manny/Manny_upperarm_l_anim.uasset" 8545
"C:/Users/Admin/Desktop/MainProject/Mutants/Content/UltraDynamicSky/Materials/2D_Cloud_Shadows.uasset" 8546
"C:/Users/Admin/Desktop/MainProject/Mutants/Content/UltraDynamicSky/Materials/Global_Volumetric_Fog.uasset" 8547
"C:/Users/Admin/Desktop/MainProject/Mutants/Content/UltraDynamicSky/Materials/Weather/DLWE_Trail_Brush.uasset" 8548
"C:/Users/Admin/Desktop/MainProject/Mutants/Content/UltraDynamicSky/Materials/Weather/Sample_UDW_Material_State.uasset" 8549
"C:/Users/Admin/Desktop/MainProject/Mutants/Content/Characters/Store/Torsos/Ahlus_Torso.uasset" 8550
"C:/Users/Admin/Desktop/MainProject/Mutants/Content/Characters/CableMan/Legs/LegRightLower_CableM.uasset" 8551
"C:/Users/Admin/Desktop/MainProject/Mutants/Content/Characters/Loh/FBX/LegLeftLowerLohM.uasset" 8552
"C:/Users/Admin/Desktop/MainProject/Mutants/Content/Characters/Spok/HandLeftLowerSpokM.uasset" 8553
"C:/Users/Admin/Desktop/MainProject/Mutants/Content/Characters/Spok/LegLeftUpperSpokM.uasset" 8554
"C:/Users/Admin/Desktop/MainProject/Mutants/Content/Stylized_NatureLite_JC/Materials/MI_StylizedNatureLite_Plants.uasset" 8555
"C:/Users/Admin/Desktop/MainProject/Mutants/Content/Characters/Store/Heads/RoboHeadM.uasset" 8556
"C:/Users/Admin/Desktop/MainProject/Mutants/Content/Characters/CableMan/TorsoUpdate/Torso_CableM.uasset" 8557
"C:/Users/Admin/Desktop/MainProject/Mutants/Content/Characters/Uzbek/HandRightLower_UzbekM.uasset" 8558
"C:/Users/Admin/Desktop/MainProject/Mutants/Content/Characters/Loh/FBX/HandLeftLowerLohM.uasset" 8559
"C:/Users/Admin/Desktop/MainProject/Mutants/Content/Characters/CableMan/Legs/LegLeftUpper_CableM.uasset" 8560
"C:/Users/Admin/Desktop/MainProject/Mutants/Content/Characters/Loh/FBX/LegRightUpper_LohM.uasset" 8561
"/Game/Characters/Mannequins/Rigs/Poses/Manny/Manny_thigh_l_pose" 8562
"../../../../../../Users/Admin/Desktop/MainProject/Mutants/Content/Characters/Mannequins/Rigs/Poses/Manny/Manny_thigh_l_anim.uasset" 8563
"/Game/Characters/Mannequins/Rigs/Poses/Manny/Manny_clavicle_r_pose" 8564
"../../../../../../Users/Admin/Desktop/MainProject/Mutants/Content/Characters/Mannequins/Rigs/Poses/Manny/Manny_clavicle_r_anim.uasset" 8565
"/Game/Characters/Mannequins/Rigs/Poses/Manny/Manny_lowerarm_l_pose" 8566
"../../../../../../Users/Admin/Desktop/MainProject/Mutants/Content/Characters/Mannequins/Rigs/Poses/Manny/Manny_lowerarm_l_anim.uasset" 8567
"/Game/Characters/Mannequins/Rigs/Poses/Manny/Manny_foot_r_pose" 8568
"../../../../../../Users/Admin/Desktop/MainProject/Mutants/Content/Characters/Mannequins/Rigs/Poses/Manny/Manny_foot_r_anim.uasset" 8569
"/Game/Characters/Mannequins/Rigs/Poses/Manny/Manny_calf_r_pose" 8570
"../../../../../../Users/Admin/Desktop/MainProject/Mutants/Content/Characters/Mannequins/Rigs/Poses/Manny/Manny_calf_r_anim.uasset" 8571
"/Game/Characters/Mannequins/Rigs/Poses/Manny/Manny_lowerarm_r_pose" 8572
"../../../../../../Users/Admin/Desktop/MainProject/Mutants/Content/Characters/Mannequins/Rigs/Poses/Manny/Manny_lowerarm_r_anim.uasset" 8573
"/Game/Characters/Mannequins/Rigs/Poses/Manny/Manny_upperarm_r_pose" 8574
"../../../../../../Users/Admin/Desktop/MainProject/Mutants/Content/Characters/Mannequins/Rigs/Poses/Manny/Manny_upperarm_r_anim.uasset" 8575
"/Game/Characters/Mannequins/Rigs/Poses/Manny/Manny_hand_l_pose" 8576
"../../../../../../Users/Admin/Desktop/MainProject/Mutants/Content/Characters/Mannequins/Rigs/Poses/Manny/Manny_hand_l_anim.uasset" 8577
"/Game/Characters/Mannequins/Rigs/Poses/Manny/Manny_calf_l_pose" 8578
"../../../../../../Users/Admin/Desktop/MainProject/Mutants/Content/Characters/Mannequins/Rigs/Poses/Manny/Manny_calf_l_anim.uasset" 8579
"C:/Users/Admin/Desktop/MainProject/Mutants/Content/Characters/Spok/LegRightUpper_SpokM.uasset" 8580
"C:/Users/Admin/Desktop/MainProject/Mutants/Content/Characters/Spok/LegRightLower_SpokM.uasset" 8581
"/Game/Characters/Loh/FBX/LegRightUpper_LohM" 8582
"C:/Users/Admin/Desktop/MainProject/Mutants/Content/Characters/Spok/HandRightLower_SpokM.uasset" 8583
"C:/Users/Admin/Desktop/MainProject/Mutants/Content/Characters/Spok/LegLeftLower_SpokM.uasset" 8584
"C:/Users/Admin/Desktop/MainProject/Mutants/Content/Characters/Spok/Head_SpokM.uasset" 8585
"C:/Users/Admin/Desktop/MainProject/Mutants/Content/Characters/Spok/HandRightUpper_SpokM.uasset" 8586
"C:/Users/Admin/Desktop/MainProject/Mutants/Content/Characters/Loh/FBX/HandRightLowerLohM.uasset" 8587
"C:/Users/Admin/Desktop/MainProject/Mutants/Content/Characters/CableMan/Legs/LegRightUpper_CableM.uasset" 8588
"C:/Users/Admin/Desktop/MainProject/Mutants/Content/Characters/Loh/FBX/HandRightUpperLoh.uasset" 8589
"C:/Users/Admin/Desktop/MainProject/Mutants/Content/Characters/Uzbek/Torso_UzbekM.uasset" 8590
"C:/Users/Admin/Desktop/MainProject/Mutants/Content/Characters/CableMan/Legs/LegLeftLower_CableM.uasset" 8591
"C:/Users/Admin/Desktop/MainProject/Mutants/Content/Characters/CableMan/Head/HeadCableM.uasset" 8592
"C:/Users/Admin/Desktop/MainProject/Mutants/Content/Characters/Uzbek/LegRightLower_UzbekM.uasset" 8593
"C:/Users/Admin/Desktop/MainProject/Mutants/Content/Characters/Uzbek/HandLeftUpper_UzbekM.uasset" 8594
"/Game/Characters/CableMan/Legs/LegLeftUpper_CableM" 8595
"/Game/Characters/Uzbek/HandRightLower_UzbekM" 8596
"/Game/Characters/Loh/FBX/HandLeftLowerLohM" 8597
"/Game/Characters/CableMan/TorsoUpdate/Torso_CableM" 8598
"/Game/Characters/Store/Heads/RoboHeadM" 8599
"/Game/Characters/Spok/LegLeftUpperSpokM" 8600
"/Game/Characters/Spok/HandLeftLowerSpokM" 8601
"/Game/Characters/Loh/FBX/LegLeftLowerLohM" 8602
"/Game/Characters/CableMan/Legs/LegRightLower_CableM" 8603
"/Game/Characters/Store/Torsos/Ahlus_Torso" 8604
"/Game/UltraDynamicSky/Materials/Weather/Sample_UDW_Material_State" 8605
"/Game/UltraDynamicSky/Materials/Weather/DLWE_Trail_Brush" 8606
"/Game/UltraDynamicSky/Materials/Global_Volumetric_Fog" 8607
"/Game/UltraDynamicSky/Materials/2D_Cloud_Shadows" 8608
"/Game/Stylized_NatureLite_JC/Materials/MI_StylizedNatureLite_Plants" 8609
"/Game/BloodBundle/RealisticBlood/_Commons/Materials/Decals/MI_BloodDecal_06" 8610
"/Game/Characters/Goblin/LegLeftLower_Goblin" 8611
"C:/Users/Admin/Desktop/MainProject/Mutants/Content/Characters/Loh/FBX/HeadLoh.uasset" 8612
"C:/Users/Admin/Desktop/MainProject/Mutants/Content/Characters/CableMan/Hands/HandRightUpper_CableM.uasset" 8613
"/Game/Characters/Uzbek/HandLeftUpper_UzbekM" 8614
"C:/Users/Admin/Desktop/MainProject/Mutants/Content/Characters/Store/Hands/Right/HandLower_ShovelM.uasset" 8615
"C:/Users/Admin/Desktop/MainProject/Mutants/Content/Characters/Store/Heads/HeadMartianM.uasset" 8616
"C:/Users/Admin/Desktop/MainProject/Mutants/Content/Characters/Spok/Torso_SpokM.uasset" 8617
"C:/Users/Admin/Desktop/MainProject/Mutants/Content/Characters/Store/Hands/Right/HandRightUpperRoboM.uasset" 8618
"C:/Users/Admin/Desktop/MainProject/Mutants/Content/Characters/CableMan/Hands/HandLeftLower_CableM.uasset" 8619
"C:/Users/Admin/Desktop/MainProject/Mutants/Content/Characters/Spok/HandLeftUpperSpokM.uasset" 8620
"C:/Users/Admin/Desktop/MainProject/Mutants/Content/Characters/Loh/FBX/TorsoLoh.uasset" 8621
"C:/Users/Admin/Desktop/MainProject/Mutants/Content/Characters/Store/Torsos/Mannequin_Torso.uasset" 8622
"C:/Users/Admin/Desktop/MainProject/Mutants/Content/Characters/Uzbek/LegLeftUpper_UzbekM.uasset" 8623
"C:/Users/Admin/Desktop/MainProject/Mutants/Content/Characters/Uzbek/LegRightUpper_UzbekM.uasset" 8624
"C:/Users/Admin/Desktop/MainProject/Mutants/Content/Characters/Store/Legs/LegLowerFormsM.uasset" 8625
"C:/Users/Admin/Desktop/MainProject/Mutants/Content/Characters/Uzbek/LegLeftLowerUzbekM.uasset" 8626
"C:/Users/Admin/Desktop/MainProject/Mutants/Content/Characters/Store/Heads/CatHeadM.uasset" 8627
"C:/Users/Admin/Desktop/MainProject/Mutants/Content/Characters/CableMan/Hands/HandRightLower_CableM.uasset" 8628
"C:/Users/Admin/Desktop/MainProject/Mutants/Content/Characters/Store/Heads/MashroomHeadM.uasset" 8629
"C:/Users/Admin/Desktop/MainProject/Mutants/Content/Characters/Store/Legs/LegLowerStandM.uasset" 8630
"/Game/Characters/Uzbek/LegRightLower_UzbekM" 8631
"/Game/Characters/CableMan/Head/HeadCableM" 8632
"/Game/Characters/CableMan/Legs/LegLeftLower_CableM" 8633
"/Game/Characters/Uzbek/Torso_UzbekM" 8634
"/Game/Characters/Loh/FBX/HandRightUpperLoh" 8635
"/Game/Characters/CableMan/Legs/LegRightUpper_CableM" 8636
"/Game/Characters/Loh/FBX/HandRightLowerLohM" 8637
"/Game/Characters/Spok/HandRightUpper_SpokM" 8638
"/Game/Characters/Spok/Head_SpokM" 8639
"/Game/Characters/Spok/LegLeftLower_SpokM" 8640
"/Game/Characters/Spok/HandRightLower_SpokM" 8641
"/Game/Characters/Spok/LegRightLower_SpokM" 8642
"/Game/Characters/Spok/LegRightUpper_SpokM" 8643
"C:/Users/Admin/Desktop/MainProject/Mutants/Content/Characters/Loh/FBX/LegRightLowerLoh.uasset" 8644
"C:/Users/Admin/Desktop/MainProject/Mutants/Content/Characters/Uzbek/Head_UzbekM.uasset" 8645
"/Game/Characters/Store/Legs/LegLowerStandM" 8646
"C:/Users/Admin/Desktop/MainProject/Mutants/Content/Characters/Uzbek/HandRightUpper_UzbekM.uasset" 8647
"C:/Users/Admin/Desktop/MainProject/Mutants/Content/Characters/Loh/FBX/LegLeftUpper_LohM.uasset" 8648
"C:/Users/Admin/Desktop/MainProject/Mutants/Content/Characters/Store/Hands/Right/HandRightLower_RoboM.uasset" 8649
"C:/Users/Admin/Desktop/MainProject/Mutants/Content/Characters/Uzbek/HandLeftLower_UzbekM.uasset" 8650
"C:/Users/Admin/Desktop/MainProject/Mutants/Content/Characters/Loh/FBX/HandLeftUpperLoh.uasset" 8651
"C:/Users/Admin/Desktop/MainProject/Mutants/Content/Characters/CableMan/Hands/HandLeftUpper_CableM.uasset" 8652
"C:/Users/Admin/Desktop/MainProject/Mutants/Content/BloodBundle/RealisticBlood/_Commons/Materials/Smokes/MI_Smoke.uasset" 8653
"/Game/Characters/Store/Heads/MashroomHeadM" 8654
"/Game/Characters/CableMan/Hands/HandRightLower_CableM" 8655
"/Game/Characters/Store/Heads/CatHeadM" 8656
"/Game/Characters/Uzbek/LegLeftLowerUzbekM" 8657
"/Game/Characters/Store/Legs/LegLowerFormsM" 8658
"/Game/Characters/Uzbek/LegRightUpper_UzbekM" 8659
"/Game/Characters/Uzbek/LegLeftUpper_UzbekM" 8660
"C:/Users/Admin/Desktop/MainProject/Mutants/Content/UltraDynamicSky/Materials/Material_Functions/RainSplash_Particle_Sprite.uasset" 8661
"/Game/Characters/Store/Torsos/Mannequin_Torso" 8662
"/Game/Characters/Loh/FBX/TorsoLoh" 8663
"/Game/Characters/Spok/HandLeftUpperSpokM" 8664
"C:/Users/Admin/Desktop/MainProject/Mutants/Content/UltraDynamicSky/Materials/Lens_Flare.uasset" 8665
"C:/Users/Admin/Desktop/MainProject/Mutants/Content/UltraDynamicSky/Materials/Material_Instances/DLWE_Brushes/MaskTarget_EdgeFade.uasset" 8666
"/Game/Characters/CableMan/Hands/HandLeftLower_CableM" 8667
"C:/Users/Admin/Desktop/MainProject/Mutants/Content/UltraDynamicSky/Materials/Material_Instances/DLWE_Brushes/Compression_EdgeFade.uasset" 8668
"/Game/Characters/Store/Hands/Right/HandRightUpperRoboM" 8669
"/Game/Characters/Spok/Torso_SpokM" 8670
"/Game/Characters/Store/Hands/Right/HandLower_ShovelM" 8671
"/Game/Characters/Store/Heads/HeadMartianM" 8672
"/Game/Characters/Loh/FBX/HeadLoh" 8673
"/Game/Characters/CableMan/Hands/HandRightUpper_CableM" 8674
"C:/Users/Admin/Desktop/MainProject/Mutants/Content/UltraDynamicSky/Blueprints/System/Editor_UI/Cloud_Painter/Cloud_Painter_Brush_Mat_Cursor.uasset" 8675
"/Game/UltraDynamicSky/Materials/Material_Instances/DLWE_Brushes/Compression_EdgeFade" 8676
"/Game/UltraDynamicSky/Materials/Material_Instances/DLWE_Brushes/MaskTarget_EdgeFade" 8677
"/Game/UltraDynamicSky/Blueprints/System/Editor_UI/Cloud_Painter/Cloud_Painter_Brush_Mat_Cursor" 8678
"/Game/UltraDynamicSky/Materials/Material_Functions/RainSplash_Particle_Sprite" 8679
"/Game/UltraDynamicSky/Materials/Lens_Flare" 8680
"C:/Users/Admin/Desktop/MainProject/Mutants/Content/UltraDynamicSky/Sound/MetaSounds/UDS_Close_Thunder.uasset" 8681
"C:/Users/Admin/Desktop/MainProject/Mutants/Content/GameModesLevels/PotionChaos/Meshes/AnimalLegBone/MI_vd5jei1aa.uasset" 8682
"C:/Users/Admin/Desktop/MainProject/Mutants/Content/UltraDynamicSky/Sound/MetaSounds/UDS_Rain_Loop.uasset" 8683
"/Game/BloodBundle/RealisticBlood/_Commons/Materials/Smokes/MI_Smoke" 8684
"C:/Users/Admin/Desktop/MainProject/Mutants/Content/UltraDynamicSky/Materials/Material_Functions/Base_Sky_Color.uasset" 8685
"C:/Users/Admin/Desktop/MainProject/Mutants/Content/UltraDynamicSky/Blueprints/System/Editor_UI/config_icon_pan.uasset" 8686
"C:/Users/Admin/Desktop/MainProject/Mutants/Content/Characters/Mannequins/Materials/Functions/MF_Diffraction.uasset" 8687
"/Game/Characters/CableMan/Hands/HandLeftUpper_CableM" 8688
"C:/Users/Admin/Desktop/MainProject/Mutants/Content/UltraDynamicSky/Blueprints/System/Editor_UI/UDS_Glossary.uasset" 8689
"C:/Users/Admin/Desktop/MainProject/Mutants/Content/UltraDynamicSky/Materials/Weather/Splash_Droplet_Particle.uasset" 8690
"C:/Users/Admin/Desktop/MainProject/Mutants/Content/UltraDynamicSky/Blueprints/System/Editor_UI/UDS_Glossary_Tooltip.uasset" 8691
"/Game/Characters/Loh/FBX/HandLeftUpperLoh" 8692
"C:/Users/Admin/Desktop/MainProject/Mutants/Content/Stylized_NatureLite_JC/Materials/MI_StylizedNatureLite_Tree.uasset" 8693
"C:/Users/Admin/Desktop/MainProject/Mutants/Content/BloodBundle/RealisticBlood/_Commons/Materials/MI_BloodDirection_10.uasset" 8694
"C:/Users/Admin/Desktop/MainProject/Mutants/Content/BloodBundle/RealisticBlood/_Commons/Materials/MI_BloodDirection_06.uasset" 8695
"/Game/Characters/Uzbek/HandLeftLower_UzbekM" 8696
"/Game/Characters/Store/Hands/Right/HandRightLower_RoboM" 8697
"/Game/Characters/Loh/FBX/LegLeftUpper_LohM" 8698
"C:/Users/Admin/Desktop/MainProject/Mutants/Content/UltraDynamicSky/Materials/Weather/Splash_Droplet_Particle_Translucent.uasset" 8699
"C:/Users/Admin/Desktop/MainProject/Mutants/Content/UltraDynamicSky/Materials/Weather/SnowParticle_Attributes.uasset" 8700
"/Game/Characters/Uzbek/HandRightUpper_UzbekM" 8701
"/Game/Characters/Loh/FBX/LegRightLowerLoh" 8702
"/Game/Characters/Uzbek/Head_UzbekM" 8703
"C:/Users/Admin/Desktop/MainProject/Mutants/Content/UltraDynamicSky/Blueprints/System/Editor_UI/Cloud_Painter/Cloud_Painter_Capture_Post_Mat.uasset" 8704
"C:/Users/Admin/Desktop/MainProject/Mutants/Content/BloodBundle/RealisticBlood/_Commons/Materials/MI_BloodDirection_08.uasset" 8705
"C:/Users/Admin/Desktop/MainProject/Mutants/Content/BloodBundle/RealisticBlood/_Commons/Materials/Spots/MI_CellSpot_01.uasset" 8706
"/Game/BloodBundle/RealisticBlood/_Commons/Materials/MI_BloodDirection_06" 8707
"/Game/BloodBundle/RealisticBlood/_Commons/Materials/MI_BloodDirection_10" 8708
"/Game/Stylized_NatureLite_JC/Materials/MI_StylizedNatureLite_Tree" 8709
"/Game/UltraDynamicSky/Blueprints/System/Editor_UI/Cloud_Painter/Cloud_Painter_Capture_Post_Mat" 8710
"C:/Users/Admin/Desktop/MainProject/Mutants/Content/UltraDynamicSky/Materials/Weather/Dust_ParticleMat.uasset" 8711
"../../../Engine/Plugins/Interchange/Assets/Content/gltf/M_Unlit.uasset" 8712
"../../../Engine/Plugins/Interchange/Assets/Content/Functions/MX_OpenPBR_Opaque.uasset" 8713
"C:/Users/Admin/Desktop/MainProject/Mutants/Content/GameModesLevels/PlatformCrush/Objects/BP_Tile.uasset" 8714
"/Game/UltraDynamicSky/Materials/Weather/SnowParticle_Attributes" 8715
"C:/Users/Admin/Desktop/MainProject/Mutants/Content/UltraDynamicSky/Materials/Space/Instances/Space_Planet_Default.uasset" 8716
"C:/Users/Admin/Desktop/MainProject/Mutants/Content/UltraDynamicSky/Blueprints/Occlusion/UDS_Occlusion_Portal.uasset" 8717
"C:/Users/Admin/Desktop/MainProject/Mutants/Content/UltraDynamicSky/Materials/Weather/RainParticle_Attributes.uasset" 8718
"/Game/Characters/Mannequins/Materials/Functions/MF_Diffraction" 8719
"/Game/UltraDynamicSky/Materials/Weather/Splash_Droplet_Particle_Translucent" 8720
"C:/Users/Admin/Desktop/MainProject/Mutants/Content/UltraDynamicSky/Materials/Weather/Heat_Distortion.uasset" 8721
"/Game/UltraDynamicSky/Materials/Weather/Splash_Droplet_Particle" 8722
"C:/Users/Admin/Desktop/MainProject/Mutants/Content/UltraDynamicSky/Materials/Volumetric_Clouds.uasset" 8723
"../../../Engine/Plugins/Interchange/Assets/Content/Functions/MX_TransmissionSurface.uasset" 8724
"C:/Users/Admin/Desktop/MainProject/Mutants/Content/UltraDynamicSky/Blueprints/Weather_Effects/System/UDS_Weather_Settings.uasset" 8725
"C:/Users/Admin/Desktop/MainProject/Mutants/Content/UltraDynamicSky/Materials/Weather/Screen_Droplets.uasset" 8726
"C:/Users/Admin/Desktop/MainProject/Mutants/Content/UltraDynamicSky/Materials/Inside_Clouds_Fog_Particle.uasset" 8727
"C:/Users/Admin/Desktop/MainProject/Mutants/Content/UltraDynamicSky/Materials/Cloud_Fog_PostProcess.uasset" 8728
"C:/Users/Admin/Desktop/MainProject/Mutants/Content/UltraDynamicSky/Materials/Weather/LightningBolt_ParticleMat.uasset" 8729
"/Game/UltraDynamicSky/Blueprints/System/Editor_UI/UDS_Glossary_Tooltip" 8730
"../../../../../../Users/Admin/Desktop/MainProject/Mutants/Content/UltraDynamicSky/Textures/Icons/AmbientSound_TimeWeather.uasset" 8731
"/Game/UltraDynamicSky/Blueprints/System/Editor_UI/UDS_Glossary" 8732
"/Game/UltraDynamicSky/Blueprints/System/Editor_UI/config_icon_pan" 8733
"/Game/UltraDynamicSky/Materials/Material_Functions/Base_Sky_Color" 8734
"/Game/GameModesLevels/PotionChaos/Meshes/AnimalLegBone/MI_vd5jei1aa" 8735
"/Game/UltraDynamicSky/Sound/MetaSounds/UDS_Rain_Loop" 8736
"/Game/UltraDynamicSky/Sound/MetaSounds/UDS_Close_Thunder" 8737
"C:/Users/Admin/Desktop/MainProject/Mutants/Content/UltraDynamicSky/Blueprints/System/UDS_and_UDW_State.uasset" 8738
"C:/Users/Admin/Desktop/MainProject/Mutants/Content/UltraDynamicSky/Blueprints/Occlusion/OcclusionState/Sky_Occlusion_State.uasset" 8739
"/Game/UltraDynamicSky/Blueprints/Weather_Effects/System/UDS_Weather_Settings" 8740
"C:/Users/Admin/Desktop/MainProject/Mutants/Content/UltraDynamicSky/Blueprints/Occlusion/OcclusionState/Weather_Occlusion_State.uasset" 8741
"../../../Engine/Content/Functions/Engine_MaterialFunctions01/Texturing/WorldAlignedNormal.uasset" 8742
"C:/Users/Admin/Desktop/MainProject/Mutants/Content/LevelPrototyping/Materials/M_PrototypeGrid.uasset" 8743
"C:/Users/Admin/Desktop/MainProject/Mutants/Content/UltraDynamicSky/Materials/Weather/Rainbow_Mat.uasset" 8744
"C:/Users/Admin/Desktop/MainProject/Mutants/Content/UltraDynamicSky/Materials/Volumetric_Cloud_Shadows.uasset" 8745
"C:/Users/Admin/Desktop/MainProject/Mutants/Content/Characters/Mannequins/Animations/ABP_Manny.uasset" 8746
"C:/Users/Admin/Desktop/MainProject/Mutants/Content/Characters/Mannequins/Rigs/ABP_Manny_PostProcess.uasset" 8747
"/Game/UltraDynamicSky/Materials/Weather/LightningBolt_ParticleMat" 8748
"C:/Users/Admin/Desktop/MainProject/Mutants/Content/UltraDynamicSky/Materials/Weather/LightningFlare_ParticleMat.uasset" 8749
"/Game/UltraDynamicSky/Materials/Inside_Clouds_Fog_Particle" 8750
"C:/Users/Admin/Desktop/MainProject/Mutants/Content/UltraDynamicSky/Materials/Weather/Lightning_Rainfall_Particle.uasset" 8751
"C:/Users/Admin/Desktop/MainProject/Mutants/Content/UltraDynamicSky/Materials/Weather/Lightning_Glow.uasset" 8752
"/Game/UltraDynamicSky/Materials/Cloud_Fog_PostProcess" 8753
"C:/Users/Admin/Desktop/MainProject/Mutants/Content/UltraDynamicSky/Materials/Material_Instances/2D_Cloud_Shadows_Caustics.uasset" 8754
"/Game/UltraDynamicSky/Materials/Volumetric_Clouds" 8755
"C:/Users/Admin/Desktop/MainProject/Mutants/Content/Stylized_NatureLite_JC/Models/SM_Plant_02.uasset" 8756
"C:/Users/Admin/Desktop/MainProject/Mutants/Content/Stylized_NatureLite_JC/Models/SM_Plant_01.uasset" 8757
"/Game/UltraDynamicSky/Blueprints/Occlusion/UDS_Occlusion_Portal" 8758
"/Game/UltraDynamicSky/Materials/Weather/Screen_Droplets" 8759
"/Game/GameModesLevels/PlatformCrush/Objects/BP_Tile" 8760
"/InterchangeAssets/Functions/MX_TransmissionSurface" 8761
"../../Plugins/Interchange/Assets/Content/Functions/MX_Transmission.uasset" 8762
"../../../Engine/Content/Functions/Engine_MaterialFunctions01/Volumetrics/BeersLaw.uasset" 8763
"/InterchangeAssets/gltf/M_Unlit" 8764
"/InterchangeAssets/Functions/MX_OpenPBR_Opaque" 8765
"/Game/UltraDynamicSky/Materials/Weather/Heat_Distortion" 8766
"/Game/BloodBundle/RealisticBlood/_Commons/Materials/Spots/MI_CellSpot_01" 8767
"/Game/BloodBundle/RealisticBlood/_Commons/Materials/MI_BloodDirection_08" 8768
"/Game/UltraDynamicSky/Materials/Space/Instances/Space_Planet_Default" 8769
"/Game/UltraDynamicSky/Materials/Weather/Dust_ParticleMat" 8770
"/Game/UltraDynamicSky/Materials/Weather/RainParticle_Attributes" 8771
"C:/Users/Admin/Desktop/MainProject/Mutants/Content/UltraDynamicSky/Materials/Weather/PuddleRipple_Decal.uasset" 8772
"/Game/UltraDynamicSky/Materials/Material_Instances/2D_Cloud_Shadows_Caustics" 8773
"C:/Users/Admin/Desktop/MainProject/Mutants/Content/MainMenu/Shop/BP_ItemPreviewActor.uasset" 8774
"C:/Users/Admin/Desktop/MainProject/Mutants/Content/MainMenu/SaveGameMutants.uasset" 8775
"/Game/Stylized_NatureLite_JC/Models/SM_Plant_01" 8776
"/Game/Stylized_NatureLite_JC/Models/SM_Plant_02" 8777
"/Game/Characters/Mannequins/Rigs/ABP_Manny_PostProcess" 8778
"C:/Users/Admin/Desktop/MainProject/Mutants/Content/UltraDynamicSky/Materials/Material_Instances/Lens_Flares/35mm_Prime.uasset" 8779
"C:/Users/Admin/Desktop/MainProject/Mutants/Content/UltraDynamicSky/Materials/Material_Instances/Global_Volumetric_Fog_w_Ground_Fog.uasset" 8780
"C:/Users/Admin/Desktop/MainProject/Mutants/Content/UltraDynamicSky/Materials/Material_Instances/Lens_Flares/Zoom_Chromatic.uasset" 8781
"C:/Users/Admin/Desktop/MainProject/Mutants/Content/GameModesLevels/PotionChaos/Meshes/AnimalLegBone/vd5jei1aa_tier_3.uasset" 8782
"C:/Users/Admin/Desktop/MainProject/Mutants/Content/UltraDynamicSky/Materials/Weather/Splash_ParticleMat.uasset" 8783
"C:/Users/Admin/Desktop/MainProject/Mutants/Content/UltraDynamicSky/Materials/Material_Instances/Lens_Flares/Anamorphic.uasset" 8784
"C:/Users/Admin/Desktop/MainProject/Mutants/Content/Characters/Mannequins/Materials/M_Mannequin.uasset" 8785
"C:/Users/Admin/Desktop/MainProject/Mutants/Content/UltraDynamicSky/Blueprints/System/Editor_UI/UDS_Readme_Tooltip_Word.uasset" 8786
"C:/Users/Admin/Desktop/MainProject/Mutants/Content/UltraDynamicSky/Materials/Material_Functions/Light_and_Dark_Cloud_Colors.uasset" 8787
"C:/Users/Admin/Desktop/MainProject/Mutants/Content/UltraDynamicSky/Materials/Weather/Splash_ParticleMat_Translucent.uasset" 8788
"C:/Users/Admin/Desktop/MainProject/Mutants/Content/UltraDynamicSky/Materials/Weather/Snow_ParticleMat_ADOF.uasset" 8789
"C:/Users/Admin/Desktop/MainProject/Mutants/Content/UltraDynamicSky/Materials/Weather/Snow_ParticleMat.uasset" 8790
"C:/Users/Admin/Desktop/MainProject/Mutants/Content/UltraDynamicSky/Materials/Weather/Rain_ParticleMat.uasset" 8791
"C:/Users/Admin/Desktop/MainProject/Mutants/Content/UltraDynamicSky/Materials/Weather/Rain_ParticleMat_ADOF.uasset" 8792
"/Game/Characters/Mannequins/Animations/ABP_Manny" 8793
"/Game/UltraDynamicSky/Materials/Weather/Lightning_Glow" 8794
"/Game/UltraDynamicSky/Materials/Weather/LightningFlare_ParticleMat" 8795
"/Game/UltraDynamicSky/Materials/Weather/Lightning_Rainfall_Particle" 8796
"/Game/UltraDynamicSky/Materials/Weather/Rainbow_Mat" 8797
"/Game/UltraDynamicSky/Materials/Volumetric_Cloud_Shadows" 8798
"/Game/LevelPrototyping/Materials/M_PrototypeGrid" 8799
"/Engine/Functions/Engine_MaterialFunctions01/Texturing/WorldAlignedNormal" 8800
"/Game/UltraDynamicSky/Blueprints/Occlusion/OcclusionState/Weather_Occlusion_State" 8801
"/Game/UltraDynamicSky/Blueprints/Occlusion/OcclusionState/Sky_Occlusion_State" 8802
"/Game/UltraDynamicSky/Blueprints/System/UDS_and_UDW_State" 8803
"C:/Users/Admin/Desktop/MainProject/Mutants/Content/Stylized_NatureLite_JC/Models/SM_Tree_01.uasset" 8804
"/Game/UltraDynamicSky/Materials/Weather/Rain_ParticleMat_ADOF" 8805
"/Game/UltraDynamicSky/Materials/Weather/Rain_ParticleMat" 8806
"/Game/UltraDynamicSky/Materials/Weather/Snow_ParticleMat" 8807
"/Game/UltraDynamicSky/Materials/Weather/Snow_ParticleMat_ADOF" 8808
"/Game/Characters/Mannequins/Materials/M_Mannequin" 8809
"/Game/UltraDynamicSky/Blueprints/System/Editor_UI/UDS_Readme_Tooltip_Word" 8810
"C:/Users/Admin/Desktop/MainProject/Mutants/Content/UltraDynamicSky/Materials/Space/Instances/Space_Planet_A.uasset" 8811
"C:/Users/Admin/Desktop/MainProject/Mutants/Content/UltraDynamicSky/Materials/Weather/Dust_Spot_ParticleMat.uasset" 8812
"../../../Engine/Plugins/Interchange/Assets/Content/gltf/MaterialInstances/MI_Unlit_Opaque_DS.uasset" 8813
"C:/Users/Admin/Desktop/MainProject/Mutants/Content/UltraDynamicSky/Materials/Space/Instances/Space_Planet_N.uasset" 8814
"/Game/UltraDynamicSky/Materials/Material_Functions/Light_and_Dark_Cloud_Colors" 8815
"../../../Engine/Plugins/Interchange/Assets/Content/gltf/MaterialInstances/MI_Unlit_Mask_DS.uasset" 8816
"/Game/GameModesLevels/PotionChaos/Meshes/AnimalLegBone/vd5jei1aa_tier_3" 8817
"/Game/UltraDynamicSky/Materials/Weather/Splash_ParticleMat_Translucent" 8818
"../../../Engine/Plugins/Interchange/Assets/Content/gltf/MaterialInstances/MI_Unlit_Blend_DS.uasset" 8819
"../../../Engine/Plugins/Interchange/Assets/Content/gltf/MaterialInstances/MI_Unlit_Blend.uasset" 8820
"C:/Users/Admin/Desktop/MainProject/Mutants/Content/UltraDynamicSky/Blueprints/Weather_Effects/Weather_Presets/Snow.uasset" 8821
"../../../Engine/Plugins/Interchange/Assets/Content/gltf/MaterialInstances/MI_Unlit_Opaque.uasset" 8822
"C:/Users/Admin/Desktop/MainProject/Mutants/Content/UltraDynamicSky/Materials/Space/Instances/Space_Planet_NA.uasset" 8823
"../../../Engine/Plugins/Interchange/Assets/Content/gltf/MaterialInstances/MI_Unlit_Mask.uasset" 8824
"C:/Users/Admin/Desktop/MainProject/Mutants/Content/UltraDynamicSky/Materials/Material_Instances/Volumetric_Clouds_default.uasset" 8825
"C:/Users/Admin/Desktop/MainProject/Mutants/Content/UltraDynamicSky/Blueprints/System/UDS_Configuration.uasset" 8826
"../../../Engine/Plugins/Interchange/Assets/Content/Functions/MX_OpenPBR_Translucent.uasset" 8827
"/Game/UltraDynamicSky/Materials/Weather/Splash_ParticleMat" 8828
"/Game/UltraDynamicSky/Materials/Material_Instances/Lens_Flares/Anamorphic" 8829
"/Game/UltraDynamicSky/Materials/Material_Instances/Lens_Flares/Zoom_Chromatic" 8830
"/Game/UltraDynamicSky/Materials/Material_Instances/Lens_Flares/35mm_Prime" 8831
"/Game/MainMenu/SaveGameMutants" 8832
"/Game/MainMenu/Shop/BP_ItemPreviewActor" 8833
"/Game/UltraDynamicSky/Materials/Weather/PuddleRipple_Decal" 8834
"/Game/UltraDynamicSky/Materials/Material_Instances/Global_Volumetric_Fog_w_Ground_Fog" 8835
"/Game/Stylized_NatureLite_JC/Models/SM_Tree_01" 8836
"C:/Users/Admin/Desktop/MainProject/Mutants/Content/UltraDynamicSky/Blueprints/Weather_Effects/Weather_Presets/Rain_Light.uasset" 8837
"C:/Users/Admin/Desktop/MainProject/Mutants/Content/UltraDynamicSky/Blueprints/Weather_Effects/Weather_Presets/Snow_Blizzard.uasset" 8838
"/Game/UltraDynamicSky/Blueprints/Weather_Effects/Weather_Presets/Snow" 8839
"C:/Users/Admin/Desktop/MainProject/Mutants/Content/UltraDynamicSky/Blueprints/Weather_Effects/Weather_Presets/Partly_Cloudy.uasset" 8840
"C:/Users/Admin/Desktop/MainProject/Mutants/Content/UltraDynamicSky/Blueprints/Weather_Effects/System/Radial_Storm_Weather_Interface.uasset" 8841
"C:/Users/Admin/Desktop/MainProject/Mutants/Content/UltraDynamicSky/Blueprints/Weather_Effects/Weather_Presets/Rain.uasset" 8842
"C:/Users/Admin/Desktop/MainProject/Mutants/Content/UltraDynamicSky/Blueprints/Weather_Effects/System/UDW_and_Weather_Override_Volume_Interface.uasset" 8843
"C:/Users/Admin/Desktop/MainProject/Mutants/Content/UltraDynamicSky/Blueprints/Weather_Effects/Weather_Presets/Overcast.uasset" 8844
"C:/Users/Admin/Desktop/MainProject/Mutants/Content/UltraDynamicSky/Blueprints/Weather_Effects/Weather_Presets/Snow_Light.uasset" 8845
"C:/Users/Admin/Desktop/MainProject/Mutants/Content/UltraDynamicSky/Blueprints/Weather_Effects/Weather_Presets/Foggy.uasset" 8846
"/Game/UltraDynamicSky/Blueprints/System/UDS_Configuration" 8847
"C:/Users/Admin/Desktop/MainProject/Mutants/Content/UltraDynamicSky/Blueprints/Weather_Effects/Weather_Presets/Clear_Skies.uasset" 8848
"C:/Users/Admin/Desktop/MainProject/Mutants/Content/UltraDynamicSky/Blueprints/Weather_Effects/Weather_Presets/Cloudy.uasset" 8849
"C:/Users/Admin/Desktop/MainProject/Mutants/Content/UltraDynamicSky/Blueprints/Weather_Effects/Weather_Presets/Rain_Thunderstorm.uasset" 8850
"C:/Users/Admin/Desktop/MainProject/Mutants/Content/UltraDynamicSky/Blueprints/Weather_Effects/Weather_Presets/Sand_Dust_Storm.uasset" 8851
"C:/Users/Admin/Desktop/MainProject/Mutants/Content/UltraDynamicSky/Blueprints/Weather_Effects/Weather_Presets/Sand_Dust_Calm.uasset" 8852
"C:/Users/Admin/Desktop/MainProject/Mutants/Content/GameModesLevels/BoomPass/Materials/M_MossyBrick.uasset" 8853
"C:/Users/Admin/Desktop/MainProject/Mutants/Content/LevelPrototyping/Materials/MI_PrototypeGrid_Gray.uasset" 8854
"/Game/UltraDynamicSky/Materials/Material_Instances/Volumetric_Clouds_default" 8855
"/InterchangeAssets/Functions/MX_OpenPBR_Translucent" 8856
"C:/Users/Admin/Desktop/MainProject/Mutants/Content/UltraDynamicSky/Materials/Material_Instances/Volumetric_Cloud_Shadows_Caustics.uasset" 8857
"C:/Users/Admin/Desktop/MainProject/Mutants/Content/UltraDynamicSky/Materials/Weather/Rainbow_Mat_Volumetric.uasset" 8858
"/InterchangeAssets/gltf/MaterialInstances/MI_Unlit_Opaque" 8859
"/InterchangeAssets/gltf/MaterialInstances/MI_Unlit_Mask" 8860
"/InterchangeAssets/gltf/MaterialInstances/MI_Unlit_Blend" 8861
"/InterchangeAssets/gltf/MaterialInstances/MI_Unlit_Opaque_DS" 8862
"/InterchangeAssets/gltf/MaterialInstances/MI_Unlit_Mask_DS" 8863
"/InterchangeAssets/gltf/MaterialInstances/MI_Unlit_Blend_DS" 8864
"/Game/UltraDynamicSky/Materials/Space/Instances/Space_Planet_NA" 8865
"/Game/UltraDynamicSky/Materials/Space/Instances/Space_Planet_A" 8866
"/Game/UltraDynamicSky/Materials/Space/Instances/Space_Planet_N" 8867
"/Game/UltraDynamicSky/Materials/Weather/Dust_Spot_ParticleMat" 8868
"/Game/UltraDynamicSky/Materials/Weather/Rainbow_Mat_Volumetric" 8869
"/Game/UltraDynamicSky/Materials/Material_Instances/Volumetric_Cloud_Shadows_Caustics" 8870
"/Game/LevelPrototyping/Materials/MI_PrototypeGrid_Gray" 8871
"/Game/GameModesLevels/BoomPass/Materials/M_MossyBrick" 8872
"/Game/UltraDynamicSky/Blueprints/Weather_Effects/Weather_Presets/Sand_Dust_Calm" 8873
"/Game/UltraDynamicSky/Blueprints/Weather_Effects/Weather_Presets/Sand_Dust_Storm" 8874
"/Game/UltraDynamicSky/Blueprints/Weather_Effects/Weather_Presets/Rain_Thunderstorm" 8875
"/Game/UltraDynamicSky/Blueprints/Weather_Effects/Weather_Presets/Cloudy" 8876
"/Game/UltraDynamicSky/Blueprints/Weather_Effects/Weather_Presets/Clear_Skies" 8877
"/Game/UltraDynamicSky/Blueprints/Weather_Effects/Weather_Presets/Foggy" 8878
"/Game/UltraDynamicSky/Blueprints/Weather_Effects/Weather_Presets/Snow_Light" 8879
"/Game/UltraDynamicSky/Blueprints/Weather_Effects/System/UDW_and_Weather_Override_Volume_Interface" 8880
"/Game/UltraDynamicSky/Blueprints/Weather_Effects/Weather_Presets/Overcast" 8881
"/Game/UltraDynamicSky/Blueprints/Weather_Effects/Weather_Presets/Rain" 8882
"/Game/UltraDynamicSky/Blueprints/Weather_Effects/Weather_Presets/Partly_Cloudy" 8883
"/Game/UltraDynamicSky/Blueprints/Weather_Effects/System/Radial_Storm_Weather_Interface" 8884
"/Game/UltraDynamicSky/Blueprints/Weather_Effects/Weather_Presets/Rain_Light" 8885
"/Game/UltraDynamicSky/Blueprints/Weather_Effects/Weather_Presets/Snow_Blizzard" 8886
"C:/Users/Admin/Desktop/MainProject/Mutants/Content/UltraDynamicSky/Particles/Puddle_Ripple.uasset" 8887
"C:/Users/Admin/Desktop/MainProject/Mutants/Content/ThirdPerson/Blueprints/PartsConfig.uasset" 8888
"C:/Users/Admin/Desktop/MainProject/Mutants/Content/Characters/Mannequins/Materials/Instances/Manny/MI_Manny_01.uasset" 8889
"/Game/Characters/Mannequins/Materials/Instances/Manny/MI_Manny_01" 8890
"/Game/ThirdPerson/Blueprints/PartsConfig" 8891
"C:/Users/Admin/Desktop/MainProject/Mutants/Content/GameModesLevels/PotionChaos/Meshes/Frog/ORBEmissive.uasset" 8892
"C:/Users/Admin/Desktop/MainProject/Mutants/Content/GameModesLevels/PotionChaos/Meshes/Frog/BallFrogSkin.uasset" 8893
"C:/Users/Admin/Desktop/MainProject/Mutants/Content/GameModesLevels/PotionChaos/Meshes/Frog/BallFrogEyes.uasset" 8894
"../../../Engine/Plugins/Interchange/Assets/Content/gltf/M_ClearCoat.uasset" 8895
"../../../Engine/Plugins/Interchange/Assets/Content/gltf/M_Default.uasset" 8896
"C:/Users/Admin/Desktop/MainProject/Mutants/Content/UltraDynamicSky/Particles/Wind_Debris_DF.uasset" 8897
"C:/Users/Admin/Desktop/MainProject/Mutants/Content/UltraDynamicSky/Materials/Material_Functions/Composite_Static_Clouds.uasset" 8898
"C:/Users/Admin/Desktop/MainProject/Mutants/Content/UltraDynamicSky/Particles/Dust_DF.uasset" 8899
"../../../Engine/Plugins/Interchange/Assets/Content/gltf/M_Sheen.uasset" 8900
"C:/Users/Admin/Desktop/MainProject/Mutants/Content/GameModesLevels/BoomPass/Materials/M_MossyBrick_Inst.uasset" 8901
"C:/Users/Admin/Desktop/MainProject/Mutants/Content/LevelPrototyping/Meshes/SM_Cylinder.uasset" 8902
"C:/Users/Admin/Desktop/MainProject/Mutants/Content/LevelPrototyping/Meshes/SM_Cube.uasset" 8903
"C:/Users/Admin/Desktop/MainProject/Mutants/Content/LevelPrototyping/Meshes/SM_Ramp.uasset" 8904
"C:/Users/Admin/Desktop/MainProject/Mutants/Content/UltraDynamicSky/Particles/Snow_DF.uasset" 8905
"C:/Users/Admin/Desktop/MainProject/Mutants/Content/Characters/Mannequins/Materials/Instances/Manny/MI_Manny_02.uasset" 8906
"C:/Users/Admin/Desktop/MainProject/Mutants/Content/UltraDynamicSky/Materials/Material_Functions/Sun_Shine_Edges.uasset" 8907
"C:/Users/Admin/Desktop/MainProject/Mutants/Content/UltraDynamicSky/Materials/Material_Instances/Volumetric_Clouds_2L_S.uasset" 8908
"C:/Users/Admin/Desktop/MainProject/Mutants/Content/UltraDynamicSky/Materials/Material_Instances/Volumetric_Clouds_2L.uasset" 8909
"C:/Users/Admin/Desktop/MainProject/Mutants/Content/UltraDynamicSky/Materials/Material_Instances/Volumetric_Clouds_default_S.uasset" 8910
"C:/Users/Admin/Desktop/MainProject/Mutants/Content/GameModesLevels/PotionChaos/Meshes/Frog/ponder_frog_creach.uasset" 8911
"../../../Engine/Plugins/Interchange/Assets/Content/gltf/M_Transmission.uasset" 8912
"/Game/UltraDynamicSky/Particles/Puddle_Ripple" 8913
"C:/Users/Admin/Desktop/MainProject/Mutants/Content/UltraDynamicSky/Particles/DF_Occlusion_Test.uasset" 8914
"../../Plugins/FX/Niagara/Content/DynamicInputs/Divide/Divide_Float.uasset" 8915
"../../Plugins/FX/Niagara/Content/DynamicInputs/Lerp/Lerp_Float.uasset" 8916
"../../../Engine/Plugins/Interchange/Assets/Content/gltf/M_SpecularGlossiness.uasset" 8917
"../../Plugins/FX/Niagara/Content/DynamicInputs/Multiply/Multiply_Vector2D_ByFloat.uasset" 8918
"../../Plugins/FX/Niagara/Content/DynamicInputs/TypeConversions/MakeFloatFromVector.uasset" 8919
"../../Plugins/FX/Niagara/Content/DynamicInputs/TypeConversions/Vector2DFromFloat.uasset" 8920
"../../Plugins/FX/Niagara/Content/DynamicInputs/ValueFromCurve/FloatFromCurve.uasset" 8921
"../../Plugins/FX/Niagara/Content/Modules/Emitter/EmitterState.uasset" 8922
"../../Plugins/FX/Niagara/Content/Modules/Emitter/SpawnBurst_Instantaneous.uasset" 8923
"C:/Users/Admin/Desktop/MainProject/Mutants/Content/UltraDynamicSky/Materials/Material_Functions/Cloud_Layer.uasset" 8924
"C:/Users/Admin/Desktop/MainProject/Mutants/Content/UltraDynamicSky/Particles/Dust.uasset" 8925
"../../Plugins/FX/Niagara/Content/Modules/Spawn/Initialization/V2/InitializeParticle.uasset" 8926
"C:/Users/Admin/Desktop/MainProject/Mutants/Content/UltraDynamicSky/Particles/Wind_Debris.uasset" 8927
"../../Plugins/FX/Niagara/Content/Modules/System/SystemState.uasset" 8928
"../../Plugins/FX/Niagara/Content/Modules/Update/Color/ScaleColor.uasset" 8929
"../../Plugins/FX/Niagara/Content/Modules/Update/Lifetime/ParticleState.uasset" 8930
"../../Plugins/FX/Niagara/Content/Modules/Update/Material/DynamicMaterialParameters.uasset" 8931
"../../Plugins/FX/Niagara/Content/Enums/ENiagara_ColorInitializationMode.uasset" 8932
"../../Plugins/FX/Niagara/Content/Enums/ENiagara_EmitterStateOptions.uasset" 8933
"../../Plugins/FX/Niagara/Content/Enums/ENiagara_InfiniteLoopDuration.uasset" 8934
"../../Plugins/FX/Niagara/Content/Enums/ENiagara_LifetimeMode.uasset" 8935
"../../Plugins/FX/Niagara/Content/Enums/ENiagara_MassInitializationMode.uasset" 8936
"../../Plugins/FX/Niagara/Content/Enums/ENiagara_PositionInitializationMode.uasset" 8937
"../../Plugins/FX/Niagara/Content/Enums/ENiagara_SizeScaleMode.uasset" 8938
"../../Plugins/FX/Niagara/Content/Enums/ENiagara_SpriteRotationMode.uasset" 8939
"../../Plugins/FX/Niagara/Content/Enums/ENiagara_UVFlippingMode.uasset" 8940
"../../Plugins/FX/Niagara/Content/Enums/ENiagaraChannelCorrelation.uasset" 8941
"../../Plugins/FX/Niagara/Content/Enums/ENiagaraEmitterLifeCycleMode.uasset" 8942
"../../Plugins/FX/Niagara/Content/Enums/ENiagaraEmitterScalabilityMode_Limited.uasset" 8943
"../../Plugins/FX/Niagara/Content/Enums/ENiagaraInactiveMode.uasset" 8944
"../../Plugins/FX/Niagara/Content/Enums/ENiagaraRandomnessMode.uasset" 8945
"../../Plugins/FX/Niagara/Content/Enums/ENiagaraScaleColorMode.uasset" 8946
"../../Plugins/FX/Niagara/Content/Enums/ENiagaraSystemInactiveMode.uasset" 8947
"../../Plugins/FX/Niagara/Content/Enums/ENiagaraVector3_Channels.uasset" 8948
"../../Plugins/FX/Niagara/Content/Enums/Ribbons/ENiagara_UnsetDirectSet.uasset" 8949
"../../Plugins/FX/Niagara/Content/Enums/Ribbons/ENiagara_UnsetDirectSetRandom.uasset" 8950
"../../Plugins/FX/Niagara/Content/Functions/ChannelMasks/SelectV3Channel.uasset" 8951
"../../Plugins/FX/Niagara/Content/Functions/Emitter/EmitterChangeState.uasset" 8952
"../../Plugins/FX/Niagara/Content/Functions/V2/CalculateRandomRangeFloat.uasset" 8953
"../../Plugins/FX/Niagara/Content/Enums/ENiagaraRandomnessEvaluation.uasset" 8954
"../../Plugins/FX/Niagara/Content/Functions/LinearColor/HueShiftLinearColor.uasset" 8955
"../../Plugins/FX/Niagara/Content/Functions/Localspace/SimulationPosition.uasset" 8956
"../../Plugins/FX/Niagara/Content/Functions/Localspace/TransformVector.uasset" 8957
"../../Plugins/FX/Niagara/Content/Functions/V2/CalculateRandomBool.uasset" 8958
"../../Plugins/FX/Niagara/Content/Functions/V2/CalculateRandomRange.uasset" 8959
"../../Plugins/FX/Niagara/Content/Functions/V2/CalculateRandomRangeInteger.uasset" 8960
"C:/Users/Admin/Desktop/MainProject/Mutants/Content/UltraDynamicSky/Particles/Lightning_Strike.uasset" 8961
"../../Plugins/FX/Niagara/Content/Functions/System/SystemChangeState.uasset" 8962
"../../Plugins/FX/Niagara/Content/Functions/Math/SaturateFloat.uasset" 8963
"../../Plugins/FX/Niagara/Content/Icons/Modules/T_Icon_Particle_InfiniteLife.uasset" 8964
"../../Plugins/FX/Niagara/Content/Functions/Localspace/TransformBase.uasset" 8965
"C:/Users/Admin/Desktop/MainProject/Mutants/Content/UltraDynamicSky/Particles/Snow.uasset" 8966
"../../../Engine/Plugins/Interchange/Assets/Content/gltf/MaterialInstances/MI_SpecularGlossiness_Blend_DS.uasset" 8967
"/InterchangeAssets/gltf/MaterialInstances/MI_SpecularGlossiness_Blend_DS" 8968
"/Game/GameModesLevels/PotionChaos/Meshes/Frog/ponder_frog_creach" 8969
"/Game/UltraDynamicSky/Particles/Wind_Debris" 8970
"../../../../../../Users/Admin/Desktop/MainProject/Mutants/Content/UltraDynamicSky/Particles/GPU_WeatherParticles.uasset" 8971
"../../../../../../Users/Admin/Desktop/MainProject/Mutants/Content/UltraDynamicSky/Particles/Weather_Particles.uasset" 8972
"../../../../../../Users/Admin/Desktop/MainProject/Mutants/Content/UltraDynamicSky/Particles/Camera_Particle_Depth.uasset" 8973
"../../../../../../Users/Admin/Desktop/MainProject/Mutants/Content/UltraDynamicSky/Particles/Determine_Specific_Velocity.uasset" 8974
"../../../../../../Users/Admin/Desktop/MainProject/Mutants/Content/UltraDynamicSky/Particles/Generate_Particle_Position.uasset" 8975
"../../../../../../Users/Admin/Desktop/MainProject/Mutants/Content/UltraDynamicSky/Particles/Get_Camera_Variables.uasset" 8976
"../../../../../../Users/Admin/Desktop/MainProject/Mutants/Content/UltraDynamicSky/Particles/Get_Weather_Spawn_Origin.uasset" 8977
"../../../../../../Users/Admin/Desktop/MainProject/Mutants/Content/UltraDynamicSky/Particles/Kill_Particles_Outside_Area.uasset" 8978
"../../../../../../Users/Admin/Desktop/MainProject/Mutants/Content/UltraDynamicSky/Particles/Scale_Weather_Spawn_Count.uasset" 8979
"../../../../../../Users/Admin/Desktop/MainProject/Mutants/Content/UltraDynamicSky/Particles/Set_Weather_Sprite_Velocity.uasset" 8980
"../../../../../../Users/Admin/Desktop/MainProject/Mutants/Content/UltraDynamicSky/Particles/Visibility_by_Camera_Distance.uasset" 8981
"../../Plugins/FX/Niagara/Content/DynamicInputs/Divide/Divide_Vector.uasset" 8982
"../../Plugins/FX/Niagara/Content/DynamicInputs/LinearColor/MakeLinearColorFromVectorAndFloat.uasset" 8983
"../../Plugins/FX/Niagara/Content/DynamicInputs/Multiply/Multiply_Float.uasset" 8984
"../../Plugins/FX/Niagara/Content/DynamicInputs/Subtract/Subtract_Position.uasset" 8985
"../../Plugins/FX/Niagara/Content/DynamicInputs/TypeConversions/MakeVector2D.uasset" 8986
"../../Plugins/FX/Niagara/Content/DynamicInputs/TypeConversions/VectorFromFloat.uasset" 8987
"../../Plugins/FX/Niagara/Content/DynamicInputs/UniformRange/V2/RandomRangeFloat.uasset" 8988
"../../Plugins/FX/Niagara/Content/DynamicInputs/UniformRange/V2/RandomRangeInt.uasset" 8989
"../../Plugins/FX/Niagara/Content/DynamicInputs/Vectors/Position/LerpPosition.uasset" 8990
"../../Plugins/FX/Niagara/Content/Functions/Rotation/RotateVector2D.uasset" 8991
"../../Plugins/FX/Niagara/Content/Functions/V2/CalculateRandomPointInSphere.uasset" 8992
"../../Plugins/FX/Niagara/Content/Functions/V2/CalculateRandomUnitVector.uasset" 8993
"../../Plugins/FX/Niagara/Content/Modules/Emitter/SpawnRate.uasset" 8994
"../../Plugins/FX/Niagara/Content/Modules/Update/Lifetime/KillParticles.uasset" 8995
"../../Plugins/FX/Niagara/Content/Modules/Update/Orientation/SpriteRotationRate.uasset" 8996
"../../Plugins/FX/Niagara/Content/Modules/Update/SubUV/V2/SubUVAnimation.uasset" 8997
"../../Plugins/FX/Niagara/Content/Enums/ENiagara_SubUVLookupMode.uasset" 8998
"../../Plugins/FX/Niagara/Content/Functions/RandomRangeFloat.uasset" 8999
"../../Plugins/FX/Niagara/Content/Functions/Helpers/SetBoolByTimer.uasset" 9000
"../../Plugins/FX/Niagara/Content/Functions/RandomRangeInteger.uasset" 9001
"../../Plugins/FX/Niagara/Content/Enums/ENiagara_SubUVLookupModeV2.uasset" 9002
"../../Plugins/FX/Niagara/Content/Enums/ENiagara_WrapClamp.uasset" 9003
"../../Plugins/FX/Niagara/Content/Enums/ENiagaraMeshOrSprite.uasset" 9004
"../../Plugins/FX/Niagara/Content/Enums/SpriteRenderer/ENiagara_AutomaticManual.uasset" 9005
"../../Plugins/FX/Niagara/Content/Enums/SpriteRenderer/ENiagara_FPSPlayrate.uasset" 9006
"../../Plugins/FX/Niagara/Content/Functions/GetRandomInfo.uasset" 9007
"/Game/UltraDynamicSky/Particles/Dust" 9008
"../../../../../../Users/Admin/Desktop/MainProject/Mutants/Content/UltraDynamicSky/Particles/Dust_Card_Appearance.uasset" 9009
"../../../../../../Users/Admin/Desktop/MainProject/Mutants/Content/UltraDynamicSky/Particles/Dust_Spot_Appearance.uasset" 9010
"../../../../../../Users/Admin/Desktop/MainProject/Mutants/Content/UltraDynamicSky/Particles/Dust_Update_Parameters.uasset" 9011
"../../../../../../Users/Admin/Desktop/MainProject/Mutants/Content/UltraDynamicSky/Particles/Fog_Particle_Dynamic_Parameters.uasset" 9012
"../../Plugins/FX/Niagara/Content/DynamicInputs/UniformRange/V2/RandomRangeVector.uasset" 9013
"../../Plugins/FX/Niagara/Content/Functions/V2/RemapRange.uasset" 9014
"/Game/UltraDynamicSky/Particles/Snow" 9015
"../../../../../../Users/Admin/Desktop/MainProject/Mutants/Content/UltraDynamicSky/Particles/Move_With_Velocity_Buffer.uasset" 9016
"../../../../../../Users/Admin/Desktop/MainProject/Mutants/Content/UltraDynamicSky/Particles/Snow_Sprite_Appearance.uasset" 9017
"../../../../../../Users/Admin/Desktop/MainProject/Mutants/Content/UltraDynamicSky/Particles/Snow_Twirl.uasset" 9018
"../../../../../../Users/Admin/Desktop/MainProject/Mutants/Content/UltraDynamicSky/Particles/Weather_Particle_Alpha_Scale.uasset" 9019
"../../Plugins/FX/Niagara/Content/DynamicInputs/Clamp/ClampFloat.uasset" 9020
"../../Plugins/FX/Niagara/Content/DynamicInputs/UniformRange/UniformAOrBFloat.uasset" 9021
"../../Plugins/FX/Niagara/Content/DynamicInputs/Vectors/FindQuatBetweenTwoVectors.uasset" 9022
"../../Plugins/FX/Niagara/Content/Modules/Spawn/Location/V2/ShapeLocation.uasset" 9023
"../../Plugins/FX/Niagara/Content/Enums/Angles/ENiagara_AngleInput.uasset" 9024
"../../Plugins/FX/Niagara/Content/Enums/ENiagara_AttributeSamplingApplyOutput.uasset" 9025
"../../Plugins/FX/Niagara/Content/Enums/ENiagaraShapeTorusMode.uasset" 9026
"../../Plugins/FX/Niagara/Content/Enums/ENiagaraSphereDistributionMode.uasset" 9027
"../../Plugins/FX/Niagara/Content/Enums/ENiagaraTorusDistributionMode.uasset" 9028
"../../Plugins/FX/Niagara/Content/Enums/Location/ENiagara_BoxPlaneMode.uasset" 9029
"../../Plugins/FX/Niagara/Content/Enums/Location/ENiagara_ConeMode.uasset" 9030
"../../Plugins/FX/Niagara/Content/Enums/Location/ENiagara_CylinderMode.uasset" 9031
"../../Plugins/FX/Niagara/Content/Enums/Location/ENiagara_LocationShapes.uasset" 9032
"../../Plugins/FX/Niagara/Content/Enums/Location/ENiagaraRingDiscMode.uasset" 9033
"../../Plugins/FX/Niagara/Content/Enums/Transforms/ENiagara_OffsetMode.uasset" 9034
"../../Plugins/FX/Niagara/Content/Enums/Transforms/ENiagara_RotationMode.uasset" 9035
"../../Plugins/FX/Niagara/Content/Enums/Transforms/ENiagara_ScaleMode.uasset" 9036
"../../Plugins/FX/Niagara/Content/Enums/Transforms/ENiagara_TransformOrder.uasset" 9037
"../../Plugins/FX/Niagara/Content/Enums/Transforms/ENiagara_TransformType.uasset" 9038
"../../Plugins/FX/Niagara/Content/Functions/GBuffer/WorldPositionToScreenUV.uasset" 9039
"../../Plugins/FX/Niagara/Content/DynamicInputs/Arrays/SelectFloatFromArray.uasset" 9040
"../../Plugins/FX/Niagara/Content/Functions/Rotation/FindQuatBetween.uasset" 9041
"../../Plugins/FX/Niagara/Content/Functions/DirectionAndLengthSafe.uasset" 9042
"../../Plugins/FX/Niagara/Content/Functions/Localspace/TransformPosition.uasset" 9043
"../../Plugins/FX/Niagara/Content/Functions/Math/CalculateRandomPointInConeSphereIntersection.uasset" 9044
"../../Plugins/FX/Niagara/Content/Functions/NormalizedExecutionIndex.uasset" 9045
"../../Plugins/FX/Niagara/Content/Functions/ParametricTorus.uasset" 9046
"../../Plugins/FX/Niagara/Content/Functions/ParametricTorusKnot.uasset" 9047
"../../Plugins/FX/Niagara/Content/Functions/PolarToCartesianCoordinates.uasset" 9048
"../../Plugins/FX/Niagara/Content/Functions/RandomPointInBox.uasset" 9049
"../../Plugins/FX/Niagara/Content/Functions/Rotation/AngleUnitConverter.uasset" 9050
"../../Plugins/FX/Niagara/Content/Functions/Rotation/TransformStack/TransformStack_Rotation.uasset" 9051
"../../Plugins/FX/Niagara/Content/Functions/SphericalToCartesianCoordinates.uasset" 9052
"../../Plugins/FX/Niagara/Content/Enums/ENiagaraExpansionMode.uasset" 9053
"../../Plugins/FX/Niagara/Content/Enums/ENiagaraArraySamplingMode.uasset" 9054
"../../Plugins/FX/Niagara/Content/Functions/Rotation/MultiplyVectorWithQuaternion.uasset" 9055
"../../Plugins/FX/Niagara/Content/Functions/IsolateLongestVectorComponent.uasset" 9056
"../../Plugins/FX/Niagara/Content/Functions/Rotation/AxisAngleToQuaternion.uasset" 9057
"../../Plugins/FX/Niagara/Content/Functions/Rotation/InvertQuaternion.uasset" 9058
"../../Plugins/FX/Niagara/Content/Functions/Rotation/MakeQuaternionFrom3BasisVectors.uasset" 9059
"../../Plugins/FX/Niagara/Content/Functions/Rotation/MultiplyQuaternion.uasset" 9060
"../../Plugins/FX/Niagara/Content/Functions/Rotation/XYZRotationToQuaternion.uasset" 9061
"../../Plugins/FX/Niagara/Content/Functions/Rotation/MatrixToQuaternion.uasset" 9062
"/Game/Characters/Mannequins/Materials/Instances/Manny/MI_Manny_02" 9063
"/Game/UltraDynamicSky/Materials/Material_Functions/Cloud_Layer" 9064
"/Game/LevelPrototyping/Meshes/SM_Ramp" 9065
"/Game/LevelPrototyping/Meshes/SM_Cube" 9066
"/InterchangeAssets/gltf/M_Sheen" 9067
"/Game/LevelPrototyping/Meshes/SM_Cylinder" 9068
"/Game/GameModesLevels/BoomPass/Materials/M_MossyBrick_Inst" 9069
"/Game/UltraDynamicSky/Particles/Lightning_Strike" 9070
"../../Plugins/FX/Niagara/Content/DynamicInputs/Bool/Boolean_AndOperation.uasset" 9071
"../../Plugins/FX/Niagara/Content/DynamicInputs/Bool/v2/SetBoolByFloatComparison.uasset" 9072
"../../Plugins/FX/Niagara/Content/DynamicInputs/Clamp/Float/RemapRange.uasset" 9073
"../../Plugins/FX/Niagara/Content/DynamicInputs/Helpers/NormalizeVector.uasset" 9074
"../../Plugins/FX/Niagara/Content/DynamicInputs/Lerp/Lerp_Vector2.uasset" 9075
"../../Plugins/FX/Niagara/Content/DynamicInputs/LinearColor/MultiplyLinearColor.uasset" 9076
"../../Plugins/FX/Niagara/Content/DynamicInputs/Multiply/Multiply_Vector.uasset" 9077
"../../Plugins/FX/Niagara/Content/DynamicInputs/Multiply/Multiply_Vector2D.uasset" 9078
"../../Plugins/FX/Niagara/Content/DynamicInputs/Multiply/Multiply_VectorByFloat.uasset" 9079
"../../Plugins/FX/Niagara/Content/DynamicInputs/Power/Power.uasset" 9080
"../../Plugins/FX/Niagara/Content/DynamicInputs/Random/V2/RandomVector.uasset" 9081
"../../Plugins/FX/Niagara/Content/DynamicInputs/TypeConversions/MakeCustomFloatFromBool.uasset" 9082
"../../Plugins/FX/Niagara/Content/DynamicInputs/TypeConversions/MakeVector4_FromFloat.uasset" 9083
"../../Plugins/FX/Niagara/Content/DynamicInputs/TypeConversions/MakeVectorFromLinearColorRGB.uasset" 9084
"../../Plugins/FX/Niagara/Content/DynamicInputs/TypeConversions/VectorLength.uasset" 9085
"../../Plugins/FX/Niagara/Content/DynamicInputs/Vectors/Position/AddVectorToPosition.uasset" 9086
"../../Plugins/FX/Niagara/Content/DynamicInputs/Vectors/Position/DistanceBetweenPositions.uasset" 9087
"../../Plugins/FX/Niagara/Content/DynamicInputs/Vectors/Position/ReturnCameraPosition.uasset" 9088
"../../Plugins/FX/Niagara/Content/Functions/DirectionAndLength.uasset" 9089
"../../Plugins/FX/Niagara/Content/Functions/Localspace/PositionToVector.uasset" 9090
"../../Plugins/FX/Niagara/Content/Functions/ProjectVectorOnPlane.uasset" 9091
"../../Plugins/FX/Niagara/Content/Modules/Solvers/ApplyInitialForces.uasset" 9092
"../../Plugins/FX/Niagara/Content/Modules/Solvers/SolveForcesAndVelocity.uasset" 9093
"../../Plugins/FX/Niagara/Content/Modules/Spawn/Velocity/AddVelocity.uasset" 9094
"../../Plugins/FX/Niagara/Content/Modules/Update/Size/ScaleSpriteSize.uasset" 9095
"../../Plugins/FX/Niagara/Content/Enums/ENiagaraBooleanLogicOps_v2.uasset" 9096
"../../Plugins/FX/Niagara/Content/Enums/SpriteRenderer/ENiagara_ScaleSpriteSize.uasset" 9097
"../../Plugins/FX/Niagara/Content/Enums/Utility/ENiagara_VelocityMode.uasset" 9098
"../../Plugins/FX/Niagara/Content/Enums/ENiagaraBooleanLogicOps.uasset" 9099
"../../Plugins/FX/Niagara/Content/Functions/ChannelMasks/SelectV4Channel.uasset" 9100
"../../Plugins/FX/Niagara/Content/Enums/ENiagaraVector4_Channels.uasset" 9101
"../../Plugins/FX/Niagara/Content/Functions/Drag/DragVelocity.uasset" 9102
"../../Plugins/FX/Niagara/Content/Functions/Math/CentimeterMeterConversion.uasset" 9103
"../../Plugins/FX/Niagara/Content/Modules/Solvers/ApplyRotationVector.uasset" 9104
"../../Plugins/FX/Niagara/Content/Icons/Modules/T_Icon_Solver_LimitAccel.uasset" 9105
"../../Plugins/FX/Niagara/Content/Icons/Modules/T_Icon_Solver_LimitSpeed.uasset" 9106
"../../Plugins/FX/Niagara/Content/Icons/Modules/T_Icon_Solver_RotationalSolve.uasset" 9107
"../../Plugins/FX/Niagara/Content/Functions/V2/DistanceBasedFalloff.uasset" 9108
"../../Plugins/FX/Niagara/Content/Functions/NormalizeDistanceRange.uasset" 9109
"../../../Engine/Plugins/Interchange/Assets/Content/gltf/MaterialInstances/MI_SpecularGlossiness_Opaque_DS.uasset" 9110
"../../../Engine/Plugins/Interchange/Assets/Content/gltf/MaterialInstances/MI_SpecularGlossiness_Blend.uasset" 9111
"../../../Engine/Plugins/Interchange/Assets/Content/gltf/MaterialInstances/MI_SpecularGlossiness_Mask_DS.uasset" 9112
"../../../../../../Users/Admin/Desktop/MainProject/Mutants/Content/UltraDynamicSky/Sound/Rain/MediumRain_2.uasset" 9113
"../../../../../../Users/Admin/Desktop/MainProject/Mutants/Content/UltraDynamicSky/Sound/Rain/MediumRain_1.uasset" 9114
"../../../../../../Users/Admin/Desktop/MainProject/Mutants/Content/UltraDynamicSky/Sound/Close_Thunder/CloseThunder_2.uasset" 9115
"../../../../../../Users/Admin/Desktop/MainProject/Mutants/Content/UltraDynamicSky/Sound/Rain/MediumRain_4.uasset" 9116
"../../../../../../Users/Admin/Desktop/MainProject/Mutants/Content/UltraDynamicSky/Sound/Rain/MediumRain_3.uasset" 9117
"../../../../../../Users/Admin/Desktop/MainProject/Mutants/Content/UltraDynamicSky/Sound/Close_Thunder/CloseThunder_5.uasset" 9118
"../../../../../../Users/Admin/Desktop/MainProject/Mutants/Content/UltraDynamicSky/Sound/Rain/LightRain_1.uasset" 9119
"../../../../../../Users/Admin/Desktop/MainProject/Mutants/Content/UltraDynamicSky/Sound/Rain/LightRain_4.uasset" 9120
"../../../../../../Users/Admin/Desktop/MainProject/Mutants/Content/UltraDynamicSky/Sound/Rain/LightRain_3.uasset" 9121
"../../../../../../Users/Admin/Desktop/MainProject/Mutants/Content/UltraDynamicSky/Sound/Rain/LightRain_2.uasset" 9122
"../../../../../../Users/Admin/Desktop/MainProject/Mutants/Content/Stylized_NatureLite_JC/Models/SM_Plant_01.uasset" 9123
"../../../../../../Users/Admin/Desktop/MainProject/Mutants/Content/Stylized_NatureLite_JC/Models/SM_Plant_02.uasset" 9124
"../../../../../../Users/Admin/Desktop/MainProject/Mutants/Content/UltraDynamicSky/Particles/Puddle_Ripple.uasset" 9125
"/Game/UltraDynamicSky/Particles/DF_Occlusion_Test" 9126
"../../Plugins/FX/Niagara/Content/Modules/ExportParticleData/ExportParticleDataToBlueprint.uasset" 9127
"/Game/UltraDynamicSky/Materials/Material_Instances/Volumetric_Clouds_2L_S" 9128
"/InterchangeAssets/gltf/M_Transmission" 9129
"/Game/UltraDynamicSky/Materials/Material_Instances/Volumetric_Clouds_2L" 9130
"/Game/UltraDynamicSky/Materials/Material_Instances/Volumetric_Clouds_default_S" 9131
"/InterchangeAssets/gltf/M_Default" 9132
"/Game/UltraDynamicSky/Particles/Dust_DF" 9133
"../../../../../../Users/Admin/Desktop/MainProject/Mutants/Content/UltraDynamicSky/Particles/Check_Distance_Field_Behind.uasset" 9134
"../../../../../../Users/Admin/Desktop/MainProject/Mutants/Content/UltraDynamicSky/Particles/Kill_Particles_Inside_DistanceFields.uasset" 9135
"../../../../../../Users/Admin/Desktop/MainProject/Mutants/Content/UltraDynamicSky/Particles/Set_Weather_Bounds.uasset" 9136
"../../Plugins/FX/Niagara/Content/Functions/Intersections/SphereCast_GlobalDistanceField.uasset" 9137
"/Game/UltraDynamicSky/Particles/Snow_DF" 9138
"/Game/UltraDynamicSky/Materials/Material_Functions/Composite_Static_Clouds" 9139
"/InterchangeAssets/gltf/M_ClearCoat" 9140
"/Game/UltraDynamicSky/Particles/Wind_Debris_DF" 9141
"/InterchangeAssets/gltf/MaterialInstances/MI_SpecularGlossiness_Blend" 9142
"/InterchangeAssets/gltf/MaterialInstances/MI_SpecularGlossiness_Opaque_DS" 9143
"/InterchangeAssets/gltf/MaterialInstances/MI_SpecularGlossiness_Mask_DS" 9144
"../../../Engine/Plugins/Interchange/Assets/Content/gltf/MaterialInstances/MI_SpecularGlossiness_Mask.uasset" 9145
"../../../Engine/Plugins/Interchange/Assets/Content/gltf/MaterialInstances/MI_SpecularGlossiness_Opaque.uasset" 9146
"../../../Engine/Plugins/Interchange/Assets/Content/gltf/MaterialInstances/MI_Sheen_Blend_DS.uasset" 9147
"../../../Engine/Plugins/Interchange/Assets/Content/gltf/MaterialInstances/MI_Sheen_Mask_DS.uasset" 9148
"../../../Engine/Plugins/Interchange/Assets/Content/gltf/MaterialInstances/MI_Sheen_Opaque_DS.uasset" 9149
"../../../Engine/Plugins/Interchange/Assets/Content/gltf/MaterialInstances/MI_Sheen_Blend.uasset" 9150
"../../../Engine/Plugins/Interchange/Assets/Content/gltf/MaterialInstances/MI_ClearCoat_Opaque_DS.uasset" 9151
"../../../Engine/Plugins/Interchange/Assets/Content/gltf/MaterialInstances/MI_ClearCoat_Mask_DS.uasset" 9152
"../../../Engine/Plugins/Interchange/Assets/Content/gltf/MaterialInstances/MI_ClearCoat_Blend_DS.uasset" 9153
"../../../Engine/Plugins/Interchange/Assets/Content/gltf/MaterialInstances/MI_ClearCoat_Blend.uasset" 9154
"../../../Engine/Plugins/Interchange/Assets/Content/gltf/MaterialInstances/MI_Transmission_DS.uasset" 9155
"../../../Engine/Plugins/Interchange/Assets/Content/gltf/MaterialInstances/MI_Default_Opaque_DS.uasset" 9156
"../../../Engine/Plugins/Interchange/Assets/Content/gltf/MaterialInstances/MI_ClearCoat_Opaque.uasset" 9157
"../../../Engine/Plugins/Interchange/Assets/Content/gltf/MaterialInstances/MI_Default_Blend_DS.uasset" 9158
"../../../Engine/Plugins/Interchange/Assets/Content/gltf/MaterialInstances/MI_Default_Opaque.uasset" 9159
"../../../Engine/Plugins/Interchange/Assets/Content/gltf/MaterialInstances/MI_Default_Mask.uasset" 9160
"../../../Engine/Plugins/Interchange/Assets/Content/gltf/MaterialInstances/MI_Default_Blend.uasset" 9161
"../../../Engine/Plugins/Interchange/Assets/Content/gltf/MaterialInstances/MI_Default_Mask_DS.uasset" 9162
"C:/Users/Admin/Desktop/MainProject/Mutants/Content/BloodBundle/RealisticBlood/Burst/Niagara/NS_BloodBurst_Extreme.uasset" 9163
"C:/Users/Admin/Desktop/MainProject/Mutants/Content/UltraDynamicSky/Particles/VolumetricCloud_LightRays.uasset" 9164
"C:/Users/Admin/Desktop/MainProject/Mutants/Content/Characters/Mannequins/Meshes/SKM_Manny.uasset" 9165
"C:/Users/Admin/Desktop/MainProject/Mutants/Content/GameModesLevels/BoomPass/BombMesh/Material_001.uasset" 9166
"C:/Users/Admin/Desktop/MainProject/Mutants/Content/GameModesLevels/BoomPass/BombMesh/Material_003.uasset" 9167
"C:/Users/Admin/Desktop/MainProject/Mutants/Content/GameModesLevels/BoomPass/BombMesh/Material_002.uasset" 9168
"../../../Engine/Plugins/Interchange/Assets/Content/gltf/MaterialInstances/MI_Sheen_Mask.uasset" 9169
"C:/Users/Admin/Desktop/MainProject/Mutants/Content/UltraDynamicSky/Particles/Rain_DF.uasset" 9170
"/Game/Characters/Mannequins/Meshes/SKM_Manny" 9171
"C:/Users/Admin/Desktop/MainProject/Mutants/Content/UltraDynamicSky/Particles/Obscured_Lightning.uasset" 9172
"../../../Engine/Plugins/Interchange/Assets/Content/gltf/MaterialInstances/MI_ClearCoat_Mask.uasset" 9173
"../../../Engine/Plugins/Interchange/Assets/Content/gltf/MaterialInstances/MI_Transmission.uasset" 9174
"C:/Users/Admin/Desktop/MainProject/Mutants/Content/UltraDynamicSky/Particles/Rain.uasset" 9175
"../../../Engine/Plugins/Interchange/Assets/Content/gltf/MaterialInstances/MI_Sheen_Opaque.uasset" 9176
"C:/Users/Admin/Desktop/MainProject/Mutants/Content/UltraDynamicSky/Materials/Material_Functions/Composite_Cloud_Layers.uasset" 9177
"/Game/BloodBundle/RealisticBlood/Burst/Niagara/NS_BloodBurst_Extreme" 9178
"../../Plugins/FX/Niagara/Content/Modules/Collision/Collision.uasset" 9179
"../../Plugins/FX/Niagara/Content/Modules/Spawn/Location/V2/SphereLocation.uasset" 9180
"../../Plugins/FX/Niagara/Content/Modules/Spawn/Velocity/AddVelocityFromPoint.uasset" 9181
"../../Plugins/FX/Niagara/Content/Modules/Update/Camera/CameraOffset.uasset" 9182
"../../Plugins/FX/Niagara/Content/Modules/Update/Forces/Drag.uasset" 9183
"../../Plugins/FX/Niagara/Content/Modules/Update/Forces/GravityForce.uasset" 9184
"../../Plugins/FX/Niagara/Content/Modules/Update/Size/ScaleSpriteSizeBySpeed.uasset" 9185
"../../Plugins/FX/Niagara/Content/Enums/ENiagara_CPUCollisionType.uasset" 9186
"../../Plugins/FX/Niagara/Content/Enums/ENiagara_GPUCollisionType.uasset" 9187
"../../Plugins/FX/Niagara/Content/Enums/ENiagaraCalculateRadiusOptions.uasset" 9188
"../../Plugins/FX/Niagara/Content/Enums/ENiagaraCollisionRadiusOptions.uasset" 9189
"../../Plugins/FX/Niagara/Content/Enums/ENiagaraFrictionMergeType.uasset" 9190
"../../Plugins/FX/Niagara/Content/Enums/ENiagaraRestitutionMergeType.uasset" 9191
"../../Plugins/FX/Niagara/Content/Functions/CalculateMeshRadius.uasset" 9192
"../../Plugins/FX/Niagara/Content/Functions/CalculateRadiusFromSpriteSize.uasset" 9193
"../../Plugins/FX/Niagara/Content/Functions/Helpers/DoOnce_fn.uasset" 9194
"../../Plugins/FX/Niagara/Content/Modules/Collision/CollisionQueryAndResponse.uasset" 9195
"../../Plugins/FX/Niagara/Content/Enums/Collision/SceneDepthCollisionQueryMethod.uasset" 9196
"../../Plugins/FX/Niagara/Content/Functions/DistanceBasedFalloff.uasset" 9197
"../../Plugins/FX/Niagara/Content/Functions/RandomVector.uasset" 9198
"../../Plugins/FX/Niagara/Content/Functions/Collision/PlaneSphereCollisionDetection.uasset" 9199
"../../Plugins/FX/Niagara/Content/Functions/Collision/RandomizeCollisionNormals.uasset" 9200
"../../Plugins/FX/Niagara/Content/Functions/ReflectVector.uasset" 9201
"../../Plugins/FX/Niagara/Content/Functions/Textures/CalculateA_VolumeTexturesDistanceFieldGradient.uasset" 9202
"../../Plugins/FX/Niagara/Content/Modules/Collision/NiagaraDistanceFieldCollisions.uasset" 9203
"../../Plugins/FX/Niagara/Content/Modules/Collision/SceneDepthTest.uasset" 9204
"../../Plugins/FX/Niagara/Content/Enums/ENiagara_Float4Channel.uasset" 9205
"../../Plugins/FX/Niagara/Content/Functions/RandomUnitVector.uasset" 9206
"/Game/UltraDynamicSky/Particles/Rain_DF" 9207
"../../../../../../Users/Admin/Desktop/MainProject/Mutants/Content/UltraDynamicSky/Particles/Rain_Drop_Decals.uasset" 9208
"../../../../../../Users/Admin/Desktop/MainProject/Mutants/Content/UltraDynamicSky/Particles/Rain_Splash_Droplets.uasset" 9209
"../../../../../../Users/Admin/Desktop/MainProject/Mutants/Content/UltraDynamicSky/Particles/Rain_Splashes.uasset" 9210
"../../../../../../Users/Admin/Desktop/MainProject/Mutants/Content/UltraDynamicSky/Particles/Pin_to_Depth.uasset" 9211
"../../../../../../Users/Admin/Desktop/MainProject/Mutants/Content/UltraDynamicSky/Particles/Rain_Sprite_Appearance.uasset" 9212
"../../../../../../Users/Admin/Desktop/MainProject/Mutants/Content/UltraDynamicSky/Particles/Rain_Update_Parameters.uasset" 9213
"../../Plugins/FX/Niagara/Content/DynamicInputs/Add/Add_Vector.uasset" 9214
"../../Plugins/FX/Niagara/Content/DynamicInputs/Math/Max_Float.uasset" 9215
"../../Plugins/FX/Niagara/Content/DynamicInputs/Random/V2/RandomBool.uasset" 9216
"../../Plugins/FX/Niagara/Content/Modules/Spawn/Location/RotateAroundPoint.uasset" 9217
"../../Plugins/FX/Niagara/Content/DynamicInputs/UniformRange/UniformRangedInt.uasset" 9218
"../../Plugins/FX/Niagara/Content/Functions/DeriveThirdOrthogonalVector.uasset" 9219
"/Game/UltraDynamicSky/Particles/VolumetricCloud_LightRays" 9220
"../../Plugins/FX/Niagara/Content/DynamicInputs/Math/Abs_Float.uasset" 9221
"../../Plugins/FX/Niagara/Content/DynamicInputs/Transforms/ConvertPositionToVector.uasset" 9222
"../../Plugins/FX/Niagara/Content/DynamicInputs/Transforms/ConvertVectorToPosition.uasset" 9223
"../../Plugins/FX/Niagara/Content/DynamicInputs/TypeConversions/MakeVector.uasset" 9224
"../../Plugins/FX/Niagara/Content/Functions/Math/CalculateLinePlaneIntersection.uasset" 9225
"../../Plugins/FX/Niagara/Content/Modules/Spawn/Location/SpawnParticlesInGrid.uasset" 9226
"../../Plugins/FX/Niagara/Content/Modules/Spawn/Location/V2/GridLocation.uasset" 9227
"../../Plugins/FX/Niagara/Content/Enums/ENiagaraGridPlacementType.uasset" 9228
"../../Plugins/FX/Niagara/Content/Enums/Transforms/ENiagara_LWCConvertPosToVec.uasset" 9229
"../../Plugins/FX/Niagara/Content/Enums/Transforms/ENiagara_LWCConvertVecToPos.uasset" 9230
"../../Plugins/FX/Niagara/Content/Functions/Localspace/VectorToPosition.uasset" 9231
"../../Plugins/FX/Niagara/Content/Functions/MakeTranslationMatrix.uasset" 9232
"../../Plugins/FX/Niagara/Content/Functions/Math/GetMatrixScale.uasset" 9233
"/InterchangeAssets/gltf/MaterialInstances/MI_Default_Opaque" 9234
"/InterchangeAssets/gltf/MaterialInstances/MI_Default_Mask" 9235
"/InterchangeAssets/gltf/MaterialInstances/MI_Default_Blend" 9236
"/InterchangeAssets/gltf/MaterialInstances/MI_Default_Opaque_DS" 9237
"/InterchangeAssets/gltf/MaterialInstances/MI_Default_Mask_DS" 9238
"/InterchangeAssets/gltf/MaterialInstances/MI_Default_Blend_DS" 9239
"/InterchangeAssets/gltf/MaterialInstances/MI_ClearCoat_Opaque" 9240
"/InterchangeAssets/gltf/MaterialInstances/MI_ClearCoat_Blend" 9241
"/InterchangeAssets/gltf/MaterialInstances/MI_ClearCoat_Opaque_DS" 9242
"/InterchangeAssets/gltf/MaterialInstances/MI_ClearCoat_Mask_DS" 9243
"/InterchangeAssets/gltf/MaterialInstances/MI_ClearCoat_Blend_DS" 9244
"/InterchangeAssets/gltf/MaterialInstances/MI_Sheen_Mask" 9245
"/InterchangeAssets/gltf/MaterialInstances/MI_Sheen_Blend" 9246
"/InterchangeAssets/gltf/MaterialInstances/MI_Sheen_Opaque_DS" 9247
"/InterchangeAssets/gltf/MaterialInstances/MI_Sheen_Mask_DS" 9248
"/InterchangeAssets/gltf/MaterialInstances/MI_Sheen_Blend_DS" 9249
"/Game/GameModesLevels/BoomPass/BombMesh/Material_002" 9250
"/InterchangeAssets/gltf/MaterialInstances/MI_Transmission_DS" 9251
"/Game/GameModesLevels/BoomPass/BombMesh/Material_003" 9252
"/Game/GameModesLevels/BoomPass/BombMesh/Material_001" 9253
"/InterchangeAssets/gltf/MaterialInstances/MI_SpecularGlossiness_Opaque" 9254
"/InterchangeAssets/gltf/MaterialInstances/MI_SpecularGlossiness_Mask" 9255
"/Game/UltraDynamicSky/Materials/Material_Functions/Composite_Cloud_Layers" 9256
"/Game/UltraDynamicSky/Particles/Obscured_Lightning" 9257
"../../../../../../Users/Admin/Desktop/MainProject/Mutants/Content/UltraDynamicSky/Particles/Obscured_Lightning_Emitter.uasset" 9258
"../../Plugins/FX/Niagara/Content/DynamicInputs/Lerp/Lerp_Vector.uasset" 9259
"../../Plugins/FX/Niagara/Content/DynamicInputs/LinearColor/MakeVector4_FromLinearColor.uasset" 9260
"../../Plugins/FX/Niagara/Content/DynamicInputs/Math/Floor_Float.uasset" 9261
"../../Plugins/FX/Niagara/Content/DynamicInputs/TypeConversions/MakeFloatFromLinearColor.uasset" 9262
"../../Plugins/FX/Niagara/Content/Enums/ENiagaraLinearColor_Channels.uasset" 9263
"C:/Users/Admin/Desktop/MainProject/Mutants/Content/GameModesLevels/BoomPass/Materials/color_4523012.uasset" 9264
"C:/Users/Admin/Desktop/MainProject/Mutants/Content/GameModesLevels/BoomPass/Materials/color_16741120.uasset" 9265
"C:/Users/Admin/Desktop/MainProject/Mutants/Content/GameModesLevels/PotionChaos/Meshes/Monkey/brown.uasset" 9266
"C:/Users/Admin/Desktop/MainProject/Mutants/Content/GameModesLevels/PotionChaos/Cauldron/Rusty_Metal_tj4kedvcw.uasset" 9267
"C:/Users/Admin/Desktop/MainProject/Mutants/Content/GameModesLevels/PotionChaos/Cauldron/Old_Rotten_vlzhfekn.uasset" 9268
"C:/Users/Admin/Desktop/MainProject/Mutants/Content/GameModesLevels/PotionChaos/Cauldron/Material_001.uasset" 9269
"C:/Users/Admin/Desktop/MainProject/Mutants/Content/GameModesLevels/PotionChaos/Meshes/Mushroom/Material.uasset" 9270
"C:/Users/Admin/Desktop/MainProject/Mutants/Content/GameModesLevels/PotionChaos/Meshes/Mushroom/Cylinder__0.uasset" 9271
"C:/Users/Admin/Desktop/MainProject/Mutants/Content/GameModesLevels/PotionChaos/Meshes/HumanSkull/Default_OBJ_002.uasset" 9272
"C:/Users/Admin/Desktop/MainProject/Mutants/Content/GameModesLevels/PotionChaos/Meshes/Bug/underbelly.uasset" 9273
"C:/Users/Admin/Desktop/MainProject/Mutants/Content/GameModesLevels/PotionChaos/Meshes/Monkey/Material_005.uasset" 9274
"C:/Users/Admin/Desktop/MainProject/Mutants/Content/GameModesLevels/PotionChaos/Meshes/Monkey/Material_009.uasset" 9275
"C:/Users/Admin/Desktop/MainProject/Mutants/Content/GameModesLevels/PotionChaos/Meshes/Monkey/Material_004.uasset" 9276
"C:/Users/Admin/Desktop/MainProject/Mutants/Content/GameModesLevels/PotionChaos/Meshes/Monkey/Material_007.uasset" 9277
"C:/Users/Admin/Desktop/MainProject/Mutants/Content/GameModesLevels/PotionChaos/Meshes/Monkey/Material_010.uasset" 9278
"C:/Users/Admin/Desktop/MainProject/Mutants/Content/GameModesLevels/PotionChaos/Meshes/Monkey/Material_008.uasset" 9279
"C:/Users/Admin/Desktop/MainProject/Mutants/Content/ThirdPerson/Blueprints/BP_ThirdPersonCharacter.uasset" 9280
"C:/Users/Admin/Desktop/MainProject/Mutants/Content/GameModesLevels/BoomPass/BombMesh/bomb.uasset" 9281
"C:/Users/Admin/Desktop/MainProject/Mutants/Content/GameModesLevels/BoomPass/Meshes/Object_5.uasset" 9282
"C:/Users/Admin/Desktop/MainProject/Mutants/Content/GameModesLevels/BoomPass/Meshes/Object_7.uasset" 9283
"C:/Users/Admin/Desktop/MainProject/Mutants/Content/GameModesLevels/PotionChaos/Meshes/Mushroom/mushroom.uasset" 9284
"C:/Users/Admin/Desktop/MainProject/Mutants/Content/GameModesLevels/PotionChaos/Cauldron/cauldron.uasset" 9285
"C:/Users/Admin/Desktop/MainProject/Mutants/Content/GameModesLevels/PotionChaos/Meshes/Bug/ladybug.uasset" 9286
"C:/Users/Admin/Desktop/MainProject/Mutants/Content/GameModesLevels/PotionChaos/Meshes/HumanSkull/skull.uasset" 9287
"C:/Users/Admin/Desktop/MainProject/Mutants/Content/GameModesLevels/PotionChaos/Meshes/Monkey/monkey.uasset" 9288
"C:/Users/Admin/Desktop/MainProject/Mutants/Content/UltraDynamicSky/Materials/Material_Functions/Sun_Disk.uasset" 9289
"/Game/UltraDynamicSky/Particles/Rain" 9290
"/InterchangeAssets/gltf/MaterialInstances/MI_ClearCoat_Mask" 9291
"/InterchangeAssets/gltf/MaterialInstances/MI_Sheen_Opaque" 9292
"/InterchangeAssets/gltf/MaterialInstances/MI_Transmission" 9293
"/Game/GameModesLevels/PotionChaos/Meshes/Monkey/monkey" 9294
"/Game/GameModesLevels/PotionChaos/Meshes/Bug/ladybug" 9295
"/Game/GameModesLevels/PotionChaos/Meshes/HumanSkull/skull" 9296
"/Game/GameModesLevels/PotionChaos/Meshes/Mushroom/mushroom" 9297
"/Game/GameModesLevels/PotionChaos/Cauldron/cauldron" 9298
"/Game/GameModesLevels/BoomPass/Meshes/Object_5" 9299
"/Game/GameModesLevels/BoomPass/Meshes/Object_7" 9300
"/Game/GameModesLevels/BoomPass/BombMesh/bomb" 9301
"/Game/ThirdPerson/Blueprints/BP_ThirdPersonCharacter" 9302
"/Game/UltraDynamicSky/Materials/Material_Functions/Sun_Disk" 9303
"C:/Users/Admin/Desktop/MainProject/Mutants/Content/GameModesLevels/BoomPass/Blueprints/BP_BombActor.uasset" 9304
"C:/Users/Admin/Desktop/MainProject/Mutants/Content/GameModesLevels/BoomPass/Blueprints/Floor.uasset" 9305
"C:/Users/Admin/Desktop/MainProject/Mutants/Content/GameModesLevels/PotionChaos/Meshes/BP_Ingredient.uasset" 9306
"C:/Users/Admin/Desktop/MainProject/Mutants/Content/GameModesLevels/PotionChaos/BP_Spawner.uasset" 9307
"/Game/GameModesLevels/PotionChaos/BP_Spawner" 9308
"C:/Users/Admin/Desktop/MainProject/Mutants/Content/UltraDynamicSky/Materials/Material_Instances/UDS_P.uasset" 9309
"C:/Users/Admin/Desktop/MainProject/Mutants/Content/UltraDynamicSky/Materials/Material_Instances/UDS_KC.uasset" 9310
"C:/Users/Admin/Desktop/MainProject/Mutants/Content/UltraDynamicSky/Materials/Material_Instances/UDS_KCAS.uasset" 9311
"C:/Users/Admin/Desktop/MainProject/Mutants/Content/UltraDynamicSky/Materials/Ultra_Dynamic_Sky_Mat.uasset" 9312
"C:/Users/Admin/Desktop/MainProject/Mutants/Content/UltraDynamicSky/Materials/Material_Instances/UDS_AS.uasset" 9313
"/Game/GameModesLevels/BoomPass/Blueprints/Floor" 9314
"C:/Users/Admin/Desktop/MainProject/Mutants/Content/UltraDynamicSky/Materials/Material_Instances/UDS_KCAD.uasset" 9315
"C:/Users/Admin/Desktop/MainProject/Mutants/Content/UltraDynamicSky/Materials/Material_Instances/UDS_KAD.uasset" 9316
"C:/Users/Admin/Desktop/MainProject/Mutants/Content/UltraDynamicSky/Materials/Material_Instances/UDS_KCDO.uasset" 9317
"/Game/GameModesLevels/BoomPass/Blueprints/BP_BombActor" 9318
"/Game/UltraDynamicSky/Materials/Material_Instances/UDS_KCDO" 9319
"C:/Users/Admin/Desktop/MainProject/Mutants/Content/UltraDynamicSky/Materials/Material_Instances/UDS_KAS.uasset" 9320
"C:/Users/Admin/Desktop/MainProject/Mutants/Content/UltraDynamicSky/Materials/Material_Instances/UDS_KDO.uasset" 9321
"C:/Users/Admin/Desktop/MainProject/Mutants/Content/UltraDynamicSky/Materials/Material_Instances/UDS_CAS.uasset" 9322
"C:/Users/Admin/Desktop/MainProject/Mutants/Content/UltraDynamicSky/Materials/Material_Instances/UDS_Default.uasset" 9323
"C:/Users/Admin/Desktop/MainProject/Mutants/Content/UltraDynamicSky/Materials/Material_Instances/UDS_KA.uasset" 9324
"C:/Users/Admin/Desktop/MainProject/Mutants/Content/UltraDynamicSky/Materials/Material_Instances/UDS_KCD.uasset" 9325
"C:/Users/Admin/Desktop/MainProject/Mutants/Content/UltraDynamicSky/Materials/Material_Instances/UDS_KCA.uasset" 9326
"C:/Users/Admin/Desktop/MainProject/Mutants/Content/UltraDynamicSky/Materials/Material_Instances/UDS_KADO.uasset" 9327
"C:/Users/Admin/Desktop/MainProject/Mutants/Content/UltraDynamicSky/Materials/Material_Instances/UDS_PC.uasset" 9328
"C:/Users/Admin/Desktop/MainProject/Mutants/Content/UltraDynamicSky/Materials/Material_Instances/UDS_KD.uasset" 9329
"C:/Users/Admin/Desktop/MainProject/Mutants/Content/UltraDynamicSky/Materials/Material_Instances/UDS_KCADO.uasset" 9330
"C:/Users/Admin/Desktop/MainProject/Mutants/Content/UltraDynamicSky/Materials/Material_Instances/UDS_KS.uasset" 9331
"C:/Users/Admin/Desktop/MainProject/Mutants/Content/UltraDynamicSky/Materials/Material_Instances/UDS_C.uasset" 9332
"C:/Users/Admin/Desktop/MainProject/Mutants/Content/UltraDynamicSky/Materials/Material_Instances/UDS_ADO.uasset" 9333
"C:/Users/Admin/Desktop/MainProject/Mutants/Content/UltraDynamicSky/Materials/Material_Instances/UDS_B.uasset" 9334
"C:/Users/Admin/Desktop/MainProject/Mutants/Content/UltraDynamicSky/Materials/Material_Instances/UDS_KCS.uasset" 9335
"C:/Users/Admin/Desktop/MainProject/Mutants/Content/UltraDynamicSky/Materials/Material_Instances/UDS_S.uasset" 9336
"C:/Users/Admin/Desktop/MainProject/Mutants/Content/UltraDynamicSky/Materials/Material_Instances/UDS_AD.uasset" 9337
"C:/Users/Admin/Desktop/MainProject/Mutants/Content/UltraDynamicSky/Materials/Material_Instances/UDS_CS.uasset" 9338
"../../../../../../Users/Admin/Desktop/MainProject/Mutants/Content/UltraDynamicSky/Materials/Material_Instances/UDS_K.uasset" 9339
"C:/Users/Admin/Desktop/MainProject/Mutants/Content/UltraDynamicSky/Materials/Material_Instances/UDS_K.uasset" 9340
"C:/Users/Admin/Desktop/MainProject/Mutants/Content/UltraDynamicSky/Materials/Material_Instances/UDS_CD.uasset" 9341
"C:/Users/Admin/Desktop/MainProject/Mutants/Content/UltraDynamicSky/Materials/Material_Instances/UDS_D.uasset" 9342
"C:/Users/Admin/Desktop/MainProject/Mutants/Content/UltraDynamicSky/Materials/Material_Instances/UDS_CA.uasset" 9343
"../../../../../../Users/Admin/Desktop/MainProject/Mutants/Content/UltraDynamicSky/Materials/Material_Instances/UDS_Default.uasset" 9344
"C:/Users/Admin/Desktop/MainProject/Mutants/Content/UltraDynamicSky/Materials/Material_Instances/UDS_CADO.uasset" 9345
"/Game/UltraDynamicSky/Materials/Material_Instances/UDS_KAD" 9346
"/Game/UltraDynamicSky/Materials/Material_Instances/UDS_KCAD" 9347
"/Game/UltraDynamicSky/Materials/Material_Instances/UDS_KCAS" 9348
"/Game/UltraDynamicSky/Materials/Material_Instances/UDS_KC" 9349
"/Game/UltraDynamicSky/Materials/Material_Instances/UDS_AS" 9350
"/Game/UltraDynamicSky/Materials/Material_Instances/UDS_P" 9351
"../../../Engine/Content/EngineSounds/Submixes/MasterEQSubmixDefault.uasset" 9352
"/Game/UltraDynamicSky/Materials/Material_Instances/UDS_CADO" 9353
"../../../Engine/Content/EngineSounds/Submixes/MasterSubmixDefault.uasset" 9354
"C:/Users/Admin/Desktop/MainProject/Mutants/Content/Lobby/BP_GameStateLobby.uasset" 9355
"../../../Engine/Content/EngineSounds/Submixes/MasterReverbSubmixDefault.uasset" 9356
"/Game/UltraDynamicSky/Materials/Material_Instances/UDS_S" 9357
"/Game/UltraDynamicSky/Materials/Material_Instances/UDS_CS" 9358
"C:/Users/Admin/Desktop/MainProject/Mutants/Content/UltraDynamicSky/Materials/Material_Instances/UDS_A.uasset" 9359
"C:/Users/Admin/Desktop/MainProject/Mutants/Content/UltraDynamicSky/Materials/Material_Instances/UDS_DO.uasset" 9360
"C:/Users/Admin/Desktop/MainProject/Mutants/Content/UltraDynamicSky/Materials/Material_Instances/UDS_CDO.uasset" 9361
"C:/Users/Admin/Desktop/MainProject/Mutants/Content/UltraDynamicSky/Materials/Material_Instances/UDS_CAD.uasset" 9362
"/Game/UltraDynamicSky/Materials/Material_Instances/UDS_CA" 9363
"/Game/UltraDynamicSky/Materials/Material_Instances/UDS_D" 9364
"/Game/UltraDynamicSky/Materials/Material_Instances/UDS_C" 9365
"/Game/UltraDynamicSky/Materials/Material_Instances/UDS_ADO" 9366
"/Game/UltraDynamicSky/Materials/Material_Instances/UDS_KS" 9367
"/Game/UltraDynamicSky/Materials/Material_Instances/UDS_KCS" 9368
"/Game/UltraDynamicSky/Materials/Material_Instances/UDS_KCADO" 9369
"/Game/UltraDynamicSky/Materials/Material_Instances/UDS_KCA" 9370
"/Game/UltraDynamicSky/Materials/Material_Instances/UDS_KCD" 9371
"/Game/UltraDynamicSky/Materials/Material_Instances/UDS_KADO" 9372
"/Game/UltraDynamicSky/Materials/Material_Instances/UDS_AD" 9373
"/Game/UltraDynamicSky/Materials/Material_Instances/UDS_CAS" 9374
"/Game/UltraDynamicSky/Materials/Material_Instances/UDS_KDO" 9375
"/Game/UltraDynamicSky/Materials/Material_Instances/UDS_KAS" 9376
"/Game/UltraDynamicSky/Materials/Material_Instances/UDS_KD" 9377
"/Game/UltraDynamicSky/Materials/Material_Instances/UDS_CD" 9378
"/Game/UltraDynamicSky/Materials/Material_Instances/UDS_KA" 9379
"/Game/UltraDynamicSky/Materials/Material_Instances/UDS_PC" 9380
"/Game/Lobby/BP_GameStateLobby" 9381
"../../../../../../Users/Admin/Desktop/MainProject/Mutants/Content/Lobby/Widgets/BP_PlayerList.uasset" 9382
"../../../../../../Users/Admin/Desktop/MainProject/Mutants/Content/Lobby/Widgets/BP_ListItem.uasset" 9383
"../../../../../../Users/Admin/Desktop/MainProject/Mutants/Content/Lobby/BP_LobbyGameMode.uasset" 9384
"../../../../../../Users/Admin/Desktop/MainProject/Mutants/Content/Lobby/BP_LobbyController.uasset" 9385
"C:/Users/Admin/Desktop/MainProject/Mutants/Content/Lobby/Widgets/BP_PlayerList.uasset" 9386
"C:/Users/Admin/Desktop/MainProject/Mutants/Content/Lobby/Widgets/BP_ListItem.uasset" 9387
"C:/Users/Admin/Desktop/MainProject/Mutants/Content/Lobby/BP_LobbyGameMode.uasset" 9388
"C:/Users/Admin/Desktop/MainProject/Mutants/Content/Lobby/BP_LobbyController.uasset" 9389
"C:/Users/Admin/Desktop/MainProject/Mutants/Content/Lobby/Widgets/BP_EndMatchWidget.uasset" 9390
"C:/Users/Admin/Desktop/MainProject/Mutants/Content/Lobby/Widgets/BP_LobbyWidget.uasset" 9391
"C:/Users/Admin/Desktop/MainProject/Mutants/Content/Lobby/LobbyLevel.umap" 9392
"C:/Users/Admin/Desktop/MainProject/Mutants/Content/ThirdPerson/Blueprints/BP_MutantCharacter.uasset" 9393
"C:/Users/Admin/Desktop/MainProject/Mutants/Content/MainMenu/BP_MainContorller.uasset" 9394
"C:/Users/Admin/Desktop/MainProject/Mutants/Content/MainMenu/BP_MainGameMode.uasset" 9395
"C:/Users/Admin/Desktop/MainProject/Mutants/Content/ThirdPerson/Blueprints/PhysicalAnimComponent.uasset" 9396
"C:/Users/Admin/Desktop/MainProject/Mutants/Content/HUD/Interaction/Components/BPC_Interaction.uasset" 9397
"C:/Users/Admin/Desktop/MainProject/Mutants/Content/MutantParts/Blueprints/BP_MutantPart.uasset" 9398
"C:/Users/Admin/Desktop/MainProject/Mutants/Content/ThirdPerson/Blueprints/BP_ThirdPersonGameMode.uasset" 9399
"C:/Users/Admin/Desktop/MainProject/Mutants/Content/GameModesLevels/PlatformCrush/Objects/BP_PlatformCrushBlock.uasset" 9400
"C:/Users/Admin/Desktop/MainProject/Mutants/Content/MainMenu/BP_MenuGameMode.uasset" 9401
"C:/Users/Admin/Desktop/MainProject/Mutants/Content/GameModesLevels/BoomPass/Blueprints/BP_BoomCharacter.uasset" 9402
"C:/Users/Admin/Desktop/MainProject/Mutants/Content/GameModesLevels/PlatformCrush/BP_PlatformCharacter.uasset" 9403
"C:/Users/Admin/Desktop/MainProject/Mutants/Content/GameModesLevels/PlatformCrush/GM_PlatformCrush.uasset" 9404
"C:/Users/Admin/Desktop/MainProject/Mutants/Content/GameModesLevels/PlatformCrush/PC_PlatformCrush.uasset" 9405
"C:/Users/Admin/Desktop/MainProject/Mutants/Content/GameModesLevels/PlatformCrush/Widget/BP_PlatformCrushWidget.uasset" 9406
"C:/Users/Admin/Desktop/MainProject/Mutants/Content/GameModesLevels/PlatformCrush/PlatformCrushLevel.umap" 9407
"C:/Users/Admin/Desktop/MainProject/Mutants/Content/GameModesLevels/PotionChaos/GM_Potion.uasset" 9408
"C:/Users/Admin/Desktop/MainProject/Mutants/Content/GameModesLevels/MusicLevel/BP_MusicCharacter.uasset" 9409
"/Engine/EngineSounds/Submixes/MasterReverbSubmixDefault" 9410
"/Game/UltraDynamicSky/Materials/Material_Instances/UDS_DO" 9411
"/Game/UltraDynamicSky/Materials/Material_Instances/UDS_A" 9412
"/Game/UltraDynamicSky/Materials/Material_Instances/UDS_CAD" 9413
"/Game/UltraDynamicSky/Materials/Material_Instances/UDS_CDO" 9414
"C:/Users/Admin/Desktop/MainProject/Mutants/Content/GameModesLevels/PotionChaos/PC_Potion.uasset" 9415
"C:/Users/Admin/Desktop/MainProject/Mutants/Content/GameModesLevels/PotionChaos/BP_PotionCharacter.uasset" 9416
"C:/Users/Admin/Desktop/MainProject/Mutants/Content/GameModesLevels/PotionChaos/Meshes/BP_Cauldron.uasset" 9417
"C:/Users/Admin/Desktop/MainProject/Mutants/Content/GameModesLevels/PotionChaos/Widgets/BP_RecipeWidget.uasset" 9418
"C:/Users/Admin/Desktop/MainProject/Mutants/Content/GameModesLevels/PotionChaos/PotionChaosLevel.umap" 9419
"/Game/GameModesLevels/PotionChaos/GM_Potion" 9420
"C:/Users/Admin/Desktop/MainProject/Mutants/Content/GameModesLevels/MusicLevel/Titles/BP_MusicalTitle.uasset" 9421
"C:/Users/Admin/Desktop/MainProject/Mutants/Content/GameModesLevels/MusicLevel/GM_SoundTile.uasset" 9422
"C:/Users/Admin/Desktop/MainProject/Mutants/Content/GameModesLevels/MusicLevel/PC_SoundTile.uasset" 9423
"../../../../../../Users/Admin/Desktop/MainProject/Mutants/Content/GameModesLevels/PotionChaos/BP_PotionCharacter.uasset" 9424
"../../../../../../Users/Admin/Desktop/MainProject/Mutants/Content/GameModesLevels/PotionChaos/PC_Potion.uasset" 9425
"../../../../../../Users/Admin/Desktop/MainProject/Mutants/Content/GameModesLevels/PotionChaos/Widgets/BP_RecipeWidget.uasset" 9426
"../../../../../../Users/Admin/Desktop/MainProject/Mutants/Content/HUD/Interaction/Components/BMP_ActorComponent.uasset" 9427
"/Game/GameModesLevels/PlatformCrush/PlatformCrushLevel" 9428
"../../../../../../Users/Admin/Desktop/MainProject/Mutants/Content/GameModesLevels/PlatformCrush/PlatformCrushLevel.umap" 9429
"/Engine/EditorResources/EmptyActor" 9430
"../../../Engine/Content/EditorResources/EmptyActor.uasset" 9431
"/Game/GameModesLevels/BoomPass/Blueprints/BP_BoomCharacter" 9432
"/Game/GameModesLevels/MusicLevel/BP_MusicCharacter" 9433
"/Game/MainMenu/BP_MenuGameMode" 9434
"/Game/ThirdPerson/Blueprints/BP_ThirdPersonGameMode" 9435
"/Game/Lobby/LobbyLevel" 9436
"../../../../../../Users/Admin/Desktop/MainProject/Mutants/Content/Lobby/LobbyLevel.umap" 9437
"C:/Users/Admin/Desktop/MainProject/Mutants/Content/GameModesLevels/MusicLevel/Widgets/BP_MusicWidget.uasset" 9438
"C:/Users/Admin/Desktop/MainProject/Mutants/Content/UltraDynamicSky/Blueprints/Ultra_Dynamic_Sky.uasset" 9439
"/Game/GameModesLevels/MusicLevel/PC_SoundTile" 9440
"C:/Users/Admin/Desktop/MainProject/Mutants/Content/UltraDynamicSky/Blueprints/Weather_Effects/System/Radial_Storm_Sky_Interface.uasset" 9441
"C:/Users/Admin/Desktop/MainProject/Mutants/Content/UltraDynamicSky/Blueprints/System/UDS_Cloud_Paint_Container.uasset" 9442
"C:/Users/Admin/Desktop/MainProject/Mutants/Content/UltraDynamicSky/Blueprints/System/UDS_Startup_Interface.uasset" 9443
"C:/Users/Admin/Desktop/MainProject/Mutants/Content/UltraDynamicSky/Blueprints/Weather_Effects/System/Ultra_Dynamic_Weather_Interface.uasset" 9444
"C:/Users/Admin/Desktop/MainProject/Mutants/Content/UltraDynamicSky/Blueprints/System/UDS_PlayerOcclusion.uasset" 9445
"C:/Users/Admin/Desktop/MainProject/Mutants/Content/UltraDynamicSky/Blueprints/System/Editor_UI/UDS_Editor_Tick_Interface.uasset" 9446
"C:/Users/Admin/Desktop/MainProject/Mutants/Content/UltraDynamicSky/Blueprints/Occlusion/UDS_Occlusion_Volume.uasset" 9447
"C:/Users/Admin/Desktop/MainProject/Mutants/Content/GameModesLevels/MusicLevel/SoundTitleLevel.umap" 9448
"C:/Users/Admin/Desktop/MainProject/Mutants/Content/UltraDynamicSky/Blueprints/Functions/UltraDynamicSky_Functions.uasset" 9449
"C:/Users/Admin/Desktop/MainProject/Mutants/Content/UltraDynamicSky/Blueprints/Weather_Effects/System/UDW_Temperature_Manager.uasset" 9450
"C:/Users/Admin/Desktop/MainProject/Mutants/Content/UltraDynamicSky/Blueprints/Weather_Effects/System/UDW_Lightning_Spawn_Manager.uasset" 9451
"C:/Users/Admin/Desktop/MainProject/Mutants/Content/UltraDynamicSky/Blueprints/Weather_Effects/System/UDW_Material_State_Manager.uasset" 9452
"C:/Users/Admin/Desktop/MainProject/Mutants/Content/UltraDynamicSky/Blueprints/Weather_Effects/System/Random_Weather_Variation.uasset" 9453
"C:/Users/Admin/Desktop/MainProject/Mutants/Content/GameModesLevels/BoomPass/Blueprints/GM_BoomPass.uasset" 9454
"C:/Users/Admin/Desktop/MainProject/Mutants/Content/GameModesLevels/BoomPass/Blueprints/PC_BoomPass.uasset" 9455
"C:/Users/Admin/Desktop/MainProject/Mutants/Content/GameModesLevels/BoomPass/Widgets/BP_BoomPassWidget.uasset" 9456
"C:/Users/Admin/Desktop/MainProject/Mutants/Content/GameModesLevels/BoomPass/BoomPassLevel.umap" 9457
"../../../../../../Users/Admin/Desktop/MainProject/Mutants/Content/GameModesLevels/MusicLevel/Widgets/BP_MusicWidget.uasset" 9458
"C:/Users/Admin/Desktop/MainProject/Mutants/Content/MainMenu/Shop/BP_Shop.uasset" 9459
"C:/Users/Admin/Desktop/MainProject/Mutants/Content/UltraDynamicSky/Blueprints/System/Editor_UI/Static_Clouds_Capture.uasset" 9460
"C:/Users/Admin/Desktop/MainProject/Mutants/Content/UltraDynamicSky/Blueprints/Volumetric_Cloud_Painter.uasset" 9461
"C:/Users/Admin/Desktop/MainProject/Mutants/Content/UltraDynamicSky/Blueprints/System/Editor_UI/UDS_Editor_Tick_Handler.uasset" 9462
"C:/Users/Admin/Desktop/MainProject/Mutants/Content/UltraDynamicSky/Blueprints/Tools/Static_Clouds_Authoring_Tool.uasset" 9463
"/Game/GameModesLevels/PotionChaos/PotionChaosLevel" 9464
"../../../../../../Users/Admin/Desktop/MainProject/Mutants/Content/GameModesLevels/PotionChaos/PotionChaosLevel.umap" 9465
"C:/Users/Admin/Desktop/MainProject/Mutants/Content/MainMenu/Widgets/BP_SessionWidget.uasset" 9466
"C:/Users/Admin/Desktop/MainProject/Mutants/Content/MainMenu/Widgets/BP_MainMenuWidget.uasset" 9467
"C:/Users/Admin/Desktop/MainProject/Mutants/Content/MainMenu/Customize/BP_ItemInventory.uasset" 9468
"C:/Users/Admin/Desktop/MainProject/Mutants/Content/MainMenu/Customize/BP_Customize.uasset" 9469
"C:/Users/Admin/Desktop/MainProject/Mutants/Content/MainMenu/MainMenu.umap" 9470
"C:/Users/Admin/Desktop/MainProject/Mutants/Content/MainMenu/Shop/BP_ItemWidget.uasset" 9471
"/Game/MainMenu/Shop/BP_Shop" 9472
"C:/Users/Admin/Desktop/MainProject/Mutants/Content/UltraDynamicSky/Blueprints/Ultra_Dynamic_Weather.uasset" 9473
"C:/Users/Admin/Desktop/MainProject/Mutants/Content/UltraDynamicSky/Blueprints/Weather_Effects/Components/Weather_Mask_Brush_Component.uasset" 9474
"../../../../../../Users/Admin/Desktop/MainProject/Mutants/Content/MainMenu/Shop/BP_ItemWidget.uasset" 9475
"/Game/GameModesLevels/BoomPass/BoomPassLevel" 9476
"../../../../../../Users/Admin/Desktop/MainProject/Mutants/Content/GameModesLevels/BoomPass/BoomPassLevel.umap" 9477
"/Game/UltraDynamicSky/Blueprints/Weather_Effects/System/Random_Weather_Variation" 9478
"../../../../../../Users/Admin/Desktop/MainProject/Mutants/Content/UltraDynamicSky/Meshes/Compass.uasset" 9479
"../../../../../../Users/Admin/Desktop/MainProject/Mutants/Content/UltraDynamicSky/Textures/Icons/Moon_Icon.uasset" 9480
"../../../../../../Users/Admin/Desktop/MainProject/Mutants/Content/UltraDynamicSky/Textures/Icons/Sun_Icon.uasset" 9481
"/Game/UltraDynamicSky/Blueprints/Tools/Static_Clouds_Authoring_Tool" 9482
"../../../../../../Users/Admin/Desktop/MainProject/Mutants/Content/UltraDynamicSky/Textures/Icons/StaticCloudsAuthoringTool_Icon.uasset" 9483
"/Game/UltraDynamicSky/Blueprints/System/Editor_UI/UDS_Editor_Tick_Handler" 9484
"/Game/UltraDynamicSky/Blueprints/Weather_Effects/System/UDW_Lightning_Spawn_Manager" 9485
"/Game/UltraDynamicSky/Blueprints/Volumetric_Cloud_Painter" 9486
"../../../../../../Users/Admin/Desktop/MainProject/Mutants/Content/UltraDynamicSky/Textures/Icons/Erase_CloudPaint_Icon.uasset" 9487
"../../../../../../Users/Admin/Desktop/MainProject/Mutants/Content/UltraDynamicSky/Textures/Icons/Full_CloudPaint_Icon.uasset" 9488
"../../../../../../Users/Admin/Desktop/MainProject/Mutants/Content/UltraDynamicSky/Textures/Icons/Lock_Icon.uasset" 9489
"../../../../../../Users/Admin/Desktop/MainProject/Mutants/Content/UltraDynamicSky/Textures/Icons/Med_CloudPaint_Icon.uasset" 9490
"../../../../../../Users/Admin/Desktop/MainProject/Mutants/Content/UltraDynamicSky/Textures/Icons/Zero_CloudPaint_Icon.uasset" 9491
"/Game/GameModesLevels/MusicLevel/SoundTitleLevel" 9492
"../../../../../../Users/Admin/Desktop/MainProject/Mutants/Content/GameModesLevels/MusicLevel/SoundTitleLevel.umap" 9493
"/Game/UltraDynamicSky/Blueprints/Weather_Effects/Components/Weather_Mask_Brush_Component" 9494
"C:/Users/Admin/Desktop/MainProject/Mutants/Content/UltraDynamicSky/Blueprints/Weather_Effects/System/WeatherMask.uasset" 9495
"C:/Users/Admin/Desktop/MainProject/Mutants/Content/UltraDynamicSky/Blueprints/Functions/UltraDynamicWeather_Functions.uasset" 9496
"C:/Users/Admin/Desktop/MainProject/Mutants/Content/UltraDynamicSky/Blueprints/System/UDW_Startup_Interface.uasset" 9497
"C:/Users/Admin/Desktop/MainProject/Mutants/Content/UltraDynamicSky/Blueprints/Weather_Effects/Components/Weather_Mask_Projection_Box_Component.uasset" 9498
"C:/Users/Admin/Desktop/MainProject/Mutants/Content/UltraDynamicSky/Blueprints/Weather_Effects/Weather_Override_Volume.uasset" 9499
"C:/Users/Admin/Desktop/MainProject/Mutants/Content/UltraDynamicSky/Blueprints/System/Editor_UI/UDS_Utility_Opener.uasset" 9500
"C:/Users/Admin/Desktop/MainProject/Mutants/Content/UltraDynamicSky/Blueprints/System/Editor_UI/SkyModifier_Tool/Sky_Modifier_Editor_Row.uasset" 9501
"C:/Users/Admin/Desktop/MainProject/Mutants/Content/UltraDynamicSky/Blueprints/Tools/Sky_Modifier_Editor.uasset" 9502
"C:/Users/Admin/Desktop/MainProject/Mutants/Content/UltraDynamicSky/Blueprints/Configuration_Manager.uasset" 9503
"../../../../../../Users/Admin/Desktop/MainProject/Mutants/Content/UltraDynamicSky/Blueprints/Weather_Effects/System/WeatherMask.uasset" 9504
"../../../../../../Users/Admin/Desktop/MainProject/Mutants/Content/UltraDynamicSky/Blueprints/System/UDW_Startup_Interface.uasset" 9505
"../../../../../../Users/Admin/Desktop/MainProject/Mutants/Content/UltraDynamicSky/Blueprints/Weather_Effects/Components/Weather_Mask_Projection_Box_Component.uasset" 9506
"C:/Users/Admin/Desktop/MainProject/Mutants/Content/UltraDynamicSky/Blueprints/README.uasset" 9507
"C:/Users/Admin/Desktop/MainProject/Mutants/Content/UltraDynamicSky/Blueprints/System/Editor_UI/UDS_Readme_Entry_Widget.uasset" 9508
"../../../../../../Users/Admin/Desktop/MainProject/Mutants/Content/UltraDynamicSky/Blueprints/Weather_Effects/Weather_Override_Volume.uasset" 9509
"../../../Engine/Content/EngineSounds/SFX.uasset" 9510
"C:/Users/Admin/Desktop/MainProject/Mutants/Content/UltraDynamicSky/Blueprints/System/Editor_UI/Cloud_Profile_Tool/CloudProfileKeyGradient.uasset" 9511
"../../../../../../Users/Admin/Desktop/MainProject/Mutants/Content/UltraDynamicSky/Blueprints/Functions/UltraDynamicWeather_Functions.uasset" 9512
"C:/Users/Admin/Desktop/MainProject/Mutants/Content/UltraDynamicSky/Blueprints/System/Editor_UI/UDS_Config_Icon.uasset" 9513
"C:/Users/Admin/Desktop/MainProject/Mutants/Content/UltraDynamicSky/Blueprints/Tools/Cloud_Profile_Authoring_Tool.uasset" 9514
"../../../Engine/Content/EngineSounds/Special_Attack_PSM.uasset" 9515
"../../../Engine/Content/EngineSounds/Duck_Normal_Attack_MixMod.uasset" 9516
"C:/Users/Admin/Desktop/MainProject/Mutants/Content/UltraDynamicSky/Sound/Distant_Thunder/DistantThunder_1.uasset" 9517
"C:/Users/Admin/Desktop/MainProject/Mutants/Content/UltraDynamicSky/Sound/Distant_Thunder/DistantThunder_2.uasset" 9518
"C:/Users/Admin/Desktop/MainProject/Mutants/Content/UltraDynamicSky/Blueprints/Weather_Effects/Weather_Mask_Brush.uasset" 9519
"C:/Users/Admin/Desktop/MainProject/Mutants/Content/UltraDynamicSky/Blueprints/Mini_Controls.uasset" 9520
"C:/Users/Admin/Desktop/MainProject/Mutants/Content/UltraDynamicSky/Blueprints/System/Editor_UI/UDS_Readme_Entry_Link.uasset" 9521
"C:/Users/Admin/Desktop/MainProject/Mutants/Content/UltraDynamicSky/Blueprints/Tools/Weather_Mask_Brush_Painter.uasset" 9522
"../../../Engine/Content/EngineSounds/Normal_Attack.uasset" 9523
"/Game/MainMenu/MainMenu" 9524
"../../../../../../Users/Admin/Desktop/MainProject/Mutants/Content/MainMenu/MainMenu.umap" 9525
"/Game/UltraDynamicSky/Sound/Distant_Thunder/DistantThunder_2" 9526
"../../../../../../Users/Admin/Desktop/MainProject/Mutants/Content/UltraDynamicSky/Sound/Distant_Thunder/DistantThunder_2.uasset" 9527
"/Game/UltraDynamicSky/Sound/Distant_Thunder/DistantThunder_1" 9528
"../../../../../../Users/Admin/Desktop/MainProject/Mutants/Content/UltraDynamicSky/Sound/Distant_Thunder/DistantThunder_1.uasset" 9529
"C:/Users/Admin/Desktop/MainProject/Mutants/Content/UltraDynamicSky/Sound/Distant_Thunder/DistantThunder_4.uasset" 9530
"C:/Users/Admin/Desktop/MainProject/Mutants/Content/UltraDynamicSky/Sound/Distant_Thunder/DistantThunder_8.uasset" 9531
"C:/Users/Admin/Desktop/MainProject/Mutants/Content/UltraDynamicSky/Sound/Distant_Thunder/DistantThunder_6.uasset" 9532
"C:/Users/Admin/Desktop/MainProject/Mutants/Content/UltraDynamicSky/Sound/Distant_Thunder/DistantThunder_5.uasset" 9533
"C:/Users/Admin/Desktop/MainProject/Mutants/Content/UltraDynamicSky/Sound/Distant_Thunder/DistantThunder_7.uasset" 9534
"C:/Users/Admin/Desktop/MainProject/Mutants/Content/UltraDynamicSky/Sound/Distant_Thunder/DistantThunder_9.uasset" 9535
"C:/Users/Admin/Desktop/MainProject/Mutants/Content/UltraDynamicSky/Sound/Distant_Thunder/DistantThunder_10.uasset" 9536
"C:/Users/Admin/Desktop/MainProject/Mutants/Content/UltraDynamicSky/Sound/Distant_Thunder/DistantThunder_3.uasset" 9537
"/Game/UltraDynamicSky/Blueprints/System/Editor_UI/Cloud_Profile_Tool/CloudProfileKeyGradient" 9538
"../../../../../../Users/Admin/Desktop/MainProject/Mutants/Content/UltraDynamicSky/Blueprints/System/Editor_UI/Cloud_Profile_Tool/Cloud_Profile_Default.uasset" 9539
"../../../../../../Users/Admin/Desktop/MainProject/Mutants/Content/UltraDynamicSky/Blueprints/System/Editor_UI/Cloud_Profile_Tool/CloudProfile_Preview.uasset" 9540
"../../../../../../Users/Admin/Desktop/MainProject/Mutants/Content/UltraDynamicSky/Textures/Icons/CloudProfile_Tool_Icon.uasset" 9541
"/Game/UltraDynamicSky/Blueprints/System/Editor_UI/UDS_Readme_Entry_Link" 9542
"../../../../../../Users/Admin/Desktop/MainProject/Mutants/Content/UltraDynamicSky/Textures/Icons/Readme_icon.uasset" 9543
"../../../../../../Users/Admin/Desktop/MainProject/Mutants/Content/UltraDynamicSky/Textures/Icons/UDS_Logo.uasset" 9544
"../../../../../../Users/Admin/Desktop/MainProject/Mutants/Content/UltraDynamicSky/Textures/Icons/Star_Icon_Off.uasset" 9545
"../../../../../../Users/Admin/Desktop/MainProject/Mutants/Content/UltraDynamicSky/Textures/Icons/Star_Icon_On.uasset" 9546
"/Game/UltraDynamicSky/Blueprints/System/Editor_UI/UDS_Config_Icon" 9547
"../../../../../../Users/Admin/Desktop/MainProject/Mutants/Content/UltraDynamicSky/Blueprints/System/Editor_UI/UDS_Documentation_Editor_Button.uasset" 9548
"../../../../../../Users/Admin/Desktop/MainProject/Mutants/Content/UltraDynamicSky/Textures/Icons/ConfigManager_Icon.uasset" 9549
"/Game/UltraDynamicSky/Blueprints/System/Editor_UI/SkyModifier_Tool/Sky_Modifier_Editor_Row" 9550
"../../../../../../Users/Admin/Desktop/MainProject/Mutants/Content/UltraDynamicSky/Textures/Icons/Sky_Modifier_Editor_Icon.uasset" 9551
"/Game/UltraDynamicSky/Blueprints/Tools/Weather_Mask_Brush_Painter" 9552
"../../../../../../Users/Admin/Desktop/MainProject/Mutants/Content/UltraDynamicSky/Textures/Icons/WeatherMaskBrushPainter_Icon.uasset" 9553
"/Game/UltraDynamicSky/Blueprints/Mini_Controls" 9554
"../../../../../../Users/Admin/Desktop/MainProject/Mutants/Content/UltraDynamicSky/Textures/Icons/MiniControls_Icon.uasset" 9555
"/Game/UltraDynamicSky/Sound/Distant_Thunder/DistantThunder_10" 9556
"../../../../../../Users/Admin/Desktop/MainProject/Mutants/Content/UltraDynamicSky/Sound/Distant_Thunder/DistantThunder_10.uasset" 9557
"/Game/UltraDynamicSky/Sound/Distant_Thunder/DistantThunder_9" 9558
"../../../../../../Users/Admin/Desktop/MainProject/Mutants/Content/UltraDynamicSky/Sound/Distant_Thunder/DistantThunder_9.uasset" 9559
"/Game/UltraDynamicSky/Sound/Distant_Thunder/DistantThunder_8" 9560
"../../../../../../Users/Admin/Desktop/MainProject/Mutants/Content/UltraDynamicSky/Sound/Distant_Thunder/DistantThunder_8.uasset" 9561
"/Game/UltraDynamicSky/Sound/Distant_Thunder/DistantThunder_7" 9562
"C:/Users/Admin/Desktop/MainProject/Mutants/Content/UltraDynamicSky/Sound/Wind/BrownianNoise_2.uasset" 9563
"C:/Users/Admin/Desktop/MainProject/Mutants/Content/UltraDynamicSky/Sound/Wind/BrownianNoise_3.uasset" 9564
"C:/Users/Admin/Desktop/MainProject/Mutants/Content/UltraDynamicSky/Sound/MetaSounds/UDS_Distant_Thunder_Loop.uasset" 9565
"C:/Users/Admin/Desktop/MainProject/Mutants/Content/UltraDynamicSky/Sound/Wind/BrownianNoise_4.uasset" 9566
"../../../../../../Users/Admin/Desktop/MainProject/Mutants/Content/UltraDynamicSky/Sound/Distant_Thunder/DistantThunder_7.uasset" 9567
"C:/Users/Admin/Desktop/MainProject/Mutants/Content/UltraDynamicSky/Sound/Distant_Thunder/DistantThunder_11.uasset" 9568
"/Game/UltraDynamicSky/Sound/Distant_Thunder/DistantThunder_6" 9569
"../../../../../../Users/Admin/Desktop/MainProject/Mutants/Content/UltraDynamicSky/Sound/Distant_Thunder/DistantThunder_6.uasset" 9570
"C:/Users/Admin/Desktop/MainProject/Mutants/Content/UltraDynamicSky/Sound/Wind/BrownianNoise_1.uasset" 9571
"C:/Users/Admin/Desktop/MainProject/Mutants/Content/UltraDynamicSky/Sound/MetaSounds/UDS_Wind_Loop.uasset" 9572
"/Game/UltraDynamicSky/Sound/Distant_Thunder/DistantThunder_5" 9573
"../../../../../../Users/Admin/Desktop/MainProject/Mutants/Content/UltraDynamicSky/Sound/Distant_Thunder/DistantThunder_5.uasset" 9574
"/Game/UltraDynamicSky/Sound/Distant_Thunder/DistantThunder_4" 9575
"../../../../../../Users/Admin/Desktop/MainProject/Mutants/Content/UltraDynamicSky/Sound/Distant_Thunder/DistantThunder_4.uasset" 9576
"/Game/UltraDynamicSky/Sound/Distant_Thunder/DistantThunder_3" 9577
"../../../../../../Users/Admin/Desktop/MainProject/Mutants/Content/UltraDynamicSky/Sound/Distant_Thunder/DistantThunder_3.uasset" 9578
"/Game/UltraDynamicSky/Sound/MetaSounds/UDS_Wind_Loop" 9579
"../../../../../../Users/Admin/Desktop/MainProject/Mutants/Content/UltraDynamicSky/Sound/Wind/BrownianNoise_1.uasset" 9580
"../../../../../../Users/Admin/Desktop/MainProject/Mutants/Content/UltraDynamicSky/Sound/Wind/BrownianNoise_2.uasset" 9581
"../../../../../../Users/Admin/Desktop/MainProject/Mutants/Content/UltraDynamicSky/Sound/Wind/BrownianNoise_3.uasset" 9582
"../../../../../../Users/Admin/Desktop/MainProject/Mutants/Content/UltraDynamicSky/Sound/Wind/BrownianNoise_4.uasset" 9583
"C:/Users/Admin/Desktop/MainProject/Mutants/Content/UltraDynamicSky/Sound/MetaSounds/UDS_Global_WeatherSounds.uasset" 9584
"C:/Users/Admin/Desktop/MainProject/Mutants/Content/UltraDynamicSky/Sound/MetaSounds/UDS_Directional_WeatherSounds.uasset" 9585
"/Game/UltraDynamicSky/Sound/MetaSounds/UDS_Distant_Thunder_Loop" 9586
"../../../../../../Users/Admin/Desktop/MainProject/Mutants/Content/UltraDynamicSky/Sound/Distant_Thunder/DistantThunder_11.uasset" 9587
"/Game/UltraDynamicSky/Sound/MetaSounds/UDS_Directional_WeatherSounds" 9588
"/Game/UltraDynamicSky/Sound/MetaSounds/UDS_Global_WeatherSounds" 9589
"../../../../../../Users/Admin/Desktop/MainProject/Mutants/Content/UltraDynamicSky/Particles/VolumetricCloud_LightRays.uasset" 9590
"../../../../../../Users/Admin/Desktop/MainProject/Mutants/Content/UltraDynamicSky/Textures/Sky/FlatCubemap.uasset" 9591
"../../../../../../Users/Admin/Desktop/MainProject/Mutants/Content/UltraDynamicSky/Blueprints/System/Editor_UI/UDS_Editor_Tick_Handler.uasset" 9592
"../../../../../../Users/Admin/Desktop/MainProject/Mutants/Content/UltraDynamicSky/Blueprints/System/Editor_UI/ToolBarMenu/UDS_Toolbar_Menu.uasset" 9593
"../../../../../../Users/Admin/Desktop/MainProject/Mutants/Content/UltraDynamicSky/Blueprints/System/Editor_UI/ToolBarMenu/UDS_Toolbar_Utility_Button.uasset" 9594
"C:/Users/Admin/Desktop/MainProject/Mutants/Saved/Cooked/Windows/Mutants/Metadata/CookedSettings.txt" 9595
